col_a,col_b,col_c,col_d
GR-0009217,PO-0011322,2024-02-11,1000
GR-0009218,PO-0011324,2026-05-06,100
GR-0009219,PO-0011325,2024-03-09,1000
GR-0009220,PO-0011326,2025-04-07,100
GR-0009221,PO-0011327,2025-03-30,200
GR-0009222,PO-0011328,2025-03-17,1000
GR-0009223,PO-0011329,2024-02-27,200
GR-0009224,PO-0011330,2024-11-07,50
GR-0009225,PO-0011331,2024-09-11,1000
GR-0009226,PO-0011332,2025-10-28,100
GR-0009227,PO-0011333,2024-07-23,100
GR-0009228,PO-0011334,2025-09-11,50
GR-0009229,PO-0011336,2026-05-06,50
GR-0009230,PO-0011337,2026-01-30,200
GR-0009231,PO-0011338,2025-07-18,50
GR-0009232,PO-0011339,2024-04-01,200
GR-0009233,PO-0011340,2025-10-08,50
GR-0009234,PO-0011341,2024-08-31,200
GR-0009235,PO-0011342,2024-06-29,100
GR-0009236,PO-0011344,2026-02-24,1000
GR-0009237,PO-0011345,2026-01-04,1000
GR-0009238,PO-0011346,2024-08-10,874
GR-0009239,PO-0011347,2025-09-20,1000
GR-0009240,PO-0011348,2025-02-07,200
GR-0009241,PO-0011349,2025-05-05,100
GR-0009242,PO-0011350,2025-05-17,50
GR-0009243,PO-0011352,2024-05-24,1000
GR-0009244,PO-0011353,2025-12-21,500
GR-0009245,PO-0011354,2024-03-10,200
GR-0009246,PO-0011357,2025-06-05,1000
GR-0009247,PO-0011358,2025-12-08,500
GR-0009248,PO-0011359,2025-03-27,100
GR-0009249,PO-0011360,2025-08-03,200
GR-0009250,PO-0011361,2026-05-30,1000
GR-0009251,PO-0011362,2025-09-01,500
GR-0009252,PO-0011364,2026-03-16,200
GR-0009253,PO-0011365,2025-12-16,200
GR-0009254,PO-0011367,2024-09-07,200
GR-0009255,PO-0011369,2026-06-15,100
GR-0009256,PO-0011370,2024-10-14,200
GR-0009257,PO-0011372,2025-03-11,500
GR-0009258,PO-0011373,2025-01-31,100
GR-0009259,PO-0011374,2025-08-19,50
GR-0009260,PO-0011378,2025-06-12,50
GR-0009261,PO-0011379,2024-09-03,200
GR-0009262,PO-0011380,2025-12-13,171
GR-0009263,PO-0011381,2024-12-11,92
GR-0009264,PO-0011382,2025-06-15,786
GR-0009265,PO-0011383,2024-12-26,500
GR-0009266,PO-0011384,2024-07-20,500
GR-0009267,PO-0011385,2025-05-29,200
GR-0009268,PO-0011386,2024-08-25,50
GR-0009269,PO-0011387,2025-12-14,100
GR-0009270,PO-0011390,2025-07-17,200
GR-0009271,PO-0011391,2024-12-16,200
GR-0009272,PO-0011392,2026-02-13,1000
GR-0009273,PO-0011393,2025-08-24,100
GR-0009274,PO-0011394,2024-06-28,1000
GR-0009275,PO-0011395,2025-06-02,500
GR-0009276,PO-0011396,2025-05-18,1000
GR-0009277,PO-0011397,2024-08-12,500
GR-0009278,PO-0011398,2025-07-10,50
GR-0009279,PO-0011399,2024-06-22,500
GR-0009280,PO-0011401,2026-05-14,1000
GR-0009281,PO-0011402,2026-03-06,50
GR-0009282,PO-0011403,2024-08-22,1000
GR-0009283,PO-0011404,2026-01-05,796
GR-0009284,PO-0011405,2024-03-13,1000
GR-0009285,PO-0011406,2026-05-08,500
GR-0009286,PO-0011407,2026-04-06,50
GR-0009287,PO-0011408,2025-04-17,50
GR-0009288,PO-0011409,2025-08-04,200
GR-0009289,PO-0011411,2026-01-16,500
GR-0009290,PO-0011412,2025-01-12,200
GR-0009291,PO-0011413,2025-10-20,1000
GR-0009292,PO-0011414,2024-09-02,200
GR-0009293,PO-0011415,2024-04-07,100
GR-0009294,PO-0011416,2024-10-01,100
GR-0009295,PO-0011418,2026-03-20,100
GR-0009296,PO-0011420,2026-02-14,456
GR-0009297,PO-0011421,2024-04-03,200
GR-0009298,PO-0011422,2024-05-22,50
GR-0009299,PO-0011423,2026-01-06,500
GR-0009300,PO-0011424,2024-08-11,500
GR-0009301,PO-0011425,2024-06-25,500
GR-0009302,PO-0011426,2025-07-13,50
GR-0009303,PO-0011427,2025-09-24,50
GR-0009304,PO-0011428,2026-03-26,1000
GR-0009305,PO-0011429,2025-08-11,50
GR-0009306,PO-0011430,2026-01-29,500
GR-0009307,PO-0011432,2024-07-07,71
GR-0009308,PO-0011433,2024-05-29,436
GR-0009309,PO-0011434,2026-02-08,50
GR-0009310,PO-0011435,2024-02-01,100
GR-0009311,PO-0011436,2025-06-26,1000
GR-0009312,PO-0011438,2024-02-01,200
GR-0009313,PO-0011440,2026-01-28,500
GR-0009314,PO-0011441,2025-06-21,1000
GR-0009315,PO-0011442,2025-06-30,100
GR-0009316,PO-0011443,2024-03-21,500
GR-0009317,PO-0011445,2025-01-19,1000
GR-0009318,PO-0011446,2025-02-10,100
GR-0009319,PO-0011447,2025-12-20,1000
GR-0009320,PO-0011448,2024-08-15,200
GR-0009321,PO-0011450,2024-10-20,200
GR-0009322,PO-0011451,2025-01-13,1000
GR-0009323,PO-0011452,2025-05-28,500
GR-0009324,PO-0011454,2024-09-17,200
GR-0009325,PO-0011455,2024-02-09,500
GR-0009326,PO-0011456,2025-03-24,200
GR-0009327,PO-0011457,2026-01-16,200
GR-0009328,PO-0011459,2025-05-09,200
GR-0009329,PO-0011460,2024-12-10,200
GR-0009330,PO-0011461,2026-01-06,1000
GR-0009331,PO-0011464,2025-06-11,500
GR-0009332,PO-0011465,2026-05-24,50
GR-0009333,PO-0011466,2025-01-10,50
GR-0009334,PO-0011468,2025-10-24,100
GR-0009335,PO-0011469,2024-06-22,200
GR-0009336,PO-0011470,2024-09-11,100
GR-0009337,PO-0011472,2025-12-16,500
GR-0009338,PO-0011473,2024-03-28,100
GR-0009339,PO-0011474,2024-05-16,200
GR-0009340,PO-0011476,2025-03-21,1000
GR-0009341,PO-0011478,2025-04-15,50
GR-0009342,PO-0011479,2026-04-03,100
GR-0009343,PO-0011480,2024-05-05,50
GR-0009344,PO-0011481,2026-03-04,500
GR-0009345,PO-0011482,2025-07-13,500
GR-0009346,PO-0011483,2024-08-15,50
GR-0009347,PO-0011484,2025-05-17,500
GR-0009348,PO-0011485,2024-09-27,100
GR-0009349,PO-0011486,2024-05-19,100
GR-0009350,PO-0011487,2024-07-09,500
GR-0009351,PO-0011488,2024-09-04,200
GR-0009352,PO-0011490,2025-07-24,50
GR-0009353,PO-0011493,2024-03-30,100
GR-0009354,PO-0011494,2024-03-20,50
GR-0009355,PO-0011496,2025-08-30,50
GR-0009356,PO-0011499,2025-08-28,200
GR-0009357,PO-0011500,2024-11-18,500
GR-0009358,PO-0011501,2024-04-13,1000
GR-0009359,PO-0011502,2025-01-06,100
GR-0009360,PO-0011503,2025-01-25,50
GR-0009361,PO-0011505,2025-07-28,500
GR-0009362,PO-0011506,2025-03-03,500
GR-0009363,PO-0011507,2025-02-10,500
GR-0009364,PO-0011508,2025-12-07,473
GR-0009365,PO-0011509,2026-01-27,193
GR-0009366,PO-0011510,2024-03-07,50
GR-0009367,PO-0011511,2024-11-28,100
GR-0009368,PO-0011512,2026-06-02,50
GR-0009369,PO-0011513,2025-11-15,500
GR-0009370,PO-0011514,2026-01-21,500
GR-0009371,PO-0011516,2025-04-15,500
GR-0009372,PO-0011517,2025-06-14,1000
GR-0009373,PO-0011518,2026-01-22,1000
GR-0009374,PO-0011519,2025-10-29,1000
GR-0009375,PO-0011520,2024-07-29,500
GR-0009376,PO-0011522,2024-09-17,50
GR-0009377,PO-0011523,2024-07-03,500
GR-0009378,PO-0011524,2025-11-08,43
GR-0009379,PO-0011525,2025-05-31,100
GR-0009380,PO-0011526,2024-09-19,200
GR-0009381,PO-0011527,2025-03-14,500
GR-0009382,PO-0011528,2026-04-20,100
GR-0009383,PO-0011529,2025-12-10,500
GR-0009384,PO-0011530,2024-02-06,50
GR-0009385,PO-0011531,2026-04-18,500
GR-0009386,PO-0011532,2024-04-08,500
GR-0009387,PO-0011533,2024-08-03,100
GR-0009388,PO-0011535,2026-06-10,50
GR-0009389,PO-0011536,2026-03-29,924
GR-0009390,PO-0011537,2025-04-30,50
GR-0009391,PO-0011538,2025-05-13,50
GR-0009392,PO-0011539,2024-09-23,1000
GR-0009393,PO-0011541,2024-10-03,100
GR-0009394,PO-0011542,2024-08-07,1000
GR-0009395,PO-0011543,2024-09-20,500
GR-0009396,PO-0011544,2026-03-31,43
GR-0009397,PO-0011545,2025-12-19,100
GR-0009398,PO-0011546,2025-03-28,50
GR-0009399,PO-0011548,2024-08-16,100
GR-0009400,PO-0011549,2024-06-19,378
GR-0009401,PO-0011550,2025-03-12,1000
GR-0009402,PO-0011551,2025-12-17,100
GR-0009403,PO-0011552,2025-06-28,1000
GR-0009404,PO-0011553,2026-01-27,500
GR-0009405,PO-0011554,2026-02-08,200
GR-0009406,PO-0011555,2024-10-15,200
GR-0009407,PO-0011556,2025-02-19,80
GR-0009408,PO-0011557,2024-03-04,100
GR-0009409,PO-0011559,2026-06-16,200
GR-0009410,PO-0011560,2024-03-19,1000
GR-0009411,PO-0011561,2024-10-21,500
GR-0009412,PO-0011562,2025-02-25,1000
GR-0009413,PO-0011563,2024-11-01,50
GR-0009414,PO-0011565,2025-12-05,200
GR-0009415,PO-0011567,2026-04-08,200
GR-0009416,PO-0011569,2026-05-02,500
GR-0009417,PO-0011570,2025-09-09,1000
GR-0009418,PO-0011571,2024-12-11,50
GR-0009419,PO-0011572,2024-09-19,200
GR-0009420,PO-0011573,2024-06-21,100
GR-0009421,PO-0011574,2024-02-17,100
GR-0009422,PO-0011575,2025-07-12,1000
GR-0009423,PO-0011576,2025-08-13,50
GR-0009424,PO-0011577,2024-02-01,1000
GR-0009425,PO-0011578,2024-12-19,50
GR-0009426,PO-0011579,2025-05-04,1000
GR-0009427,PO-0011580,2026-01-03,50
GR-0009428,PO-0011581,2026-03-19,76
GR-0009429,PO-0011582,2026-04-22,200
GR-0009430,PO-0011583,2024-11-20,1000
GR-0009431,PO-0011584,2026-01-10,50
GR-0009432,PO-0011585,2025-11-07,38
GR-0009433,PO-0011587,2024-05-02,100
GR-0009434,PO-0011588,2024-11-14,1000
GR-0009435,PO-0011589,2024-04-26,500
GR-0009436,PO-0011592,2025-01-17,1000
GR-0009437,PO-0011593,2025-02-15,50
GR-0009438,PO-0011594,2025-11-08,200
GR-0009439,PO-0011596,2026-04-29,200
GR-0009440,PO-0011597,2024-12-07,1000
GR-0009441,PO-0011598,2024-06-09,100
GR-0009442,PO-0011600,2025-08-18,50
GR-0009443,PO-0011601,2026-03-13,500
GR-0009444,PO-0011602,2025-10-25,100
GR-0009445,PO-0011603,2025-05-03,100
GR-0009446,PO-0011604,2025-01-08,200
GR-0009447,PO-0011605,2024-05-19,100
GR-0009448,PO-0011606,2024-10-28,200
GR-0009449,PO-0011607,2024-11-21,200
GR-0009450,PO-0011608,2024-11-30,50
GR-0009451,PO-0011609,2026-01-08,100
GR-0009452,PO-0011610,2024-02-21,50
GR-0009453,PO-0011611,2026-03-09,1000
GR-0009454,PO-0011613,2025-02-22,50
GR-0009455,PO-0011614,2025-06-12,200
GR-0009456,PO-0011615,2026-05-16,36
GR-0009457,PO-0011616,2024-09-16,100
GR-0009458,PO-0011617,2024-12-24,500
GR-0009459,PO-0011618,2024-09-18,77
GR-0009460,PO-0011619,2024-09-01,1000
GR-0009461,PO-0011620,2025-09-17,50
GR-0009462,PO-0011622,2025-08-24,1000
GR-0009463,PO-0011623,2024-07-10,1000
GR-0009464,PO-0011624,2025-02-14,200
GR-0009465,PO-0011625,2025-08-28,100
GR-0009466,PO-0011626,2026-05-28,500
GR-0009467,PO-0011628,2024-12-03,45
GR-0009468,PO-0011629,2025-04-22,1000
GR-0009469,PO-0011631,2024-09-26,50
GR-0009470,PO-0011633,2024-11-12,100
GR-0009471,PO-0011634,2024-06-05,500
GR-0009472,PO-0011635,2026-03-05,177
GR-0009473,PO-0011637,2024-03-21,200
GR-0009474,PO-0011638,2024-08-30,200
GR-0009475,PO-0011639,2024-08-24,1000
GR-0009476,PO-0011640,2024-06-16,1000
GR-0009477,PO-0011641,2025-07-22,100
GR-0009478,PO-0011642,2024-10-04,883
GR-0009479,PO-0011643,2024-09-18,500
GR-0009480,PO-0011644,2025-10-11,50
GR-0009481,PO-0011645,2024-04-17,100
GR-0009482,PO-0011646,2026-03-11,50
GR-0009483,PO-0011647,2025-04-01,200
GR-0009484,PO-0011648,2025-02-02,500
GR-0009485,PO-0011649,2024-07-24,1000
GR-0009486,PO-0011650,2025-05-14,500
GR-0009487,PO-0011651,2024-08-30,1000
GR-0009488,PO-0011652,2024-09-23,500
GR-0009489,PO-0011653,2025-04-04,93
GR-0009490,PO-0011654,2024-03-22,100
GR-0009491,PO-0011655,2026-02-28,100
GR-0009492,PO-0011656,2025-11-29,1000
GR-0009493,PO-0011658,2025-04-06,200
GR-0009494,PO-0011659,2024-02-15,100
GR-0009495,PO-0011660,2024-07-25,50
GR-0009496,PO-0011661,2024-11-28,1000
GR-0009497,PO-0011662,2026-03-23,100
GR-0009498,PO-0011663,2024-04-11,500
GR-0009499,PO-0011664,2024-04-03,50
GR-0009500,PO-0011665,2024-10-25,200
GR-0009501,PO-0011666,2024-01-24,500
GR-0009502,PO-0011667,2025-07-20,200
GR-0009503,PO-0011668,2025-10-28,1000
GR-0009504,PO-0011669,2026-04-01,500
GR-0009505,PO-0011670,2025-12-22,500
GR-0009506,PO-0011671,2025-11-28,500
GR-0009507,PO-0011672,2024-04-17,1000
GR-0009508,PO-0011673,2025-09-27,1000
GR-0009509,PO-0011675,2024-11-27,50
GR-0009510,PO-0011676,2026-03-30,200
GR-0009511,PO-0011678,2025-07-22,50
GR-0009512,PO-0011679,2026-02-03,200
GR-0009513,PO-0011681,2026-02-20,500
GR-0009514,PO-0011682,2024-08-02,50
GR-0009515,PO-0011685,2026-02-21,50
GR-0009516,PO-0011687,2024-09-02,500
GR-0009517,PO-0011689,2026-02-07,500
GR-0009518,PO-0011690,2026-02-15,1000
GR-0009519,PO-0011691,2025-06-10,500
GR-0009520,PO-0011692,2025-06-13,50
GR-0009521,PO-0011693,2025-04-01,500
GR-0009522,PO-0011695,2024-10-22,1000
GR-0009523,PO-0011696,2025-04-23,100
GR-0009524,PO-0011697,2025-10-16,1000
GR-0009525,PO-0011698,2024-12-01,500
GR-0009526,PO-0011699,2026-02-20,500
GR-0009527,PO-0011702,2025-05-15,200
GR-0009528,PO-0011703,2025-12-24,200
GR-0009529,PO-0011704,2025-12-01,100
GR-0009530,PO-0011707,2025-12-12,1000
GR-0009531,PO-0011708,2024-04-09,100
GR-0009532,PO-0011710,2024-11-11,200
GR-0009533,PO-0011712,2025-07-19,50
GR-0009534,PO-0011713,2025-07-09,100
GR-0009535,PO-0011714,2025-11-08,74
GR-0009536,PO-0011715,2025-03-08,500
GR-0009537,PO-0011716,2025-03-12,100
GR-0009538,PO-0011717,2024-05-14,500
GR-0009539,PO-0011720,2024-03-23,100
GR-0009540,PO-0011721,2025-01-24,100
GR-0009541,PO-0011722,2024-12-02,100
GR-0009542,PO-0011723,2025-01-25,100
GR-0009543,PO-0011724,2025-12-06,742
GR-0009544,PO-0011726,2026-06-05,100
GR-0009545,PO-0011727,2025-03-04,1000
GR-0009546,PO-0011728,2025-04-07,200
GR-0009547,PO-0011730,2024-10-05,200
GR-0009548,PO-0011731,2025-12-29,50
GR-0009549,PO-0011732,2026-03-30,500
GR-0009550,PO-0011733,2025-07-13,200
GR-0009551,PO-0011736,2025-07-08,100
GR-0009552,PO-0011737,2025-12-17,1000
GR-0009553,PO-0011738,2026-06-03,50
GR-0009554,PO-0011739,2024-05-09,500
GR-0009555,PO-0011740,2026-05-08,500
GR-0009556,PO-0011741,2024-09-09,200
GR-0009557,PO-0011742,2024-08-11,50
GR-0009558,PO-0011743,2024-06-06,1000
GR-0009559,PO-0011745,2025-10-13,200
GR-0009560,PO-0011746,2024-08-30,200
GR-0009561,PO-0011748,2024-12-06,100
GR-0009562,PO-0011749,2024-02-15,100
GR-0009563,PO-0011750,2025-05-03,776
GR-0009564,PO-0011751,2025-11-14,100
GR-0009565,PO-0011753,2025-09-02,50
GR-0009566,PO-0011755,2024-12-01,100
GR-0009567,PO-0011756,2024-12-02,71
GR-0009568,PO-0011759,2025-04-08,48
GR-0009569,PO-0011760,2026-04-12,50
GR-0009570,PO-0011761,2025-01-23,500
GR-0009571,PO-0011762,2025-01-26,100
GR-0009572,PO-0011763,2024-07-15,500
GR-0009573,PO-0011765,2024-07-12,1000
GR-0009574,PO-0011766,2025-05-22,200
GR-0009575,PO-0011767,2025-09-20,100
GR-0009576,PO-0011768,2025-04-08,200
GR-0009577,PO-0011769,2025-10-26,500
GR-0009578,PO-0011770,2026-03-24,500
GR-0009579,PO-0011771,2025-09-22,100
GR-0009580,PO-0011772,2026-02-27,100
GR-0009581,PO-0011774,2024-03-31,200
GR-0009582,PO-0011775,2025-10-02,100
GR-0009583,PO-0011776,2025-12-15,100
GR-0009584,PO-0011777,2024-07-25,200
GR-0009585,PO-0011778,2024-01-30,500
GR-0009586,PO-0011779,2024-11-23,200
GR-0009587,PO-0011780,2025-01-13,1000
GR-0009588,PO-0011782,2024-08-27,200
GR-0009589,PO-0011783,2025-06-18,200
GR-0009590,PO-0011784,2024-10-16,359
GR-0009591,PO-0011785,2024-11-03,50
GR-0009592,PO-0011787,2024-09-24,100
GR-0009593,PO-0011788,2024-10-21,100
GR-0009594,PO-0011789,2025-07-14,200
GR-0009595,PO-0011790,2025-08-18,200
GR-0009596,PO-0011794,2025-08-04,500
GR-0009597,PO-0011795,2025-07-24,500
GR-0009598,PO-0011796,2025-08-31,1000
GR-0009599,PO-0011797,2025-11-12,200
GR-0009600,PO-0011798,2025-09-10,50
GR-0009601,PO-0011799,2025-03-18,100
GR-0009602,PO-0011800,2025-03-25,50
GR-0009603,PO-0011802,2024-06-23,500
GR-0009604,PO-0011803,2024-03-08,200
GR-0009605,PO-0011804,2025-02-06,50
GR-0009606,PO-0011805,2025-06-28,50
GR-0009607,PO-0011806,2026-03-05,50
GR-0009608,PO-0011807,2024-03-06,500
GR-0009609,PO-0011809,2026-04-29,100
GR-0009610,PO-0011810,2025-07-20,49
GR-0009611,PO-0011811,2025-07-04,200
GR-0009612,PO-0011813,2024-06-10,1000
GR-0009613,PO-0011814,2024-04-20,100
GR-0009614,PO-0011815,2025-11-18,200
GR-0009615,PO-0011817,2026-04-14,1000
GR-0009616,PO-0011818,2025-12-31,1000
GR-0009617,PO-0011819,2025-12-11,1000
GR-0009618,PO-0011820,2026-04-18,1000
GR-0009619,PO-0011821,2025-06-26,50
GR-0009620,PO-0011823,2026-01-11,500
GR-0009621,PO-0011824,2026-03-09,1000
GR-0009622,PO-0011825,2025-01-07,50
GR-0009623,PO-0011827,2024-07-11,50
GR-0009624,PO-0011828,2024-08-17,200
GR-0009625,PO-0011830,2026-02-02,100
GR-0009626,PO-0011831,2026-06-04,200
GR-0009627,PO-0011832,2025-01-29,50
GR-0009628,PO-0011834,2026-03-13,1000
GR-0009629,PO-0011835,2024-10-08,50
GR-0009630,PO-0011836,2026-02-21,1000
GR-0009631,PO-0011837,2025-02-08,100
GR-0009632,PO-0011838,2025-10-29,500
GR-0009633,PO-0011840,2024-03-24,100
GR-0009634,PO-0011841,2025-12-25,500
GR-0009635,PO-0011843,2025-05-02,50
GR-0009636,PO-0011844,2024-05-14,100
GR-0009637,PO-0011845,2025-08-09,1000
GR-0009638,PO-0011846,2024-08-05,50
GR-0009639,PO-0011847,2026-05-24,1000
GR-0009640,PO-0011848,2025-12-14,500
GR-0009641,PO-0011850,2025-12-07,500
GR-0009642,PO-0011853,2025-11-05,500
GR-0009643,PO-0011856,2024-10-13,200
GR-0009644,PO-0011857,2024-06-23,500
GR-0009645,PO-0011860,2026-03-24,1000
GR-0009646,PO-0011861,2024-03-09,100
GR-0009647,PO-0011862,2024-04-07,1000
GR-0009648,PO-0011863,2024-09-28,200
GR-0009649,PO-0011864,2026-03-02,162
GR-0009650,PO-0011865,2024-07-22,500
GR-0009651,PO-0011867,2024-03-01,1000
GR-0009652,PO-0011869,2024-12-19,1000
GR-0009653,PO-0011870,2025-02-05,81
GR-0009654,PO-0011871,2025-07-01,500
GR-0009655,PO-0011872,2024-08-17,1000
GR-0009656,PO-0011873,2025-11-25,200
GR-0009657,PO-0011874,2025-12-13,200
GR-0009658,PO-0011876,2025-09-01,100
GR-0009659,PO-0011877,2025-10-21,50
GR-0009660,PO-0011878,2025-01-12,47
GR-0009661,PO-0011879,2025-05-04,1000
GR-0009662,PO-0011881,2024-06-09,50
GR-0009663,PO-0011883,2024-06-30,100
GR-0009664,PO-0011885,2025-12-29,50
GR-0009665,PO-0011887,2025-08-06,500
GR-0009666,PO-0011888,2025-06-30,500
GR-0009667,PO-0011889,2026-04-01,1000
GR-0009668,PO-0011890,2024-08-21,1000
GR-0009669,PO-0011891,2025-04-30,100
GR-0009670,PO-0011893,2026-03-22,100
GR-0009671,PO-0011894,2026-02-26,50
GR-0009672,PO-0011895,2024-03-30,200
GR-0009673,PO-0011896,2024-01-18,50
GR-0009674,PO-0011897,2026-01-31,1000
GR-0009675,PO-0011898,2024-12-13,1000
GR-0009676,PO-0011900,2024-10-01,500
GR-0009677,PO-0011901,2024-08-24,200
GR-0009678,PO-0011902,2026-01-07,100
GR-0009679,PO-0011903,2025-03-16,1000
GR-0009680,PO-0011904,2025-10-11,50
GR-0009681,PO-0011906,2026-05-13,200
GR-0009682,PO-0011908,2025-07-07,200
GR-0009683,PO-0011909,2025-01-12,50
GR-0009684,PO-0011912,2024-07-27,1000
GR-0009685,PO-0011913,2024-03-24,50
GR-0009686,PO-0011914,2025-02-14,500
GR-0009687,PO-0011915,2026-05-15,200
GR-0009688,PO-0011916,2025-11-03,200
GR-0009689,PO-0011917,2025-04-14,70
GR-0009690,PO-0011918,2025-01-19,50
GR-0009691,PO-0011919,2026-04-20,1000
GR-0009692,PO-0011920,2025-01-06,93
GR-0009693,PO-0011921,2025-10-26,50
GR-0009694,PO-0011922,2025-11-12,1000
GR-0009695,PO-0011923,2024-08-10,500
GR-0009696,PO-0011924,2024-08-18,500
GR-0009697,PO-0011925,2025-07-16,200
GR-0009698,PO-0011926,2025-08-13,200
GR-0009699,PO-0011928,2025-08-12,100
GR-0009700,PO-0011932,2025-11-12,100
GR-0009701,PO-0011934,2025-05-29,1000
GR-0009702,PO-0011935,2024-10-05,100
GR-0009703,PO-0011936,2024-12-30,50
GR-0009704,PO-0011937,2024-11-23,500
GR-0009705,PO-0011938,2025-12-25,100
GR-0009706,PO-0011939,2025-02-10,100
GR-0009707,PO-0011940,2025-05-10,500
GR-0009708,PO-0011942,2024-06-12,200
GR-0009709,PO-0011943,2026-06-08,500
GR-0009710,PO-0011944,2025-09-12,100
GR-0009711,PO-0011945,2024-03-01,200
GR-0009712,PO-0011946,2025-04-08,50
GR-0009713,PO-0011947,2024-06-15,500
GR-0009714,PO-0011948,2026-02-27,50
GR-0009715,PO-0011949,2024-06-09,50
GR-0009716,PO-0011950,2025-12-17,200
GR-0009717,PO-0011951,2025-03-30,50
GR-0009718,PO-0011952,2025-06-09,1000
GR-0009719,PO-0011953,2025-11-19,500
GR-0009720,PO-0011954,2024-05-04,500
GR-0009721,PO-0011955,2024-02-13,500
GR-0009722,PO-0011957,2024-03-17,500
GR-0009723,PO-0011958,2024-08-30,100
GR-0009724,PO-0011959,2026-04-10,1000
GR-0009725,PO-0011960,2024-12-02,200
GR-0009726,PO-0011961,2025-01-02,100
GR-0009727,PO-0011962,2024-04-09,50
GR-0009728,PO-0011963,2026-04-09,50
GR-0009729,PO-0011965,2025-11-01,1000
GR-0009730,PO-0011966,2024-12-09,1000
GR-0009731,PO-0011967,2024-12-13,200
GR-0009732,PO-0011968,2024-05-09,500
GR-0009733,PO-0011969,2025-05-24,200
GR-0009734,PO-0011970,2024-12-21,200
GR-0009735,PO-0011971,2025-07-09,1000
GR-0009736,PO-0011972,2025-03-18,500
GR-0009737,PO-0011973,2025-04-06,50
GR-0009738,PO-0011974,2024-01-21,500
GR-0009739,PO-0011975,2024-06-10,200
GR-0009740,PO-0011976,2024-09-04,200
GR-0009741,PO-0011978,2024-02-17,500
GR-0009742,PO-0011979,2026-04-25,200
GR-0009743,PO-0011982,2024-12-03,1000
GR-0009744,PO-0011983,2026-03-30,500
GR-0009745,PO-0011984,2024-11-28,200
GR-0009746,PO-0011985,2024-06-22,50
GR-0009747,PO-0011986,2025-08-22,200
GR-0009748,PO-0011987,2025-04-16,500
GR-0009749,PO-0011988,2025-12-14,200
GR-0009750,PO-0011989,2024-08-21,500
GR-0009751,PO-0011990,2024-06-24,50
GR-0009752,PO-0011991,2025-07-03,500
GR-0009753,PO-0011992,2025-01-13,1000
GR-0009754,PO-0011994,2024-09-26,1000
GR-0009755,PO-0011995,2025-03-01,100
GR-0009756,PO-0011996,2024-04-13,200
GR-0009757,PO-0011997,2024-07-15,100
GR-0009758,PO-0011998,2025-11-10,50
GR-0009759,PO-0011999,2025-06-16,500
GR-0009760,PO-0012000,2025-12-05,50
GR-0009761,PO-0012001,2025-11-21,1000
GR-0009762,PO-0012003,2024-12-12,50
GR-0009763,PO-0012005,2025-10-11,1000
GR-0009764,PO-0012007,2025-12-20,200
GR-0009765,PO-0012008,2024-08-20,200
GR-0009766,PO-0012009,2025-11-22,1000
GR-0009767,PO-0012010,2025-02-03,100
GR-0009768,PO-0012011,2026-04-09,100
GR-0009769,PO-0012012,2026-04-24,100
GR-0009770,PO-0012013,2024-06-02,500
GR-0009771,PO-0012014,2024-03-25,1000
GR-0009772,PO-0012015,2026-01-13,100
GR-0009773,PO-0012016,2024-05-03,200
GR-0009774,PO-0012017,2026-03-01,500
GR-0009775,PO-0012019,2026-03-01,70
GR-0009776,PO-0012020,2024-05-27,1000
GR-0009777,PO-0012021,2025-03-03,73
GR-0009778,PO-0012022,2024-08-26,50
GR-0009779,PO-0012023,2025-09-10,500
GR-0009780,PO-0012024,2025-09-07,200
GR-0009781,PO-0012025,2025-12-12,200
GR-0009782,PO-0012026,2024-12-09,100
GR-0009783,PO-0012027,2025-11-01,50
GR-0009784,PO-0012028,2025-06-20,50
GR-0009785,PO-0012029,2025-11-20,500
GR-0009786,PO-0012030,2026-03-02,50
GR-0009787,PO-0012031,2026-03-19,50
GR-0009788,PO-0012033,2025-07-04,50
GR-0009789,PO-0012034,2026-04-04,200
GR-0009790,PO-0012035,2025-09-02,1000
GR-0009791,PO-0012036,2024-11-20,100
GR-0009792,PO-0012037,2024-11-25,183
GR-0009793,PO-0012038,2024-06-07,82
GR-0009794,PO-0012039,2024-06-13,200
GR-0009795,PO-0012041,2024-04-23,50
GR-0009796,PO-0012043,2025-12-01,200
GR-0009797,PO-0012044,2024-04-15,50
GR-0009798,PO-0012046,2025-01-03,100
GR-0009799,PO-0012047,2025-08-14,1000
GR-0009800,PO-0012050,2024-05-27,1000
GR-0009801,PO-0012052,2025-06-18,500
GR-0009802,PO-0012054,2025-03-17,500
GR-0009803,PO-0012055,2024-02-03,500
GR-0009804,PO-0012056,2025-01-19,100
GR-0009805,PO-0012057,2026-04-28,1000
GR-0009806,PO-0012058,2024-12-24,1000
GR-0009807,PO-0012059,2026-05-21,1000
GR-0009808,PO-0012060,2024-04-02,500
GR-0009809,PO-0012061,2024-12-11,200
GR-0009810,PO-0012062,2024-12-29,500
GR-0009811,PO-0012063,2024-02-23,200
GR-0009812,PO-0012064,2025-09-30,1000
GR-0009813,PO-0012066,2026-05-06,200
GR-0009814,PO-0012067,2025-08-04,200
GR-0009815,PO-0012068,2025-04-30,100
GR-0009816,PO-0012071,2025-08-09,500
GR-0009817,PO-0012073,2024-12-22,500
GR-0009818,PO-0012075,2026-03-10,1000
GR-0009819,PO-0012076,2025-10-28,200
GR-0009820,PO-0012077,2025-12-15,100
GR-0009821,PO-0012078,2026-05-13,500
GR-0009822,PO-0012079,2025-12-23,1000
GR-0009823,PO-0012080,2024-03-01,50
GR-0009824,PO-0012081,2024-10-06,100
GR-0009825,PO-0012082,2025-03-11,100
GR-0009826,PO-0012083,2024-04-22,200
GR-0009827,PO-0012084,2025-04-04,100
GR-0009828,PO-0012085,2024-04-04,1000
GR-0009829,PO-0012086,2024-07-28,200
GR-0009830,PO-0012087,2025-07-24,100
GR-0009831,PO-0012088,2025-03-22,50
GR-0009832,PO-0012089,2026-05-11,500
GR-0009833,PO-0012090,2025-09-25,100
GR-0009834,PO-0012091,2025-02-10,1000
GR-0009835,PO-0012092,2024-07-27,50
GR-0009836,PO-0012093,2025-06-19,200
GR-0009837,PO-0012094,2025-12-14,500
GR-0009838,PO-0012095,2025-08-04,100
GR-0009839,PO-0012096,2024-03-21,100
GR-0009840,PO-0012098,2025-02-09,1000
GR-0009841,PO-0012099,2024-09-28,88
GR-0009842,PO-0012100,2025-07-08,50
GR-0009843,PO-0012101,2025-01-16,50
GR-0009844,PO-0012102,2024-08-24,200
GR-0009845,PO-0012103,2025-09-27,1000
GR-0009846,PO-0012104,2025-03-21,50
GR-0009847,PO-0012105,2025-03-25,50
GR-0009848,PO-0012106,2024-12-28,50
GR-0009849,PO-0012107,2025-06-27,100
GR-0009850,PO-0012109,2024-03-03,100
GR-0009851,PO-0012110,2025-06-16,100
GR-0009852,PO-0012111,2026-03-25,200
GR-0009853,PO-0012112,2025-07-01,200
GR-0009854,PO-0012114,2024-06-13,765
GR-0009855,PO-0012115,2025-04-09,100
GR-0009856,PO-0012116,2024-02-21,200
GR-0009857,PO-0012117,2025-05-25,1000
GR-0009858,PO-0012119,2026-02-27,1000
GR-0009859,PO-0012120,2024-04-25,200
GR-0009860,PO-0012121,2025-11-27,50
GR-0009861,PO-0012124,2025-05-14,1000
GR-0009862,PO-0012125,2024-03-14,100
GR-0009863,PO-0012127,2026-02-09,50
GR-0009864,PO-0012128,2025-05-15,1000
GR-0009865,PO-0012129,2025-05-10,1000
GR-0009866,PO-0012130,2024-08-31,50
GR-0009867,PO-0012131,2024-03-26,170
GR-0009868,PO-0012132,2024-09-27,1000
GR-0009869,PO-0012133,2024-09-23,50
GR-0009870,PO-0012134,2024-08-14,200
GR-0009871,PO-0012135,2025-10-04,100
GR-0009872,PO-0012137,2024-05-07,50
GR-0009873,PO-0012138,2025-04-20,200
GR-0009874,PO-0012139,2025-12-22,500
GR-0009875,PO-0012140,2025-05-14,1000
GR-0009876,PO-0012141,2025-07-15,100
GR-0009877,PO-0012143,2024-04-05,1000
GR-0009878,PO-0012146,2026-05-31,200
GR-0009879,PO-0012147,2024-10-04,100
GR-0009880,PO-0012148,2024-09-16,1000
GR-0009881,PO-0012149,2024-06-28,100
GR-0009882,PO-0012150,2026-03-21,500
GR-0009883,PO-0012151,2026-04-09,100
GR-0009884,PO-0012152,2026-02-28,100
GR-0009885,PO-0012153,2024-02-01,100
GR-0009886,PO-0012154,2025-02-14,200
GR-0009887,PO-0012155,2025-11-22,500
GR-0009888,PO-0012156,2025-07-14,200
GR-0009889,PO-0012157,2024-08-25,500
GR-0009890,PO-0012158,2024-02-24,50
GR-0009891,PO-0012161,2024-09-25,200
GR-0009892,PO-0012162,2026-04-12,50
GR-0009893,PO-0012163,2024-11-09,1000
GR-0009894,PO-0012164,2025-02-27,50
GR-0009895,PO-0012166,2024-05-29,1000
GR-0009896,PO-0012167,2024-11-17,200
GR-0009897,PO-0012168,2024-12-04,100
GR-0009898,PO-0012172,2025-06-21,412
GR-0009899,PO-0012173,2025-10-25,500
GR-0009900,PO-0012174,2025-09-11,500
GR-0009901,PO-0012175,2025-06-20,500
GR-0009902,PO-0012177,2025-02-23,500
GR-0009903,PO-0012179,2024-03-01,200
GR-0009904,PO-0012180,2024-05-13,50
GR-0009905,PO-0012182,2024-10-25,500
GR-0009906,PO-0012183,2026-05-30,50
GR-0009907,PO-0012184,2025-06-17,50
GR-0009908,PO-0012185,2026-01-20,100
GR-0009909,PO-0012186,2025-12-10,50
GR-0009910,PO-0012187,2024-07-24,100
GR-0009911,PO-0012189,2024-06-22,500
GR-0009912,PO-0012190,2025-10-15,1000
GR-0009913,PO-0012191,2025-01-05,1000
GR-0009914,PO-0012192,2025-08-05,200
GR-0009915,PO-0012193,2025-04-26,1000
GR-0009916,PO-0012194,2025-10-22,200
GR-0009917,PO-0012195,2025-03-11,500
GR-0009918,PO-0012196,2026-03-11,500
GR-0009919,PO-0012198,2024-05-17,500
GR-0009920,PO-0012199,2025-08-20,1000
GR-0009921,PO-0012200,2025-05-14,500
GR-0009922,PO-0012201,2024-06-20,43
GR-0009923,PO-0012202,2024-05-10,1000
GR-0009924,PO-0012203,2024-05-18,1000
GR-0009925,PO-0012205,2024-06-09,200
GR-0009926,PO-0012207,2026-01-29,200
GR-0009927,PO-0012208,2026-02-28,200
GR-0009928,PO-0012209,2026-06-07,100
GR-0009929,PO-0012210,2026-05-11,50
GR-0009930,PO-0012211,2024-10-19,37
GR-0009931,PO-0012212,2026-01-22,200
GR-0009932,PO-0012213,2026-01-08,200
GR-0009933,PO-0012216,2024-10-03,200
GR-0009934,PO-0012217,2025-11-15,500
GR-0009935,PO-0012218,2024-09-04,1000
GR-0009936,PO-0012219,2024-03-10,500
GR-0009937,PO-0012220,2024-06-01,170
GR-0009938,PO-0012221,2025-04-16,200
GR-0009939,PO-0012222,2025-08-17,200
GR-0009940,PO-0012223,2024-03-25,1000
GR-0009941,PO-0012224,2024-06-18,181
GR-0009942,PO-0012225,2025-08-06,50
GR-0009943,PO-0012227,2025-05-27,500
GR-0009944,PO-0012228,2025-10-14,500
GR-0009945,PO-0012229,2025-10-09,500
GR-0009946,PO-0012230,2024-07-26,500
GR-0009947,PO-0012231,2024-03-20,200
GR-0009948,PO-0012232,2024-10-30,200
GR-0009949,PO-0012233,2025-07-21,100
GR-0009950,PO-0012234,2025-10-06,50
GR-0009951,PO-0012236,2024-10-19,434
GR-0009952,PO-0012237,2024-04-04,500
GR-0009953,PO-0012238,2026-06-19,36
GR-0009954,PO-0012239,2025-04-10,50
GR-0009955,PO-0012240,2025-05-19,500
GR-0009956,PO-0012241,2024-11-08,100
GR-0009957,PO-0012242,2026-02-05,200
GR-0009958,PO-0012243,2024-03-06,50
GR-0009959,PO-0012244,2025-01-08,100
GR-0009960,PO-0012245,2025-11-05,200
GR-0009961,PO-0012248,2024-07-15,176
GR-0009962,PO-0012249,2025-06-18,200
GR-0009963,PO-0012251,2024-06-23,200
GR-0009964,PO-0012253,2024-07-10,100
GR-0009965,PO-0012255,2026-05-14,200
GR-0009966,PO-0012256,2026-04-22,200
GR-0009967,PO-0012259,2025-11-09,500
GR-0009968,PO-0012260,2024-03-11,500
GR-0009969,PO-0012261,2025-01-18,1000
GR-0009970,PO-0012262,2024-10-20,50
GR-0009971,PO-0012264,2024-07-12,200
GR-0009972,PO-0012265,2025-02-24,1000
GR-0009973,PO-0012266,2024-09-17,1000
GR-0009974,PO-0012267,2025-05-29,1000
GR-0009975,PO-0012268,2024-12-27,1000
GR-0009976,PO-0012269,2025-06-22,1000
GR-0009977,PO-0012270,2024-11-30,50
GR-0009978,PO-0012271,2025-03-26,50
GR-0009979,PO-0012272,2025-06-11,50
GR-0009980,PO-0012273,2024-12-26,50
GR-0009981,PO-0012275,2024-03-13,1000
GR-0009982,PO-0012276,2025-07-31,50
GR-0009983,PO-0012277,2025-12-08,50
GR-0009984,PO-0012278,2025-08-22,50
GR-0009985,PO-0012279,2024-03-21,1000
GR-0009986,PO-0012280,2025-09-20,500
GR-0009987,PO-0012281,2025-01-17,200
GR-0009988,PO-0012283,2025-01-23,1000
GR-0009989,PO-0012284,2026-01-15,50
GR-0009990,PO-0012286,2026-02-21,50
GR-0009991,PO-0012287,2025-03-07,100
GR-0009992,PO-0012288,2026-03-01,100
GR-0009993,PO-0012290,2025-03-28,100
GR-0009994,PO-0012291,2025-08-31,500
GR-0009995,PO-0012292,2025-06-07,1000
GR-0009996,PO-0012293,2024-10-29,381
GR-0009997,PO-0012294,2026-04-02,189
GR-0009998,PO-0012296,2025-01-12,200
GR-0009999,PO-0012297,2024-10-25,1000
GR-0010000,PO-0012298,2026-01-27,100
GR-0010001,PO-0012299,2025-04-13,500
GR-0010002,PO-0012300,2025-01-03,50
GR-0010003,PO-0012301,2024-12-05,50
GR-0010004,PO-0012302,2024-11-05,500
GR-0010005,PO-0012303,2024-09-21,500
GR-0010006,PO-0012304,2025-01-31,500
GR-0010007,PO-0012306,2025-10-19,50
GR-0010008,PO-0012307,2024-05-04,500
GR-0010009,PO-0012308,2025-08-16,1000
GR-0010010,PO-0012309,2024-02-04,40
GR-0010011,PO-0012310,2024-10-03,200
GR-0010012,PO-0012311,2026-03-31,500
GR-0010013,PO-0012312,2024-11-10,200
GR-0010014,PO-0012313,2025-01-18,100
GR-0010015,PO-0012314,2024-07-21,1000
GR-0010016,PO-0012315,2024-03-09,50
GR-0010017,PO-0012316,2026-02-19,200
GR-0010018,PO-0012318,2025-12-05,500
GR-0010019,PO-0012319,2026-06-07,1000
GR-0010020,PO-0012320,2025-08-26,1000
GR-0010021,PO-0012322,2026-03-01,500
GR-0010022,PO-0012323,2025-07-24,50
GR-0010023,PO-0012324,2025-06-09,50
GR-0010024,PO-0012325,2024-07-29,100
GR-0010025,PO-0012326,2024-06-12,1000
GR-0010026,PO-0012327,2025-11-18,200
GR-0010027,PO-0012328,2025-03-30,200
GR-0010028,PO-0012329,2026-04-19,469
GR-0010029,PO-0012330,2025-12-18,200
GR-0010030,PO-0012331,2024-08-12,50
GR-0010031,PO-0012332,2026-06-03,200
GR-0010032,PO-0012333,2024-09-05,200
GR-0010033,PO-0012334,2025-01-09,50
GR-0010034,PO-0012335,2024-06-09,44
GR-0010035,PO-0012336,2025-11-24,50
GR-0010036,PO-0012337,2025-08-17,100
GR-0010037,PO-0012338,2026-01-16,50
GR-0010038,PO-0012339,2024-08-13,1000
GR-0010039,PO-0012341,2025-11-05,1000
GR-0010040,PO-0012342,2025-10-07,200
GR-0010041,PO-0012343,2026-02-26,500
GR-0010042,PO-0012345,2024-05-16,151
GR-0010043,PO-0012346,2024-05-08,100
GR-0010044,PO-0012347,2025-07-27,100
GR-0010045,PO-0012348,2025-04-09,50
GR-0010046,PO-0012349,2025-02-19,100
GR-0010047,PO-0012351,2025-11-26,200
GR-0010048,PO-0012352,2024-07-31,200
GR-0010049,PO-0012353,2025-08-10,913
GR-0010050,PO-0012354,2025-03-24,143
GR-0010051,PO-0012355,2025-02-19,500
GR-0010052,PO-0012356,2024-06-16,50
GR-0010053,PO-0012357,2026-03-14,50
GR-0010054,PO-0012358,2025-10-26,500
GR-0010055,PO-0012359,2024-05-22,50
GR-0010056,PO-0012361,2024-05-03,1000
GR-0010057,PO-0012362,2026-04-17,500
GR-0010058,PO-0012364,2025-03-25,100
GR-0010059,PO-0012365,2024-05-15,200
GR-0010060,PO-0012366,2024-02-21,1000
GR-0010061,PO-0012367,2024-04-10,50
GR-0010062,PO-0012368,2024-11-19,500
GR-0010063,PO-0012369,2025-06-25,142
GR-0010064,PO-0012370,2024-11-01,500
GR-0010065,PO-0012372,2026-02-14,100
GR-0010066,PO-0012373,2025-09-13,500
GR-0010067,PO-0012374,2025-06-23,200
GR-0010068,PO-0012375,2024-11-12,100
GR-0010069,PO-0012377,2026-03-07,50
GR-0010070,PO-0012379,2025-02-04,200
GR-0010071,PO-0012380,2025-02-12,500
GR-0010072,PO-0012381,2024-03-24,50
GR-0010073,PO-0012382,2025-09-19,100
GR-0010074,PO-0012383,2025-06-16,50
GR-0010075,PO-0012384,2026-03-27,1000
GR-0010076,PO-0012385,2025-12-18,1000
GR-0010077,PO-0012386,2024-06-28,1000
GR-0010078,PO-0012387,2025-07-14,50
GR-0010079,PO-0012388,2025-11-02,500
GR-0010080,PO-0012389,2024-03-04,1000
GR-0010081,PO-0012392,2024-08-12,1000
GR-0010082,PO-0012394,2024-09-28,100
GR-0010083,PO-0012395,2025-11-20,200
GR-0010084,PO-0012397,2025-12-05,50
GR-0010085,PO-0012398,2025-10-11,1000
GR-0010086,PO-0012400,2024-10-02,100
GR-0010087,PO-0012401,2025-05-15,100
GR-0010088,PO-0012403,2024-11-04,50
GR-0010089,PO-0012404,2024-11-20,500
GR-0010090,PO-0012406,2024-12-10,50
GR-0010091,PO-0012407,2024-12-23,48
GR-0010092,PO-0012408,2025-02-11,100
GR-0010093,PO-0012409,2024-06-12,968
GR-0010094,PO-0012410,2025-05-07,1000
GR-0010095,PO-0012411,2026-01-07,50
GR-0010096,PO-0012412,2026-05-03,100
GR-0010097,PO-0012413,2024-06-07,100
GR-0010098,PO-0012414,2024-08-03,200
GR-0010099,PO-0012417,2026-03-28,200
GR-0010100,PO-0012419,2025-04-13,200
GR-0010101,PO-0012421,2025-08-23,50
GR-0010102,PO-0012422,2024-01-31,500
GR-0010103,PO-0012423,2024-12-23,200
GR-0010104,PO-0012424,2024-06-02,200
GR-0010105,PO-0012425,2025-08-19,1000
GR-0010106,PO-0012426,2025-08-18,200
GR-0010107,PO-0012427,2024-03-12,50
GR-0010108,PO-0012429,2025-04-11,500
GR-0010109,PO-0012430,2024-12-31,200
GR-0010110,PO-0012432,2024-10-01,100
GR-0010111,PO-0012436,2026-01-27,50
GR-0010112,PO-0012437,2025-01-14,500
GR-0010113,PO-0012439,2025-09-03,500
GR-0010114,PO-0012440,2025-03-09,500
GR-0010115,PO-0012441,2025-04-01,50
GR-0010116,PO-0012443,2024-03-09,100
GR-0010117,PO-0012444,2024-07-05,1000
GR-0010118,PO-0012445,2025-11-30,100
GR-0010119,PO-0012446,2025-08-13,80
GR-0010120,PO-0012447,2026-05-03,50
GR-0010121,PO-0012448,2024-04-13,72
GR-0010122,PO-0012450,2026-01-15,1000
GR-0010123,PO-0012451,2025-07-15,200
GR-0010124,PO-0012452,2024-10-04,50
GR-0010125,PO-0012454,2024-05-19,500
GR-0010126,PO-0012456,2025-04-29,500
GR-0010127,PO-0012457,2026-05-03,1000
GR-0010128,PO-0012458,2025-07-18,500
GR-0010129,PO-0012460,2024-07-10,200
GR-0010130,PO-0012461,2025-06-17,500
GR-0010131,PO-0012463,2025-02-18,500
GR-0010132,PO-0012464,2025-01-28,1000
GR-0010133,PO-0012466,2024-06-30,49
GR-0010134,PO-0012467,2024-04-10,200
GR-0010135,PO-0012468,2024-10-13,1000
GR-0010136,PO-0012469,2024-05-04,500
GR-0010137,PO-0012470,2025-04-10,1000
GR-0010138,PO-0012471,2026-04-12,500
GR-0010139,PO-0012472,2024-04-04,1000
GR-0010140,PO-0012473,2025-08-26,100
GR-0010141,PO-0012475,2025-01-05,50
GR-0010142,PO-0012477,2026-02-17,1000
GR-0010143,PO-0012478,2025-08-12,500
GR-0010144,PO-0012480,2025-09-04,500
GR-0010145,PO-0012482,2024-02-06,500
GR-0010146,PO-0012483,2024-10-30,50
GR-0010147,PO-0012484,2025-05-09,50
GR-0010148,PO-0012485,2025-04-07,200
GR-0010149,PO-0012486,2025-02-01,500
GR-0010150,PO-0012487,2024-01-21,50
GR-0010151,PO-0012488,2025-12-30,500
GR-0010152,PO-0012490,2026-02-04,1000
GR-0010153,PO-0012491,2024-07-08,500
GR-0010154,PO-0012492,2024-03-27,200
GR-0010155,PO-0012493,2026-05-23,100
GR-0010156,PO-0012494,2025-10-20,200
GR-0010157,PO-0012495,2025-12-18,84
GR-0010158,PO-0012496,2025-12-27,500
GR-0010159,PO-0012497,2024-12-20,200
GR-0010160,PO-0012498,2026-01-29,1000
GR-0010161,PO-0012499,2025-10-18,200
GR-0010162,PO-0012500,2026-01-31,50
GR-0010163,PO-0012501,2025-12-25,500
GR-0010164,PO-0012504,2024-01-22,200
GR-0010165,PO-0012505,2025-12-09,100
GR-0010166,PO-0012506,2026-01-07,50
GR-0010167,PO-0012507,2025-11-06,200
GR-0010168,PO-0012508,2025-11-02,200
GR-0010169,PO-0012509,2024-10-12,200
GR-0010170,PO-0012510,2026-01-28,500
GR-0010171,PO-0012512,2025-08-12,50
GR-0010172,PO-0012513,2026-06-03,50
GR-0010173,PO-0012514,2026-03-19,500
GR-0010174,PO-0012515,2024-07-03,200
GR-0010175,PO-0012516,2025-08-14,1000
GR-0010176,PO-0012517,2024-10-10,1000
GR-0010177,PO-0012518,2024-11-17,200
GR-0010178,PO-0012519,2024-08-29,1000
GR-0010179,PO-0012520,2024-10-30,50
GR-0010180,PO-0012522,2025-04-04,500
GR-0010181,PO-0012523,2025-06-28,500
GR-0010182,PO-0012524,2024-05-25,100
GR-0010183,PO-0012526,2025-02-08,100
GR-0010184,PO-0012527,2024-06-14,1000
GR-0010185,PO-0012528,2026-05-01,1000
GR-0010186,PO-0012529,2026-01-12,500
GR-0010187,PO-0012530,2025-07-08,50
GR-0010188,PO-0012532,2025-05-13,50
GR-0010189,PO-0012535,2024-12-15,50
GR-0010190,PO-0012537,2025-04-09,50
GR-0010191,PO-0012538,2024-12-17,200
GR-0010192,PO-0012540,2025-05-16,50
GR-0010193,PO-0012541,2025-06-10,100
GR-0010194,PO-0012543,2026-04-10,200
GR-0010195,PO-0012544,2024-10-11,50
GR-0010196,PO-0012546,2024-12-16,100
GR-0010197,PO-0012547,2024-09-28,100
GR-0010198,PO-0012549,2026-05-19,200
GR-0010199,PO-0012550,2025-01-20,50
GR-0010200,PO-0012551,2025-05-12,100
GR-0010201,PO-0012552,2025-02-23,1000
GR-0010202,PO-0012553,2025-06-07,200
GR-0010203,PO-0012555,2026-01-07,1000
GR-0010204,PO-0012556,2024-08-28,1000
GR-0010205,PO-0012557,2025-10-11,1000
GR-0010206,PO-0012558,2024-05-26,100
GR-0010207,PO-0012559,2025-04-30,1000
GR-0010208,PO-0012560,2025-12-16,100
GR-0010209,PO-0012562,2025-12-10,1000
GR-0010210,PO-0012563,2025-06-16,200
GR-0010211,PO-0012564,2024-02-08,200
GR-0010212,PO-0012565,2025-02-13,500
GR-0010213,PO-0012566,2025-02-26,500
GR-0010214,PO-0012567,2025-12-23,50
GR-0010215,PO-0012568,2025-07-21,100
GR-0010216,PO-0012569,2024-04-09,200
GR-0010217,PO-0012571,2026-01-25,200
GR-0010218,PO-0012573,2025-06-12,1000
GR-0010219,PO-0012574,2024-07-21,1000
GR-0010220,PO-0012575,2026-05-12,200
GR-0010221,PO-0012576,2025-09-08,500
GR-0010222,PO-0012577,2025-09-03,1000
GR-0010223,PO-0012581,2025-08-25,50
GR-0010224,PO-0012582,2025-11-08,50
GR-0010225,PO-0012583,2025-09-15,1000
GR-0010226,PO-0012584,2024-05-27,50
GR-0010227,PO-0012585,2025-03-12,500
GR-0010228,PO-0012586,2024-02-22,1000
GR-0010229,PO-0012587,2025-06-16,200
GR-0010230,PO-0012589,2024-02-13,1000
GR-0010231,PO-0012591,2026-04-28,100
GR-0010232,PO-0012593,2025-09-04,200
GR-0010233,PO-0012594,2024-06-03,200
GR-0010234,PO-0012595,2024-09-16,50
GR-0010235,PO-0012596,2024-04-19,100
GR-0010236,PO-0012597,2024-02-26,382
GR-0010237,PO-0012598,2025-01-04,1000
GR-0010238,PO-0012599,2025-02-06,200
GR-0010239,PO-0012600,2024-12-24,1000
GR-0010240,PO-0012601,2025-08-18,42
GR-0010241,PO-0012603,2024-04-30,500
GR-0010242,PO-0012604,2024-03-09,50
GR-0010243,PO-0012605,2024-07-15,500
GR-0010244,PO-0012606,2025-05-23,500
GR-0010245,PO-0012607,2026-05-28,500
GR-0010246,PO-0012608,2024-11-26,500
GR-0010247,PO-0012609,2024-07-09,500
GR-0010248,PO-0012611,2025-09-27,500
GR-0010249,PO-0012613,2025-09-15,50
GR-0010250,PO-0012614,2024-06-13,100
GR-0010251,PO-0012615,2025-08-25,50
GR-0010252,PO-0012616,2025-09-09,50
GR-0010253,PO-0012617,2026-01-07,1000
GR-0010254,PO-0012618,2025-05-12,1000
GR-0010255,PO-0012619,2024-10-20,50
GR-0010256,PO-0012620,2025-03-26,50
GR-0010257,PO-0012621,2025-03-02,100
GR-0010258,PO-0012622,2024-04-04,50
GR-0010259,PO-0012623,2025-01-11,100
GR-0010260,PO-0012624,2026-01-31,500
GR-0010261,PO-0012625,2025-06-12,50
GR-0010262,PO-0012626,2026-04-22,500
GR-0010263,PO-0012627,2025-10-22,50
GR-0010264,PO-0012628,2025-03-09,1000
GR-0010265,PO-0012629,2024-09-15,380
GR-0010266,PO-0012630,2026-01-19,100
GR-0010267,PO-0012631,2025-01-17,1000
GR-0010268,PO-0012632,2025-12-07,1000
GR-0010269,PO-0012634,2025-08-09,100
GR-0010270,PO-0012635,2025-07-05,70
GR-0010271,PO-0012637,2025-03-08,100
GR-0010272,PO-0012638,2024-02-06,1000
GR-0010273,PO-0012639,2026-06-15,50
GR-0010274,PO-0012640,2026-06-03,200
GR-0010275,PO-0012642,2025-06-12,50
GR-0010276,PO-0012644,2025-10-06,1000
GR-0010277,PO-0012645,2026-02-01,100
GR-0010278,PO-0012646,2024-03-01,1000
GR-0010279,PO-0012647,2025-08-02,100
GR-0010280,PO-0012648,2025-05-23,100
GR-0010281,PO-0012649,2024-05-21,50
GR-0010282,PO-0012650,2025-09-23,100
GR-0010283,PO-0012651,2025-06-23,1000
GR-0010284,PO-0012652,2025-03-31,500
GR-0010285,PO-0012653,2026-04-18,1000
GR-0010286,PO-0012655,2024-03-02,1000
GR-0010287,PO-0012656,2024-02-10,50
GR-0010288,PO-0012657,2025-06-18,500
GR-0010289,PO-0012658,2025-05-23,100
GR-0010290,PO-0012659,2024-07-15,98
GR-0010291,PO-0012660,2024-06-09,1000
GR-0010292,PO-0012661,2025-01-31,45
GR-0010293,PO-0012662,2024-09-21,200
GR-0010294,PO-0012663,2025-11-14,200
GR-0010295,PO-0012664,2024-08-28,100
GR-0010296,PO-0012666,2024-03-28,1000
GR-0010297,PO-0012667,2026-01-26,1000
GR-0010298,PO-0012670,2024-10-24,200
GR-0010299,PO-0012671,2024-09-24,100
GR-0010300,PO-0012672,2025-04-02,50
GR-0010301,PO-0012673,2026-03-08,500
GR-0010302,PO-0012675,2024-04-30,1000
GR-0010303,PO-0012677,2024-10-14,50
GR-0010304,PO-0012678,2024-06-06,444
GR-0010305,PO-0012679,2025-07-26,200
GR-0010306,PO-0012680,2025-01-15,500
GR-0010307,PO-0012681,2026-03-10,50
GR-0010308,PO-0012682,2024-04-08,478
GR-0010309,PO-0012684,2024-07-08,200
GR-0010310,PO-0012685,2024-03-07,100
GR-0010311,PO-0012687,2024-08-02,50
GR-0010312,PO-0012689,2024-08-17,500
GR-0010313,PO-0012690,2024-08-15,500
GR-0010314,PO-0012691,2024-02-29,100
GR-0010315,PO-0012692,2024-05-25,100
GR-0010316,PO-0012693,2026-03-20,1000
GR-0010317,PO-0012694,2025-12-15,1000
GR-0010318,PO-0012696,2025-04-30,500
GR-0010319,PO-0012697,2024-12-25,50
GR-0010320,PO-0012698,2025-04-29,1000
GR-0010321,PO-0012700,2024-09-15,1000
GR-0010322,PO-0012701,2024-04-26,100
GR-0010323,PO-0012702,2025-02-01,500
GR-0010324,PO-0012703,2024-10-13,50
GR-0010325,PO-0012705,2024-03-25,500
GR-0010326,PO-0012706,2024-11-12,1000
GR-0010327,PO-0012707,2024-09-01,500
GR-0010328,PO-0012708,2025-11-20,1000
GR-0010329,PO-0012709,2024-07-31,200
GR-0010330,PO-0012710,2024-06-14,50
GR-0010331,PO-0012711,2025-11-21,1000
GR-0010332,PO-0012712,2025-11-19,1000
GR-0010333,PO-0012713,2026-06-13,1000
GR-0010334,PO-0012715,2026-04-18,500
GR-0010335,PO-0012716,2024-06-02,100
GR-0010336,PO-0012717,2025-05-28,85
GR-0010337,PO-0012718,2024-03-16,50
GR-0010338,PO-0012719,2024-04-04,50
GR-0010339,PO-0012720,2024-06-01,50
GR-0010340,PO-0012721,2024-05-28,200
GR-0010341,PO-0012723,2026-05-28,500
GR-0010342,PO-0012724,2025-02-10,100
GR-0010343,PO-0012725,2024-04-23,200
GR-0010344,PO-0012726,2025-02-09,1000
GR-0010345,PO-0012727,2025-05-15,50
GR-0010346,PO-0012728,2025-03-24,96
GR-0010347,PO-0012729,2025-03-11,50
GR-0010348,PO-0012730,2025-10-28,50
GR-0010349,PO-0012731,2024-03-16,50
GR-0010350,PO-0012732,2024-03-16,200
GR-0010351,PO-0012733,2024-08-27,200
GR-0010352,PO-0012734,2026-04-09,200
GR-0010353,PO-0012735,2026-04-08,50
GR-0010354,PO-0012736,2024-05-30,200
GR-0010355,PO-0012737,2025-08-29,1000
GR-0010356,PO-0012738,2024-05-17,200
GR-0010357,PO-0012739,2026-02-08,500
GR-0010358,PO-0012740,2026-02-04,1000
GR-0010359,PO-0012741,2024-06-16,178
GR-0010360,PO-0012742,2026-01-27,1000
GR-0010361,PO-0012743,2024-11-01,50
GR-0010362,PO-0012744,2025-08-06,100
GR-0010363,PO-0012745,2025-03-24,92
GR-0010364,PO-0012747,2025-07-05,431
GR-0010365,PO-0012748,2024-07-22,1000
GR-0010366,PO-0012750,2026-05-18,200
GR-0010367,PO-0012751,2025-06-27,50
GR-0010368,PO-0012752,2024-12-12,1000
GR-0010369,PO-0012753,2024-09-04,1000
GR-0010370,PO-0012754,2024-06-03,50
GR-0010371,PO-0012755,2024-05-08,500
GR-0010372,PO-0012756,2025-04-03,100
GR-0010373,PO-0012757,2024-10-10,50
GR-0010374,PO-0012758,2025-12-09,500
GR-0010375,PO-0012760,2024-05-15,50
GR-0010376,PO-0012761,2025-01-13,146
GR-0010377,PO-0012762,2026-02-08,200
GR-0010378,PO-0012764,2024-02-05,500
GR-0010379,PO-0012766,2024-10-11,500
GR-0010380,PO-0012767,2025-12-22,500
GR-0010381,PO-0012768,2025-04-21,50
GR-0010382,PO-0012769,2026-03-05,200
GR-0010383,PO-0012770,2026-02-05,43
GR-0010384,PO-0012771,2024-12-28,100
GR-0010385,PO-0012772,2026-01-04,50
GR-0010386,PO-0012773,2026-01-11,500
GR-0010387,PO-0012774,2024-07-04,100
GR-0010388,PO-0012776,2025-07-18,100
GR-0010389,PO-0012778,2026-01-08,1000
GR-0010390,PO-0012779,2025-07-10,500
GR-0010391,PO-0012780,2024-11-03,50
GR-0010392,PO-0012781,2024-03-24,500
GR-0010393,PO-0012782,2025-09-09,200
GR-0010394,PO-0012783,2026-02-02,100
GR-0010395,PO-0012784,2025-01-22,200
GR-0010396,PO-0012785,2025-08-08,50
GR-0010397,PO-0012786,2024-01-30,50
GR-0010398,PO-0012787,2024-01-24,75
GR-0010399,PO-0012788,2025-10-07,50
GR-0010400,PO-0012790,2025-10-25,100
GR-0010401,PO-0012792,2024-06-08,200
GR-0010402,PO-0012793,2025-12-20,1000
GR-0010403,PO-0012794,2024-03-12,100
GR-0010404,PO-0012795,2025-03-25,50
GR-0010405,PO-0012796,2024-10-25,200
GR-0010406,PO-0012797,2026-01-25,50
GR-0010407,PO-0012798,2024-11-08,50
GR-0010408,PO-0012799,2024-03-31,93
GR-0010409,PO-0012800,2024-05-08,1000
GR-0010410,PO-0012801,2025-04-12,100
GR-0010411,PO-0012803,2024-02-10,200
GR-0010412,PO-0012805,2025-04-15,1000
GR-0010413,PO-0012806,2025-07-08,100
GR-0010414,PO-0012807,2024-07-15,500
GR-0010415,PO-0012808,2026-03-10,50
GR-0010416,PO-0012809,2024-03-24,500
GR-0010417,PO-0012811,2024-02-25,500
GR-0010418,PO-0012812,2025-01-13,100
GR-0010419,PO-0012813,2025-12-21,1000
GR-0010420,PO-0012814,2026-05-19,1000
GR-0010421,PO-0012815,2024-06-21,50
GR-0010422,PO-0012816,2024-06-03,1000
GR-0010423,PO-0012817,2026-05-05,500
GR-0010424,PO-0012819,2025-05-26,100
GR-0010425,PO-0012820,2026-01-14,1000
GR-0010426,PO-0012821,2026-04-04,50
GR-0010427,PO-0012823,2025-11-11,200
GR-0010428,PO-0012826,2024-03-11,1000
GR-0010429,PO-0012827,2024-05-23,1000
GR-0010430,PO-0012828,2024-04-20,200
GR-0010431,PO-0012829,2026-01-17,500
GR-0010432,PO-0012831,2025-10-19,88
GR-0010433,PO-0012832,2024-10-23,50
GR-0010434,PO-0012833,2026-02-02,50
GR-0010435,PO-0012834,2026-03-27,50
GR-0010436,PO-0012835,2025-07-28,49
GR-0010437,PO-0012837,2025-09-08,1000
GR-0010438,PO-0012838,2024-10-20,1000
GR-0010439,PO-0012839,2025-01-14,1000
GR-0010440,PO-0012840,2025-06-17,1000
GR-0010441,PO-0012841,2025-10-05,100
GR-0010442,PO-0012842,2025-09-24,200
GR-0010443,PO-0012843,2025-12-18,50
GR-0010444,PO-0012844,2026-02-10,100
GR-0010445,PO-0012845,2025-02-03,50
GR-0010446,PO-0012846,2024-08-22,500
GR-0010447,PO-0012847,2024-06-09,1000
GR-0010448,PO-0012848,2024-09-30,100
GR-0010449,PO-0012849,2025-12-22,1000
GR-0010450,PO-0012850,2024-04-30,200
GR-0010451,PO-0012851,2025-03-07,100
GR-0010452,PO-0012853,2025-04-05,50
GR-0010453,PO-0012854,2024-04-16,200
GR-0010454,PO-0012855,2024-07-27,500
GR-0010455,PO-0012856,2024-11-28,1000
GR-0010456,PO-0012857,2026-02-09,1000
GR-0010457,PO-0012859,2026-05-08,1000
GR-0010458,PO-0012862,2025-09-20,200
GR-0010459,PO-0012864,2025-01-05,200
GR-0010460,PO-0012865,2025-07-05,500
GR-0010461,PO-0012866,2025-08-13,1000
GR-0010462,PO-0012868,2025-06-01,500
GR-0010463,PO-0012869,2024-07-29,100
GR-0010464,PO-0012870,2024-02-29,100
GR-0010465,PO-0012872,2025-06-24,50
GR-0010466,PO-0012874,2024-06-09,500
GR-0010467,PO-0012875,2025-11-12,50
GR-0010468,PO-0012876,2025-08-09,1000
GR-0010469,PO-0012878,2025-07-02,1000
GR-0010470,PO-0012879,2025-01-22,100
GR-0010471,PO-0012880,2024-08-08,500
GR-0010472,PO-0012881,2024-08-06,100
GR-0010473,PO-0012882,2024-03-12,200
GR-0010474,PO-0012883,2024-09-18,1000
GR-0010475,PO-0012885,2025-12-22,50
GR-0010476,PO-0012886,2024-05-08,1000
GR-0010477,PO-0012888,2025-11-02,50
GR-0010478,PO-0012890,2026-04-08,50
GR-0010479,PO-0012891,2026-04-13,100
GR-0010480,PO-0012892,2024-04-02,200
GR-0010481,PO-0012893,2026-01-24,500
GR-0010482,PO-0012894,2024-04-09,50
GR-0010483,PO-0012895,2025-12-25,200
GR-0010484,PO-0012896,2025-05-28,1000
GR-0010485,PO-0012897,2025-08-23,100
GR-0010486,PO-0012898,2024-03-13,200
GR-0010487,PO-0012899,2026-01-05,100
GR-0010488,PO-0012900,2024-03-05,50
GR-0010489,PO-0012902,2025-12-17,500
GR-0010490,PO-0012903,2025-06-15,100
GR-0010491,PO-0012904,2024-07-07,100
GR-0010492,PO-0012905,2025-09-06,500
GR-0010493,PO-0012906,2024-01-30,500
GR-0010494,PO-0012907,2024-05-11,50
GR-0010495,PO-0012908,2024-07-13,200
GR-0010496,PO-0012909,2024-12-11,1000
GR-0010497,PO-0012911,2025-02-12,1000
GR-0010498,PO-0012913,2026-04-11,891
GR-0010499,PO-0012914,2025-02-14,79
GR-0010500,PO-0012915,2024-06-18,186
GR-0010501,PO-0012916,2026-03-31,100
GR-0010502,PO-0012917,2025-07-28,1000
GR-0010503,PO-0012918,2026-04-21,100
GR-0010504,PO-0012919,2024-12-21,50
GR-0010505,PO-0012920,2025-07-28,100
GR-0010506,PO-0012921,2025-04-06,1000
GR-0010507,PO-0012922,2024-03-26,500
GR-0010508,PO-0012924,2024-04-18,100
GR-0010509,PO-0012925,2026-04-04,200
GR-0010510,PO-0012926,2024-11-24,1000
GR-0010511,PO-0012929,2024-04-29,100
GR-0010512,PO-0012930,2025-06-16,200
GR-0010513,PO-0012931,2025-01-10,500
GR-0010514,PO-0012932,2026-04-25,50
GR-0010515,PO-0012933,2024-05-27,50
GR-0010516,PO-0012934,2026-01-07,50
GR-0010517,PO-0012935,2024-11-16,50
GR-0010518,PO-0012936,2024-04-26,1000
GR-0010519,PO-0012937,2025-04-26,200
GR-0010520,PO-0012938,2025-10-13,500
GR-0010521,PO-0012940,2024-03-31,50
GR-0010522,PO-0012941,2025-09-03,100
GR-0010523,PO-0012942,2025-03-23,500
GR-0010524,PO-0012943,2024-11-09,200
GR-0010525,PO-0012944,2024-08-24,200
GR-0010526,PO-0012945,2024-09-27,43
GR-0010527,PO-0012946,2025-12-09,500
GR-0010528,PO-0012947,2025-07-25,200
GR-0010529,PO-0012949,2026-05-04,200
GR-0010530,PO-0012950,2024-05-02,100
GR-0010531,PO-0012951,2025-03-19,100
GR-0010532,PO-0012953,2026-03-16,1000
GR-0010533,PO-0012954,2026-05-26,50
GR-0010534,PO-0012955,2025-12-26,500
GR-0010535,PO-0012956,2026-03-19,100
GR-0010536,PO-0012957,2025-12-29,500
GR-0010537,PO-0012958,2026-01-17,38
GR-0010538,PO-0012959,2024-08-30,100
GR-0010539,PO-0012960,2024-05-29,1000
GR-0010540,PO-0012961,2024-10-05,500
GR-0010541,PO-0012962,2025-07-12,200
GR-0010542,PO-0012963,2025-09-26,50
GR-0010543,PO-0012964,2025-11-12,100
GR-0010544,PO-0012965,2024-05-20,1000
GR-0010545,PO-0012966,2024-03-05,50
GR-0010546,PO-0012967,2024-08-10,1000
GR-0010547,PO-0012969,2026-01-19,200
GR-0010548,PO-0012970,2025-10-25,1000
GR-0010549,PO-0012972,2025-06-30,200
GR-0010550,PO-0012973,2026-01-03,50
GR-0010551,PO-0012974,2026-01-09,200
GR-0010552,PO-0012977,2024-05-12,1000
GR-0010553,PO-0012978,2024-04-29,50
GR-0010554,PO-0012979,2024-07-29,200
GR-0010555,PO-0012980,2026-04-24,50
GR-0010556,PO-0012981,2025-12-08,500
GR-0010557,PO-0012982,2026-03-06,100
GR-0010558,PO-0012983,2026-05-20,80
GR-0010559,PO-0012984,2025-01-09,396
GR-0010560,PO-0012986,2026-01-02,500
GR-0010561,PO-0012989,2026-03-16,1000
GR-0010562,PO-0012990,2025-07-25,500
GR-0010563,PO-0012991,2025-08-06,100
GR-0010564,PO-0012992,2024-10-09,500
GR-0010565,PO-0012994,2024-03-07,100
GR-0010566,PO-0012995,2025-01-17,500
GR-0010567,PO-0012997,2025-05-26,809
GR-0010568,PO-0012998,2026-02-02,1000
GR-0010569,PO-0012999,2024-08-30,50
GR-0010570,PO-0013000,2025-12-13,200
GR-0010571,PO-0013001,2024-08-01,1000
GR-0010572,PO-0013002,2026-04-25,50
GR-0010573,PO-0013003,2025-12-11,500
GR-0010574,PO-0013004,2025-02-27,50
GR-0010575,PO-0013005,2025-04-14,200
GR-0010576,PO-0013006,2024-10-03,200
GR-0010577,PO-0013007,2025-12-26,200
GR-0010578,PO-0013008,2024-06-14,500
GR-0010579,PO-0013010,2024-04-05,500
GR-0010580,PO-0013011,2025-09-27,191
GR-0010581,PO-0013012,2024-09-08,100
GR-0010582,PO-0013013,2024-12-10,50
GR-0010583,PO-0013014,2026-06-16,374
GR-0010584,PO-0013015,2024-07-13,1000
GR-0010585,PO-0013016,2024-10-09,200
GR-0010586,PO-0013017,2026-01-16,200
GR-0010587,PO-0013018,2026-05-06,500
GR-0010588,PO-0013019,2025-06-29,500
GR-0010589,PO-0013020,2025-05-23,50
GR-0010590,PO-0013022,2024-04-29,200
GR-0010591,PO-0013023,2025-11-16,409
GR-0010592,PO-0013024,2024-07-17,100
GR-0010593,PO-0013025,2025-09-26,50
GR-0010594,PO-0013026,2025-08-02,200
GR-0010595,PO-0013027,2024-07-02,100
GR-0010596,PO-0013028,2026-05-07,50
GR-0010597,PO-0013029,2024-10-25,100
GR-0010598,PO-0013030,2026-04-18,38
GR-0010599,PO-0013031,2024-03-06,1000
GR-0010600,PO-0013032,2024-03-24,200
GR-0010601,PO-0013033,2025-10-20,50
GR-0010602,PO-0013034,2024-11-24,500
GR-0010603,PO-0013035,2024-12-25,500
GR-0010604,PO-0013036,2026-04-26,200
GR-0010605,PO-0013037,2024-08-27,100
GR-0010606,PO-0013038,2026-05-03,500
GR-0010607,PO-0013040,2025-10-24,500
GR-0010608,PO-0013041,2025-07-10,50
GR-0010609,PO-0013042,2026-01-10,50
GR-0010610,PO-0013043,2024-10-03,50
GR-0010611,PO-0013044,2025-02-09,200
GR-0010612,PO-0013045,2025-03-20,50
GR-0010613,PO-0013046,2025-10-30,50
GR-0010614,PO-0013047,2025-06-29,100
GR-0010615,PO-0013049,2024-08-09,100
GR-0010616,PO-0013050,2025-07-09,500
GR-0010617,PO-0013051,2025-09-19,200
GR-0010618,PO-0013055,2025-10-28,1000
GR-0010619,PO-0013057,2024-04-24,50
GR-0010620,PO-0013058,2026-03-26,100
GR-0010621,PO-0013059,2025-04-24,200
GR-0010622,PO-0013063,2026-03-17,100
GR-0010623,PO-0013064,2026-05-10,500
GR-0010624,PO-0013066,2024-07-23,200
GR-0010625,PO-0013067,2024-02-23,200
GR-0010626,PO-0013068,2026-04-26,152
GR-0010627,PO-0013069,2025-08-07,100
GR-0010628,PO-0013071,2026-04-19,100
GR-0010629,PO-0013074,2024-08-20,500
GR-0010630,PO-0013075,2024-08-29,100
GR-0010631,PO-0013076,2025-12-11,50
GR-0010632,PO-0013077,2026-06-08,100
GR-0010633,PO-0013078,2025-06-06,50
GR-0010634,PO-0013079,2024-07-30,50
GR-0010635,PO-0013081,2025-03-25,100
GR-0010636,PO-0013082,2024-11-14,1000
GR-0010637,PO-0013083,2025-03-07,200
GR-0010638,PO-0013084,2025-12-26,1000
GR-0010639,PO-0013085,2024-02-09,1000
GR-0010640,PO-0013086,2025-01-12,1000
GR-0010641,PO-0013087,2025-06-26,100
GR-0010642,PO-0013088,2025-12-21,200
GR-0010643,PO-0013089,2025-02-16,200
GR-0010644,PO-0013090,2024-11-12,200
GR-0010645,PO-0013092,2025-05-14,100
GR-0010646,PO-0013093,2024-12-16,1000
GR-0010647,PO-0013094,2024-08-09,403
GR-0010648,PO-0013095,2024-11-22,1000
GR-0010649,PO-0013096,2025-09-21,50
GR-0010650,PO-0013097,2025-08-30,200
GR-0010651,PO-0013098,2025-06-18,50
GR-0010652,PO-0013099,2024-06-02,200
GR-0010653,PO-0013100,2025-08-13,50
GR-0010654,PO-0013102,2024-03-23,1000
GR-0010655,PO-0013103,2026-02-06,1000
GR-0010656,PO-0013104,2025-01-05,100
GR-0010657,PO-0013105,2025-07-27,200
GR-0010658,PO-0013106,2025-04-12,100
GR-0010659,PO-0013107,2025-07-07,100
GR-0010660,PO-0013108,2024-06-03,50
GR-0010661,PO-0013110,2025-06-05,200
GR-0010662,PO-0013111,2025-07-21,200
GR-0010663,PO-0013113,2024-02-07,200
GR-0010664,PO-0013114,2025-10-09,100
GR-0010665,PO-0013115,2026-03-09,50
GR-0010666,PO-0013116,2025-01-29,100
GR-0010667,PO-0013117,2024-08-08,200
GR-0010668,PO-0013119,2024-06-08,500
GR-0010669,PO-0013120,2024-06-27,50
GR-0010670,PO-0013121,2025-05-13,200
GR-0010671,PO-0013122,2025-01-03,1000
GR-0010672,PO-0013123,2024-09-02,200
GR-0010673,PO-0013124,2026-02-16,50
GR-0010674,PO-0013125,2024-06-04,50
GR-0010675,PO-0013128,2025-07-17,500
GR-0010676,PO-0013129,2024-04-07,1000
GR-0010677,PO-0013130,2025-07-26,1000
GR-0010678,PO-0013131,2025-05-27,50
GR-0010679,PO-0013132,2025-09-06,100
GR-0010680,PO-0013133,2025-04-21,50
GR-0010681,PO-0013134,2026-04-08,50
GR-0010682,PO-0013135,2025-02-05,200
GR-0010683,PO-0013136,2025-12-07,50
GR-0010684,PO-0013137,2026-03-28,200
GR-0010685,PO-0013138,2025-05-19,1000
GR-0010686,PO-0013139,2025-09-07,50
GR-0010687,PO-0013140,2025-04-13,200
GR-0010688,PO-0013141,2026-02-08,42
GR-0010689,PO-0013142,2026-04-10,500
GR-0010690,PO-0013143,2025-01-03,41
GR-0010691,PO-0013144,2025-04-28,200
GR-0010692,PO-0013145,2024-11-15,50
GR-0010693,PO-0013146,2024-11-07,100
GR-0010694,PO-0013147,2024-03-04,100
GR-0010695,PO-0013148,2024-12-05,37
GR-0010696,PO-0013150,2025-01-21,1000
GR-0010697,PO-0013151,2025-09-30,50
GR-0010698,PO-0013152,2025-12-25,78
GR-0010699,PO-0013154,2025-12-15,100
GR-0010700,PO-0013155,2024-03-02,50
GR-0010701,PO-0013156,2025-09-23,500
GR-0010702,PO-0013157,2026-03-14,50
GR-0010703,PO-0013158,2024-01-29,87
GR-0010704,PO-0013159,2024-04-03,500
GR-0010705,PO-0013160,2026-05-17,50
GR-0010706,PO-0013161,2024-03-21,500
GR-0010707,PO-0013162,2025-06-06,500
GR-0010708,PO-0013163,2024-12-29,1000
GR-0010709,PO-0013164,2024-11-18,100
GR-0010710,PO-0013166,2026-01-08,50
GR-0010711,PO-0013168,2024-08-18,100
GR-0010712,PO-0013169,2024-06-05,50
GR-0010713,PO-0013171,2026-01-19,50
GR-0010714,PO-0013172,2025-06-24,500
GR-0010715,PO-0013173,2025-03-06,100
GR-0010716,PO-0013175,2026-02-16,200
GR-0010717,PO-0013176,2024-04-23,100
GR-0010718,PO-0013177,2025-05-27,1000
GR-0010719,PO-0013181,2026-06-03,500
GR-0010720,PO-0013183,2025-03-11,200
GR-0010721,PO-0013184,2024-08-19,100
GR-0010722,PO-0013185,2024-12-10,100
GR-0010723,PO-0013186,2024-07-22,100
GR-0010724,PO-0013192,2025-06-11,100
GR-0010725,PO-0013193,2025-09-08,50
GR-0010726,PO-0013194,2024-03-23,50
GR-0010727,PO-0013195,2024-05-15,100
GR-0010728,PO-0013196,2025-06-09,200
GR-0010729,PO-0013197,2025-03-23,875
GR-0010730,PO-0013198,2024-11-15,200
GR-0010731,PO-0013199,2025-11-18,1000
GR-0010732,PO-0013203,2025-11-02,200
GR-0010733,PO-0013204,2025-11-18,92
GR-0010734,PO-0013205,2026-03-26,1000
GR-0010735,PO-0013206,2024-03-29,50
GR-0010736,PO-0013207,2025-05-02,500
GR-0010737,PO-0013208,2024-04-25,50
GR-0010738,PO-0013209,2026-01-20,100
GR-0010739,PO-0013210,2025-06-17,200
GR-0010740,PO-0013211,2024-08-30,200
GR-0010741,PO-0013212,2025-03-07,50
GR-0010742,PO-0013214,2025-08-16,734
GR-0010743,PO-0013215,2025-05-30,1000
GR-0010744,PO-0013216,2024-02-26,500
GR-0010745,PO-0013218,2024-05-11,200
GR-0010746,PO-0013219,2026-05-06,500
GR-0010747,PO-0013220,2024-10-30,100
GR-0010748,PO-0013221,2025-12-31,1000
GR-0010749,PO-0013223,2026-02-06,1000
GR-0010750,PO-0013224,2024-03-29,1000
GR-0010751,PO-0013225,2025-05-29,1000
GR-0010752,PO-0013226,2024-09-24,50
GR-0010753,PO-0013227,2024-08-15,500
GR-0010754,PO-0013229,2024-06-29,1000
GR-0010755,PO-0013230,2025-04-03,50
GR-0010756,PO-0013231,2026-06-08,500
GR-0010757,PO-0013232,2025-05-26,1000
GR-0010758,PO-0013233,2024-04-02,500
GR-0010759,PO-0013234,2026-05-17,500
GR-0010760,PO-0013235,2025-01-05,100
GR-0010761,PO-0013237,2026-04-25,1000
GR-0010762,PO-0013238,2024-06-28,1000
GR-0010763,PO-0013241,2024-05-26,500
GR-0010764,PO-0013244,2024-12-25,404
GR-0010765,PO-0013245,2025-03-30,50
GR-0010766,PO-0013246,2025-08-02,100
GR-0010767,PO-0013247,2024-07-05,100
GR-0010768,PO-0013248,2025-11-25,100
GR-0010769,PO-0013249,2025-09-23,357
GR-0010770,PO-0013251,2024-11-17,500
GR-0010771,PO-0013252,2024-10-05,200
GR-0010772,PO-0013253,2024-11-04,50
GR-0010773,PO-0013254,2024-02-10,50
GR-0010774,PO-0013255,2025-01-03,50
GR-0010775,PO-0013256,2024-09-27,500
GR-0010776,PO-0013257,2024-11-13,50
GR-0010777,PO-0013258,2025-04-24,200
GR-0010778,PO-0013259,2024-12-13,1000
GR-0010779,PO-0013260,2025-03-30,200
GR-0010780,PO-0013261,2024-09-12,50
GR-0010781,PO-0013262,2025-03-03,500
GR-0010782,PO-0013263,2024-07-22,100
GR-0010783,PO-0013264,2026-04-19,200
GR-0010784,PO-0013266,2024-03-21,1000
GR-0010785,PO-0013267,2024-03-01,500
GR-0010786,PO-0013268,2024-03-16,100
GR-0010787,PO-0013269,2024-03-06,1000
GR-0010788,PO-0013270,2024-09-23,100
GR-0010789,PO-0013271,2025-10-24,1000
GR-0010790,PO-0013272,2025-03-08,50
GR-0010791,PO-0013273,2026-05-09,500
GR-0010792,PO-0013274,2025-02-15,89
GR-0010793,PO-0013275,2026-03-31,726
GR-0010794,PO-0013276,2024-05-21,500
GR-0010795,PO-0013280,2024-02-26,187
GR-0010796,PO-0013281,2025-08-18,1000
GR-0010797,PO-0013282,2026-04-01,50
GR-0010798,PO-0013283,2025-05-28,100
GR-0010799,PO-0013284,2026-04-11,200
GR-0010800,PO-0013286,2026-03-29,1000
GR-0010801,PO-0013287,2026-02-26,50
GR-0010802,PO-0013288,2026-03-22,200
GR-0010803,PO-0013289,2025-01-07,50
GR-0010804,PO-0013290,2025-07-16,500
GR-0010805,PO-0013291,2025-05-14,100
GR-0010806,PO-0013292,2025-07-14,1000
GR-0010807,PO-0013294,2024-08-01,200
GR-0010808,PO-0013295,2024-06-10,404
GR-0010809,PO-0013296,2026-04-25,50
GR-0010810,PO-0013297,2025-12-30,50
GR-0010811,PO-0013298,2025-06-09,183
GR-0010812,PO-0013300,2026-03-21,1000
GR-0010813,PO-0013301,2025-10-19,500
GR-0010814,PO-0013302,2024-11-11,100
GR-0010815,PO-0013303,2026-03-28,1000
GR-0010816,PO-0013304,2025-12-13,100
GR-0010817,PO-0013305,2026-02-15,1000
GR-0010818,PO-0013306,2025-08-07,200
GR-0010819,PO-0013307,2025-07-22,100
GR-0010820,PO-0013308,2025-09-27,200
GR-0010821,PO-0013309,2024-06-13,200
GR-0010822,PO-0013310,2024-11-10,50
GR-0010823,PO-0013313,2026-01-12,200
GR-0010824,PO-0013314,2025-08-26,500
GR-0010825,PO-0013315,2026-06-14,50
GR-0010826,PO-0013317,2025-11-29,1000
GR-0010827,PO-0013318,2026-01-19,200
GR-0010828,PO-0013319,2024-04-05,500
GR-0010829,PO-0013320,2024-06-28,100
GR-0010830,PO-0013321,2024-03-31,100
GR-0010831,PO-0013322,2024-02-21,50
GR-0010832,PO-0013323,2025-07-15,500
GR-0010833,PO-0013324,2025-04-07,500
GR-0010834,PO-0013325,2024-03-21,100
GR-0010835,PO-0013327,2026-01-12,500
GR-0010836,PO-0013328,2025-09-20,1000
GR-0010837,PO-0013329,2024-05-11,50
GR-0010838,PO-0013330,2026-02-06,440
GR-0010839,PO-0013331,2024-07-24,50
GR-0010840,PO-0013332,2024-07-27,50
GR-0010841,PO-0013334,2025-08-25,100
GR-0010842,PO-0013338,2026-04-08,50
GR-0010843,PO-0013339,2025-02-02,50
GR-0010844,PO-0013340,2025-08-23,50
GR-0010845,PO-0013341,2025-03-06,200
GR-0010846,PO-0013342,2025-10-14,1000
GR-0010847,PO-0013343,2024-03-21,1000
GR-0010848,PO-0013344,2024-07-04,50
GR-0010849,PO-0013345,2024-08-26,200
GR-0010850,PO-0013346,2025-08-22,100
GR-0010851,PO-0013347,2025-05-06,500
GR-0010852,PO-0013348,2026-02-10,500
GR-0010853,PO-0013350,2024-04-04,100
GR-0010854,PO-0013351,2025-10-31,500
GR-0010855,PO-0013352,2024-05-22,200
GR-0010856,PO-0013353,2026-04-09,100
GR-0010857,PO-0013354,2025-06-04,1000
GR-0010858,PO-0013355,2024-06-02,200
GR-0010859,PO-0013356,2026-01-22,200
GR-0010860,PO-0013357,2025-10-08,500
GR-0010861,PO-0013358,2024-03-14,200
GR-0010862,PO-0013359,2024-08-06,50
GR-0010863,PO-0013360,2025-04-12,100
GR-0010864,PO-0013361,2024-12-17,100
GR-0010865,PO-0013363,2026-01-10,500
GR-0010866,PO-0013364,2024-06-09,100
GR-0010867,PO-0013365,2025-03-08,100
GR-0010868,PO-0013367,2025-07-30,100
GR-0010869,PO-0013369,2026-02-18,200
GR-0010870,PO-0013370,2025-05-19,100
GR-0010871,PO-0013371,2025-04-09,200
GR-0010872,PO-0013372,2025-08-05,1000
GR-0010873,PO-0013373,2025-01-09,100
GR-0010874,PO-0013375,2026-02-14,50
GR-0010875,PO-0013376,2025-05-01,1000
GR-0010876,PO-0013377,2024-06-13,100
GR-0010877,PO-0013378,2025-06-23,1000
GR-0010878,PO-0013379,2025-01-13,153
GR-0010879,PO-0013380,2025-02-21,35
GR-0010880,PO-0013381,2025-03-25,200
GR-0010881,PO-0013382,2024-11-15,1000
GR-0010882,PO-0013383,2025-02-08,100
GR-0010883,PO-0013384,2026-01-23,1000
GR-0010884,PO-0013385,2025-04-20,500
GR-0010885,PO-0013386,2024-08-19,100
GR-0010886,PO-0013387,2025-11-05,500
GR-0010887,PO-0013388,2024-07-15,500
GR-0010888,PO-0013389,2025-06-29,500
GR-0010889,PO-0013390,2025-08-10,500
GR-0010890,PO-0013393,2025-08-15,100
GR-0010891,PO-0013395,2025-08-02,200
GR-0010892,PO-0013399,2025-01-02,500
GR-0010893,PO-0013400,2025-11-23,200
GR-0010894,PO-0013403,2025-04-05,200
GR-0010895,PO-0013406,2024-05-30,200
GR-0010896,PO-0013408,2024-05-20,100
GR-0010897,PO-0013409,2024-10-21,50
GR-0010898,PO-0013410,2024-04-17,200
GR-0010899,PO-0013411,2026-02-24,704
GR-0010900,PO-0013412,2026-04-18,1000
GR-0010901,PO-0013413,2024-05-27,50
GR-0010902,PO-0013414,2025-11-03,1000
GR-0010903,PO-0013415,2024-06-04,500
GR-0010904,PO-0013418,2025-12-17,50
GR-0010905,PO-0013420,2024-07-27,50
GR-0010906,PO-0013421,2025-02-12,1000
GR-0010907,PO-0013422,2025-02-04,50
GR-0010908,PO-0013423,2025-06-02,500
GR-0010909,PO-0013424,2026-01-31,1000
GR-0010910,PO-0013425,2024-02-16,500
GR-0010911,PO-0013426,2025-10-22,200
GR-0010912,PO-0013428,2024-11-18,200
GR-0010913,PO-0013429,2026-05-09,100
GR-0010914,PO-0013430,2025-08-21,1000
GR-0010915,PO-0013431,2026-04-14,954
GR-0010916,PO-0013432,2024-05-07,90
GR-0010917,PO-0013433,2025-01-30,1000
GR-0010918,PO-0013434,2025-02-04,500
GR-0010919,PO-0013435,2025-05-30,200
GR-0010920,PO-0013436,2025-12-12,50
GR-0010921,PO-0013437,2026-02-08,200
GR-0010922,PO-0013438,2026-04-24,200
GR-0010923,PO-0013439,2024-07-10,200
GR-0010924,PO-0013440,2024-12-25,500
GR-0010925,PO-0013441,2025-06-05,200
GR-0010926,PO-0013443,2025-12-17,1000
GR-0010927,PO-0013444,2024-07-03,200
GR-0010928,PO-0013445,2024-07-06,1000
GR-0010929,PO-0013446,2024-04-08,500
GR-0010930,PO-0013447,2025-01-17,500
GR-0010931,PO-0013448,2024-08-01,100
GR-0010932,PO-0013449,2026-01-11,500
GR-0010933,PO-0013450,2024-08-03,500
GR-0010934,PO-0013451,2025-01-19,857
GR-0010935,PO-0013452,2024-07-21,500
GR-0010936,PO-0013453,2024-12-24,100
GR-0010937,PO-0013454,2025-10-18,1000
GR-0010938,PO-0013455,2024-08-19,200
GR-0010939,PO-0013456,2025-05-12,50
GR-0010940,PO-0013458,2024-07-28,100
GR-0010941,PO-0013459,2024-11-26,200
GR-0010942,PO-0013460,2025-10-29,1000
GR-0010943,PO-0013461,2024-01-26,50
GR-0010944,PO-0013462,2024-10-11,200
GR-0010945,PO-0013463,2025-07-21,100
GR-0010946,PO-0013464,2024-09-17,100
GR-0010947,PO-0013465,2024-10-25,93
GR-0010948,PO-0013466,2025-03-17,200
GR-0010949,PO-0013467,2025-04-25,1000
GR-0010950,PO-0013468,2024-12-10,500
GR-0010951,PO-0013470,2024-02-15,50
GR-0010952,PO-0013471,2025-02-27,200
GR-0010953,PO-0013472,2026-04-23,500
GR-0010954,PO-0013473,2025-01-18,500
GR-0010955,PO-0013474,2024-09-07,100
GR-0010956,PO-0013475,2025-10-17,1000
GR-0010957,PO-0013476,2024-05-30,100
GR-0010958,PO-0013477,2024-12-12,100
GR-0010959,PO-0013478,2024-06-15,853
GR-0010960,PO-0013479,2024-12-08,200
GR-0010961,PO-0013480,2025-08-05,50
GR-0010962,PO-0013481,2024-04-13,465
GR-0010963,PO-0013482,2024-09-13,1000
GR-0010964,PO-0013483,2025-06-15,500
GR-0010965,PO-0013484,2025-12-21,831
GR-0010966,PO-0013485,2024-07-16,200
GR-0010967,PO-0013486,2025-03-31,72
GR-0010968,PO-0013487,2025-11-12,100
GR-0010969,PO-0013488,2024-10-22,500
GR-0010970,PO-0013489,2024-10-02,100
GR-0010971,PO-0013490,2026-05-04,1000
GR-0010972,PO-0013491,2024-08-23,500
GR-0010973,PO-0013492,2025-03-22,1000
GR-0010974,PO-0013493,2024-12-28,100
GR-0010975,PO-0013494,2024-07-30,175
GR-0010976,PO-0013495,2024-04-14,1000
GR-0010977,PO-0013496,2026-01-20,500
GR-0010978,PO-0013497,2024-10-24,1000
GR-0010979,PO-0013498,2025-09-29,500
GR-0010980,PO-0013499,2025-02-23,1000
GR-0010981,PO-0013503,2024-06-03,200
GR-0010982,PO-0013504,2024-09-27,1000
GR-0010983,PO-0013505,2024-06-27,500
GR-0010984,PO-0013506,2024-10-16,100
GR-0010985,PO-0013507,2024-03-19,458
GR-0010986,PO-0013508,2025-01-07,500
GR-0010987,PO-0013509,2024-02-19,100
GR-0010988,PO-0013510,2024-08-25,74
GR-0010989,PO-0013511,2025-08-25,1000
GR-0010990,PO-0013513,2025-01-16,50
GR-0010991,PO-0013514,2026-02-03,200
GR-0010992,PO-0013516,2025-02-14,200
GR-0010993,PO-0013517,2024-10-07,200
GR-0010994,PO-0013518,2024-08-10,71
GR-0010995,PO-0013519,2024-07-25,50
GR-0010996,PO-0013520,2024-02-26,200
GR-0010997,PO-0013521,2024-03-15,888
GR-0010998,PO-0013522,2025-01-08,1000
GR-0010999,PO-0013523,2025-05-25,500
GR-0011000,PO-0013524,2024-06-29,50
GR-0011001,PO-0013525,2025-06-02,200
GR-0011002,PO-0013526,2024-06-13,200
GR-0011003,PO-0013527,2025-12-18,1000
GR-0011004,PO-0013530,2024-07-07,500
GR-0011005,PO-0013531,2025-10-22,1000
GR-0011006,PO-0013532,2025-08-25,1000
GR-0011007,PO-0013534,2025-08-22,50
GR-0011008,PO-0013535,2024-12-18,200
GR-0011009,PO-0013536,2025-06-12,200
GR-0011010,PO-0013539,2025-04-26,200
GR-0011011,PO-0013540,2025-04-19,76
GR-0011012,PO-0013542,2024-09-11,500
GR-0011013,PO-0013543,2024-02-03,1000
GR-0011014,PO-0013545,2024-11-15,1000
GR-0011015,PO-0013546,2025-04-27,500
GR-0011016,PO-0013547,2025-03-11,89
GR-0011017,PO-0013548,2025-08-05,500
GR-0011018,PO-0013550,2025-04-14,500
GR-0011019,PO-0013551,2025-11-04,50
GR-0011020,PO-0013553,2024-11-18,200
GR-0011021,PO-0013554,2024-11-17,200
GR-0011022,PO-0013555,2024-12-04,500
GR-0011023,PO-0013557,2026-01-02,35
GR-0011024,PO-0013558,2025-08-20,1000
GR-0011025,PO-0013559,2024-12-21,178
GR-0011026,PO-0013563,2025-06-25,43
GR-0011027,PO-0013566,2024-06-23,200
GR-0011028,PO-0013569,2024-04-20,200
GR-0011029,PO-0013571,2024-06-07,100
GR-0011030,PO-0013572,2024-07-01,1000
GR-0011031,PO-0013573,2024-03-07,100
GR-0011032,PO-0013574,2025-04-20,1000
GR-0011033,PO-0013575,2025-05-11,50
GR-0011034,PO-0013576,2025-09-10,50
GR-0011035,PO-0013577,2025-02-16,100
GR-0011036,PO-0013578,2025-09-18,200
GR-0011037,PO-0013579,2025-11-11,50
GR-0011038,PO-0013580,2026-05-29,50
GR-0011039,PO-0013581,2025-09-18,200
GR-0011040,PO-0013582,2024-05-30,100
GR-0011041,PO-0013583,2024-08-11,50
GR-0011042,PO-0013584,2024-02-03,1000
GR-0011043,PO-0013585,2024-02-27,500
GR-0011044,PO-0013586,2024-10-30,50
GR-0011045,PO-0013587,2024-06-26,500
GR-0011046,PO-0013588,2025-06-13,200
GR-0011047,PO-0013590,2024-12-19,50
GR-0011048,PO-0013591,2026-05-05,200
GR-0011049,PO-0013592,2025-11-25,50
GR-0011050,PO-0013593,2024-11-20,1000
GR-0011051,PO-0013594,2024-11-18,50
GR-0011052,PO-0013595,2025-05-05,200
GR-0011053,PO-0013596,2025-12-26,1000
GR-0011054,PO-0013597,2024-11-17,1000
GR-0011055,PO-0013599,2025-10-25,1000
GR-0011056,PO-0013600,2024-10-20,50
GR-0011057,PO-0013601,2026-02-22,50
GR-0011058,PO-0013603,2026-05-08,50
GR-0011059,PO-0013604,2024-07-16,1000
GR-0011060,PO-0013605,2025-10-15,1000
GR-0011061,PO-0013606,2025-11-15,500
GR-0011062,PO-0013607,2024-11-09,1000
GR-0011063,PO-0013608,2025-04-07,50
GR-0011064,PO-0013610,2026-01-01,50
GR-0011065,PO-0013611,2026-04-12,200
GR-0011066,PO-0013612,2024-06-28,50
GR-0011067,PO-0013613,2024-12-18,50
GR-0011068,PO-0013614,2025-10-23,1000
GR-0011069,PO-0013615,2024-10-15,50
GR-0011070,PO-0013616,2026-01-24,141
GR-0011071,PO-0013617,2025-06-15,1000
GR-0011072,PO-0013618,2026-06-07,200
GR-0011073,PO-0013619,2024-12-21,500
GR-0011074,PO-0013620,2025-10-13,50
GR-0011075,PO-0013621,2024-04-27,500
GR-0011076,PO-0013622,2025-07-25,500
GR-0011077,PO-0013623,2024-09-09,200
GR-0011078,PO-0013624,2024-12-14,50
GR-0011079,PO-0013625,2024-03-01,500
GR-0011080,PO-0013626,2025-05-14,200
GR-0011081,PO-0013627,2025-07-18,839
GR-0011082,PO-0013629,2025-11-01,1000
GR-0011083,PO-0013630,2024-06-05,50
GR-0011084,PO-0013632,2024-08-18,100
GR-0011085,PO-0013634,2025-12-30,500
GR-0011086,PO-0013635,2026-04-18,1000
GR-0011087,PO-0013636,2026-04-02,50
GR-0011088,PO-0013637,2025-10-15,50
GR-0011089,PO-0013638,2025-01-01,100
GR-0011090,PO-0013639,2026-06-17,500
GR-0011091,PO-0013640,2025-10-27,200
GR-0011092,PO-0013641,2025-02-20,50
GR-0011093,PO-0013642,2024-08-16,200
GR-0011094,PO-0013643,2024-03-22,100
GR-0011095,PO-0013644,2024-11-24,100
GR-0011096,PO-0013645,2024-04-02,50
GR-0011097,PO-0013647,2024-11-10,50
GR-0011098,PO-0013648,2024-02-24,1000
GR-0011099,PO-0013650,2025-03-26,100
GR-0011100,PO-0013651,2026-02-16,100
GR-0011101,PO-0013652,2025-08-11,200
GR-0011102,PO-0013653,2026-01-22,1000
GR-0011103,PO-0013654,2025-01-11,50
GR-0011104,PO-0013655,2024-06-24,200
GR-0011105,PO-0013656,2024-12-04,500
GR-0011106,PO-0013657,2025-04-11,50
GR-0011107,PO-0013658,2025-08-05,1000
GR-0011108,PO-0013659,2026-02-15,500
GR-0011109,PO-0013660,2026-05-02,500
GR-0011110,PO-0013661,2024-02-28,1000
GR-0011111,PO-0013662,2025-12-09,100
GR-0011112,PO-0013665,2024-12-11,1000
GR-0011113,PO-0013666,2026-01-12,1000
GR-0011114,PO-0013667,2025-09-17,1000
GR-0011115,PO-0013668,2024-03-02,100
GR-0011116,PO-0013669,2026-04-22,100
GR-0011117,PO-0013670,2025-03-06,397
GR-0011118,PO-0013671,2024-07-02,500
GR-0011119,PO-0013673,2025-03-15,500
GR-0011120,PO-0013674,2025-09-05,1000
GR-0011121,PO-0013678,2024-05-29,500
GR-0011122,PO-0013679,2025-11-25,159
GR-0011123,PO-0013680,2024-04-01,1000
GR-0011124,PO-0013681,2024-02-10,1000
GR-0011125,PO-0013682,2024-07-19,100
GR-0011126,PO-0013683,2024-08-26,50
GR-0011127,PO-0013684,2026-01-25,200
GR-0011128,PO-0013685,2025-06-08,200
GR-0011129,PO-0013686,2025-02-18,500
GR-0011130,PO-0013687,2024-11-29,500
GR-0011131,PO-0013688,2024-10-02,100
GR-0011132,PO-0013689,2024-08-15,500
GR-0011133,PO-0013690,2025-10-30,500
GR-0011134,PO-0013691,2025-01-12,1000
GR-0011135,PO-0013692,2025-05-05,354
GR-0011136,PO-0013694,2025-05-08,100
GR-0011137,PO-0013695,2024-02-07,50
GR-0011138,PO-0013696,2024-07-30,1000
GR-0011139,PO-0013699,2024-10-22,200
GR-0011140,PO-0013700,2025-08-25,500
GR-0011141,PO-0013701,2025-01-01,500
GR-0011142,PO-0013704,2025-06-14,196
GR-0011143,PO-0013705,2025-01-29,100
GR-0011144,PO-0013706,2025-08-10,1000
GR-0011145,PO-0013707,2026-01-13,500
GR-0011146,PO-0013708,2026-01-12,50
GR-0011147,PO-0013710,2025-09-04,100
GR-0011148,PO-0013711,2025-08-11,50
GR-0011149,PO-0013712,2024-07-13,500
GR-0011150,PO-0013714,2024-12-21,1000
GR-0011151,PO-0013715,2024-06-15,100
GR-0011152,PO-0013716,2024-04-10,500
GR-0011153,PO-0013717,2025-05-17,1000
GR-0011154,PO-0013719,2024-08-15,50
GR-0011155,PO-0013720,2025-08-24,100
GR-0011156,PO-0013721,2025-06-01,50
GR-0011157,PO-0013722,2026-03-24,200
GR-0011158,PO-0013724,2024-04-30,500
GR-0011159,PO-0013725,2026-04-08,1000
GR-0011160,PO-0013726,2025-02-10,50
GR-0011161,PO-0013727,2025-12-03,1000
GR-0011162,PO-0013729,2024-04-27,1000
GR-0011163,PO-0013730,2026-02-13,500
GR-0011164,PO-0013731,2026-01-10,50
GR-0011165,PO-0013732,2025-11-24,100
GR-0011166,PO-0013733,2025-12-31,500
GR-0011167,PO-0013734,2025-01-12,500
GR-0011168,PO-0013735,2024-12-19,500
GR-0011169,PO-0013736,2025-04-11,500
GR-0011170,PO-0013737,2026-02-01,500
GR-0011171,PO-0013738,2024-04-16,100
GR-0011172,PO-0013739,2025-12-19,200
GR-0011173,PO-0013740,2024-09-07,1000
GR-0011174,PO-0013741,2025-09-08,100
GR-0011175,PO-0013742,2025-04-06,1000
GR-0011176,PO-0013743,2026-01-13,500
GR-0011177,PO-0013744,2024-05-12,200
GR-0011178,PO-0013745,2024-07-01,1000
GR-0011179,PO-0013747,2024-11-04,200
GR-0011180,PO-0013748,2024-09-01,50
GR-0011181,PO-0013749,2026-03-28,500
GR-0011182,PO-0013750,2025-09-30,915
GR-0011183,PO-0013751,2024-09-27,50
GR-0011184,PO-0013752,2024-06-26,100
GR-0011185,PO-0013753,2026-01-09,1000
GR-0011186,PO-0013754,2025-09-26,500
GR-0011187,PO-0013757,2024-08-23,200
GR-0011188,PO-0013759,2024-08-09,92
GR-0011189,PO-0013760,2025-12-27,50
GR-0011190,PO-0013762,2025-05-22,500
GR-0011191,PO-0013763,2024-05-09,500
GR-0011192,PO-0013764,2024-10-27,1000
GR-0011193,PO-0013765,2024-12-16,50
GR-0011194,PO-0013766,2025-03-19,1000
GR-0011195,PO-0013767,2024-09-27,483
GR-0011196,PO-0013768,2024-04-03,100
GR-0011197,PO-0013769,2024-05-10,100
GR-0011198,PO-0013770,2024-08-11,500
GR-0011199,PO-0013771,2025-03-15,500
GR-0011200,PO-0013772,2025-04-08,100
GR-0011201,PO-0013773,2024-03-13,500
GR-0011202,PO-0013775,2024-08-28,1000
GR-0011203,PO-0013776,2024-10-13,200
GR-0011204,PO-0013777,2024-11-05,1000
GR-0011205,PO-0013778,2024-11-07,1000
GR-0011206,PO-0013779,2024-07-05,1000
GR-0011207,PO-0013780,2024-12-10,200
GR-0011208,PO-0013781,2024-12-29,398
GR-0011209,PO-0013782,2025-07-01,1000
GR-0011210,PO-0013783,2024-11-23,50
GR-0011211,PO-0013784,2026-04-30,200
GR-0011212,PO-0013785,2024-05-04,92
GR-0011213,PO-0013786,2025-08-09,50
GR-0011214,PO-0013787,2025-09-12,200
GR-0011215,PO-0013789,2025-11-25,500
GR-0011216,PO-0013790,2026-01-14,500
GR-0011217,PO-0013791,2024-08-23,500
GR-0011218,PO-0013792,2025-09-13,50
GR-0011219,PO-0013793,2024-08-15,50
GR-0011220,PO-0013794,2024-02-03,87
GR-0011221,PO-0013795,2024-08-31,100
GR-0011222,PO-0013796,2025-02-23,100
GR-0011223,PO-0013797,2025-09-16,1000
GR-0011224,PO-0013798,2025-07-26,100
GR-0011225,PO-0013799,2025-06-08,1000
GR-0011226,PO-0013800,2026-04-21,200
GR-0011227,PO-0013801,2024-01-14,50
GR-0011228,PO-0013803,2025-11-11,200
GR-0011229,PO-0013804,2026-05-17,100
GR-0011230,PO-0013805,2024-03-04,1000
GR-0011231,PO-0013807,2025-01-29,100
GR-0011232,PO-0013808,2026-02-13,50
GR-0011233,PO-0013810,2024-11-01,100
GR-0011234,PO-0013811,2025-10-16,100
GR-0011235,PO-0013812,2026-03-18,100
GR-0011236,PO-0013813,2024-03-13,500
GR-0011237,PO-0013814,2025-06-04,50
GR-0011238,PO-0013815,2024-05-01,100
GR-0011239,PO-0013816,2025-06-11,1000
GR-0011240,PO-0013817,2024-07-05,1000
GR-0011241,PO-0013818,2025-05-25,200
GR-0011242,PO-0013819,2024-09-29,1000
GR-0011243,PO-0013820,2026-06-09,1000
GR-0011244,PO-0013821,2025-08-01,100
GR-0011245,PO-0013822,2026-02-18,200
GR-0011246,PO-0013823,2026-01-11,100
GR-0011247,PO-0013824,2025-05-26,50
GR-0011248,PO-0013827,2024-06-06,50
GR-0011249,PO-0013828,2025-02-28,200
GR-0011250,PO-0013831,2024-06-11,50
GR-0011251,PO-0013832,2025-05-30,100
GR-0011252,PO-0013834,2024-05-22,100
GR-0011253,PO-0013835,2025-07-15,100
GR-0011254,PO-0013836,2025-07-14,100
GR-0011255,PO-0013837,2024-09-21,200
GR-0011256,PO-0013839,2025-08-04,500
GR-0011257,PO-0013840,2025-03-05,500
GR-0011258,PO-0013841,2025-06-18,200
GR-0011259,PO-0013842,2026-02-02,89
GR-0011260,PO-0013844,2024-02-20,200
GR-0011261,PO-0013845,2024-03-17,100
GR-0011262,PO-0013846,2026-04-21,200
GR-0011263,PO-0013847,2024-11-02,500
GR-0011264,PO-0013849,2024-07-06,100
GR-0003073,PO-0003788,2024-05-12,50
GR-0003074,PO-0003789,2025-10-13,500
GR-0003075,PO-0003790,2024-10-16,100
GR-0003076,PO-0003791,2026-05-05,1000
GR-0003077,PO-0003792,2025-10-10,200
GR-0003078,PO-0003795,2025-08-20,50
GR-0003079,PO-0003796,2024-11-03,50
GR-0003080,PO-0003797,2024-10-27,867
GR-0003081,PO-0003798,2025-09-12,50
GR-0003082,PO-0003799,2024-06-18,1000
GR-0003083,PO-0003801,2024-04-03,1000
GR-0003084,PO-0003802,2025-06-29,200
GR-0003085,PO-0003803,2024-08-27,200
GR-0003086,PO-0003804,2025-10-11,50
GR-0003087,PO-0003805,2026-04-23,500
GR-0003088,PO-0003806,2026-03-23,50
GR-0003089,PO-0003809,2025-09-07,50
GR-0003090,PO-0003811,2026-04-16,1000
GR-0003091,PO-0003812,2025-06-02,500
GR-0003092,PO-0003815,2024-10-16,100
GR-0003093,PO-0003817,2025-01-26,50
GR-0003094,PO-0003819,2026-02-24,500
GR-0003095,PO-0003820,2025-02-28,200
GR-0003096,PO-0003821,2025-11-11,200
GR-0003097,PO-0003823,2024-09-22,50
GR-0003098,PO-0003824,2025-02-18,500
GR-0003099,PO-0003825,2024-08-31,500
GR-0003100,PO-0003826,2025-04-07,200
GR-0003101,PO-0003827,2025-12-27,50
GR-0003102,PO-0003828,2026-05-08,500
GR-0003103,PO-0003829,2024-10-13,50
GR-0003104,PO-0003830,2026-05-31,500
GR-0003105,PO-0003831,2024-04-25,500
GR-0003106,PO-0003833,2024-07-17,100
GR-0003107,PO-0003834,2024-06-27,200
GR-0003108,PO-0003835,2025-10-02,1000
GR-0003109,PO-0003836,2026-03-02,1000
GR-0003110,PO-0003837,2024-06-22,100
GR-0003111,PO-0003838,2024-12-31,100
GR-0003112,PO-0003840,2026-04-12,402
GR-0003113,PO-0003841,2025-09-20,50
GR-0003114,PO-0003842,2024-03-12,200
GR-0003115,PO-0003843,2024-10-17,200
GR-0003116,PO-0003844,2025-11-24,200
GR-0003117,PO-0003845,2026-02-18,76
GR-0003118,PO-0003846,2024-09-17,200
GR-0003119,PO-0003847,2025-12-26,100
GR-0003120,PO-0003848,2025-11-21,500
GR-0003121,PO-0003849,2025-04-02,1000
GR-0003122,PO-0003850,2026-04-02,200
GR-0003123,PO-0003851,2026-03-08,172
GR-0003124,PO-0003852,2026-01-16,200
GR-0003125,PO-0003853,2025-03-29,50
GR-0003126,PO-0003854,2026-04-15,200
GR-0003127,PO-0003855,2024-06-07,500
GR-0003128,PO-0003856,2024-04-05,100
GR-0003129,PO-0003857,2025-05-21,500
GR-0003130,PO-0003859,2024-12-14,50
GR-0003131,PO-0003860,2024-10-13,100
GR-0003132,PO-0003861,2024-12-06,40
GR-0003133,PO-0003862,2024-12-25,1000
GR-0003134,PO-0003863,2025-06-01,1000
GR-0003135,PO-0003864,2025-04-26,50
GR-0003136,PO-0003865,2025-10-30,200
GR-0003137,PO-0003867,2025-08-08,500
GR-0003138,PO-0003868,2026-01-22,1000
GR-0003139,PO-0003869,2024-07-28,1000
GR-0003140,PO-0003870,2024-08-11,50
GR-0003141,PO-0003871,2025-02-23,937
GR-0003142,PO-0003872,2024-03-19,100
GR-0003143,PO-0003873,2024-11-30,1000
GR-0003144,PO-0003874,2025-10-10,50
GR-0003145,PO-0003875,2025-10-26,100
GR-0003146,PO-0003876,2026-02-10,1000
GR-0003147,PO-0003877,2025-01-29,500
GR-0003148,PO-0003878,2025-10-01,187
GR-0003149,PO-0003879,2024-09-17,50
GR-0003150,PO-0003880,2024-03-31,500
GR-0003151,PO-0003881,2026-04-02,50
GR-0003152,PO-0003882,2026-03-23,50
GR-0003153,PO-0003884,2025-05-25,500
GR-0003154,PO-0003885,2025-12-18,500
GR-0003155,PO-0003886,2024-05-01,200
GR-0003156,PO-0003887,2024-05-27,100
GR-0003157,PO-0003888,2026-01-15,500
GR-0003158,PO-0003889,2024-06-14,100
GR-0003159,PO-0003890,2024-03-30,100
GR-0003160,PO-0003891,2025-06-24,50
GR-0003161,PO-0003892,2024-02-08,50
GR-0003162,PO-0003893,2026-03-13,1000
GR-0003163,PO-0003894,2026-01-01,50
GR-0003164,PO-0003896,2025-08-01,200
GR-0003165,PO-0003897,2025-07-08,500
GR-0003166,PO-0003898,2024-03-30,50
GR-0003167,PO-0003899,2026-05-26,200
GR-0003168,PO-0003900,2025-02-19,39
GR-0003169,PO-0003901,2024-09-26,100
GR-0003170,PO-0003902,2025-05-09,500
GR-0003171,PO-0003903,2024-06-22,100
GR-0003172,PO-0003904,2025-03-26,100
GR-0003173,PO-0003905,2025-04-06,200
GR-0003174,PO-0003906,2026-03-12,100
GR-0003175,PO-0003907,2025-10-03,100
GR-0003176,PO-0003908,2024-11-11,100
GR-0003177,PO-0003909,2025-02-16,50
GR-0003178,PO-0003910,2026-01-23,50
GR-0003179,PO-0003911,2025-05-19,100
GR-0003180,PO-0003912,2024-09-15,1000
GR-0003181,PO-0003913,2024-07-09,90
GR-0003182,PO-0003914,2024-12-03,50
GR-0003183,PO-0003915,2025-04-25,50
GR-0003184,PO-0003916,2025-04-28,100
GR-0003185,PO-0003918,2026-01-12,1000
GR-0003186,PO-0003920,2025-03-30,423
GR-0003187,PO-0003921,2025-08-07,1000
GR-0003188,PO-0003922,2025-11-17,200
GR-0003189,PO-0003923,2024-06-17,50
GR-0003190,PO-0003924,2024-08-28,100
GR-0003191,PO-0003925,2024-08-25,200
GR-0003192,PO-0003926,2024-12-05,500
GR-0003193,PO-0003927,2025-12-22,50
GR-0003194,PO-0003928,2026-02-10,50
GR-0003195,PO-0003929,2024-11-03,100
GR-0003196,PO-0003930,2024-08-23,1000
GR-0003197,PO-0003931,2025-06-23,200
GR-0003198,PO-0003933,2024-11-01,500
GR-0003199,PO-0003937,2025-12-21,1000
GR-0003200,PO-0003939,2025-04-03,50
GR-0003201,PO-0003940,2025-04-30,200
GR-0003202,PO-0003942,2025-08-07,100
GR-0003203,PO-0003943,2025-10-11,200
GR-0003204,PO-0003944,2024-10-11,1000
GR-0003205,PO-0003945,2024-06-25,500
GR-0003206,PO-0003946,2024-04-02,50
GR-0003207,PO-0003947,2025-05-11,1000
GR-0003208,PO-0003948,2026-04-23,1000
GR-0003209,PO-0003949,2025-06-05,500
GR-0003210,PO-0003950,2026-04-26,50
GR-0003211,PO-0003952,2026-04-28,1000
GR-0003212,PO-0003953,2024-06-29,50
GR-0003213,PO-0003954,2024-07-05,500
GR-0003214,PO-0003955,2025-06-08,200
GR-0003215,PO-0003956,2025-07-22,500
GR-0003216,PO-0003957,2024-04-06,100
GR-0003217,PO-0003958,2024-12-20,500
GR-0003218,PO-0003960,2026-03-14,1000
GR-0003219,PO-0003961,2026-01-01,1000
GR-0003220,PO-0003962,2025-04-08,500
GR-0003221,PO-0003963,2026-02-14,500
GR-0003222,PO-0003964,2025-03-04,100
GR-0003223,PO-0003965,2026-01-08,376
GR-0003224,PO-0003966,2025-08-30,50
GR-0003225,PO-0003967,2025-04-23,50
GR-0003226,PO-0003968,2025-06-20,1000
GR-0003227,PO-0003969,2026-02-06,50
GR-0003228,PO-0003970,2024-03-12,100
GR-0003229,PO-0003973,2024-09-01,200
GR-0003230,PO-0003974,2024-06-09,200
GR-0003231,PO-0003977,2024-12-11,90
GR-0003232,PO-0003978,2025-03-31,500
GR-0003233,PO-0003979,2025-08-03,200
GR-0003234,PO-0003980,2024-11-15,50
GR-0003235,PO-0003981,2025-12-29,100
GR-0003236,PO-0003982,2024-12-12,50
GR-0003237,PO-0003983,2026-06-15,100
GR-0003238,PO-0003985,2025-03-20,100
GR-0003239,PO-0003986,2026-04-26,50
GR-0003240,PO-0003987,2025-10-08,100
GR-0003241,PO-0003990,2024-12-27,200
GR-0003242,PO-0003991,2025-11-05,100
GR-0003243,PO-0003992,2025-03-28,500
GR-0003244,PO-0003993,2026-04-23,50
GR-0003245,PO-0003995,2025-08-27,200
GR-0003246,PO-0003996,2026-02-19,71
GR-0003247,PO-0003998,2026-04-29,100
GR-0003248,PO-0003999,2024-11-11,100
GR-0003249,PO-0004000,2024-06-19,500
GR-0003250,PO-0004001,2026-02-14,50
GR-0003251,PO-0004002,2025-07-12,500
GR-0003252,PO-0004003,2025-04-16,100
GR-0003253,PO-0004004,2024-02-16,50
GR-0003254,PO-0004005,2024-08-13,1000
GR-0003255,PO-0004006,2026-06-04,1000
GR-0003256,PO-0004007,2026-05-05,200
GR-0003257,PO-0004009,2025-05-16,200
GR-0003258,PO-0004010,2025-11-05,500
GR-0003259,PO-0004011,2025-06-11,427
GR-0003260,PO-0004013,2024-06-12,500
GR-0003261,PO-0004014,2025-08-10,802
GR-0003262,PO-0004015,2025-01-06,50
GR-0003263,PO-0004016,2025-07-24,500
GR-0003264,PO-0004017,2024-11-11,200
GR-0003265,PO-0004018,2025-09-06,500
GR-0003266,PO-0004019,2025-09-25,100
GR-0003267,PO-0004020,2025-11-13,50
GR-0003268,PO-0004021,2026-04-05,50
GR-0003269,PO-0004023,2025-10-29,100
GR-0003270,PO-0004024,2025-11-02,100
GR-0003271,PO-0004025,2025-02-06,500
GR-0003272,PO-0004027,2026-04-24,200
GR-0003273,PO-0004028,2026-03-29,200
GR-0003274,PO-0004029,2025-07-06,200
GR-0003275,PO-0004030,2025-02-25,200
GR-0003276,PO-0004032,2026-06-19,500
GR-0003277,PO-0004033,2024-10-16,802
GR-0003278,PO-0004036,2025-08-04,200
GR-0003279,PO-0004037,2025-06-17,200
GR-0003280,PO-0004038,2025-12-18,500
GR-0003281,PO-0004041,2025-01-09,35
GR-0003282,PO-0004042,2025-07-09,200
GR-0003283,PO-0004043,2025-05-23,100
GR-0003284,PO-0004044,2025-05-05,500
GR-0003285,PO-0004045,2024-12-02,200
GR-0003286,PO-0004046,2024-03-11,36
GR-0003287,PO-0004047,2025-12-03,100
GR-0003288,PO-0004048,2024-05-25,200
GR-0003289,PO-0004049,2025-10-16,200
GR-0003290,PO-0004050,2026-03-08,200
GR-0003291,PO-0004051,2024-06-07,100
GR-0003292,PO-0004052,2024-07-30,500
GR-0003293,PO-0004053,2025-03-17,100
GR-0003294,PO-0004054,2024-07-23,1000
GR-0003295,PO-0004056,2026-05-15,39
GR-0003296,PO-0004057,2024-12-09,82
GR-0003297,PO-0004058,2024-07-29,1000
GR-0003298,PO-0004059,2024-05-18,200
GR-0003299,PO-0004060,2026-04-11,100
GR-0003300,PO-0004061,2025-08-05,50
GR-0003301,PO-0004062,2024-02-01,1000
GR-0003302,PO-0004064,2025-01-14,50
GR-0003303,PO-0004065,2024-03-02,200
GR-0003304,PO-0004066,2026-01-24,500
GR-0003305,PO-0004067,2026-02-28,100
GR-0003306,PO-0004068,2024-11-15,1000
GR-0003307,PO-0004069,2024-07-03,50
GR-0003308,PO-0004070,2024-07-04,1000
GR-0003309,PO-0004071,2024-06-24,500
GR-0003310,PO-0004072,2026-02-24,200
GR-0003311,PO-0004073,2024-08-12,50
GR-0003312,PO-0004075,2025-12-09,100
GR-0003313,PO-0004076,2025-11-23,50
GR-0003314,PO-0004077,2025-09-28,100
GR-0003315,PO-0004079,2024-06-08,500
GR-0003316,PO-0004080,2024-06-30,100
GR-0003317,PO-0004081,2026-04-29,200
GR-0003318,PO-0004082,2024-06-11,1000
GR-0003319,PO-0004084,2025-11-11,50
GR-0003320,PO-0004085,2024-02-11,100
GR-0003321,PO-0004086,2025-09-01,500
GR-0003322,PO-0004087,2024-08-17,1000
GR-0003323,PO-0004088,2024-10-09,50
GR-0003324,PO-0004089,2025-05-17,200
GR-0003325,PO-0004090,2024-10-27,500
GR-0003326,PO-0004091,2025-05-02,100
GR-0003327,PO-0004092,2024-10-12,200
GR-0003328,PO-0004093,2025-12-15,1000
GR-0003329,PO-0004094,2025-09-07,100
GR-0003330,PO-0004095,2025-11-02,500
GR-0003331,PO-0004096,2025-12-14,50
GR-0003332,PO-0004097,2026-02-24,1000
GR-0003333,PO-0004098,2024-08-02,50
GR-0003334,PO-0004099,2025-06-11,50
GR-0003335,PO-0004100,2026-04-21,50
GR-0003336,PO-0004101,2024-02-27,1000
GR-0003337,PO-0004102,2026-03-02,50
GR-0003338,PO-0004103,2025-06-03,100
GR-0003339,PO-0004104,2025-10-23,100
GR-0003340,PO-0004105,2026-01-24,1000
GR-0003341,PO-0004106,2025-09-15,165
GR-0003342,PO-0004107,2024-03-04,200
GR-0003343,PO-0004108,2025-07-12,500
GR-0003344,PO-0004111,2025-06-24,500
GR-0003345,PO-0004112,2024-06-04,50
GR-0003346,PO-0004113,2025-02-09,100
GR-0003347,PO-0004114,2026-03-02,500
GR-0003348,PO-0004117,2024-09-27,500
GR-0003349,PO-0004118,2024-11-15,1000
GR-0003350,PO-0004119,2024-04-22,185
GR-0003351,PO-0004120,2025-10-26,50
GR-0003352,PO-0004122,2025-02-28,100
GR-0003353,PO-0004123,2025-07-07,100
GR-0003354,PO-0004124,2025-09-08,500
GR-0003355,PO-0004125,2025-05-08,1000
GR-0003356,PO-0004126,2024-11-23,1000
GR-0003357,PO-0004127,2024-06-07,50
GR-0003358,PO-0004128,2025-02-03,1000
GR-0003359,PO-0004129,2024-02-01,500
GR-0003360,PO-0004130,2025-04-08,100
GR-0003361,PO-0004132,2025-01-23,500
GR-0003362,PO-0004133,2025-03-28,100
GR-0003363,PO-0004137,2026-01-03,50
GR-0003364,PO-0004138,2025-01-04,100
GR-0003365,PO-0004139,2026-05-07,100
GR-0003366,PO-0004140,2024-12-12,200
GR-0003367,PO-0004141,2025-10-07,50
GR-0003368,PO-0004142,2025-01-19,1000
GR-0003369,PO-0004144,2026-04-11,50
GR-0003370,PO-0004145,2025-01-17,200
GR-0003371,PO-0004146,2026-01-26,97
GR-0003372,PO-0004148,2026-05-12,100
GR-0003373,PO-0004149,2025-07-26,500
GR-0003374,PO-0004150,2025-09-13,200
GR-0003375,PO-0004151,2024-04-10,1000
GR-0003376,PO-0004152,2024-12-22,1000
GR-0003377,PO-0004153,2025-02-07,1000
GR-0003378,PO-0004155,2024-05-14,500
GR-0003379,PO-0004156,2026-03-19,41
GR-0003380,PO-0004157,2025-04-19,50
GR-0003381,PO-0004159,2024-08-28,200
GR-0003382,PO-0004161,2024-10-14,50
GR-0003383,PO-0004162,2025-05-13,200
GR-0003384,PO-0004164,2024-06-23,50
GR-0003385,PO-0004165,2025-02-04,36
GR-0003386,PO-0004167,2024-11-13,50
GR-0003387,PO-0004168,2025-01-12,100
GR-0003388,PO-0004169,2026-06-22,100
GR-0003389,PO-0004170,2025-11-17,50
GR-0003390,PO-0004171,2024-04-03,50
GR-0003391,PO-0004172,2024-08-04,1000
GR-0003392,PO-0004173,2025-03-15,500
GR-0003393,PO-0004174,2026-03-13,100
GR-0003394,PO-0004175,2025-10-20,1000
GR-0003395,PO-0004176,2026-05-15,100
GR-0003396,PO-0004177,2025-02-24,500
GR-0003397,PO-0004178,2024-08-28,100
GR-0003398,PO-0004179,2025-06-18,200
GR-0003399,PO-0004180,2025-11-06,200
GR-0003400,PO-0004181,2024-09-28,860
GR-0003401,PO-0004182,2024-02-26,500
GR-0003402,PO-0004184,2024-11-04,500
GR-0003403,PO-0004186,2024-12-09,200
GR-0003404,PO-0004187,2025-05-08,50
GR-0003405,PO-0004188,2025-09-23,985
GR-0003406,PO-0004189,2026-03-05,1000
GR-0003407,PO-0004190,2025-05-03,500
GR-0003408,PO-0004192,2025-09-13,50
GR-0003409,PO-0004194,2026-05-16,1000
GR-0003410,PO-0004195,2025-05-21,200
GR-0003411,PO-0004196,2024-05-07,1000
GR-0003412,PO-0004198,2024-08-14,87
GR-0003413,PO-0004199,2025-05-17,1000
GR-0003414,PO-0004200,2025-11-09,200
GR-0003415,PO-0004201,2025-05-28,200
GR-0003416,PO-0004202,2025-05-01,50
GR-0003417,PO-0004203,2026-05-13,448
GR-0003418,PO-0004205,2025-05-09,100
GR-0003419,PO-0004206,2025-11-18,500
GR-0003420,PO-0004207,2025-09-08,50
GR-0003421,PO-0004208,2024-02-25,50
GR-0003422,PO-0004210,2025-11-27,94
GR-0003423,PO-0004211,2026-02-18,500
GR-0003424,PO-0004212,2025-03-16,100
GR-0003425,PO-0004213,2024-11-24,200
GR-0003426,PO-0004214,2026-02-23,100
GR-0003427,PO-0004215,2024-08-28,100
GR-0003428,PO-0004216,2025-05-16,100
GR-0003429,PO-0004219,2024-11-04,500
GR-0003430,PO-0004220,2025-06-04,500
GR-0003431,PO-0004221,2025-10-26,200
GR-0003432,PO-0004222,2025-10-08,200
GR-0003433,PO-0004224,2025-05-31,500
GR-0003434,PO-0004225,2025-04-18,500
GR-0003435,PO-0004226,2024-11-17,50
GR-0003436,PO-0004227,2025-10-13,50
GR-0003437,PO-0004228,2026-02-11,50
GR-0003438,PO-0004229,2026-02-13,159
GR-0003439,PO-0004230,2025-04-14,200
GR-0003440,PO-0004231,2025-04-28,50
GR-0003441,PO-0004232,2024-02-16,200
GR-0003442,PO-0004233,2026-05-19,200
GR-0003443,PO-0004234,2024-04-03,50
GR-0003444,PO-0004235,2024-05-14,50
GR-0003445,PO-0004236,2026-03-26,500
GR-0003446,PO-0004237,2025-04-19,50
GR-0003447,PO-0004238,2025-12-30,50
GR-0003448,PO-0004239,2025-08-17,100
GR-0003449,PO-0004240,2025-01-20,500
GR-0003450,PO-0004241,2026-02-28,100
GR-0003451,PO-0004242,2025-09-01,100
GR-0003452,PO-0004243,2024-10-12,1000
GR-0003453,PO-0004244,2024-03-16,200
GR-0003454,PO-0004245,2025-05-08,100
GR-0003455,PO-0004246,2026-03-19,1000
GR-0003456,PO-0004247,2025-01-21,916
GR-0003457,PO-0004248,2024-08-12,100
GR-0003458,PO-0004249,2025-12-16,500
GR-0003459,PO-0004251,2024-04-14,1000
GR-0003460,PO-0004252,2026-03-22,200
GR-0003461,PO-0004253,2025-08-18,1000
GR-0003462,PO-0004254,2026-06-01,1000
GR-0003463,PO-0004256,2025-02-27,200
GR-0003464,PO-0004257,2026-03-29,728
GR-0003465,PO-0004258,2024-12-15,1000
GR-0003466,PO-0004259,2024-09-04,1000
GR-0003467,PO-0004261,2024-11-23,100
GR-0003468,PO-0004262,2024-03-25,1000
GR-0003469,PO-0004264,2024-05-22,50
GR-0003470,PO-0004265,2025-01-28,100
GR-0003471,PO-0004266,2024-07-20,50
GR-0003472,PO-0004268,2025-04-10,200
GR-0003473,PO-0004269,2025-04-27,500
GR-0003474,PO-0004270,2024-06-27,1000
GR-0003475,PO-0004272,2024-11-02,200
GR-0003476,PO-0004275,2025-12-18,1000
GR-0003477,PO-0004276,2026-02-02,1000
GR-0003478,PO-0004277,2024-07-08,500
GR-0003479,PO-0004278,2025-12-02,500
GR-0003480,PO-0004280,2025-08-02,100
GR-0003481,PO-0004281,2024-04-20,50
GR-0003482,PO-0004282,2025-02-17,500
GR-0003483,PO-0004283,2026-02-03,100
GR-0003484,PO-0004284,2025-08-26,200
GR-0003485,PO-0004286,2025-11-13,200
GR-0003486,PO-0004287,2026-05-02,50
GR-0003487,PO-0004288,2025-03-13,37
GR-0003488,PO-0004289,2025-03-14,200
GR-0003489,PO-0004291,2026-01-10,1000
GR-0003490,PO-0004293,2024-08-18,50
GR-0003491,PO-0004294,2025-04-07,100
GR-0003492,PO-0004295,2025-01-05,500
GR-0003493,PO-0004296,2024-05-06,94
GR-0003494,PO-0004297,2024-05-19,50
GR-0003495,PO-0004298,2024-12-06,500
GR-0003496,PO-0004299,2025-10-26,50
GR-0003497,PO-0004301,2025-10-11,200
GR-0003498,PO-0004302,2026-01-29,50
GR-0003499,PO-0004303,2024-10-06,163
GR-0003500,PO-0004304,2025-12-03,50
GR-0003501,PO-0004305,2026-02-18,500
GR-0003502,PO-0004306,2025-08-14,500
GR-0003503,PO-0004307,2025-10-03,100
GR-0003504,PO-0004308,2025-07-07,100
GR-0003505,PO-0004309,2025-08-17,100
GR-0003506,PO-0004310,2025-07-13,200
GR-0003507,PO-0004311,2025-11-30,500
GR-0003508,PO-0004312,2024-11-12,200
GR-0003509,PO-0004313,2024-05-17,100
GR-0003510,PO-0004314,2024-12-20,1000
GR-0003511,PO-0004316,2025-12-17,37
GR-0003512,PO-0004317,2024-12-22,50
GR-0003513,PO-0004318,2025-06-12,500
GR-0003514,PO-0004319,2025-02-09,500
GR-0003515,PO-0004320,2025-09-16,400
GR-0003516,PO-0004321,2026-05-26,100
GR-0003517,PO-0004322,2024-04-10,200
GR-0003518,PO-0004323,2024-10-29,1000
GR-0003519,PO-0004324,2024-07-22,500
GR-0003520,PO-0004326,2025-07-19,50
GR-0003521,PO-0004327,2025-09-13,50
GR-0003522,PO-0004329,2024-05-31,200
GR-0003523,PO-0004330,2024-10-20,1000
GR-0003524,PO-0004331,2026-05-07,500
GR-0003525,PO-0004332,2025-01-16,100
GR-0003526,PO-0004333,2026-01-08,100
GR-0003527,PO-0004334,2026-03-02,100
GR-0003528,PO-0004335,2024-12-17,100
GR-0003529,PO-0004336,2025-02-12,200
GR-0003530,PO-0004337,2025-02-18,500
GR-0003531,PO-0004338,2024-01-21,500
GR-0003532,PO-0004339,2026-04-28,1000
GR-0003533,PO-0004340,2025-04-26,500
GR-0003534,PO-0004341,2025-10-10,100
GR-0003535,PO-0004342,2025-11-18,1000
GR-0003536,PO-0004343,2025-09-26,500
GR-0003537,PO-0004345,2024-02-10,200
GR-0003538,PO-0004346,2024-09-21,500
GR-0003539,PO-0004347,2026-05-18,1000
GR-0003540,PO-0004350,2024-09-18,178
GR-0003541,PO-0004351,2024-06-27,200
GR-0003542,PO-0004352,2024-09-24,50
GR-0003543,PO-0004353,2024-06-09,100
GR-0003544,PO-0004354,2025-01-22,200
GR-0003545,PO-0004355,2025-03-01,1000
GR-0003546,PO-0004356,2024-07-20,1000
GR-0003547,PO-0004357,2026-01-02,1000
GR-0003548,PO-0004358,2025-07-13,50
GR-0003549,PO-0004359,2026-03-13,200
GR-0003550,PO-0004360,2025-11-16,200
GR-0003551,PO-0004363,2025-10-12,500
GR-0003552,PO-0004365,2026-01-21,100
GR-0003553,PO-0004366,2024-03-05,50
GR-0003554,PO-0004367,2025-11-09,50
GR-0003555,PO-0004368,2024-02-21,500
GR-0003556,PO-0004370,2025-01-09,50
GR-0003557,PO-0004371,2025-09-13,100
GR-0003558,PO-0004372,2025-02-11,100
GR-0003559,PO-0004373,2026-05-18,200
GR-0003560,PO-0004374,2025-08-12,100
GR-0003561,PO-0004375,2026-06-05,50
GR-0003562,PO-0004378,2024-12-25,500
GR-0003563,PO-0004380,2025-07-23,50
GR-0003564,PO-0004381,2026-01-17,100
GR-0003565,PO-0004382,2025-08-26,100
GR-0003566,PO-0004385,2026-04-01,50
GR-0003567,PO-0004386,2025-05-04,1000
GR-0003568,PO-0004387,2024-03-30,200
GR-0003569,PO-0004388,2024-03-30,50
GR-0003570,PO-0004390,2026-03-07,200
GR-0003571,PO-0004391,2025-01-25,100
GR-0003572,PO-0004392,2024-05-27,1000
GR-0003573,PO-0004394,2025-07-27,50
GR-0003574,PO-0004395,2026-01-16,1000
GR-0003575,PO-0004396,2024-12-12,50
GR-0003576,PO-0004397,2024-06-29,100
GR-0003577,PO-0004399,2024-05-21,100
GR-0003578,PO-0004401,2025-05-27,50
GR-0003579,PO-0004402,2025-06-26,500
GR-0003580,PO-0004403,2024-02-01,500
GR-0003581,PO-0004405,2024-06-12,50
GR-0003582,PO-0004406,2025-06-17,500
GR-0003583,PO-0004407,2024-08-02,500
GR-0003584,PO-0004408,2024-06-11,1000
GR-0003585,PO-0004409,2026-03-23,100
GR-0003586,PO-0004410,2025-08-09,500
GR-0003587,PO-0004411,2024-06-15,1000
GR-0003588,PO-0004412,2024-06-03,100
GR-0003589,PO-0004413,2024-02-25,500
GR-0003590,PO-0004414,2025-04-04,100
GR-0003591,PO-0004415,2024-06-21,100
GR-0003592,PO-0004416,2025-03-09,200
GR-0003593,PO-0004417,2024-09-13,100
GR-0003594,PO-0004418,2025-11-10,50
GR-0003595,PO-0004419,2024-04-11,500
GR-0003596,PO-0004421,2024-04-08,200
GR-0003597,PO-0004422,2024-09-19,100
GR-0003598,PO-0004424,2026-05-25,1000
GR-0003599,PO-0004425,2026-01-27,50
GR-0003600,PO-0004426,2024-05-05,100
GR-0003601,PO-0004427,2024-05-17,500
GR-0003602,PO-0004428,2024-10-18,500
GR-0003603,PO-0004429,2026-04-20,500
GR-0003604,PO-0004431,2026-02-19,1000
GR-0003605,PO-0004432,2024-04-06,500
GR-0003606,PO-0004433,2026-05-15,500
GR-0003607,PO-0004434,2025-01-07,50
GR-0003608,PO-0004435,2026-02-10,500
GR-0003609,PO-0004436,2025-01-26,500
GR-0003610,PO-0004437,2025-09-13,200
GR-0003611,PO-0004438,2025-04-11,50
GR-0003612,PO-0004439,2025-03-03,200
GR-0003613,PO-0004440,2025-07-12,1000
GR-0003614,PO-0004441,2024-11-20,50
GR-0003615,PO-0004442,2025-12-24,500
GR-0003616,PO-0004443,2026-02-05,1000
GR-0003617,PO-0004444,2024-04-27,100
GR-0003618,PO-0004445,2025-04-20,500
GR-0003619,PO-0004446,2024-09-17,1000
GR-0003620,PO-0004447,2026-03-22,500
GR-0003621,PO-0004449,2024-05-31,1000
GR-0003622,PO-0004450,2024-08-07,200
GR-0003623,PO-0004451,2024-10-18,50
GR-0003624,PO-0004452,2026-05-03,500
GR-0003625,PO-0004453,2025-08-16,200
GR-0003626,PO-0004454,2025-02-02,500
GR-0003627,PO-0004455,2024-12-08,50
GR-0003628,PO-0004456,2024-10-15,200
GR-0003629,PO-0004457,2025-06-08,200
GR-0003630,PO-0004461,2025-01-01,42
GR-0003631,PO-0004462,2025-05-27,748
GR-0003632,PO-0004463,2024-05-04,500
GR-0003633,PO-0004464,2024-12-10,1000
GR-0003634,PO-0004465,2025-08-07,500
GR-0003635,PO-0004466,2025-06-21,100
GR-0003636,PO-0004467,2026-05-13,500
GR-0003637,PO-0004468,2025-10-01,500
GR-0003638,PO-0004469,2025-06-23,50
GR-0003639,PO-0004470,2024-07-18,1000
GR-0003640,PO-0004471,2026-02-09,50
GR-0003641,PO-0004472,2024-10-29,50
GR-0003642,PO-0004473,2024-11-17,500
GR-0003643,PO-0004474,2024-03-05,50
GR-0003644,PO-0004475,2024-09-29,500
GR-0003645,PO-0004477,2024-09-13,50
GR-0003646,PO-0004478,2024-08-29,500
GR-0003647,PO-0004479,2024-10-11,200
GR-0003648,PO-0004480,2025-12-30,1000
GR-0003649,PO-0004481,2024-02-27,49
GR-0003650,PO-0004482,2024-07-01,50
GR-0003651,PO-0004483,2024-05-25,1000
GR-0003652,PO-0004484,2025-04-23,50
GR-0003653,PO-0004485,2025-06-01,883
GR-0003654,PO-0004486,2024-12-26,50
GR-0003655,PO-0004487,2025-05-14,50
GR-0003656,PO-0004489,2024-08-28,200
GR-0003657,PO-0004490,2024-07-24,500
GR-0003658,PO-0004492,2026-03-09,500
GR-0003659,PO-0004494,2024-12-01,100
GR-0003660,PO-0004496,2025-01-12,500
GR-0003661,PO-0004498,2024-03-25,88
GR-0003662,PO-0004499,2024-12-03,100
GR-0003663,PO-0004500,2025-11-13,50
GR-0003664,PO-0004501,2024-09-12,500
GR-0003665,PO-0004502,2025-12-29,100
GR-0003666,PO-0004503,2024-09-29,48
GR-0003667,PO-0004504,2024-04-10,50
GR-0003668,PO-0004505,2024-09-06,100
GR-0003669,PO-0004507,2024-01-21,43
GR-0003670,PO-0004508,2024-10-19,500
GR-0003671,PO-0004509,2024-10-28,200
GR-0003672,PO-0004511,2026-05-05,100
GR-0003673,PO-0004512,2025-06-10,100
GR-0003674,PO-0004513,2024-03-18,50
GR-0003675,PO-0004514,2024-12-25,200
GR-0003676,PO-0004515,2025-12-06,50
GR-0003677,PO-0004516,2025-03-04,1000
GR-0003678,PO-0004518,2025-11-03,100
GR-0003679,PO-0004519,2024-02-22,200
GR-0003680,PO-0004520,2025-01-20,100
GR-0003681,PO-0004521,2024-09-19,100
GR-0003682,PO-0004522,2024-09-18,200
GR-0003683,PO-0004524,2025-01-05,50
GR-0003684,PO-0004525,2025-07-31,200
GR-0003685,PO-0004526,2024-09-20,200
GR-0003686,PO-0004527,2024-04-25,39
GR-0003687,PO-0004529,2025-11-10,50
GR-0003688,PO-0004530,2025-03-09,200
GR-0003689,PO-0004531,2024-05-03,100
GR-0003690,PO-0004532,2025-10-03,50
GR-0003691,PO-0004533,2024-03-06,200
GR-0003692,PO-0004534,2024-04-05,1000
GR-0003693,PO-0004535,2026-03-04,200
GR-0003694,PO-0004537,2024-10-24,50
GR-0003695,PO-0004538,2024-03-27,1000
GR-0003696,PO-0004539,2024-01-20,500
GR-0003697,PO-0004540,2024-03-11,200
GR-0003698,PO-0004542,2024-08-14,100
GR-0003699,PO-0004543,2024-03-28,1000
GR-0003700,PO-0004544,2024-03-17,100
GR-0003701,PO-0004545,2025-08-09,50
GR-0003702,PO-0004546,2025-03-25,83
GR-0003703,PO-0004547,2026-02-28,200
GR-0003704,PO-0004548,2025-11-25,46
GR-0003705,PO-0004549,2026-03-30,100
GR-0003706,PO-0004551,2026-01-08,200
GR-0003707,PO-0004552,2025-04-01,200
GR-0003708,PO-0004553,2024-09-18,42
GR-0003709,PO-0004554,2025-09-24,1000
GR-0003710,PO-0004555,2025-06-04,50
GR-0003711,PO-0004556,2025-03-08,1000
GR-0003712,PO-0004557,2024-06-15,50
GR-0003713,PO-0004558,2025-10-30,200
GR-0003714,PO-0004559,2025-11-17,500
GR-0003715,PO-0004561,2024-12-10,100
GR-0003716,PO-0004562,2024-04-27,500
GR-0003717,PO-0004563,2025-03-23,50
GR-0003718,PO-0004564,2025-12-05,50
GR-0003719,PO-0004566,2025-10-19,50
GR-0003720,PO-0004567,2025-09-25,500
GR-0003721,PO-0004568,2024-07-02,200
GR-0003722,PO-0004569,2025-08-09,100
GR-0003723,PO-0004570,2024-12-12,100
GR-0003724,PO-0004572,2025-11-05,500
GR-0003725,PO-0004573,2025-06-27,1000
GR-0003726,PO-0004574,2025-02-04,100
GR-0003727,PO-0004575,2024-07-11,100
GR-0003728,PO-0004577,2024-07-26,200
GR-0003729,PO-0004578,2026-05-16,200
GR-0003730,PO-0004579,2024-12-17,50
GR-0003731,PO-0004580,2024-08-15,100
GR-0003732,PO-0004581,2024-02-19,1000
GR-0003733,PO-0004582,2024-06-03,500
GR-0003734,PO-0004583,2024-12-25,90
GR-0003735,PO-0004584,2024-10-19,1000
GR-0003736,PO-0004585,2024-05-02,200
GR-0003737,PO-0004586,2025-08-14,50
GR-0003738,PO-0004587,2026-04-12,50
GR-0003739,PO-0004588,2025-02-18,50
GR-0003740,PO-0004589,2024-06-23,50
GR-0003741,PO-0004592,2025-06-01,500
GR-0003742,PO-0004593,2024-04-15,200
GR-0003743,PO-0004594,2025-09-15,50
GR-0003744,PO-0004595,2024-12-08,50
GR-0003745,PO-0004596,2025-05-26,50
GR-0003746,PO-0004597,2025-05-13,50
GR-0003747,PO-0004598,2024-03-30,50
GR-0003748,PO-0004600,2025-04-25,200
GR-0003749,PO-0004601,2025-05-23,200
GR-0003750,PO-0004603,2025-04-15,50
GR-0003751,PO-0004605,2024-05-02,100
GR-0003752,PO-0004606,2024-07-28,500
GR-0003753,PO-0004607,2026-01-10,1000
GR-0003754,PO-0004609,2025-03-09,200
GR-0003755,PO-0004610,2025-03-21,40
GR-0003756,PO-0004611,2024-12-09,1000
GR-0003757,PO-0004612,2025-09-20,200
GR-0003758,PO-0004614,2026-05-27,500
GR-0003759,PO-0004615,2024-09-08,500
GR-0003760,PO-0004616,2025-04-06,1000
GR-0003761,PO-0004618,2025-10-10,40
GR-0003762,PO-0004619,2025-03-28,500
GR-0003763,PO-0004622,2026-04-10,50
GR-0003764,PO-0004623,2024-03-29,200
GR-0003765,PO-0004625,2026-01-20,500
GR-0003766,PO-0004627,2026-04-09,500
GR-0003767,PO-0004629,2026-04-27,1000
GR-0003768,PO-0004630,2024-07-31,500
GR-0003769,PO-0004632,2024-11-06,1000
GR-0003770,PO-0004633,2025-03-20,50
GR-0003771,PO-0004634,2026-05-13,200
GR-0003772,PO-0004635,2025-03-12,1000
GR-0003773,PO-0004636,2024-11-09,500
GR-0003774,PO-0004637,2024-11-18,200
GR-0003775,PO-0004638,2026-02-06,100
GR-0003776,PO-0004640,2025-01-02,100
GR-0003777,PO-0004641,2025-11-03,93
GR-0003778,PO-0004642,2026-04-17,50
GR-0003779,PO-0004643,2025-10-06,500
GR-0003780,PO-0004645,2024-01-21,50
GR-0003781,PO-0004647,2025-03-05,1000
GR-0003782,PO-0004648,2025-04-01,500
GR-0003783,PO-0004649,2024-10-30,154
GR-0003784,PO-0004650,2025-02-16,200
GR-0003785,PO-0004651,2026-04-18,1000
GR-0003786,PO-0004652,2025-03-08,200
GR-0003787,PO-0004653,2026-02-17,100
GR-0003788,PO-0004654,2025-11-04,100
GR-0003789,PO-0004655,2025-10-02,50
GR-0003790,PO-0004656,2025-12-28,50
GR-0003791,PO-0004657,2024-06-27,1000
GR-0003792,PO-0004658,2025-01-29,1000
GR-0003793,PO-0004659,2025-09-27,200
GR-0003794,PO-0004660,2024-10-05,200
GR-0003795,PO-0004661,2026-05-16,366
GR-0003796,PO-0004662,2026-05-04,100
GR-0003797,PO-0004663,2025-07-07,50
GR-0003798,PO-0004664,2026-01-09,50
GR-0003799,PO-0004665,2026-04-02,500
GR-0003800,PO-0004666,2024-07-10,50
GR-0003801,PO-0004667,2025-06-15,100
GR-0003802,PO-0004668,2024-07-17,100
GR-0003803,PO-0004669,2024-07-14,1000
GR-0003804,PO-0004673,2024-11-06,500
GR-0003805,PO-0004675,2024-03-14,100
GR-0003806,PO-0004676,2024-05-08,50
GR-0003807,PO-0004677,2024-08-22,100
GR-0003808,PO-0004678,2025-07-23,100
GR-0003809,PO-0004679,2025-09-20,100
GR-0003810,PO-0004680,2025-05-05,1000
GR-0003811,PO-0004682,2024-11-21,1000
GR-0003812,PO-0004683,2025-09-04,200
GR-0003813,PO-0004684,2025-05-08,100
GR-0003814,PO-0004685,2024-06-25,1000
GR-0003815,PO-0004686,2026-02-10,50
GR-0003816,PO-0004687,2025-08-08,200
GR-0003817,PO-0004688,2026-01-29,50
GR-0003818,PO-0004689,2024-06-16,1000
GR-0003819,PO-0004693,2025-09-19,100
GR-0003820,PO-0004694,2024-08-27,50
GR-0003821,PO-0004695,2025-08-30,500
GR-0003822,PO-0004697,2024-06-09,500
GR-0003823,PO-0004698,2025-08-22,200
GR-0003824,PO-0004699,2025-06-12,500
GR-0003825,PO-0004700,2024-07-24,1000
GR-0003826,PO-0004703,2024-05-17,100
GR-0003827,PO-0004704,2024-07-15,100
GR-0003828,PO-0004706,2025-05-06,200
GR-0003829,PO-0004707,2026-01-24,200
GR-0003830,PO-0004708,2025-02-21,50
GR-0003831,PO-0004709,2024-07-28,200
GR-0003832,PO-0004710,2025-08-07,78
GR-0003833,PO-0004711,2024-02-17,100
GR-0003834,PO-0004712,2024-02-22,1000
GR-0003835,PO-0004715,2024-12-06,200
GR-0003836,PO-0004716,2024-12-25,500
GR-0003837,PO-0004718,2024-10-01,50
GR-0003838,PO-0004719,2024-12-20,50
GR-0003839,PO-0004720,2025-07-18,1000
GR-0003840,PO-0004721,2024-07-21,50
GR-0003841,PO-0004722,2026-04-23,500
GR-0003842,PO-0004723,2024-07-01,1000
GR-0003843,PO-0004724,2024-10-04,50
GR-0003844,PO-0004725,2024-09-30,1000
GR-0003845,PO-0004726,2024-06-23,500
GR-0003846,PO-0004727,2024-09-10,1000
GR-0003847,PO-0004728,2025-02-03,100
GR-0003848,PO-0004729,2025-06-22,50
GR-0003849,PO-0004730,2025-06-05,500
GR-0003850,PO-0004731,2024-10-20,473
GR-0003851,PO-0004732,2025-11-23,200
GR-0003852,PO-0004733,2024-11-28,50
GR-0003853,PO-0004734,2026-03-09,500
GR-0003854,PO-0004736,2025-12-27,500
GR-0003855,PO-0004737,2025-09-17,1000
GR-0003856,PO-0004738,2026-03-04,50
GR-0003857,PO-0004741,2024-12-23,500
GR-0003858,PO-0004742,2024-12-31,50
GR-0003859,PO-0004743,2025-11-23,50
GR-0003860,PO-0004744,2025-11-25,100
GR-0003861,PO-0004745,2025-08-03,1000
GR-0003862,PO-0004746,2024-11-20,50
GR-0003863,PO-0004748,2026-01-02,44
GR-0003864,PO-0004749,2024-12-03,100
GR-0003865,PO-0004750,2024-12-22,50
GR-0003866,PO-0004751,2024-10-09,200
GR-0003867,PO-0004752,2025-01-06,50
GR-0003868,PO-0004753,2024-06-13,50
GR-0003869,PO-0004754,2025-03-21,200
GR-0003870,PO-0004755,2024-05-16,87
GR-0003871,PO-0004756,2024-07-22,500
GR-0003872,PO-0004758,2024-07-08,1000
GR-0003873,PO-0004759,2025-02-24,161
GR-0003874,PO-0004760,2026-05-17,152
GR-0003875,PO-0004761,2025-04-12,50
GR-0003876,PO-0004762,2024-10-13,100
GR-0003877,PO-0004763,2025-09-30,50
GR-0003878,PO-0004764,2025-03-21,1000
GR-0003879,PO-0004765,2025-04-09,1000
GR-0003880,PO-0004766,2026-01-11,50
GR-0003881,PO-0004767,2025-11-15,500
GR-0003882,PO-0004768,2024-09-16,1000
GR-0003883,PO-0004769,2025-05-16,1000
GR-0003884,PO-0004770,2024-08-16,100
GR-0003885,PO-0004771,2024-05-03,1000
GR-0003886,PO-0004772,2024-09-30,50
GR-0003887,PO-0004773,2024-03-08,1000
GR-0003888,PO-0004774,2025-05-02,50
GR-0003889,PO-0004776,2025-08-03,100
GR-0003890,PO-0004778,2025-03-28,1000
GR-0003891,PO-0004779,2025-04-27,200
GR-0003892,PO-0004780,2025-03-31,41
GR-0003893,PO-0004782,2024-08-01,200
GR-0003894,PO-0004783,2024-11-03,50
GR-0003895,PO-0004784,2025-03-24,200
GR-0003896,PO-0004785,2025-06-20,1000
GR-0003897,PO-0004786,2024-07-12,500
GR-0003898,PO-0004787,2026-01-31,50
GR-0003899,PO-0004788,2024-03-06,50
GR-0003900,PO-0004789,2025-03-07,500
GR-0003901,PO-0004791,2025-02-21,50
GR-0003902,PO-0004792,2024-10-25,89
GR-0003903,PO-0004793,2024-04-05,500
GR-0003904,PO-0004794,2025-08-14,50
GR-0003905,PO-0004795,2024-02-19,1000
GR-0003906,PO-0004796,2025-05-17,500
GR-0003907,PO-0004797,2024-03-29,200
GR-0003908,PO-0004798,2025-04-24,100
GR-0003909,PO-0004799,2025-01-09,50
GR-0003910,PO-0004800,2026-05-23,50
GR-0003911,PO-0004801,2024-02-14,200
GR-0003912,PO-0004802,2024-10-12,749
GR-0003913,PO-0004803,2025-02-28,1000
GR-0003914,PO-0004806,2026-04-01,200
GR-0003915,PO-0004807,2025-12-15,1000
GR-0003916,PO-0004808,2024-05-13,200
GR-0003917,PO-0004812,2026-05-16,500
GR-0003918,PO-0004813,2026-01-07,500
GR-0003919,PO-0004814,2025-06-25,50
GR-0003920,PO-0004815,2025-11-14,500
GR-0003921,PO-0004816,2024-03-12,1000
GR-0003922,PO-0004817,2024-02-27,200
GR-0003923,PO-0004818,2025-09-08,1000
GR-0003924,PO-0004819,2026-03-01,1000
GR-0003925,PO-0004820,2026-02-08,1000
GR-0003926,PO-0004822,2025-10-07,100
GR-0003927,PO-0004823,2025-04-07,50
GR-0003928,PO-0004824,2024-11-03,1000
GR-0003929,PO-0004825,2025-12-30,351
GR-0003930,PO-0004826,2024-12-10,1000
GR-0003931,PO-0004829,2026-04-15,200
GR-0003932,PO-0004830,2024-02-09,200
GR-0003933,PO-0004832,2025-06-06,100
GR-0003934,PO-0004833,2025-01-03,100
GR-0003935,PO-0004834,2025-10-03,1000
GR-0003936,PO-0004835,2025-01-24,200
GR-0003937,PO-0004836,2024-11-16,50
GR-0003938,PO-0004837,2025-12-22,100
GR-0003939,PO-0004838,2025-10-19,500
GR-0003940,PO-0004840,2025-10-08,50
GR-0003941,PO-0004841,2024-10-30,200
GR-0003942,PO-0004842,2025-02-13,500
GR-0003943,PO-0004844,2024-02-18,500
GR-0003944,PO-0004845,2024-02-16,76
GR-0003945,PO-0004847,2026-05-08,500
GR-0003946,PO-0004849,2024-06-01,50
GR-0003947,PO-0004850,2025-09-11,500
GR-0003948,PO-0004852,2025-07-19,500
GR-0003949,PO-0004854,2025-10-27,1000
GR-0003950,PO-0004855,2026-02-11,1000
GR-0003951,PO-0004856,2025-11-08,200
GR-0003952,PO-0004858,2024-03-12,200
GR-0003953,PO-0004859,2024-08-07,1000
GR-0003954,PO-0004863,2025-05-23,1000
GR-0003955,PO-0004864,2026-04-27,200
GR-0003956,PO-0004865,2024-07-08,50
GR-0003957,PO-0004867,2024-02-27,500
GR-0003958,PO-0004868,2026-03-10,200
GR-0003959,PO-0004870,2025-07-22,50
GR-0003960,PO-0004871,2024-04-25,100
GR-0003961,PO-0004872,2024-07-14,1000
GR-0003962,PO-0004873,2026-04-11,200
GR-0003963,PO-0004876,2025-06-08,50
GR-0003964,PO-0004877,2025-02-18,1000
GR-0003965,PO-0004878,2025-05-28,100
GR-0003966,PO-0004879,2024-12-04,1000
GR-0003967,PO-0004880,2025-06-17,100
GR-0003968,PO-0004881,2025-07-29,1000
GR-0003969,PO-0004882,2024-03-07,50
GR-0003970,PO-0004883,2025-10-13,1000
GR-0003971,PO-0004884,2024-03-24,500
GR-0003972,PO-0004886,2025-09-15,1000
GR-0003973,PO-0004888,2024-06-06,1000
GR-0003974,PO-0004889,2026-04-25,40
GR-0003975,PO-0004890,2024-09-17,500
GR-0003976,PO-0004891,2025-05-26,500
GR-0003977,PO-0004892,2025-02-05,200
GR-0003978,PO-0004893,2025-02-18,500
GR-0003979,PO-0004894,2024-02-12,200
GR-0003980,PO-0004895,2024-05-01,500
GR-0003981,PO-0004896,2024-04-19,1000
GR-0003982,PO-0004897,2025-03-07,100
GR-0003983,PO-0004898,2026-04-21,1000
GR-0003984,PO-0004899,2024-04-04,1000
GR-0003985,PO-0004900,2025-06-20,200
GR-0003986,PO-0004901,2024-07-05,500
GR-0003987,PO-0004902,2024-09-14,50
GR-0003988,PO-0004903,2025-02-04,100
GR-0003989,PO-0004904,2024-10-23,200
GR-0003990,PO-0004905,2025-11-17,50
GR-0003991,PO-0004907,2026-02-19,100
GR-0003992,PO-0004908,2025-10-24,200
GR-0003993,PO-0004909,2024-12-15,146
GR-0003994,PO-0004910,2026-03-19,100
GR-0003995,PO-0004911,2024-09-07,100
GR-0003996,PO-0004912,2025-03-18,50
GR-0003997,PO-0004913,2026-04-09,50
GR-0003998,PO-0004914,2024-04-08,100
GR-0003999,PO-0004915,2024-03-26,100
GR-0004000,PO-0004916,2025-10-01,500
GR-0004001,PO-0004917,2024-06-14,1000
GR-0004002,PO-0004918,2024-09-02,200
GR-0004003,PO-0004921,2025-04-05,482
GR-0004004,PO-0004922,2024-03-01,100
GR-0004005,PO-0004923,2025-07-19,500
GR-0004006,PO-0004924,2024-02-10,100
GR-0004007,PO-0004925,2024-02-18,500
GR-0004008,PO-0004926,2025-06-02,500
GR-0004009,PO-0004927,2025-06-03,100
GR-0004010,PO-0004930,2026-03-19,50
GR-0004011,PO-0004931,2024-08-14,1000
GR-0004012,PO-0004932,2024-03-06,200
GR-0004013,PO-0004933,2025-02-27,1000
GR-0004014,PO-0004934,2024-02-25,500
GR-0004015,PO-0004935,2026-05-08,50
GR-0004016,PO-0004936,2024-10-21,100
GR-0004017,PO-0004938,2025-06-05,200
GR-0004018,PO-0004939,2024-07-19,100
GR-0004019,PO-0004940,2025-06-27,100
GR-0004020,PO-0004942,2024-11-28,200
GR-0004021,PO-0004944,2024-09-12,200
GR-0004022,PO-0004945,2025-07-29,500
GR-0004023,PO-0004946,2024-06-14,100
GR-0004024,PO-0004947,2024-12-11,500
GR-0004025,PO-0004948,2025-05-21,200
GR-0004026,PO-0004949,2025-05-04,200
GR-0004027,PO-0004950,2024-04-03,50
GR-0004028,PO-0004951,2024-10-19,50
GR-0004029,PO-0004952,2026-02-23,100
GR-0004030,PO-0004954,2024-03-29,50
GR-0004031,PO-0004955,2026-04-29,200
GR-0004032,PO-0004956,2026-02-15,500
GR-0004033,PO-0004957,2026-04-18,100
GR-0004034,PO-0004958,2024-11-11,200
GR-0004035,PO-0004959,2025-04-19,500
GR-0004036,PO-0004960,2025-12-05,98
GR-0004037,PO-0004961,2026-04-10,1000
GR-0004038,PO-0004962,2025-05-11,100
GR-0004039,PO-0004964,2025-12-13,500
GR-0004040,PO-0004965,2024-05-21,500
GR-0004041,PO-0004966,2024-04-27,100
GR-0004042,PO-0004967,2024-09-27,200
GR-0004043,PO-0004968,2026-03-22,500
GR-0004044,PO-0004969,2025-01-25,1000
GR-0004045,PO-0004970,2025-09-17,200
GR-0004046,PO-0004971,2026-03-23,500
GR-0004047,PO-0004972,2024-07-02,457
GR-0004048,PO-0004973,2024-03-19,500
GR-0004049,PO-0004974,2025-12-30,200
GR-0004050,PO-0004975,2024-09-21,100
GR-0004051,PO-0004976,2026-02-22,50
GR-0004052,PO-0004977,2024-05-06,100
GR-0004053,PO-0004979,2026-02-16,100
GR-0004054,PO-0004980,2024-12-01,50
GR-0004055,PO-0004981,2025-12-12,100
GR-0004056,PO-0004982,2024-08-22,100
GR-0004057,PO-0004983,2025-02-18,500
GR-0004058,PO-0004984,2025-04-15,167
GR-0004059,PO-0004985,2025-02-03,1000
GR-0004060,PO-0004986,2024-02-25,971
GR-0004061,PO-0004989,2024-11-01,500
GR-0004062,PO-0004990,2026-03-16,1000
GR-0004063,PO-0004991,2024-12-16,500
GR-0004064,PO-0004994,2025-06-23,200
GR-0004065,PO-0004995,2024-02-29,50
GR-0004066,PO-0004996,2024-05-12,100
GR-0004067,PO-0004997,2025-08-17,100
GR-0004068,PO-0004998,2025-04-06,500
GR-0004069,PO-0005000,2025-12-12,200
GR-0004070,PO-0005001,2026-03-22,41
GR-0004071,PO-0005002,2026-03-07,1000
GR-0004072,PO-0005003,2025-07-21,1000
GR-0004073,PO-0005004,2025-04-20,1000
GR-0004074,PO-0005005,2025-07-29,100
GR-0004075,PO-0005006,2026-01-05,500
GR-0004076,PO-0005007,2025-03-13,200
GR-0004077,PO-0005008,2026-05-11,200
GR-0004078,PO-0005009,2026-03-22,1000
GR-0004079,PO-0005010,2024-11-08,500
GR-0004080,PO-0005011,2026-03-24,100
GR-0004081,PO-0005013,2024-04-04,100
GR-0004082,PO-0005014,2025-04-24,100
GR-0004083,PO-0005015,2025-04-26,200
GR-0004084,PO-0005016,2024-07-04,100
GR-0004085,PO-0005017,2024-05-27,143
GR-0004086,PO-0005018,2024-08-20,500
GR-0004087,PO-0005019,2024-09-08,100
GR-0004088,PO-0005020,2026-01-09,500
GR-0004089,PO-0005021,2024-06-08,100
GR-0004090,PO-0005022,2026-04-26,100
GR-0004091,PO-0005023,2024-04-16,35
GR-0004092,PO-0005024,2025-05-21,50
GR-0004093,PO-0005025,2026-01-07,50
GR-0004094,PO-0005026,2025-12-02,50
GR-0004095,PO-0005027,2024-02-25,200
GR-0004096,PO-0005028,2026-03-10,50
GR-0004097,PO-0005029,2024-02-04,500
GR-0004098,PO-0005030,2024-05-08,200
GR-0004099,PO-0005031,2025-11-12,100
GR-0004100,PO-0005032,2025-12-03,1000
GR-0004101,PO-0005033,2026-02-04,100
GR-0004102,PO-0005034,2025-11-15,1000
GR-0004103,PO-0005035,2026-01-14,100
GR-0004104,PO-0005037,2026-04-25,50
GR-0004105,PO-0005038,2025-04-02,500
GR-0004106,PO-0005039,2025-02-24,500
GR-0004107,PO-0005040,2024-12-10,1000
GR-0004108,PO-0005041,2024-04-21,50
GR-0004109,PO-0005042,2025-03-17,100
GR-0004110,PO-0005044,2025-09-19,1000
GR-0004111,PO-0005045,2024-08-14,1000
GR-0004112,PO-0005046,2025-12-19,200
GR-0004113,PO-0005047,2024-03-25,50
GR-0004114,PO-0005048,2024-08-15,500
GR-0004115,PO-0005049,2025-01-11,500
GR-0004116,PO-0005052,2025-11-19,500
GR-0004117,PO-0005053,2024-01-29,200
GR-0004118,PO-0005054,2026-03-21,100
GR-0004119,PO-0005056,2026-01-21,100
GR-0004120,PO-0005057,2025-04-06,50
GR-0004121,PO-0005059,2026-04-04,200
GR-0004122,PO-0005061,2024-11-11,428
GR-0004123,PO-0005062,2025-08-27,50
GR-0004124,PO-0005063,2024-03-24,172
GR-0004125,PO-0005064,2025-07-31,200
GR-0004126,PO-0005065,2025-05-19,200
GR-0004127,PO-0005066,2025-06-28,200
GR-0004128,PO-0005068,2025-10-10,373
GR-0004129,PO-0005069,2024-12-05,100
GR-0004130,PO-0005070,2025-12-22,200
GR-0004131,PO-0005071,2024-01-27,1000
GR-0004132,PO-0005072,2024-01-09,200
GR-0004133,PO-0005073,2025-04-20,200
GR-0004134,PO-0005074,2024-04-01,100
GR-0004135,PO-0005075,2024-09-26,1000
GR-0004136,PO-0005076,2025-06-19,50
GR-0004137,PO-0005077,2024-06-25,200
GR-0004138,PO-0005078,2026-02-23,500
GR-0004139,PO-0005079,2026-03-26,50
GR-0004140,PO-0005083,2025-02-24,1000
GR-0004141,PO-0005084,2025-10-18,200
GR-0004142,PO-0005086,2024-06-24,1000
GR-0004143,PO-0005087,2025-09-13,500
GR-0004144,PO-0005088,2025-07-26,50
GR-0004145,PO-0005089,2026-01-16,94
GR-0004146,PO-0005091,2024-04-27,1000
GR-0004147,PO-0005092,2026-06-01,100
GR-0004148,PO-0005093,2026-03-17,152
GR-0004149,PO-0005094,2024-04-18,500
GR-0004150,PO-0005095,2024-01-29,500
GR-0004151,PO-0005096,2025-03-28,100
GR-0004152,PO-0005097,2024-03-29,500
GR-0004153,PO-0005098,2025-08-24,500
GR-0004154,PO-0005100,2025-09-30,100
GR-0004155,PO-0005101,2025-07-27,500
GR-0004156,PO-0005102,2026-05-04,200
GR-0004157,PO-0005103,2025-09-29,50
GR-0004158,PO-0005105,2024-02-18,200
GR-0004159,PO-0005106,2026-05-13,479
GR-0004160,PO-0005107,2024-02-18,200
GR-0004161,PO-0005108,2025-07-19,50
GR-0004162,PO-0005109,2024-11-28,500
GR-0004163,PO-0005110,2024-02-28,500
GR-0004164,PO-0005111,2024-02-20,500
GR-0004165,PO-0005112,2025-03-15,500
GR-0004166,PO-0005113,2025-12-21,36
GR-0004167,PO-0005114,2025-12-07,828
GR-0004168,PO-0005115,2024-07-29,200
GR-0004169,PO-0005116,2025-05-15,500
GR-0004170,PO-0005117,2025-02-28,200
GR-0004171,PO-0005118,2025-05-10,200
GR-0004172,PO-0005119,2025-03-13,100
GR-0004173,PO-0005120,2026-03-24,500
GR-0004174,PO-0005121,2025-10-05,1000
GR-0004175,PO-0005122,2025-10-20,500
GR-0004176,PO-0005123,2025-07-06,200
GR-0004177,PO-0005124,2024-05-30,79
GR-0004178,PO-0005125,2026-06-02,500
GR-0004179,PO-0005126,2025-11-09,143
GR-0004180,PO-0005127,2024-07-24,50
GR-0004181,PO-0005128,2024-09-01,50
GR-0004182,PO-0005129,2026-06-09,1000
GR-0004183,PO-0005130,2026-02-12,50
GR-0004184,PO-0005131,2026-03-04,100
GR-0004185,PO-0005132,2025-11-10,50
GR-0004186,PO-0005133,2024-10-30,100
GR-0004187,PO-0005134,2025-09-20,823
GR-0004188,PO-0005135,2024-06-10,95
GR-0004189,PO-0005136,2025-08-06,50
GR-0004190,PO-0005138,2025-06-02,1000
GR-0004191,PO-0005139,2026-01-21,200
GR-0004192,PO-0005140,2025-03-30,100
GR-0004193,PO-0005142,2024-07-19,200
GR-0004194,PO-0005143,2025-06-08,1000
GR-0004195,PO-0005144,2024-03-27,100
GR-0004196,PO-0005146,2025-03-16,500
GR-0004197,PO-0005147,2024-06-16,1000
GR-0004198,PO-0005148,2026-03-05,100
GR-0004199,PO-0005149,2026-05-31,100
GR-0004200,PO-0005150,2026-02-13,100
GR-0004201,PO-0005151,2024-11-20,50
GR-0004202,PO-0005153,2024-06-19,802
GR-0004203,PO-0005155,2024-03-30,1000
GR-0004204,PO-0005157,2025-04-23,100
GR-0004205,PO-0005158,2024-03-05,50
GR-0004206,PO-0005159,2025-01-27,1000
GR-0004207,PO-0005160,2024-04-30,1000
GR-0004208,PO-0005161,2026-04-25,100
GR-0004209,PO-0005163,2025-07-20,100
GR-0004210,PO-0005164,2024-07-18,100
GR-0004211,PO-0005165,2024-02-29,500
GR-0004212,PO-0005166,2025-06-28,100
GR-0004213,PO-0005167,2026-03-05,500
GR-0004214,PO-0005168,2025-01-27,500
GR-0004215,PO-0005171,2026-04-11,1000
GR-0004216,PO-0005172,2024-07-24,500
GR-0004217,PO-0005173,2024-10-06,100
GR-0004218,PO-0005174,2025-09-28,500
GR-0004219,PO-0005175,2025-04-07,500
GR-0004220,PO-0005176,2025-11-22,200
GR-0004221,PO-0005178,2024-12-14,500
GR-0004222,PO-0005179,2024-09-13,500
GR-0004223,PO-0005180,2024-11-29,727
GR-0004224,PO-0005181,2025-03-27,200
GR-0004225,PO-0005182,2026-05-12,200
GR-0004226,PO-0005183,2024-05-25,100
GR-0004227,PO-0005184,2024-12-29,1000
GR-0004228,PO-0005185,2025-09-01,100
GR-0004229,PO-0005187,2025-09-29,200
GR-0004230,PO-0005188,2024-08-22,500
GR-0004231,PO-0005189,2025-10-14,50
GR-0004232,PO-0005190,2024-04-14,50
GR-0004233,PO-0005191,2024-12-13,200
GR-0004234,PO-0005192,2024-11-10,1000
GR-0004235,PO-0005193,2025-02-19,50
GR-0004236,PO-0005194,2025-10-30,50
GR-0004237,PO-0005195,2025-08-26,50
GR-0004238,PO-0005196,2025-11-21,1000
GR-0004239,PO-0005197,2024-02-28,1000
GR-0004240,PO-0005198,2024-11-26,100
GR-0004241,PO-0005199,2025-09-26,730
GR-0004242,PO-0005200,2025-12-11,200
GR-0004243,PO-0005201,2026-03-14,500
GR-0004244,PO-0005202,2025-12-09,500
GR-0004245,PO-0005203,2024-02-16,1000
GR-0004246,PO-0005204,2025-08-27,500
GR-0004247,PO-0005205,2025-12-16,1000
GR-0004248,PO-0005207,2025-03-14,200
GR-0004249,PO-0005208,2024-06-14,500
GR-0004250,PO-0005209,2025-03-28,200
GR-0004251,PO-0005210,2025-03-23,1000
GR-0004252,PO-0005211,2025-11-04,100
GR-0004253,PO-0005212,2025-11-10,50
GR-0004254,PO-0005213,2025-10-12,50
GR-0004255,PO-0005214,2025-09-26,500
GR-0004256,PO-0005215,2026-05-08,200
GR-0004257,PO-0005216,2025-07-14,43
GR-0004258,PO-0005217,2026-02-27,1000
GR-0004259,PO-0005218,2025-08-08,50
GR-0004260,PO-0005219,2026-05-18,200
GR-0004261,PO-0005220,2024-08-23,200
GR-0004262,PO-0005222,2025-12-07,1000
GR-0004263,PO-0005223,2025-05-13,200
GR-0004264,PO-0005224,2026-02-24,48
GR-0004265,PO-0005225,2026-05-28,1000
GR-0004266,PO-0005226,2025-08-27,200
GR-0004267,PO-0005227,2024-08-15,500
GR-0004268,PO-0005229,2025-09-22,500
GR-0004269,PO-0005230,2024-10-06,50
GR-0004270,PO-0005231,2024-11-06,500
GR-0004271,PO-0005232,2025-12-26,100
GR-0004272,PO-0005233,2025-01-31,500
GR-0004273,PO-0005236,2024-05-28,100
GR-0004274,PO-0005241,2026-04-17,50
GR-0004275,PO-0005242,2025-04-06,200
GR-0004276,PO-0005243,2025-08-22,100
GR-0004277,PO-0005244,2026-01-30,200
GR-0004278,PO-0005245,2025-06-07,100
GR-0004279,PO-0005247,2025-10-20,100
GR-0004280,PO-0005248,2026-05-22,1000
GR-0004281,PO-0005249,2024-10-18,50
GR-0004282,PO-0005250,2024-10-30,50
GR-0004283,PO-0005252,2024-03-26,500
GR-0004284,PO-0005253,2025-11-18,1000
GR-0004285,PO-0005255,2025-10-12,1000
GR-0004286,PO-0005257,2024-03-07,500
GR-0004287,PO-0005258,2026-05-27,50
GR-0004288,PO-0005259,2025-11-02,140
GR-0004289,PO-0005260,2024-06-13,94
GR-0004290,PO-0005261,2024-06-08,50
GR-0004291,PO-0005263,2025-02-07,200
GR-0004292,PO-0005266,2024-11-12,200
GR-0004293,PO-0005267,2025-02-09,50
GR-0004294,PO-0005269,2025-01-29,50
GR-0004295,PO-0005270,2025-06-01,500
GR-0004296,PO-0005271,2024-02-28,100
GR-0004297,PO-0005272,2026-02-07,1000
GR-0004298,PO-0005273,2024-03-01,200
GR-0004299,PO-0005274,2025-01-18,50
GR-0004300,PO-0005275,2025-01-31,50
GR-0004301,PO-0005276,2025-02-06,200
GR-0004302,PO-0005277,2024-05-03,50
GR-0004303,PO-0005278,2025-04-29,200
GR-0004304,PO-0005279,2025-09-13,100
GR-0004305,PO-0005280,2025-07-27,500
GR-0004306,PO-0005281,2025-11-12,50
GR-0004307,PO-0005283,2025-01-10,1000
GR-0004308,PO-0005284,2025-04-09,500
GR-0004309,PO-0005285,2025-11-21,500
GR-0004310,PO-0005286,2026-04-09,500
GR-0004311,PO-0005287,2025-03-09,200
GR-0004312,PO-0005288,2025-03-02,200
GR-0004313,PO-0005289,2024-05-18,100
GR-0004314,PO-0005290,2025-01-24,200
GR-0004315,PO-0005294,2025-06-12,500
GR-0004316,PO-0005295,2026-05-19,1000
GR-0004317,PO-0005296,2024-12-09,100
GR-0004318,PO-0005297,2024-07-19,50
GR-0004319,PO-0005298,2025-03-18,1000
GR-0004320,PO-0005299,2025-12-29,425
GR-0004321,PO-0005300,2025-08-24,200
GR-0004322,PO-0005301,2024-08-25,1000
GR-0004323,PO-0005302,2024-02-23,100
GR-0004324,PO-0005304,2024-09-26,500
GR-0004325,PO-0005305,2024-10-18,862
GR-0004326,PO-0005306,2024-08-24,1000
GR-0004327,PO-0005307,2026-03-17,500
GR-0004328,PO-0005308,2026-02-11,50
GR-0004329,PO-0005309,2024-12-13,100
GR-0004330,PO-0005310,2024-12-28,200
GR-0004331,PO-0005311,2026-03-11,100
GR-0004332,PO-0005312,2024-12-30,1000
GR-0004333,PO-0005313,2024-11-21,1000
GR-0004334,PO-0005314,2025-03-10,1000
GR-0004335,PO-0005315,2024-10-14,50
GR-0004336,PO-0005317,2025-03-10,933
GR-0004337,PO-0005318,2026-03-31,735
GR-0004338,PO-0005319,2024-08-13,100
GR-0004339,PO-0005320,2025-12-22,100
GR-0004340,PO-0005321,2024-10-18,500
GR-0004341,PO-0005322,2026-01-19,48
GR-0004342,PO-0005323,2025-06-11,100
GR-0004343,PO-0005324,2025-02-15,200
GR-0004344,PO-0005325,2026-05-30,500
GR-0004345,PO-0005326,2025-01-04,50
GR-0004346,PO-0005329,2025-05-14,40
GR-0004347,PO-0005330,2026-04-23,200
GR-0004348,PO-0005331,2024-10-16,500
GR-0004349,PO-0005332,2025-01-17,35
GR-0004350,PO-0005333,2025-03-27,200
GR-0004351,PO-0005334,2025-01-21,50
GR-0004352,PO-0005336,2025-03-27,500
GR-0004353,PO-0005337,2025-10-16,50
GR-0004354,PO-0005338,2026-05-19,1000
GR-0004355,PO-0005339,2024-03-02,200
GR-0004356,PO-0005340,2026-04-25,200
GR-0004357,PO-0005341,2024-02-26,200
GR-0004358,PO-0005342,2024-05-20,200
GR-0004359,PO-0005344,2025-10-25,500
GR-0004360,PO-0005345,2024-02-27,731
GR-0004361,PO-0005346,2025-10-17,500
GR-0004362,PO-0005347,2024-10-12,100
GR-0004363,PO-0005348,2024-11-09,100
GR-0004364,PO-0005349,2024-08-25,79
GR-0004365,PO-0005350,2025-04-20,95
GR-0004366,PO-0005351,2024-10-29,500
GR-0004367,PO-0005352,2026-03-17,200
GR-0004368,PO-0005353,2025-05-02,1000
GR-0004369,PO-0005355,2026-02-06,1000
GR-0004370,PO-0005356,2025-02-04,100
GR-0004371,PO-0005357,2024-01-30,200
GR-0004372,PO-0005358,2024-12-21,500
GR-0004373,PO-0005359,2024-07-17,50
GR-0004374,PO-0005360,2026-03-25,1000
GR-0004375,PO-0005361,2024-06-08,1000
GR-0004376,PO-0005362,2024-12-20,200
GR-0004377,PO-0005363,2025-10-21,75
GR-0004378,PO-0005364,2024-03-01,200
GR-0004379,PO-0005365,2025-05-11,50
GR-0004380,PO-0005367,2025-10-27,100
GR-0004381,PO-0005368,2024-10-16,500
GR-0004382,PO-0005370,2026-06-08,1000
GR-0004383,PO-0005371,2025-02-04,500
GR-0004384,PO-0005373,2025-09-12,89
GR-0004385,PO-0005374,2025-02-22,1000
GR-0004386,PO-0005375,2025-06-27,1000
GR-0004387,PO-0005376,2024-02-14,1000
GR-0004388,PO-0005380,2025-05-10,47
GR-0004389,PO-0005381,2025-08-29,200
GR-0004390,PO-0005382,2025-12-24,100
GR-0004391,PO-0005384,2025-12-17,500
GR-0004392,PO-0005385,2026-03-18,38
GR-0004393,PO-0005386,2025-09-25,50
GR-0004394,PO-0005388,2025-12-24,500
GR-0004395,PO-0005389,2026-01-03,1000
GR-0004396,PO-0005390,2025-10-08,500
GR-0004397,PO-0005391,2024-05-23,1000
GR-0004398,PO-0005392,2024-03-13,402
GR-0004399,PO-0005394,2024-06-23,50
GR-0004400,PO-0005396,2025-06-02,200
GR-0004401,PO-0005397,2024-03-11,50
GR-0004402,PO-0005398,2025-03-13,500
GR-0004403,PO-0005399,2024-05-26,500
GR-0004404,PO-0005401,2025-10-18,200
GR-0004405,PO-0005402,2025-03-04,1000
GR-0004406,PO-0005403,2025-11-08,100
GR-0004407,PO-0005404,2025-10-04,50
GR-0004408,PO-0005405,2025-09-02,100
GR-0004409,PO-0005406,2024-05-05,100
GR-0004410,PO-0005407,2025-07-12,500
GR-0004411,PO-0005408,2025-04-10,100
GR-0004412,PO-0005409,2025-07-13,50
GR-0004413,PO-0005410,2025-10-09,100
GR-0004414,PO-0005411,2024-06-17,1000
GR-0004415,PO-0005412,2024-12-31,50
GR-0004416,PO-0005414,2025-12-10,500
GR-0004417,PO-0005415,2024-12-26,100
GR-0004418,PO-0005417,2024-04-29,200
GR-0004419,PO-0005418,2024-08-02,50
GR-0004420,PO-0005420,2025-11-02,200
GR-0004421,PO-0005422,2025-08-18,177
GR-0004422,PO-0005423,2024-10-13,50
GR-0004423,PO-0005424,2025-07-02,1000
GR-0004424,PO-0005425,2024-05-22,1000
GR-0004425,PO-0005427,2025-12-13,50
GR-0004426,PO-0005428,2024-12-29,100
GR-0004427,PO-0005429,2024-05-31,50
GR-0004428,PO-0005431,2024-12-03,96
GR-0004429,PO-0005432,2025-03-21,100
GR-0004430,PO-0005433,2025-11-23,100
GR-0004431,PO-0005434,2024-05-23,500
GR-0004432,PO-0005435,2025-02-08,200
GR-0004433,PO-0005438,2024-05-10,500
GR-0004434,PO-0005439,2024-02-08,100
GR-0004435,PO-0005440,2024-04-30,500
GR-0004436,PO-0005441,2026-01-30,200
GR-0004437,PO-0005442,2025-03-18,200
GR-0004438,PO-0005443,2025-01-16,500
GR-0004439,PO-0005444,2025-11-27,1000
GR-0004440,PO-0005445,2024-08-11,200
GR-0004441,PO-0005446,2025-12-03,50
GR-0004442,PO-0005447,2024-05-22,200
GR-0004443,PO-0005449,2024-07-28,1000
GR-0004444,PO-0005450,2026-05-13,50
GR-0004445,PO-0005451,2025-10-29,1000
GR-0004446,PO-0005452,2025-03-25,500
GR-0004447,PO-0005453,2024-06-22,500
GR-0004448,PO-0005455,2024-12-23,196
GR-0004449,PO-0005456,2026-05-14,100
GR-0004450,PO-0005457,2024-12-18,100
GR-0004451,PO-0005459,2024-12-19,100
GR-0004452,PO-0005460,2026-02-10,200
GR-0004453,PO-0005462,2024-02-05,100
GR-0004454,PO-0005463,2025-04-17,500
GR-0004455,PO-0005464,2024-12-16,100
GR-0004456,PO-0005465,2026-02-22,1000
GR-0004457,PO-0005468,2024-03-27,500
GR-0004458,PO-0005470,2024-04-06,50
GR-0004459,PO-0005471,2025-07-11,100
GR-0004460,PO-0005472,2024-12-07,43
GR-0004461,PO-0005473,2025-10-21,100
GR-0004462,PO-0005474,2025-08-24,1000
GR-0004463,PO-0005475,2026-04-20,1000
GR-0004464,PO-0005476,2025-11-17,100
GR-0004465,PO-0005478,2024-02-21,200
GR-0004466,PO-0005479,2024-04-09,1000
GR-0004467,PO-0005480,2026-03-01,500
GR-0004468,PO-0005481,2026-02-12,500
GR-0004469,PO-0005482,2024-02-16,500
GR-0004470,PO-0005483,2024-10-30,1000
GR-0004471,PO-0005484,2025-05-23,500
GR-0004472,PO-0005486,2024-04-07,1000
GR-0004473,PO-0005487,2024-10-31,100
GR-0004474,PO-0005488,2026-02-13,50
GR-0004475,PO-0005489,2025-09-17,364
GR-0004476,PO-0005490,2025-04-15,500
GR-0004477,PO-0005491,2024-09-06,500
GR-0004478,PO-0005492,2024-03-28,500
GR-0004479,PO-0005493,2024-09-25,200
GR-0004480,PO-0005495,2024-07-31,100
GR-0004481,PO-0005497,2026-04-26,1000
GR-0004482,PO-0005499,2024-04-29,100
GR-0004483,PO-0005501,2024-05-05,50
GR-0004484,PO-0005503,2026-06-03,478
GR-0004485,PO-0005504,2026-06-19,50
GR-0004486,PO-0005505,2025-04-25,200
GR-0004487,PO-0005506,2024-02-27,100
GR-0004488,PO-0005508,2025-03-30,1000
GR-0004489,PO-0005509,2024-07-20,50
GR-0004490,PO-0005510,2024-06-28,50
GR-0004491,PO-0005511,2024-09-19,100
GR-0004492,PO-0005512,2024-12-16,500
GR-0004493,PO-0005513,2024-05-19,100
GR-0004494,PO-0005514,2025-06-10,100
GR-0004495,PO-0005515,2025-03-27,500
GR-0004496,PO-0005518,2025-07-18,500
GR-0004497,PO-0005519,2024-08-30,1000
GR-0004498,PO-0005520,2025-09-18,100
GR-0004499,PO-0005521,2024-10-19,1000
GR-0004500,PO-0005523,2025-12-15,500
GR-0004501,PO-0005525,2025-03-17,200
GR-0004502,PO-0005526,2026-05-18,200
GR-0004503,PO-0005527,2026-03-17,1000
GR-0004504,PO-0005528,2026-05-17,200
GR-0004505,PO-0005529,2024-04-28,1000
GR-0004506,PO-0005531,2025-06-11,50
GR-0004507,PO-0005532,2024-07-26,50
GR-0004508,PO-0005533,2025-12-23,200
GR-0004509,PO-0005534,2026-04-11,1000
GR-0004510,PO-0005537,2026-03-14,50
GR-0004511,PO-0005538,2024-02-25,200
GR-0004512,PO-0005539,2026-04-03,100
GR-0004513,PO-0005540,2025-07-04,1000
GR-0004514,PO-0005541,2024-12-20,1000
GR-0004515,PO-0005543,2026-03-22,200
GR-0004516,PO-0005544,2025-06-01,50
GR-0004517,PO-0005545,2025-06-06,50
GR-0004518,PO-0005546,2024-10-06,50
GR-0004519,PO-0005547,2025-04-04,1000
GR-0004520,PO-0005548,2024-04-07,100
GR-0004521,PO-0005549,2025-06-23,43
GR-0004522,PO-0005550,2025-03-14,1000
GR-0004523,PO-0005552,2024-08-26,50
GR-0004524,PO-0005553,2025-01-24,500
GR-0004525,PO-0005554,2025-05-07,200
GR-0004526,PO-0005555,2025-05-01,200
GR-0004527,PO-0005557,2025-01-10,100
GR-0004528,PO-0005558,2026-06-02,200
GR-0004529,PO-0005559,2025-11-24,100
GR-0004530,PO-0005560,2024-03-16,50
GR-0004531,PO-0005561,2025-01-05,154
GR-0004532,PO-0005562,2025-02-02,100
GR-0004533,PO-0005563,2024-06-22,50
GR-0004534,PO-0005564,2025-09-23,200
GR-0004535,PO-0005566,2025-01-01,100
GR-0004536,PO-0005567,2024-05-18,1000
GR-0004537,PO-0005569,2026-04-16,100
GR-0004538,PO-0005572,2025-07-10,1000
GR-0004539,PO-0005573,2024-04-03,500
GR-0004540,PO-0005574,2026-06-01,100
GR-0004541,PO-0005575,2025-01-27,100
GR-0004542,PO-0005576,2025-09-24,500
GR-0004543,PO-0005577,2024-10-21,40
GR-0004544,PO-0005579,2025-05-29,200
GR-0004545,PO-0005580,2024-09-06,1000
GR-0004546,PO-0005581,2024-07-02,50
GR-0004547,PO-0005582,2025-01-24,200
GR-0004548,PO-0005583,2024-04-23,764
GR-0004549,PO-0005584,2026-03-16,200
GR-0004550,PO-0005585,2026-01-19,500
GR-0004551,PO-0005586,2024-09-28,100
GR-0004552,PO-0005587,2024-11-25,77
GR-0004553,PO-0005588,2024-07-09,500
GR-0004554,PO-0005589,2025-09-11,200
GR-0004555,PO-0005590,2025-10-10,200
GR-0004556,PO-0005591,2026-02-20,100
GR-0004557,PO-0005592,2026-02-25,78
GR-0004558,PO-0005593,2024-07-24,100
GR-0004559,PO-0005594,2025-06-01,500
GR-0004560,PO-0005595,2024-03-30,200
GR-0004561,PO-0005596,2024-04-28,100
GR-0004562,PO-0005597,2024-06-10,100
GR-0004563,PO-0005598,2025-12-09,196
GR-0004564,PO-0005599,2025-04-11,500
GR-0004565,PO-0005600,2024-09-26,166
GR-0004566,PO-0005601,2026-04-19,100
GR-0004567,PO-0005602,2026-03-17,1000
GR-0004568,PO-0005603,2025-06-14,500
GR-0004569,PO-0005607,2024-09-10,500
GR-0004570,PO-0005608,2024-01-25,1000
GR-0004571,PO-0005610,2025-06-05,1000
GR-0004572,PO-0005612,2024-05-20,149
GR-0004573,PO-0005613,2025-05-11,200
GR-0004574,PO-0005614,2024-01-26,50
GR-0004575,PO-0005615,2025-12-19,500
GR-0004576,PO-0005617,2024-12-13,1000
GR-0004577,PO-0005618,2026-05-31,200
GR-0004578,PO-0005619,2024-06-13,500
GR-0004579,PO-0005620,2024-08-02,50
GR-0004580,PO-0005621,2024-11-02,45
GR-0004581,PO-0005622,2024-08-29,50
GR-0004582,PO-0005623,2026-03-29,500
GR-0004583,PO-0005624,2025-09-13,200
GR-0004584,PO-0005625,2024-08-05,100
GR-0004585,PO-0005626,2025-05-03,100
GR-0004586,PO-0005628,2025-12-09,1000
GR-0004587,PO-0005634,2025-08-15,1000
GR-0004588,PO-0005635,2025-01-19,1000
GR-0004589,PO-0005636,2024-05-12,39
GR-0004590,PO-0005637,2025-07-11,500
GR-0004591,PO-0005638,2024-12-27,100
GR-0004592,PO-0005639,2025-05-04,200
GR-0004593,PO-0005641,2025-08-21,50
GR-0004594,PO-0005642,2024-04-26,1000
GR-0004595,PO-0005643,2025-04-25,893
GR-0004596,PO-0005645,2026-04-07,500
GR-0004597,PO-0005647,2024-02-16,1000
GR-0004598,PO-0005648,2025-02-26,100
GR-0004599,PO-0005649,2025-03-18,50
GR-0004600,PO-0005650,2026-06-07,1000
GR-0004601,PO-0005652,2024-04-16,100
GR-0004602,PO-0005653,2026-03-07,1000
GR-0004603,PO-0005654,2026-02-02,500
GR-0004604,PO-0005655,2024-10-22,500
GR-0004605,PO-0005656,2024-03-05,50
GR-0004606,PO-0005657,2024-12-11,100
GR-0004607,PO-0005658,2026-06-13,500
GR-0004608,PO-0005659,2025-05-25,500
GR-0004609,PO-0005660,2025-03-03,1000
GR-0004610,PO-0005661,2024-04-14,200
GR-0004611,PO-0005662,2024-04-19,200
GR-0004612,PO-0005663,2024-10-09,1000
GR-0004613,PO-0005665,2026-04-29,100
GR-0004614,PO-0005666,2024-06-08,50
GR-0004615,PO-0005667,2025-01-20,500
GR-0004616,PO-0005668,2026-03-13,500
GR-0004617,PO-0005669,2025-04-25,1000
GR-0004618,PO-0005670,2024-12-31,187
GR-0004619,PO-0005672,2026-01-22,500
GR-0004620,PO-0005673,2024-02-06,1000
GR-0004621,PO-0005674,2025-10-10,500
GR-0004622,PO-0005675,2025-09-09,1000
GR-0004623,PO-0005677,2025-01-23,200
GR-0004624,PO-0005678,2026-01-24,50
GR-0004625,PO-0005679,2025-06-01,100
GR-0004626,PO-0005681,2025-09-05,50
GR-0004627,PO-0005682,2024-04-18,100
GR-0004628,PO-0005684,2024-11-10,50
GR-0004629,PO-0005685,2025-07-22,500
GR-0004630,PO-0005686,2024-04-21,160
GR-0004631,PO-0005687,2025-07-13,100
GR-0004632,PO-0005688,2025-04-28,48
GR-0004633,PO-0005689,2025-04-16,100
GR-0004634,PO-0005690,2026-02-16,1000
GR-0004635,PO-0005692,2024-04-16,50
GR-0004636,PO-0005694,2024-11-27,500
GR-0004637,PO-0005695,2026-04-25,1000
GR-0004638,PO-0005696,2025-04-26,100
GR-0004639,PO-0005698,2026-04-29,50
GR-0004640,PO-0005699,2026-01-05,83
GR-0004641,PO-0005700,2024-06-13,50
GR-0004642,PO-0005701,2026-02-12,389
GR-0004643,PO-0005702,2024-08-07,100
GR-0004644,PO-0005703,2024-08-24,200
GR-0004645,PO-0005704,2025-02-27,100
GR-0004646,PO-0005705,2025-06-27,200
GR-0004647,PO-0005707,2024-06-20,200
GR-0004648,PO-0005708,2026-02-27,849
GR-0004649,PO-0005709,2025-11-08,1000
GR-0004650,PO-0005711,2025-05-05,500
GR-0004651,PO-0005713,2026-03-12,500
GR-0004652,PO-0005714,2024-03-22,398
GR-0004653,PO-0005715,2025-09-16,50
GR-0004654,PO-0005716,2026-01-19,100
GR-0004655,PO-0005717,2025-10-13,200
GR-0004656,PO-0005719,2025-11-11,100
GR-0004657,PO-0005720,2025-08-23,1000
GR-0004658,PO-0005721,2024-09-28,1000
GR-0004659,PO-0005723,2025-10-06,50
GR-0004660,PO-0005725,2024-04-13,35
GR-0004661,PO-0005726,2025-03-28,200
GR-0004662,PO-0005727,2024-08-24,500
GR-0004663,PO-0005728,2026-03-23,1000
GR-0004664,PO-0005729,2024-01-27,50
GR-0004665,PO-0005730,2025-03-05,1000
GR-0004666,PO-0005731,2025-08-19,200
GR-0004667,PO-0005732,2024-09-03,1000
GR-0004668,PO-0005733,2025-04-26,100
GR-0004669,PO-0005735,2024-11-25,500
GR-0004670,PO-0005736,2025-12-16,50
GR-0004671,PO-0005737,2024-09-30,100
GR-0004672,PO-0005739,2024-05-02,200
GR-0004673,PO-0005740,2025-06-01,161
GR-0004674,PO-0005741,2025-06-19,500
GR-0004675,PO-0005742,2025-01-26,1000
GR-0004676,PO-0005743,2024-10-02,100
GR-0004677,PO-0005744,2026-02-11,200
GR-0004678,PO-0005745,2024-12-28,50
GR-0004679,PO-0005746,2025-11-11,200
GR-0004680,PO-0005747,2024-10-29,50
GR-0004681,PO-0005748,2024-08-30,1000
GR-0004682,PO-0005749,2025-08-15,100
GR-0004683,PO-0005751,2025-11-04,100
GR-0004684,PO-0005753,2024-10-14,50
GR-0004685,PO-0005754,2026-04-23,200
GR-0004686,PO-0005755,2024-11-28,500
GR-0004687,PO-0005756,2025-07-08,100
GR-0004688,PO-0005758,2025-12-18,1000
GR-0004689,PO-0005760,2025-07-15,200
GR-0004690,PO-0005761,2025-03-05,500
GR-0004691,PO-0005762,2024-06-12,200
GR-0004692,PO-0005763,2025-08-22,1000
GR-0004693,PO-0005764,2024-11-12,500
GR-0004694,PO-0005765,2025-03-22,393
GR-0004695,PO-0005766,2026-02-22,500
GR-0004696,PO-0005767,2025-03-26,878
GR-0004697,PO-0005769,2026-02-26,100
GR-0004698,PO-0005770,2025-04-23,1000
GR-0004699,PO-0005771,2024-12-15,200
GR-0004700,PO-0005772,2025-08-14,100
GR-0004701,PO-0005773,2024-11-22,500
GR-0004702,PO-0005775,2025-11-28,1000
GR-0004703,PO-0005776,2024-06-28,50
GR-0004704,PO-0005777,2024-07-21,100
GR-0004705,PO-0005778,2024-09-22,500
GR-0004706,PO-0005779,2024-08-02,50
GR-0004707,PO-0005780,2025-10-27,500
GR-0004708,PO-0005781,2024-05-17,500
GR-0004709,PO-0005782,2025-12-27,45
GR-0004710,PO-0005783,2025-03-09,200
GR-0004711,PO-0005784,2024-11-08,200
GR-0004712,PO-0005786,2024-12-14,500
GR-0004713,PO-0005787,2024-04-20,1000
GR-0004714,PO-0005788,2024-04-12,50
GR-0004715,PO-0005790,2024-11-01,1000
GR-0004716,PO-0005792,2024-08-27,100
GR-0004717,PO-0005793,2026-03-05,200
GR-0004718,PO-0005794,2024-04-23,100
GR-0004719,PO-0005795,2024-11-14,100
GR-0004720,PO-0005796,2024-05-24,50
GR-0004721,PO-0005797,2025-05-15,1000
GR-0004722,PO-0005799,2024-07-18,500
GR-0004723,PO-0005800,2025-10-03,1000
GR-0004724,PO-0005801,2024-11-28,50
GR-0004725,PO-0005802,2026-03-22,50
GR-0004726,PO-0005803,2025-06-25,165
GR-0004727,PO-0005804,2026-03-25,500
GR-0004728,PO-0005806,2025-05-03,500
GR-0004729,PO-0005807,2024-10-15,200
GR-0004730,PO-0005809,2026-02-19,100
GR-0004731,PO-0005810,2025-08-18,100
GR-0004732,PO-0005812,2025-08-05,50
GR-0004733,PO-0005813,2024-08-08,200
GR-0004734,PO-0005814,2025-05-18,50
GR-0004735,PO-0005817,2025-03-16,100
GR-0004736,PO-0005818,2025-05-19,1000
GR-0004737,PO-0005820,2024-06-25,1000
GR-0004738,PO-0005821,2026-01-18,500
GR-0004739,PO-0005823,2024-10-27,1000
GR-0004740,PO-0005824,2025-05-06,200
GR-0004741,PO-0005825,2026-03-06,50
GR-0004742,PO-0005826,2024-10-12,200
GR-0004743,PO-0005828,2024-06-22,50
GR-0004744,PO-0005829,2025-08-08,1000
GR-0004745,PO-0005831,2025-10-09,100
GR-0004746,PO-0005832,2026-01-02,200
GR-0004747,PO-0005833,2025-02-26,500
GR-0004748,PO-0005834,2024-10-30,100
GR-0004749,PO-0005835,2026-01-23,500
GR-0004750,PO-0005836,2025-04-03,500
GR-0004751,PO-0005837,2025-01-28,100
GR-0004752,PO-0005838,2024-05-31,500
GR-0004753,PO-0005839,2024-11-13,75
GR-0004754,PO-0005840,2024-09-13,500
GR-0004755,PO-0005841,2024-08-29,100
GR-0004756,PO-0005842,2026-03-10,144
GR-0004757,PO-0005843,2025-05-12,200
GR-0004758,PO-0005844,2024-07-24,50
GR-0004759,PO-0005845,2026-04-13,200
GR-0004760,PO-0005846,2025-03-11,200
GR-0004761,PO-0005847,2025-12-04,500
GR-0004762,PO-0005848,2026-02-13,100
GR-0004763,PO-0005849,2025-06-02,200
GR-0004764,PO-0005851,2024-04-17,1000
GR-0004765,PO-0005852,2026-01-07,100
GR-0004766,PO-0005853,2024-09-02,50
GR-0004767,PO-0005854,2024-11-27,78
GR-0004768,PO-0005856,2025-04-03,50
GR-0004769,PO-0005857,2026-02-26,50
GR-0004770,PO-0005859,2026-05-20,44
GR-0004771,PO-0005860,2025-01-16,50
GR-0004772,PO-0005861,2024-05-12,72
GR-0004773,PO-0005862,2024-01-27,176
GR-0004774,PO-0005866,2026-02-28,1000
GR-0004775,PO-0005867,2025-11-11,500
GR-0004776,PO-0005869,2024-04-14,200
GR-0004777,PO-0005870,2024-02-06,500
GR-0004778,PO-0005871,2026-02-25,200
GR-0004779,PO-0005872,2026-02-27,1000
GR-0004780,PO-0005873,2024-09-24,500
GR-0004781,PO-0005874,2024-02-12,200
GR-0004782,PO-0005875,2025-03-28,500
GR-0004783,PO-0005876,2024-03-17,200
GR-0004784,PO-0005878,2026-05-08,500
GR-0004785,PO-0005881,2024-08-23,200
GR-0004786,PO-0005882,2026-05-15,100
GR-0004787,PO-0005883,2024-08-10,100
GR-0004788,PO-0005884,2024-11-10,200
GR-0004789,PO-0005885,2025-11-10,100
GR-0004790,PO-0005886,2026-04-29,500
GR-0004791,PO-0005888,2026-04-19,200
GR-0004792,PO-0005889,2025-01-19,97
GR-0004793,PO-0005890,2025-09-05,200
GR-0004794,PO-0005892,2025-10-05,100
GR-0004795,PO-0005893,2024-12-07,100
GR-0004796,PO-0005894,2025-10-10,50
GR-0004797,PO-0005895,2024-11-19,50
GR-0004798,PO-0005896,2024-07-02,200
GR-0004799,PO-0005897,2024-08-30,1000
GR-0004800,PO-0005898,2026-01-08,100
GR-0004801,PO-0005899,2024-07-07,500
GR-0004802,PO-0005901,2024-04-28,1000
GR-0004803,PO-0005902,2025-07-22,100
GR-0004804,PO-0005903,2026-01-28,719
GR-0004805,PO-0005904,2026-05-28,500
GR-0004806,PO-0005905,2025-06-26,200
GR-0004807,PO-0005906,2025-04-25,500
GR-0004808,PO-0005907,2025-06-02,1000
GR-0004809,PO-0005908,2024-03-18,1000
GR-0004810,PO-0005909,2026-04-30,500
GR-0004811,PO-0005910,2025-03-20,200
GR-0004812,PO-0005911,2024-06-01,1000
GR-0004813,PO-0005912,2026-03-20,50
GR-0004814,PO-0005913,2024-09-17,50
GR-0004815,PO-0005914,2024-10-17,79
GR-0004816,PO-0005915,2025-08-08,200
GR-0004817,PO-0005916,2025-02-19,200
GR-0004818,PO-0005917,2024-04-28,200
GR-0004819,PO-0005918,2026-05-21,1000
GR-0004820,PO-0005919,2025-08-27,100
GR-0004821,PO-0005920,2025-09-01,500
GR-0004822,PO-0005921,2024-08-03,200
GR-0004823,PO-0005922,2025-02-19,1000
GR-0004824,PO-0005924,2025-10-25,50
GR-0004825,PO-0005925,2026-06-21,1000
GR-0004826,PO-0005926,2026-01-06,1000
GR-0004827,PO-0005927,2024-12-21,500
GR-0004828,PO-0005928,2025-03-04,100
GR-0004829,PO-0005929,2025-07-06,500
GR-0004830,PO-0005930,2025-09-18,500
GR-0004831,PO-0005931,2024-05-31,200
GR-0004832,PO-0005932,2025-07-03,100
GR-0004833,PO-0005933,2024-06-27,1000
GR-0004834,PO-0005934,2024-03-21,500
GR-0004835,PO-0005935,2024-11-02,50
GR-0004836,PO-0005936,2026-05-02,50
GR-0004837,PO-0005937,2025-06-10,200
GR-0004838,PO-0005938,2026-03-16,1000
GR-0004839,PO-0005939,2024-05-22,200
GR-0004840,PO-0005940,2025-02-14,500
GR-0004841,PO-0005943,2025-08-24,100
GR-0004842,PO-0005944,2025-02-16,200
GR-0004843,PO-0005945,2024-09-27,100
GR-0004844,PO-0005946,2025-07-25,100
GR-0004845,PO-0005947,2024-04-15,100
GR-0004846,PO-0005948,2026-03-08,500
GR-0004847,PO-0005950,2024-09-07,50
GR-0004848,PO-0005951,2026-01-23,75
GR-0004849,PO-0005952,2026-05-29,1000
GR-0004850,PO-0005953,2024-11-06,500
GR-0004851,PO-0005955,2025-10-27,50
GR-0004852,PO-0005956,2025-07-09,200
GR-0004853,PO-0005957,2026-04-07,100
GR-0004854,PO-0005958,2025-01-12,500
GR-0004855,PO-0005959,2026-03-15,1000
GR-0004856,PO-0005961,2025-05-14,100
GR-0004857,PO-0005962,2024-07-04,500
GR-0004858,PO-0005963,2026-02-24,100
GR-0004859,PO-0005964,2025-07-02,100
GR-0004860,PO-0005965,2026-02-12,1000
GR-0004861,PO-0005966,2025-12-23,50
GR-0004862,PO-0005967,2024-04-24,100
GR-0004863,PO-0005968,2024-02-16,100
GR-0004864,PO-0005969,2024-11-25,500
GR-0004865,PO-0005970,2025-01-06,1000
GR-0004866,PO-0005971,2026-02-20,70
GR-0004867,PO-0005972,2025-06-25,200
GR-0004868,PO-0005973,2026-01-17,200
GR-0004869,PO-0005974,2025-01-05,500
GR-0004870,PO-0005975,2024-10-20,50
GR-0004871,PO-0005976,2026-05-15,50
GR-0004872,PO-0005977,2024-12-20,1000
GR-0004873,PO-0005978,2025-09-25,1000
GR-0004874,PO-0005979,2024-05-20,200
GR-0004875,PO-0005980,2024-05-13,100
GR-0004876,PO-0005982,2026-05-25,500
GR-0004877,PO-0005983,2026-01-28,1000
GR-0004878,PO-0005984,2025-09-09,200
GR-0004879,PO-0005985,2025-01-07,500
GR-0004880,PO-0005986,2025-09-01,1000
GR-0004881,PO-0005987,2026-03-13,50
GR-0004882,PO-0005988,2026-03-28,500
GR-0004883,PO-0005990,2025-09-27,100
GR-0004884,PO-0005991,2025-06-08,50
GR-0004885,PO-0005992,2024-10-01,500
GR-0004886,PO-0005993,2025-12-11,100
GR-0004887,PO-0005994,2026-02-18,100
GR-0004888,PO-0005995,2025-11-03,414
GR-0004889,PO-0005996,2024-08-02,500
GR-0004890,PO-0005997,2025-05-27,50
GR-0004891,PO-0005998,2025-01-20,500
GR-0004892,PO-0005999,2025-03-20,500
GR-0004893,PO-0006000,2024-09-21,988
GR-0004894,PO-0006001,2025-03-26,908
GR-0004895,PO-0006002,2026-03-22,200
GR-0004896,PO-0006004,2025-04-09,500
GR-0004897,PO-0006005,2024-04-02,50
GR-0004898,PO-0006006,2024-06-15,200
GR-0004899,PO-0006008,2024-04-16,50
GR-0004900,PO-0006009,2026-01-10,100
GR-0004901,PO-0006010,2026-04-08,1000
GR-0004902,PO-0006011,2024-06-09,1000
GR-0004903,PO-0006012,2025-08-07,85
GR-0004904,PO-0006013,2025-11-22,100
GR-0004905,PO-0006014,2025-11-21,50
GR-0004906,PO-0006015,2025-11-30,1000
GR-0004907,PO-0006016,2025-11-05,1000
GR-0004908,PO-0006017,2025-09-08,812
GR-0004909,PO-0006018,2024-02-23,500
GR-0004910,PO-0006019,2024-09-07,200
GR-0004911,PO-0006020,2025-09-06,100
GR-0004912,PO-0006021,2025-07-08,100
GR-0004913,PO-0006023,2026-01-31,50
GR-0004914,PO-0006024,2025-01-10,200
GR-0004915,PO-0006025,2026-05-30,50
GR-0004916,PO-0006026,2025-05-06,500
GR-0004917,PO-0006027,2025-09-12,1000
GR-0004918,PO-0006028,2024-12-19,500
GR-0004919,PO-0006029,2024-10-13,50
GR-0004920,PO-0006030,2024-07-29,161
GR-0004921,PO-0006031,2026-03-11,500
GR-0004922,PO-0006032,2026-01-16,200
GR-0004923,PO-0006033,2025-03-01,100
GR-0004924,PO-0006035,2024-06-24,500
GR-0004925,PO-0006036,2026-02-08,50
GR-0004926,PO-0006037,2026-03-20,500
GR-0004927,PO-0006038,2024-04-24,200
GR-0004928,PO-0006039,2025-12-08,500
GR-0004929,PO-0006040,2025-08-17,100
GR-0004930,PO-0006041,2026-01-24,50
GR-0004931,PO-0006043,2026-03-31,200
GR-0004932,PO-0006045,2024-07-02,200
GR-0004933,PO-0006047,2024-07-06,500
GR-0004934,PO-0006048,2025-12-25,100
GR-0004935,PO-0006049,2025-12-01,500
GR-0004936,PO-0006050,2026-03-04,200
GR-0004937,PO-0006051,2025-11-24,500
GR-0004938,PO-0006052,2025-05-03,75
GR-0004939,PO-0006053,2026-04-14,1000
GR-0004940,PO-0006054,2025-12-29,100
GR-0004941,PO-0006055,2025-03-05,100
GR-0004942,PO-0006056,2024-11-27,200
GR-0004943,PO-0006058,2024-04-27,200
GR-0004944,PO-0006059,2025-06-23,100
GR-0004945,PO-0006062,2025-05-12,50
GR-0004946,PO-0006063,2024-06-17,200
GR-0004947,PO-0006065,2024-12-17,500
GR-0004948,PO-0006066,2024-03-12,1000
GR-0004949,PO-0006067,2025-10-18,200
GR-0004950,PO-0006069,2025-03-19,50
GR-0004951,PO-0006070,2025-07-18,50
GR-0004952,PO-0006071,2026-03-29,500
GR-0004953,PO-0006074,2026-01-25,50
GR-0004954,PO-0006075,2025-07-20,200
GR-0004955,PO-0006076,2024-02-24,1000
GR-0004956,PO-0006077,2025-08-30,200
GR-0004957,PO-0006078,2024-12-30,1000
GR-0004958,PO-0006079,2025-12-18,50
GR-0004959,PO-0006080,2025-09-13,50
GR-0004960,PO-0006083,2024-04-01,50
GR-0004961,PO-0006088,2025-08-05,1000
GR-0004962,PO-0006089,2025-12-09,50
GR-0004963,PO-0006090,2024-03-01,100
GR-0004964,PO-0006091,2025-05-11,500
GR-0004965,PO-0006092,2025-12-10,100
GR-0004966,PO-0006093,2024-10-10,50
GR-0004967,PO-0006094,2024-07-20,200
GR-0004968,PO-0006095,2025-09-06,50
GR-0004969,PO-0006096,2025-12-31,200
GR-0004970,PO-0006097,2025-03-19,1000
GR-0004971,PO-0006098,2026-03-04,50
GR-0004972,PO-0006099,2024-09-10,1000
GR-0004973,PO-0006100,2026-03-14,100
GR-0004974,PO-0006101,2026-04-24,100
GR-0004975,PO-0006102,2026-03-26,100
GR-0004976,PO-0006103,2026-02-07,1000
GR-0004977,PO-0006104,2024-03-08,1000
GR-0004978,PO-0006105,2025-09-25,50
GR-0004979,PO-0006107,2025-07-05,50
GR-0004980,PO-0006108,2025-06-04,100
GR-0004981,PO-0006109,2024-10-22,500
GR-0004982,PO-0006110,2026-01-22,50
GR-0004983,PO-0006111,2025-12-04,918
GR-0004984,PO-0006112,2024-12-06,165
GR-0004985,PO-0006113,2025-03-17,500
GR-0004986,PO-0006114,2024-02-25,1000
GR-0004987,PO-0006115,2024-09-22,1000
GR-0004988,PO-0006116,2025-10-19,200
GR-0004989,PO-0006117,2024-05-27,404
GR-0004990,PO-0006118,2025-04-16,381
GR-0004991,PO-0006119,2024-05-30,500
GR-0004992,PO-0006120,2025-08-30,50
GR-0004993,PO-0006121,2024-07-12,1000
GR-0004994,PO-0006122,2026-04-19,200
GR-0004995,PO-0006124,2024-08-23,1000
GR-0004996,PO-0006125,2024-05-04,200
GR-0004997,PO-0006126,2025-05-29,200
GR-0004998,PO-0006128,2025-08-19,500
GR-0004999,PO-0006129,2025-01-31,892
GR-0005000,PO-0006130,2026-01-24,200
GR-0005001,PO-0006131,2025-08-31,1000
GR-0005002,PO-0006133,2025-05-06,1000
GR-0005003,PO-0006135,2025-11-29,867
GR-0005004,PO-0006136,2025-03-08,200
GR-0005005,PO-0006137,2026-03-26,50
GR-0005006,PO-0006139,2024-07-13,500
GR-0005007,PO-0006140,2025-09-08,100
GR-0005008,PO-0006141,2025-12-14,1000
GR-0005009,PO-0006142,2026-01-02,1000
GR-0005010,PO-0006143,2025-01-09,1000
GR-0005011,PO-0006144,2024-10-08,50
GR-0005012,PO-0006145,2025-02-15,1000
GR-0005013,PO-0006146,2025-04-07,1000
GR-0005014,PO-0006147,2024-01-30,50
GR-0005015,PO-0006148,2025-02-09,500
GR-0005016,PO-0006150,2024-07-27,1000
GR-0005017,PO-0006151,2025-07-15,200
GR-0005018,PO-0006152,2026-01-31,500
GR-0005019,PO-0006153,2024-05-25,1000
GR-0005020,PO-0006154,2025-05-25,200
GR-0005021,PO-0006156,2024-04-04,50
GR-0005022,PO-0006157,2026-02-09,1000
GR-0005023,PO-0006158,2024-06-30,1000
GR-0005024,PO-0006161,2024-03-15,200
GR-0005025,PO-0006162,2025-06-08,477
GR-0005026,PO-0006163,2026-02-02,500
GR-0005027,PO-0006166,2024-08-02,1000
GR-0005028,PO-0006167,2025-06-16,500
GR-0005029,PO-0006168,2024-03-13,76
GR-0005030,PO-0006169,2025-01-06,1000
GR-0005031,PO-0006170,2025-01-08,500
GR-0005032,PO-0006171,2024-03-27,100
GR-0005033,PO-0006172,2024-12-15,200
GR-0005034,PO-0006173,2025-10-20,500
GR-0005035,PO-0006174,2026-01-07,39
GR-0005036,PO-0006175,2024-12-22,100
GR-0005037,PO-0006177,2024-09-06,200
GR-0005038,PO-0006178,2025-08-03,50
GR-0005039,PO-0006179,2024-03-03,200
GR-0005040,PO-0006180,2026-03-12,1000
GR-0005041,PO-0006181,2025-03-08,50
GR-0005042,PO-0006183,2025-10-18,200
GR-0005043,PO-0006184,2024-11-28,50
GR-0005044,PO-0006185,2025-07-29,862
GR-0005045,PO-0006186,2024-07-24,500
GR-0005046,PO-0006187,2024-04-20,190
GR-0005047,PO-0006188,2026-01-16,200
GR-0005048,PO-0006189,2024-04-29,100
GR-0005049,PO-0006190,2026-05-05,200
GR-0005050,PO-0006192,2026-03-30,50
GR-0005051,PO-0006193,2026-01-22,500
GR-0005052,PO-0006194,2026-03-29,500
GR-0005053,PO-0006195,2024-05-15,200
GR-0005054,PO-0006196,2024-11-13,50
GR-0005055,PO-0006197,2024-10-15,100
GR-0005056,PO-0006198,2026-02-27,50
GR-0005057,PO-0006199,2026-03-30,1000
GR-0005058,PO-0006200,2025-10-01,35
GR-0005059,PO-0006201,2024-11-11,50
GR-0005060,PO-0006204,2026-02-03,500
GR-0005061,PO-0006206,2025-03-28,500
GR-0005062,PO-0006207,2025-04-13,500
GR-0005063,PO-0006208,2024-07-16,200
GR-0005064,PO-0006209,2025-11-01,1000
GR-0005065,PO-0006210,2026-02-09,200
GR-0005066,PO-0006211,2024-09-24,50
GR-0005067,PO-0006212,2026-01-10,200
GR-0005068,PO-0006213,2025-11-13,50
GR-0005069,PO-0006214,2024-04-12,200
GR-0005070,PO-0006215,2024-10-17,200
GR-0005071,PO-0006216,2025-09-23,200
GR-0005072,PO-0006219,2024-05-22,100
GR-0005073,PO-0006220,2025-01-30,500
GR-0005074,PO-0006221,2024-09-04,1000
GR-0005075,PO-0006222,2025-02-18,200
GR-0005076,PO-0006223,2025-01-03,1000
GR-0005077,PO-0006224,2025-03-30,1000
GR-0005078,PO-0006226,2026-01-25,100
GR-0005079,PO-0006227,2025-05-02,200
GR-0005080,PO-0006228,2025-02-03,200
GR-0005081,PO-0006230,2025-06-27,50
GR-0005082,PO-0006232,2024-06-06,500
GR-0005083,PO-0006233,2026-04-18,200
GR-0005084,PO-0006234,2025-11-14,45
GR-0005085,PO-0006235,2026-05-11,1000
GR-0005086,PO-0006236,2025-04-20,500
GR-0005087,PO-0006237,2025-11-17,100
GR-0005088,PO-0006238,2025-08-18,100
GR-0005089,PO-0006239,2024-07-14,500
GR-0005090,PO-0006240,2026-03-08,194
GR-0005091,PO-0006241,2024-06-13,200
GR-0005092,PO-0006242,2025-06-15,500
GR-0005093,PO-0006244,2026-05-10,1000
GR-0005094,PO-0006245,2025-05-13,50
GR-0005095,PO-0006246,2026-05-14,500
GR-0005096,PO-0006247,2026-03-05,200
GR-0005097,PO-0006248,2026-04-03,1000
GR-0005098,PO-0006249,2025-03-15,1000
GR-0005099,PO-0006250,2024-07-31,791
GR-0005100,PO-0006251,2024-05-09,500
GR-0005101,PO-0006252,2025-03-30,500
GR-0005102,PO-0006253,2026-04-12,500
GR-0005103,PO-0006254,2025-09-12,200
GR-0005104,PO-0006255,2024-04-24,50
GR-0005105,PO-0006257,2024-05-05,1000
GR-0005106,PO-0006258,2025-07-09,1000
GR-0005107,PO-0006259,2025-10-15,500
GR-0005108,PO-0006260,2024-01-28,50
GR-0005109,PO-0006261,2024-05-11,200
GR-0005110,PO-0006262,2024-04-08,200
GR-0005111,PO-0006263,2026-03-20,50
GR-0005112,PO-0006264,2025-11-22,1000
GR-0005113,PO-0006266,2024-06-22,100
GR-0005114,PO-0006267,2025-03-07,500
GR-0005115,PO-0006269,2024-06-11,500
GR-0005116,PO-0006270,2024-09-07,100
GR-0005117,PO-0006271,2025-05-30,500
GR-0005118,PO-0006273,2024-03-20,100
GR-0005119,PO-0006274,2025-04-12,1000
GR-0005120,PO-0006275,2024-08-20,1000
GR-0013313,PO-0016361,2024-07-21,1000
GR-0013314,PO-0016362,2025-03-15,500
GR-0013315,PO-0016363,2025-04-24,1000
GR-0013316,PO-0016364,2025-06-03,200
GR-0013317,PO-0016365,2026-04-29,764
GR-0013318,PO-0016367,2024-11-19,187
GR-0013319,PO-0016368,2024-09-17,200
GR-0013320,PO-0016369,2024-09-12,500
GR-0013321,PO-0016370,2025-09-06,500
GR-0013322,PO-0016371,2024-07-26,50
GR-0013323,PO-0016372,2026-02-22,500
GR-0013324,PO-0016373,2024-06-16,100
GR-0013325,PO-0016374,2024-02-21,500
GR-0013326,PO-0016375,2025-09-19,200
GR-0013327,PO-0016376,2025-04-21,500
GR-0013328,PO-0016377,2024-03-28,50
GR-0013329,PO-0016378,2025-09-30,100
GR-0013330,PO-0016379,2025-06-19,50
GR-0013331,PO-0016380,2026-04-25,100
GR-0013332,PO-0016381,2025-04-27,500
GR-0013333,PO-0016382,2025-10-18,200
GR-0013334,PO-0016383,2026-04-21,200
GR-0013335,PO-0016385,2025-01-16,821
GR-0013336,PO-0016386,2026-03-13,50
GR-0013337,PO-0016387,2025-02-08,200
GR-0013338,PO-0016389,2024-07-12,100
GR-0013339,PO-0016392,2026-06-20,50
GR-0013340,PO-0016393,2024-06-02,500
GR-0013341,PO-0016394,2026-04-07,100
GR-0013342,PO-0016395,2026-01-29,1000
GR-0013343,PO-0016397,2025-10-31,100
GR-0013344,PO-0016398,2025-07-17,100
GR-0013345,PO-0016399,2025-12-19,1000
GR-0013346,PO-0016400,2024-09-07,1000
GR-0013347,PO-0016402,2025-11-21,1000
GR-0013348,PO-0016403,2024-10-25,200
GR-0013349,PO-0016404,2025-04-08,1000
GR-0013350,PO-0016405,2025-11-25,200
GR-0013351,PO-0016407,2025-12-28,100
GR-0013352,PO-0016408,2025-02-25,1000
GR-0013353,PO-0016409,2025-01-23,1000
GR-0013354,PO-0016410,2025-11-26,100
GR-0013355,PO-0016411,2024-06-05,200
GR-0013356,PO-0016412,2026-03-27,200
GR-0013357,PO-0016413,2025-06-10,1000
GR-0013358,PO-0016414,2026-02-28,1000
GR-0013359,PO-0016415,2026-05-27,500
GR-0013360,PO-0016416,2026-04-23,1000
GR-0013361,PO-0016417,2024-11-02,100
GR-0013362,PO-0016418,2026-03-05,100
GR-0013363,PO-0016419,2024-08-23,200
GR-0013364,PO-0016420,2024-07-30,500
GR-0013365,PO-0016421,2025-08-03,1000
GR-0013366,PO-0016422,2025-10-27,100
GR-0013367,PO-0016423,2024-12-24,100
GR-0013368,PO-0016424,2025-03-20,1000
GR-0013369,PO-0016425,2024-09-22,200
GR-0013370,PO-0016426,2026-02-23,1000
GR-0013371,PO-0016427,2025-12-18,1000
GR-0013372,PO-0016428,2025-10-14,95
GR-0013373,PO-0016429,2025-08-12,946
GR-0013374,PO-0016430,2024-12-25,500
GR-0013375,PO-0016431,2024-07-06,200
GR-0013376,PO-0016432,2024-09-24,50
GR-0013377,PO-0016433,2026-01-06,200
GR-0013378,PO-0016434,2024-04-24,200
GR-0013379,PO-0016435,2025-08-08,1000
GR-0013380,PO-0016436,2025-03-11,500
GR-0013381,PO-0016437,2025-04-21,500
GR-0013382,PO-0016438,2024-08-18,1000
GR-0013383,PO-0016439,2024-04-18,50
GR-0013384,PO-0016440,2025-01-16,1000
GR-0013385,PO-0016442,2024-09-04,200
GR-0013386,PO-0016443,2024-08-01,1000
GR-0013387,PO-0016444,2024-04-21,100
GR-0013388,PO-0016445,2025-11-18,200
GR-0013389,PO-0016446,2026-03-20,100
GR-0013390,PO-0016447,2025-11-10,500
GR-0013391,PO-0016448,2024-04-07,50
GR-0013392,PO-0016449,2025-04-14,500
GR-0013393,PO-0016450,2024-11-05,200
GR-0013394,PO-0016451,2025-10-09,50
GR-0013395,PO-0016452,2026-03-06,200
GR-0013396,PO-0016454,2024-02-06,50
GR-0013397,PO-0016455,2024-05-21,50
GR-0013398,PO-0016456,2024-12-13,100
GR-0013399,PO-0016457,2025-01-07,500
GR-0013400,PO-0016458,2025-07-30,500
GR-0013401,PO-0016459,2025-01-29,200
GR-0013402,PO-0016460,2024-07-13,200
GR-0013403,PO-0016461,2024-05-25,100
GR-0013404,PO-0016462,2025-11-19,50
GR-0013405,PO-0016465,2024-04-05,200
GR-0013406,PO-0016467,2024-12-29,500
GR-0013407,PO-0016468,2026-02-17,50
GR-0013408,PO-0016469,2026-05-27,500
GR-0013409,PO-0016471,2024-03-27,200
GR-0013410,PO-0016472,2026-03-03,500
GR-0013411,PO-0016473,2026-04-13,1000
GR-0013412,PO-0016474,2024-12-09,1000
GR-0013413,PO-0016475,2025-09-14,100
GR-0013414,PO-0016477,2025-09-22,50
GR-0013415,PO-0016479,2025-05-18,500
GR-0013416,PO-0016480,2024-08-22,100
GR-0013417,PO-0016481,2024-10-06,1000
GR-0013418,PO-0016482,2026-02-26,200
GR-0013419,PO-0016483,2026-02-06,200
GR-0013420,PO-0016485,2024-03-11,100
GR-0013421,PO-0016486,2025-05-15,500
GR-0013422,PO-0016487,2024-11-03,200
GR-0013423,PO-0016488,2024-08-05,50
GR-0013424,PO-0016489,2024-12-27,100
GR-0013425,PO-0016490,2025-09-22,1000
GR-0013426,PO-0016491,2024-07-18,50
GR-0013427,PO-0016492,2024-04-08,50
GR-0013428,PO-0016495,2024-02-28,500
GR-0013429,PO-0016496,2024-09-21,50
GR-0013430,PO-0016497,2026-01-17,500
GR-0013431,PO-0016498,2025-12-16,1000
GR-0013432,PO-0016499,2024-01-20,1000
GR-0013433,PO-0016501,2024-11-15,500
GR-0013434,PO-0016503,2026-04-06,175
GR-0013435,PO-0016504,2025-01-26,200
GR-0013436,PO-0016505,2026-04-09,100
GR-0013437,PO-0016506,2026-02-20,100
GR-0013438,PO-0016507,2025-05-27,100
GR-0013439,PO-0016508,2025-01-13,1000
GR-0013440,PO-0016509,2026-05-01,500
GR-0013441,PO-0016510,2025-04-14,50
GR-0013442,PO-0016511,2025-11-21,100
GR-0013443,PO-0016512,2026-04-05,200
GR-0013444,PO-0016513,2024-11-13,100
GR-0013445,PO-0016514,2024-07-08,50
GR-0013446,PO-0016515,2025-08-27,100
GR-0013447,PO-0016516,2025-03-15,200
GR-0013448,PO-0016517,2026-02-15,1000
GR-0013449,PO-0016518,2025-10-27,50
GR-0013450,PO-0016521,2025-10-12,200
GR-0013451,PO-0016522,2024-07-30,100
GR-0013452,PO-0016523,2025-11-04,500
GR-0013453,PO-0016524,2024-04-13,378
GR-0013454,PO-0016525,2024-04-06,50
GR-0013455,PO-0016527,2024-06-30,100
GR-0013456,PO-0016528,2025-10-29,200
GR-0013457,PO-0016529,2025-09-20,100
GR-0013458,PO-0016531,2025-12-30,1000
GR-0013459,PO-0016532,2025-01-17,100
GR-0013460,PO-0016533,2026-04-17,1000
GR-0013461,PO-0016534,2024-05-16,1000
GR-0013462,PO-0016536,2024-08-21,200
GR-0013463,PO-0016537,2024-03-23,50
GR-0013464,PO-0016538,2026-04-04,100
GR-0013465,PO-0016539,2026-01-09,50
GR-0013466,PO-0016540,2025-05-12,50
GR-0013467,PO-0016541,2025-03-09,50
GR-0013468,PO-0016542,2024-09-02,85
GR-0013469,PO-0016543,2025-05-30,200
GR-0013470,PO-0016544,2025-07-08,50
GR-0013471,PO-0016545,2024-09-06,500
GR-0013472,PO-0016546,2025-05-04,500
GR-0013473,PO-0016548,2024-06-14,200
GR-0013474,PO-0016549,2025-09-17,200
GR-0013475,PO-0016551,2025-03-04,200
GR-0013476,PO-0016553,2025-05-16,500
GR-0013477,PO-0016554,2025-10-22,500
GR-0013478,PO-0016555,2025-12-23,500
GR-0013479,PO-0016556,2025-10-09,500
GR-0013480,PO-0016557,2026-04-24,1000
GR-0013481,PO-0016558,2024-05-13,50
GR-0013482,PO-0016559,2025-03-18,200
GR-0013483,PO-0016560,2024-12-12,50
GR-0013484,PO-0016562,2025-08-05,500
GR-0013485,PO-0016563,2024-07-14,1000
GR-0013486,PO-0016564,2026-04-21,38
GR-0013487,PO-0016565,2024-10-15,1000
GR-0013488,PO-0016567,2024-11-21,500
GR-0013489,PO-0016568,2024-11-04,100
GR-0013490,PO-0016569,2025-10-23,1000
GR-0013491,PO-0016570,2024-10-04,1000
GR-0013492,PO-0016571,2024-04-18,50
GR-0013493,PO-0016573,2024-11-25,1000
GR-0013494,PO-0016574,2025-11-17,1000
GR-0013495,PO-0016575,2026-04-25,1000
GR-0013496,PO-0016576,2025-03-30,1000
GR-0013497,PO-0016577,2026-01-28,735
GR-0013498,PO-0016578,2024-05-03,100
GR-0013499,PO-0016580,2026-01-16,1000
GR-0013500,PO-0016581,2025-01-07,50
GR-0013501,PO-0016583,2025-04-27,48
GR-0013502,PO-0016584,2026-02-05,500
GR-0013503,PO-0016587,2025-02-25,200
GR-0013504,PO-0016588,2025-07-21,100
GR-0013505,PO-0016589,2026-01-21,50
GR-0013506,PO-0016592,2025-02-23,442
GR-0013507,PO-0016593,2026-01-04,100
GR-0013508,PO-0016595,2025-04-15,816
GR-0013509,PO-0016596,2026-05-14,200
GR-0013510,PO-0016597,2025-09-02,50
GR-0013511,PO-0016598,2025-12-14,1000
GR-0013512,PO-0016599,2025-07-10,200
GR-0013513,PO-0016600,2025-04-20,100
GR-0013514,PO-0016601,2025-12-02,500
GR-0013515,PO-0016602,2024-03-16,200
GR-0013516,PO-0016603,2024-11-21,200
GR-0013517,PO-0016604,2024-12-30,50
GR-0013518,PO-0016605,2024-11-14,50
GR-0013519,PO-0016606,2025-06-05,1000
GR-0013520,PO-0016607,2026-02-17,1000
GR-0013521,PO-0016608,2024-04-02,1000
GR-0013522,PO-0016609,2025-12-20,50
GR-0013523,PO-0016610,2026-01-14,200
GR-0013524,PO-0016611,2025-01-21,200
GR-0013525,PO-0016612,2025-08-30,50
GR-0013526,PO-0016613,2024-06-20,50
GR-0013527,PO-0016614,2025-01-30,100
GR-0013528,PO-0016615,2026-03-22,1000
GR-0013529,PO-0016616,2025-04-27,200
GR-0013530,PO-0016617,2025-02-22,1000
GR-0013531,PO-0016619,2025-10-28,50
GR-0013532,PO-0016621,2025-07-22,100
GR-0013533,PO-0016623,2025-11-02,500
GR-0013534,PO-0016624,2024-11-03,100
GR-0013535,PO-0016626,2025-08-04,100
GR-0013536,PO-0016629,2025-08-09,500
GR-0013537,PO-0016630,2024-06-22,200
GR-0013538,PO-0016631,2024-09-10,1000
GR-0013539,PO-0016632,2025-06-09,200
GR-0013540,PO-0016633,2024-11-13,1000
GR-0013541,PO-0016635,2024-01-20,500
GR-0013542,PO-0016636,2025-04-08,50
GR-0013543,PO-0016637,2025-08-16,500
GR-0013544,PO-0016638,2026-03-07,500
GR-0013545,PO-0016639,2024-12-18,1000
GR-0013546,PO-0016640,2024-10-09,50
GR-0013547,PO-0016641,2024-07-02,500
GR-0013548,PO-0016642,2026-05-03,1000
GR-0013549,PO-0016643,2024-04-25,500
GR-0013550,PO-0016644,2025-04-23,1000
GR-0013551,PO-0016645,2026-03-19,1000
GR-0013552,PO-0016646,2024-04-01,200
GR-0013553,PO-0016647,2026-02-25,100
GR-0013554,PO-0016648,2024-05-17,500
GR-0013555,PO-0016649,2024-10-29,500
GR-0013556,PO-0016650,2024-04-27,200
GR-0013557,PO-0016652,2026-01-19,100
GR-0013558,PO-0016656,2025-09-14,100
GR-0013559,PO-0016657,2025-08-04,100
GR-0013560,PO-0016658,2025-04-03,100
GR-0013561,PO-0016659,2026-03-21,200
GR-0013562,PO-0016660,2026-05-18,500
GR-0013563,PO-0016661,2024-03-06,39
GR-0013564,PO-0016662,2025-09-22,989
GR-0013565,PO-0016663,2024-08-04,500
GR-0013566,PO-0016664,2025-09-02,200
GR-0013567,PO-0016666,2025-05-23,500
GR-0013568,PO-0016667,2024-06-06,200
GR-0013569,PO-0016668,2026-03-31,153
GR-0013570,PO-0016669,2024-05-18,50
GR-0013571,PO-0016670,2024-11-12,500
GR-0013572,PO-0016671,2026-02-24,500
GR-0013573,PO-0016672,2024-10-16,175
GR-0013574,PO-0016673,2026-04-18,500
GR-0013575,PO-0016674,2025-07-03,500
GR-0013576,PO-0016675,2024-12-26,50
GR-0013577,PO-0016676,2025-07-03,50
GR-0013578,PO-0016677,2024-10-22,50
GR-0013579,PO-0016679,2025-12-12,50
GR-0013580,PO-0016680,2025-05-11,500
GR-0013581,PO-0016681,2025-07-17,100
GR-0013582,PO-0016682,2025-05-09,1000
GR-0013583,PO-0016685,2024-09-29,1000
GR-0013584,PO-0016686,2025-02-25,86
GR-0013585,PO-0016689,2026-04-26,1000
GR-0013586,PO-0016690,2025-10-25,50
GR-0013587,PO-0016691,2025-12-02,100
GR-0013588,PO-0016692,2024-10-06,500
GR-0013589,PO-0016693,2025-04-07,100
GR-0013590,PO-0016695,2025-04-22,1000
GR-0013591,PO-0016696,2026-03-26,100
GR-0013592,PO-0016698,2026-02-24,100
GR-0013593,PO-0016699,2024-03-21,200
GR-0013594,PO-0016700,2025-08-05,50
GR-0013595,PO-0016702,2024-05-19,1000
GR-0013596,PO-0016704,2024-11-15,200
GR-0013597,PO-0016706,2025-07-26,100
GR-0013598,PO-0016707,2024-10-25,200
GR-0013599,PO-0016708,2026-04-15,100
GR-0013600,PO-0016709,2024-09-24,50
GR-0013601,PO-0016710,2024-06-05,200
GR-0013602,PO-0016711,2025-10-02,200
GR-0013603,PO-0016712,2025-03-14,500
GR-0013604,PO-0016713,2024-07-25,50
GR-0013605,PO-0016714,2025-08-04,1000
GR-0013606,PO-0016715,2025-06-25,200
GR-0013607,PO-0016716,2024-04-17,50
GR-0013608,PO-0016717,2026-01-23,100
GR-0013609,PO-0016718,2025-12-11,849
GR-0013610,PO-0016719,2025-06-12,1000
GR-0013611,PO-0016720,2025-06-23,76
GR-0013612,PO-0016721,2024-12-22,200
GR-0013613,PO-0016722,2026-06-09,200
GR-0013614,PO-0016723,2024-05-12,50
GR-0013615,PO-0016724,2024-10-30,50
GR-0013616,PO-0016725,2025-07-31,1000
GR-0013617,PO-0016727,2025-11-23,50
GR-0013618,PO-0016728,2024-03-01,50
GR-0013619,PO-0016729,2024-10-22,1000
GR-0013620,PO-0016730,2024-05-18,200
GR-0013621,PO-0016731,2025-07-13,200
GR-0013622,PO-0016732,2026-01-09,500
GR-0013623,PO-0016735,2024-06-16,50
GR-0013624,PO-0016736,2025-10-24,50
GR-0013625,PO-0016737,2025-05-10,100
GR-0013626,PO-0016739,2025-12-04,500
GR-0013627,PO-0016740,2024-07-06,200
GR-0013628,PO-0016741,2025-10-25,50
GR-0013629,PO-0016743,2026-05-18,50
GR-0013630,PO-0016744,2026-04-09,500
GR-0013631,PO-0016745,2026-04-08,1000
GR-0013632,PO-0016746,2024-10-23,50
GR-0013633,PO-0016747,2025-02-01,50
GR-0013634,PO-0016748,2024-05-09,50
GR-0013635,PO-0016749,2025-04-29,50
GR-0013636,PO-0016751,2026-01-20,200
GR-0013637,PO-0016752,2025-02-14,50
GR-0013638,PO-0016753,2025-07-20,500
GR-0013639,PO-0016754,2025-07-21,727
GR-0013640,PO-0016755,2026-02-27,1000
GR-0013641,PO-0016756,2025-03-17,1000
GR-0013642,PO-0016757,2025-04-19,1000
GR-0013643,PO-0016758,2025-11-29,50
GR-0013644,PO-0016759,2025-11-01,500
GR-0013645,PO-0016764,2025-07-22,500
GR-0013646,PO-0016765,2024-12-13,447
GR-0013647,PO-0016767,2024-11-27,50
GR-0013648,PO-0016769,2026-02-02,200
GR-0013649,PO-0016770,2024-10-12,100
GR-0013650,PO-0016771,2025-02-16,100
GR-0013651,PO-0016773,2025-12-05,500
GR-0013652,PO-0016774,2025-09-27,100
GR-0013653,PO-0016775,2024-04-07,500
GR-0013654,PO-0016776,2024-08-03,100
GR-0013655,PO-0016777,2024-06-02,50
GR-0013656,PO-0016778,2026-04-25,200
GR-0013657,PO-0016779,2025-10-08,50
GR-0013658,PO-0016780,2025-02-04,1000
GR-0013659,PO-0016781,2025-04-29,200
GR-0013660,PO-0016782,2024-06-20,716
GR-0013661,PO-0016783,2024-06-05,1000
GR-0013662,PO-0016785,2025-12-08,41
GR-0013663,PO-0016786,2025-01-15,500
GR-0013664,PO-0016788,2024-05-28,500
GR-0013665,PO-0016789,2025-05-24,100
GR-0013666,PO-0016790,2024-07-18,500
GR-0013667,PO-0016791,2025-07-18,500
GR-0013668,PO-0016792,2024-05-04,50
GR-0013669,PO-0016793,2025-01-23,1000
GR-0013670,PO-0016794,2025-01-18,100
GR-0013671,PO-0016795,2025-01-11,1000
GR-0013672,PO-0016797,2025-03-17,200
GR-0013673,PO-0016798,2025-12-08,500
GR-0013674,PO-0016800,2024-09-01,100
GR-0013675,PO-0016801,2026-05-24,455
GR-0013676,PO-0016803,2026-05-08,50
GR-0013677,PO-0016804,2024-03-17,200
GR-0013678,PO-0016805,2024-08-20,1000
GR-0013679,PO-0016807,2024-02-21,50
GR-0013680,PO-0016808,2024-05-18,500
GR-0013681,PO-0016809,2024-09-09,200
GR-0013682,PO-0016810,2024-12-02,200
GR-0013683,PO-0016811,2024-03-28,100
GR-0013684,PO-0016812,2026-02-14,200
GR-0013685,PO-0016813,2024-10-16,50
GR-0013686,PO-0016814,2024-05-05,500
GR-0013687,PO-0016815,2025-10-25,200
GR-0013688,PO-0016816,2024-05-26,200
GR-0013689,PO-0016817,2026-04-15,200
GR-0013690,PO-0016818,2024-03-17,50
GR-0013691,PO-0016819,2024-06-18,1000
GR-0013692,PO-0016820,2025-01-09,100
GR-0013693,PO-0016821,2025-07-24,50
GR-0013694,PO-0016822,2025-05-12,721
GR-0013695,PO-0016823,2024-07-28,50
GR-0013696,PO-0016824,2025-12-29,500
GR-0013697,PO-0016825,2024-02-04,500
GR-0013698,PO-0016826,2025-04-09,100
GR-0013699,PO-0016827,2026-05-01,500
GR-0013700,PO-0016829,2024-09-15,500
GR-0013701,PO-0016830,2024-09-05,100
GR-0013702,PO-0016832,2024-05-18,1000
GR-0013703,PO-0016835,2024-09-29,200
GR-0013704,PO-0016836,2024-08-29,100
GR-0013705,PO-0016837,2025-10-18,100
GR-0013706,PO-0016838,2025-08-14,1000
GR-0013707,PO-0016840,2024-04-17,1000
GR-0013708,PO-0016841,2024-07-22,500
GR-0013709,PO-0016842,2024-07-15,1000
GR-0013710,PO-0016843,2024-03-05,50
GR-0013711,PO-0016844,2025-05-09,100
GR-0013712,PO-0016845,2026-04-02,50
GR-0013713,PO-0016846,2024-02-20,100
GR-0013714,PO-0016847,2025-02-01,50
GR-0013715,PO-0016849,2025-05-21,1000
GR-0013716,PO-0016850,2024-08-11,73
GR-0013717,PO-0016852,2024-07-01,200
GR-0013718,PO-0016853,2025-10-29,1000
GR-0013719,PO-0016854,2025-03-19,200
GR-0013720,PO-0016855,2026-02-24,100
GR-0013721,PO-0016856,2024-05-08,200
GR-0013722,PO-0016858,2024-04-18,500
GR-0013723,PO-0016859,2025-10-25,500
GR-0013724,PO-0016860,2024-12-17,500
GR-0013725,PO-0016861,2025-05-17,1000
GR-0013726,PO-0016862,2026-04-19,200
GR-0013727,PO-0016863,2025-06-28,100
GR-0013728,PO-0016864,2025-02-28,100
GR-0013729,PO-0016865,2025-01-01,100
GR-0013730,PO-0016866,2024-07-20,100
GR-0013731,PO-0016867,2024-07-26,1000
GR-0013732,PO-0016868,2024-07-29,200
GR-0013733,PO-0016869,2024-06-05,200
GR-0013734,PO-0016870,2026-04-08,1000
GR-0013735,PO-0016871,2025-01-22,200
GR-0013736,PO-0016872,2024-08-04,83
GR-0013737,PO-0016873,2024-03-21,200
GR-0013738,PO-0016874,2025-05-25,100
GR-0013739,PO-0016875,2024-07-20,1000
GR-0013740,PO-0016876,2025-01-24,200
GR-0013741,PO-0016877,2024-08-10,50
GR-0013742,PO-0016878,2024-09-29,500
GR-0013743,PO-0016879,2025-10-03,200
GR-0013744,PO-0016880,2025-02-14,500
GR-0013745,PO-0016881,2025-07-10,200
GR-0013746,PO-0016882,2025-06-29,50
GR-0013747,PO-0016883,2024-10-02,200
GR-0013748,PO-0016884,2024-12-01,500
GR-0013749,PO-0016886,2026-03-15,500
GR-0013750,PO-0016887,2025-12-30,200
GR-0013751,PO-0016888,2025-01-11,500
GR-0013752,PO-0016889,2025-06-30,1000
GR-0013753,PO-0016890,2024-03-20,500
GR-0013754,PO-0016891,2025-01-14,1000
GR-0013755,PO-0016892,2025-10-05,1000
GR-0013756,PO-0016893,2024-10-20,1000
GR-0013757,PO-0016896,2025-12-08,200
GR-0013758,PO-0016898,2024-05-18,200
GR-0013759,PO-0016899,2025-02-22,500
GR-0013760,PO-0016902,2024-07-01,200
GR-0013761,PO-0016903,2025-03-04,100
GR-0013762,PO-0016904,2025-12-05,100
GR-0013763,PO-0016906,2024-07-14,500
GR-0013764,PO-0016907,2025-04-09,100
GR-0013765,PO-0016909,2024-07-16,200
GR-0013766,PO-0016910,2026-01-08,500
GR-0013767,PO-0016911,2026-04-02,500
GR-0013768,PO-0016912,2024-04-20,500
GR-0013769,PO-0016913,2025-10-06,100
GR-0013770,PO-0016914,2025-09-18,406
GR-0013771,PO-0016915,2025-03-15,200
GR-0013772,PO-0016916,2025-03-13,500
GR-0013773,PO-0016917,2025-04-05,500
GR-0013774,PO-0016918,2024-08-11,500
GR-0013775,PO-0016920,2025-09-08,100
GR-0013776,PO-0016922,2025-08-02,200
GR-0013777,PO-0016923,2025-03-01,100
GR-0013778,PO-0016925,2024-08-29,184
GR-0013779,PO-0016926,2024-05-07,50
GR-0013780,PO-0016928,2025-12-08,200
GR-0013781,PO-0016929,2025-10-27,1000
GR-0013782,PO-0016930,2026-01-13,1000
GR-0013783,PO-0016931,2025-08-22,200
GR-0013784,PO-0016932,2025-05-28,1000
GR-0013785,PO-0016933,2024-12-24,500
GR-0013786,PO-0016934,2024-01-23,500
GR-0013787,PO-0016935,2024-06-21,100
GR-0013788,PO-0016936,2025-04-15,100
GR-0013789,PO-0016937,2025-04-29,1000
GR-0013790,PO-0016939,2024-03-09,200
GR-0013791,PO-0016940,2024-05-01,100
GR-0013792,PO-0016941,2024-06-21,500
GR-0013793,PO-0016942,2025-11-05,500
GR-0013794,PO-0016943,2025-05-03,50
GR-0013795,PO-0016944,2025-02-18,100
GR-0013796,PO-0016945,2024-09-28,100
GR-0013797,PO-0016946,2025-05-25,50
GR-0013798,PO-0016947,2025-08-29,50
GR-0013799,PO-0016948,2024-05-12,200
GR-0013800,PO-0016949,2024-03-22,37
GR-0013801,PO-0016950,2026-04-04,1000
GR-0013802,PO-0016952,2026-05-11,50
GR-0013803,PO-0016954,2026-02-19,1000
GR-0013804,PO-0016955,2025-12-03,500
GR-0013805,PO-0016956,2025-09-07,100
GR-0013806,PO-0016957,2024-09-20,1000
GR-0013807,PO-0016959,2024-06-22,100
GR-0013808,PO-0016961,2025-11-24,1000
GR-0013809,PO-0016962,2025-11-11,50
GR-0013810,PO-0016963,2025-11-14,1000
GR-0013811,PO-0016964,2024-02-29,1000
GR-0013812,PO-0016965,2025-01-20,500
GR-0013813,PO-0016966,2025-07-07,1000
GR-0013814,PO-0016967,2025-09-12,100
GR-0013815,PO-0016968,2024-06-26,500
GR-0013816,PO-0016969,2024-02-21,50
GR-0013817,PO-0016972,2026-03-13,200
GR-0013818,PO-0016973,2026-02-22,200
GR-0013819,PO-0016974,2025-01-20,500
GR-0013820,PO-0016975,2026-01-09,200
GR-0013821,PO-0016976,2024-09-11,50
GR-0013822,PO-0016977,2024-08-04,50
GR-0013823,PO-0016979,2024-11-09,1000
GR-0013824,PO-0016980,2025-05-31,472
GR-0013825,PO-0016982,2025-01-05,100
GR-0013826,PO-0016983,2025-04-12,368
GR-0013827,PO-0016984,2026-02-04,50
GR-0013828,PO-0016985,2024-05-03,500
GR-0013829,PO-0016986,2024-09-26,500
GR-0013830,PO-0016987,2024-01-25,380
GR-0013831,PO-0016989,2025-10-02,1000
GR-0013832,PO-0016990,2024-09-24,1000
GR-0013833,PO-0016991,2026-01-16,1000
GR-0013834,PO-0016992,2024-10-28,1000
GR-0013835,PO-0016993,2025-01-24,200
GR-0013836,PO-0016994,2026-05-04,500
GR-0013837,PO-0016995,2025-09-27,200
GR-0013838,PO-0016996,2025-08-01,41
GR-0013839,PO-0016997,2024-08-15,200
GR-0013840,PO-0016998,2025-10-16,100
GR-0013841,PO-0016999,2025-06-04,1000
GR-0013842,PO-0017001,2024-02-16,100
GR-0013843,PO-0017002,2025-03-23,50
GR-0013844,PO-0017003,2024-05-31,500
GR-0013845,PO-0017004,2024-10-12,100
GR-0013846,PO-0017006,2024-10-22,710
GR-0013847,PO-0017007,2025-06-10,500
GR-0013848,PO-0017009,2026-03-31,50
GR-0013849,PO-0017010,2024-08-07,100
GR-0013850,PO-0017011,2025-12-29,50
GR-0013851,PO-0017013,2026-02-26,100
GR-0013852,PO-0017014,2024-03-19,500
GR-0013853,PO-0017015,2024-09-08,1000
GR-0013854,PO-0017016,2024-12-27,100
GR-0013855,PO-0017017,2024-07-01,100
GR-0013856,PO-0017018,2025-05-02,50
GR-0013857,PO-0017021,2026-03-15,100
GR-0013858,PO-0017022,2025-09-08,50
GR-0013859,PO-0017024,2025-09-21,200
GR-0013860,PO-0017025,2024-06-06,1000
GR-0013861,PO-0017026,2025-05-20,200
GR-0013862,PO-0017027,2025-07-29,1000
GR-0013863,PO-0017028,2025-10-07,500
GR-0013864,PO-0017029,2024-09-09,100
GR-0013865,PO-0017032,2025-02-03,200
GR-0013866,PO-0017034,2024-09-06,500
GR-0013867,PO-0017035,2024-07-08,200
GR-0013868,PO-0017036,2025-07-12,500
GR-0013869,PO-0017037,2025-10-10,100
GR-0013870,PO-0017038,2025-01-30,50
GR-0013871,PO-0017039,2025-07-03,200
GR-0013872,PO-0017041,2024-09-28,100
GR-0013873,PO-0017042,2025-11-05,100
GR-0013874,PO-0017043,2026-04-01,1000
GR-0013875,PO-0017044,2025-06-03,1000
GR-0013876,PO-0017046,2024-03-20,50
GR-0013877,PO-0017047,2026-04-29,200
GR-0013878,PO-0017048,2025-03-19,50
GR-0013879,PO-0017049,2025-05-05,500
GR-0013880,PO-0017050,2026-03-02,500
GR-0013881,PO-0017051,2025-09-04,200
GR-0013882,PO-0017052,2025-02-05,180
GR-0013883,PO-0017053,2026-04-17,500
GR-0013884,PO-0017054,2025-06-29,50
GR-0013885,PO-0017055,2025-10-20,40
GR-0013886,PO-0017057,2025-12-12,100
GR-0013887,PO-0017058,2024-07-28,1000
GR-0013888,PO-0017061,2025-10-29,100
GR-0013889,PO-0017062,2024-11-22,100
GR-0013890,PO-0017063,2025-07-22,1000
GR-0013891,PO-0017064,2026-01-13,50
GR-0013892,PO-0017065,2026-01-30,100
GR-0013893,PO-0017066,2025-12-17,781
GR-0013894,PO-0017067,2026-03-24,200
GR-0013895,PO-0017068,2024-06-07,1000
GR-0013896,PO-0017069,2024-05-24,200
GR-0013897,PO-0017070,2025-10-25,500
GR-0013898,PO-0017071,2025-11-07,500
GR-0013899,PO-0017072,2024-03-01,500
GR-0013900,PO-0017073,2025-04-21,1000
GR-0013901,PO-0017074,2025-03-02,50
GR-0013902,PO-0017075,2025-08-07,500
GR-0013903,PO-0017076,2025-07-16,1000
GR-0013904,PO-0017077,2024-03-11,500
GR-0013905,PO-0017079,2024-03-01,100
GR-0013906,PO-0017080,2025-11-03,200
GR-0013907,PO-0017081,2026-05-13,500
GR-0013908,PO-0017082,2024-09-19,200
GR-0013909,PO-0017084,2026-06-07,50
GR-0013910,PO-0017085,2026-03-09,200
GR-0013911,PO-0017088,2025-09-01,100
GR-0013912,PO-0017089,2024-12-13,1000
GR-0013913,PO-0017090,2024-06-15,100
GR-0013914,PO-0017091,2025-02-15,40
GR-0013915,PO-0017092,2025-02-26,100
GR-0013916,PO-0017093,2024-04-02,376
GR-0013917,PO-0017094,2025-06-01,100
GR-0013918,PO-0017095,2024-07-06,200
GR-0013919,PO-0017097,2026-02-08,464
GR-0013920,PO-0017098,2025-03-30,1000
GR-0013921,PO-0017100,2024-05-28,1000
GR-0013922,PO-0017101,2024-06-02,50
GR-0013923,PO-0017102,2025-04-29,50
GR-0013924,PO-0017103,2025-11-15,100
GR-0013925,PO-0017104,2024-10-24,50
GR-0013926,PO-0017105,2024-08-31,50
GR-0013927,PO-0017108,2024-03-29,50
GR-0013928,PO-0017109,2025-10-20,500
GR-0013929,PO-0017110,2024-10-02,200
GR-0013930,PO-0017111,2026-03-25,185
GR-0013931,PO-0017112,2024-08-29,500
GR-0013932,PO-0017113,2024-06-19,1000
GR-0013933,PO-0017115,2024-10-11,200
GR-0013934,PO-0017117,2024-03-16,500
GR-0013935,PO-0017118,2025-08-01,500
GR-0013936,PO-0017119,2024-07-15,1000
GR-0013937,PO-0017120,2024-12-24,1000
GR-0013938,PO-0017122,2024-07-03,200
GR-0013939,PO-0017123,2025-09-26,1000
GR-0013940,PO-0017124,2024-09-12,845
GR-0013941,PO-0017125,2024-08-25,500
GR-0013942,PO-0017126,2024-12-11,100
GR-0013943,PO-0017127,2026-02-25,1000
GR-0013944,PO-0017128,2026-02-27,200
GR-0013945,PO-0017129,2024-09-23,50
GR-0013946,PO-0017130,2026-05-16,50
GR-0013947,PO-0017131,2024-06-03,1000
GR-0013948,PO-0017132,2026-03-27,200
GR-0013949,PO-0017133,2026-01-26,50
GR-0013950,PO-0017134,2024-04-25,50
GR-0013951,PO-0017135,2025-06-08,846
GR-0013952,PO-0017137,2025-03-04,1000
GR-0013953,PO-0017138,2026-01-31,100
GR-0013954,PO-0017140,2026-04-18,100
GR-0013955,PO-0017141,2025-07-22,200
GR-0013956,PO-0017142,2026-01-23,42
GR-0013957,PO-0017145,2024-05-18,100
GR-0013958,PO-0017146,2025-06-08,50
GR-0013959,PO-0017147,2026-01-14,50
GR-0013960,PO-0017148,2024-07-25,777
GR-0013961,PO-0017149,2025-04-18,100
GR-0013962,PO-0017150,2025-10-07,50
GR-0013963,PO-0017151,2026-03-14,50
GR-0013964,PO-0017152,2025-08-22,200
GR-0013965,PO-0017153,2026-04-06,1000
GR-0013966,PO-0017156,2025-08-28,100
GR-0013967,PO-0017157,2026-04-14,79
GR-0013968,PO-0017158,2025-08-25,1000
GR-0013969,PO-0017159,2026-05-24,50
GR-0013970,PO-0017160,2026-06-06,500
GR-0013971,PO-0017162,2025-01-13,200
GR-0013972,PO-0017163,2024-04-15,200
GR-0013973,PO-0017164,2024-05-18,50
GR-0013974,PO-0017165,2024-08-28,50
GR-0013975,PO-0017166,2025-08-16,1000
GR-0013976,PO-0017167,2024-11-26,1000
GR-0013977,PO-0017168,2025-01-21,500
GR-0013978,PO-0017169,2024-10-19,1000
GR-0013979,PO-0017170,2024-11-27,200
GR-0013980,PO-0017171,2026-02-09,200
GR-0013981,PO-0017172,2025-06-05,500
GR-0013982,PO-0017173,2026-06-11,1000
GR-0013983,PO-0017174,2026-05-19,50
GR-0013984,PO-0017175,2026-06-11,500
GR-0013985,PO-0017176,2024-05-19,100
GR-0013986,PO-0017177,2024-06-10,463
GR-0013987,PO-0017178,2024-06-16,500
GR-0013988,PO-0017180,2024-10-18,1000
GR-0013989,PO-0017181,2025-11-24,100
GR-0013990,PO-0017182,2024-03-20,500
GR-0013991,PO-0017183,2025-08-06,500
GR-0013992,PO-0017184,2024-11-27,1000
GR-0013993,PO-0017185,2024-02-15,1000
GR-0013994,PO-0017186,2026-01-02,100
GR-0013995,PO-0017187,2024-06-03,200
GR-0013996,PO-0017189,2026-04-27,200
GR-0013997,PO-0017190,2024-06-30,473
GR-0013998,PO-0017193,2025-03-08,200
GR-0013999,PO-0017194,2026-05-12,1000
GR-0014000,PO-0017195,2026-04-15,200
GR-0014001,PO-0017196,2024-10-18,1000
GR-0014002,PO-0017197,2025-04-18,150
GR-0014003,PO-0017199,2024-12-19,50
GR-0014004,PO-0017200,2026-05-14,50
GR-0014005,PO-0017203,2024-09-22,50
GR-0014006,PO-0017204,2025-11-09,500
GR-0014007,PO-0017205,2025-07-23,42
GR-0014008,PO-0017206,2026-04-03,146
GR-0014009,PO-0017207,2026-05-03,1000
GR-0014010,PO-0017208,2025-04-11,200
GR-0014011,PO-0017210,2025-10-17,200
GR-0014012,PO-0017211,2026-01-16,50
GR-0014013,PO-0017212,2026-05-28,500
GR-0014014,PO-0017213,2026-02-12,37
GR-0014015,PO-0017214,2025-03-28,200
GR-0014016,PO-0017215,2024-08-30,100
GR-0014017,PO-0017216,2024-02-18,1000
GR-0014018,PO-0017217,2024-04-20,1000
GR-0014019,PO-0017218,2026-05-23,50
GR-0014020,PO-0017219,2024-05-28,1000
GR-0014021,PO-0017220,2024-11-04,200
GR-0014022,PO-0017221,2026-06-11,1000
GR-0014023,PO-0017222,2026-04-23,1000
GR-0014024,PO-0017224,2024-07-21,89
GR-0014025,PO-0017225,2026-01-18,100
GR-0014026,PO-0017226,2025-07-18,200
GR-0014027,PO-0017227,2025-05-28,200
GR-0014028,PO-0017228,2024-04-21,50
GR-0014029,PO-0017229,2026-06-01,200
GR-0014030,PO-0017230,2025-06-30,50
GR-0014031,PO-0017231,2026-01-18,100
GR-0014032,PO-0017232,2025-02-28,100
GR-0014033,PO-0017233,2025-02-23,500
GR-0014034,PO-0017234,2024-04-23,1000
GR-0014035,PO-0017235,2025-01-03,500
GR-0014036,PO-0017236,2026-04-26,50
GR-0014037,PO-0017237,2025-12-13,200
GR-0014038,PO-0017238,2026-01-04,500
GR-0014039,PO-0017240,2025-03-01,200
GR-0014040,PO-0017241,2024-08-15,1000
GR-0014041,PO-0017243,2026-01-28,1000
GR-0014042,PO-0017244,2025-06-04,200
GR-0014043,PO-0017245,2025-11-11,1000
GR-0014044,PO-0017246,2024-08-13,1000
GR-0014045,PO-0017247,2026-02-03,50
GR-0014046,PO-0017248,2024-11-03,1000
GR-0014047,PO-0017249,2026-05-01,47
GR-0014048,PO-0017251,2025-04-19,1000
GR-0014049,PO-0017252,2024-07-17,500
GR-0014050,PO-0017256,2024-12-23,500
GR-0014051,PO-0017257,2024-06-29,500
GR-0014052,PO-0017258,2024-08-12,50
GR-0014053,PO-0017259,2025-04-19,200
GR-0014054,PO-0017260,2026-02-22,500
GR-0014055,PO-0017261,2024-08-07,50
GR-0014056,PO-0017262,2025-06-27,50
GR-0014057,PO-0017264,2024-12-15,200
GR-0014058,PO-0017266,2025-06-14,100
GR-0014059,PO-0017267,2025-12-29,100
GR-0014060,PO-0017268,2026-01-28,500
GR-0014061,PO-0017269,2025-09-12,1000
GR-0014062,PO-0017270,2025-08-06,500
GR-0014063,PO-0017271,2024-12-18,500
GR-0014064,PO-0017272,2024-04-22,500
GR-0014065,PO-0017273,2024-10-29,200
GR-0014066,PO-0017274,2026-04-03,200
GR-0014067,PO-0017275,2025-01-20,428
GR-0014068,PO-0017276,2025-07-03,100
GR-0014069,PO-0017277,2025-10-25,50
GR-0014070,PO-0017278,2026-03-24,1000
GR-0014071,PO-0017279,2025-06-10,50
GR-0014072,PO-0017280,2025-11-02,100
GR-0014073,PO-0017281,2024-06-29,816
GR-0014074,PO-0017282,2026-04-17,50
GR-0014075,PO-0017283,2026-01-19,100
GR-0014076,PO-0017284,2024-09-12,200
GR-0014077,PO-0017285,2024-12-19,500
GR-0014078,PO-0017286,2025-12-14,100
GR-0014079,PO-0017288,2025-09-28,100
GR-0014080,PO-0017289,2024-04-17,100
GR-0014081,PO-0017290,2024-12-15,500
GR-0014082,PO-0017292,2025-03-03,100
GR-0014083,PO-0017293,2025-05-22,50
GR-0014084,PO-0017295,2025-07-18,500
GR-0014085,PO-0017296,2026-02-24,100
GR-0014086,PO-0017297,2024-07-16,1000
GR-0014087,PO-0017298,2025-11-14,43
GR-0014088,PO-0017299,2025-09-08,100
GR-0014089,PO-0017301,2025-10-16,1000
GR-0014090,PO-0017302,2025-07-08,200
GR-0014091,PO-0017303,2026-04-22,100
GR-0014092,PO-0017304,2025-06-08,200
GR-0014093,PO-0017305,2024-11-04,500
GR-0014094,PO-0017306,2025-09-06,200
GR-0014095,PO-0017309,2024-06-01,100
GR-0014096,PO-0017310,2025-07-07,100
GR-0014097,PO-0017311,2024-07-03,1000
GR-0014098,PO-0017312,2024-08-31,1000
GR-0014099,PO-0017313,2025-01-27,487
GR-0014100,PO-0017314,2025-04-22,50
GR-0014101,PO-0017315,2024-05-30,200
GR-0014102,PO-0017316,2024-05-05,500
GR-0014103,PO-0017317,2024-10-06,200
GR-0014104,PO-0017319,2024-12-19,50
GR-0014105,PO-0017320,2025-04-18,740
GR-0014106,PO-0017321,2025-05-21,1000
GR-0014107,PO-0017322,2024-05-14,200
GR-0014108,PO-0017323,2026-01-09,50
GR-0014109,PO-0017324,2026-02-02,1000
GR-0014110,PO-0017325,2025-02-09,158
GR-0014111,PO-0017326,2026-03-24,100
GR-0014112,PO-0017327,2025-08-13,100
GR-0014113,PO-0017328,2024-03-01,98
GR-0014114,PO-0017329,2024-12-20,500
GR-0014115,PO-0017330,2024-09-29,50
GR-0014116,PO-0017331,2026-05-30,1000
GR-0014117,PO-0017332,2025-01-18,100
GR-0014118,PO-0017333,2024-05-07,50
GR-0014119,PO-0017335,2026-04-01,100
GR-0014120,PO-0017336,2026-02-19,100
GR-0014121,PO-0017338,2024-02-20,100
GR-0014122,PO-0017339,2024-09-29,1000
GR-0014123,PO-0017340,2026-03-24,1000
GR-0014124,PO-0017341,2024-09-29,100
GR-0014125,PO-0017342,2026-05-14,100
GR-0014126,PO-0017343,2025-01-23,500
GR-0014127,PO-0017346,2025-12-18,500
GR-0014128,PO-0017348,2025-01-28,1000
GR-0014129,PO-0017349,2026-04-11,200
GR-0014130,PO-0017350,2026-01-02,500
GR-0014131,PO-0017351,2024-04-29,200
GR-0014132,PO-0017352,2025-09-09,100
GR-0014133,PO-0017353,2024-05-08,200
GR-0014134,PO-0017354,2026-06-04,200
GR-0014135,PO-0017355,2026-01-07,100
GR-0014136,PO-0017356,2025-06-14,200
GR-0014137,PO-0017357,2025-02-01,200
GR-0014138,PO-0017358,2025-07-29,1000
GR-0014139,PO-0017359,2025-01-21,90
GR-0014140,PO-0017360,2025-04-27,500
GR-0014141,PO-0017361,2024-03-19,50
GR-0014142,PO-0017362,2024-03-10,1000
GR-0014143,PO-0017363,2026-03-08,500
GR-0014144,PO-0017364,2025-03-25,200
GR-0014145,PO-0017365,2025-10-22,500
GR-0014146,PO-0017366,2025-02-18,500
GR-0014147,PO-0017367,2026-05-28,200
GR-0014148,PO-0017368,2025-12-19,200
GR-0014149,PO-0017369,2024-06-11,200
GR-0014150,PO-0017370,2025-12-27,200
GR-0014151,PO-0017371,2024-10-16,100
GR-0014152,PO-0017372,2026-05-30,100
GR-0014153,PO-0017373,2024-05-10,834
GR-0014154,PO-0017375,2025-08-13,50
GR-0014155,PO-0017376,2024-10-31,500
GR-0014156,PO-0017378,2026-02-11,50
GR-0014157,PO-0017379,2024-05-01,100
GR-0014158,PO-0017380,2024-04-27,36
GR-0014159,PO-0017381,2024-11-05,100
GR-0014160,PO-0017382,2024-10-11,100
GR-0014161,PO-0017383,2025-02-21,100
GR-0014162,PO-0017384,2025-12-19,1000
GR-0014163,PO-0017385,2025-02-01,1000
GR-0014164,PO-0017386,2025-07-27,200
GR-0014165,PO-0017387,2025-08-21,200
GR-0014166,PO-0017389,2026-03-30,157
GR-0014167,PO-0017390,2024-11-12,500
GR-0014168,PO-0017392,2025-02-13,100
GR-0014169,PO-0017393,2025-06-21,1000
GR-0014170,PO-0017394,2024-08-23,100
GR-0014171,PO-0017395,2025-12-02,50
GR-0014172,PO-0017397,2025-02-03,200
GR-0014173,PO-0017398,2025-09-27,1000
GR-0014174,PO-0017399,2024-12-21,1000
GR-0014175,PO-0017400,2025-04-15,50
GR-0014176,PO-0017402,2024-07-26,100
GR-0014177,PO-0017403,2025-10-29,200
GR-0014178,PO-0017404,2024-04-26,1000
GR-0014179,PO-0017405,2024-03-13,1000
GR-0014180,PO-0017406,2025-02-19,42
GR-0014181,PO-0017407,2025-09-02,100
GR-0014182,PO-0017408,2024-10-08,500
GR-0014183,PO-0017409,2025-09-06,500
GR-0014184,PO-0017410,2026-04-12,500
GR-0014185,PO-0017411,2025-09-08,100
GR-0014186,PO-0017412,2025-08-29,362
GR-0014187,PO-0017413,2025-09-02,50
GR-0014188,PO-0017414,2025-08-05,1000
GR-0014189,PO-0017415,2025-03-20,100
GR-0014190,PO-0017416,2024-08-31,50
GR-0014191,PO-0017417,2025-01-28,200
GR-0014192,PO-0017418,2026-01-09,200
GR-0014193,PO-0017419,2025-05-15,50
GR-0014194,PO-0017420,2024-09-18,200
GR-0014195,PO-0017421,2024-02-14,500
GR-0014196,PO-0017423,2025-09-07,200
GR-0014197,PO-0017424,2024-01-24,50
GR-0014198,PO-0017425,2025-11-28,1000
GR-0014199,PO-0017426,2026-02-26,1000
GR-0014200,PO-0017427,2024-12-21,1000
GR-0014201,PO-0017428,2025-09-02,200
GR-0014202,PO-0017429,2024-08-14,500
GR-0014203,PO-0017430,2024-07-24,500
GR-0014204,PO-0017431,2025-02-21,50
GR-0014205,PO-0017433,2026-02-09,500
GR-0014206,PO-0017435,2025-09-03,500
GR-0014207,PO-0017436,2024-09-15,200
GR-0014208,PO-0017437,2026-03-15,200
GR-0014209,PO-0017438,2025-05-14,50
GR-0014210,PO-0017439,2025-07-06,48
GR-0014211,PO-0017442,2025-01-07,500
GR-0014212,PO-0017443,2024-03-26,91
GR-0014213,PO-0017444,2026-02-21,100
GR-0014214,PO-0017445,2025-03-20,200
GR-0014215,PO-0017446,2025-02-10,1000
GR-0014216,PO-0017448,2026-01-05,934
GR-0014217,PO-0017449,2024-07-14,42
GR-0014218,PO-0017450,2025-06-15,500
GR-0014219,PO-0017451,2025-02-28,76
GR-0014220,PO-0017453,2025-10-12,500
GR-0014221,PO-0017455,2025-12-10,200
GR-0014222,PO-0017457,2025-10-03,100
GR-0014223,PO-0017460,2025-01-22,1000
GR-0014224,PO-0017461,2025-05-10,1000
GR-0014225,PO-0017462,2026-05-21,50
GR-0014226,PO-0017463,2024-05-06,966
GR-0014227,PO-0017464,2024-03-01,100
GR-0014228,PO-0017465,2024-10-10,500
GR-0014229,PO-0017466,2025-04-18,500
GR-0014230,PO-0017469,2024-09-22,100
GR-0014231,PO-0017470,2024-04-26,200
GR-0014232,PO-0017472,2024-11-29,500
GR-0014233,PO-0017473,2024-06-30,50
GR-0014234,PO-0017474,2025-01-25,1000
GR-0014235,PO-0017475,2025-07-31,1000
GR-0014236,PO-0017476,2026-03-14,50
GR-0014237,PO-0017477,2026-06-14,1000
GR-0014238,PO-0017478,2024-03-05,50
GR-0014239,PO-0017479,2024-04-09,200
GR-0014240,PO-0017480,2024-04-06,1000
GR-0014241,PO-0017481,2025-07-08,100
GR-0014242,PO-0017482,2024-04-07,50
GR-0014243,PO-0017483,2025-11-26,100
GR-0014244,PO-0017484,2024-12-20,500
GR-0014245,PO-0017485,2024-08-03,100
GR-0014246,PO-0017486,2024-05-11,1000
GR-0014247,PO-0017487,2026-01-21,200
GR-0014248,PO-0017488,2024-11-23,1000
GR-0014249,PO-0017489,2025-08-30,1000
GR-0014250,PO-0017490,2024-10-30,484
GR-0014251,PO-0017491,2025-11-02,100
GR-0014252,PO-0017492,2025-05-22,100
GR-0014253,PO-0017494,2025-04-21,500
GR-0014254,PO-0017495,2026-05-11,500
GR-0014255,PO-0017496,2024-06-14,1000
GR-0014256,PO-0017500,2024-02-05,1000
GR-0014257,PO-0017501,2025-07-23,500
GR-0014258,PO-0017502,2025-08-14,100
GR-0014259,PO-0017503,2025-09-11,50
GR-0014260,PO-0017505,2025-08-12,100
GR-0014261,PO-0017506,2024-09-17,100
GR-0014262,PO-0017507,2026-01-11,50
GR-0014263,PO-0017508,2024-12-21,351
GR-0014264,PO-0017509,2024-03-27,50
GR-0014265,PO-0017510,2024-11-03,100
GR-0014266,PO-0017513,2025-06-01,200
GR-0014267,PO-0017514,2025-08-18,500
GR-0014268,PO-0017515,2025-09-02,1000
GR-0014269,PO-0017516,2025-04-16,97
GR-0014270,PO-0017517,2024-04-29,500
GR-0014271,PO-0017518,2024-08-03,50
GR-0014272,PO-0017519,2026-04-07,44
GR-0014273,PO-0017520,2025-09-18,50
GR-0014274,PO-0017521,2025-10-05,50
GR-0014275,PO-0017522,2026-02-05,100
GR-0014276,PO-0017523,2025-01-23,500
GR-0014277,PO-0017524,2026-05-16,100
GR-0014278,PO-0017525,2024-07-24,1000
GR-0014279,PO-0017526,2024-11-11,50
GR-0014280,PO-0017527,2025-01-16,50
GR-0014281,PO-0017528,2025-03-04,50
GR-0014282,PO-0017529,2024-12-19,100
GR-0014283,PO-0017530,2026-04-13,100
GR-0014284,PO-0017531,2025-10-19,1000
GR-0014285,PO-0017532,2024-12-18,1000
GR-0014286,PO-0017533,2024-08-07,50
GR-0014287,PO-0017534,2025-07-30,50
GR-0014288,PO-0017535,2024-11-18,1000
GR-0014289,PO-0017536,2025-05-27,100
GR-0014290,PO-0017539,2025-11-18,50
GR-0014291,PO-0017541,2025-09-16,50
GR-0014292,PO-0017542,2025-12-26,500
GR-0014293,PO-0017543,2026-03-28,200
GR-0014294,PO-0017544,2024-09-06,500
GR-0014295,PO-0017546,2024-10-10,500
GR-0014296,PO-0017547,2025-08-29,500
GR-0014297,PO-0017548,2024-04-14,200
GR-0014298,PO-0017549,2025-09-02,500
GR-0014299,PO-0017550,2024-10-29,1000
GR-0014300,PO-0017552,2025-05-23,50
GR-0014301,PO-0017554,2025-09-06,100
GR-0014302,PO-0017557,2026-04-20,50
GR-0014303,PO-0017559,2024-09-26,100
GR-0014304,PO-0017561,2025-03-23,200
GR-0014305,PO-0017562,2025-10-09,500
GR-0014306,PO-0017564,2024-04-03,50
GR-0014307,PO-0017565,2024-05-14,50
GR-0014308,PO-0017568,2024-03-18,50
GR-0014309,PO-0017569,2026-04-27,500
GR-0014310,PO-0017570,2024-11-04,50
GR-0014311,PO-0017571,2025-12-16,100
GR-0014312,PO-0017572,2024-03-21,100
GR-0014313,PO-0017573,2024-07-08,500
GR-0014314,PO-0017574,2024-10-07,50
GR-0014315,PO-0017575,2026-05-11,50
GR-0014316,PO-0017577,2025-02-12,200
GR-0014317,PO-0017578,2025-10-23,200
GR-0014318,PO-0017579,2024-07-20,500
GR-0014319,PO-0017582,2026-03-06,1000
GR-0014320,PO-0017583,2026-02-10,100
GR-0014321,PO-0017584,2026-04-03,50
GR-0014322,PO-0017585,2026-02-10,1000
GR-0014323,PO-0017587,2025-03-16,200
GR-0014324,PO-0017588,2026-05-11,50
GR-0014325,PO-0017589,2025-04-08,200
GR-0014326,PO-0017590,2026-03-23,1000
GR-0014327,PO-0017591,2024-06-12,1000
GR-0014328,PO-0017593,2024-04-08,500
GR-0014329,PO-0017594,2024-07-23,1000
GR-0014330,PO-0017595,2024-02-07,500
GR-0014331,PO-0017596,2024-12-01,1000
GR-0014332,PO-0017598,2025-02-06,50
GR-0014333,PO-0017599,2025-10-29,500
GR-0014334,PO-0017600,2024-11-11,50
GR-0014335,PO-0017601,2024-05-08,39
GR-0014336,PO-0017602,2025-12-03,50
GR-0014337,PO-0017603,2025-12-27,50
GR-0014338,PO-0017604,2025-08-31,1000
GR-0014339,PO-0017606,2026-02-11,100
GR-0014340,PO-0017607,2025-09-08,1000
GR-0014341,PO-0017608,2025-08-23,1000
GR-0014342,PO-0017610,2024-09-14,500
GR-0014343,PO-0017611,2024-08-17,50
GR-0014344,PO-0017612,2024-04-04,500
GR-0014345,PO-0017613,2025-11-06,500
GR-0014346,PO-0017614,2025-08-18,200
GR-0014347,PO-0017615,2024-10-15,200
GR-0014348,PO-0017616,2025-08-27,50
GR-0014349,PO-0017617,2026-01-21,1000
GR-0014350,PO-0017618,2025-02-27,500
GR-0014351,PO-0017619,2026-01-01,200
GR-0014352,PO-0017620,2025-01-22,500
GR-0014353,PO-0017621,2025-08-03,100
GR-0014354,PO-0017622,2026-03-24,50
GR-0014355,PO-0017623,2026-02-16,393
GR-0014356,PO-0017625,2024-03-29,1000
GR-0014357,PO-0017626,2024-11-13,50
GR-0014358,PO-0017627,2025-06-10,50
GR-0014359,PO-0017628,2024-03-08,100
GR-0014360,PO-0017629,2026-06-01,100
GR-0014361,PO-0017630,2025-11-25,1000
GR-0014362,PO-0017631,2026-05-27,200
GR-0014363,PO-0017632,2024-03-17,1000
GR-0014364,PO-0017633,2025-10-23,500
GR-0014365,PO-0017634,2024-02-08,100
GR-0014366,PO-0017636,2024-03-08,1000
GR-0014367,PO-0017638,2025-10-09,1000
GR-0014368,PO-0017639,2024-10-18,200
GR-0014369,PO-0017640,2026-03-08,500
GR-0014370,PO-0017642,2025-08-20,50
GR-0014371,PO-0017643,2025-10-31,100
GR-0014372,PO-0017644,2024-04-13,100
GR-0014373,PO-0017645,2024-05-05,50
GR-0014374,PO-0017646,2024-05-29,500
GR-0014375,PO-0017647,2025-04-08,100
GR-0014376,PO-0017648,2024-06-29,1000
GR-0014377,PO-0017649,2025-04-02,50
GR-0014378,PO-0017650,2024-05-29,500
GR-0014379,PO-0017651,2024-04-27,200
GR-0014380,PO-0017653,2025-11-21,100
GR-0014381,PO-0017654,2025-07-26,200
GR-0014382,PO-0017655,2024-06-15,100
GR-0014383,PO-0017656,2024-10-05,200
GR-0014384,PO-0017657,2024-12-05,50
GR-0014385,PO-0017658,2024-11-20,100
GR-0014386,PO-0017659,2024-03-17,1000
GR-0014387,PO-0017660,2024-11-23,200
GR-0014388,PO-0017661,2025-05-13,200
GR-0014389,PO-0017662,2025-10-31,50
GR-0014390,PO-0017663,2025-10-26,100
GR-0014391,PO-0017664,2024-12-05,1000
GR-0014392,PO-0017666,2025-04-25,50
GR-0014393,PO-0017667,2026-01-19,500
GR-0014394,PO-0017668,2026-04-18,1000
GR-0014395,PO-0017669,2025-08-16,50
GR-0014396,PO-0017670,2025-03-02,50
GR-0014397,PO-0017671,2024-12-01,50
GR-0014398,PO-0017672,2024-04-11,1000
GR-0014399,PO-0017673,2025-02-25,100
GR-0014400,PO-0017674,2025-03-21,1000
GR-0014401,PO-0017678,2025-03-21,500
GR-0014402,PO-0017679,2025-01-02,100
GR-0014403,PO-0017680,2024-04-30,500
GR-0014404,PO-0017681,2025-03-30,1000
GR-0014405,PO-0017682,2024-12-15,200
GR-0014406,PO-0017683,2024-09-12,428
GR-0014407,PO-0017684,2025-06-16,1000
GR-0014408,PO-0017685,2024-06-17,200
GR-0014409,PO-0017687,2026-06-06,50
GR-0014410,PO-0017688,2025-09-15,200
GR-0014411,PO-0017689,2025-09-02,200
GR-0014412,PO-0017690,2025-10-23,200
GR-0014413,PO-0017691,2025-08-11,100
GR-0014414,PO-0017693,2025-03-21,1000
GR-0014415,PO-0017696,2026-05-19,200
GR-0014416,PO-0017697,2024-11-22,100
GR-0014417,PO-0017698,2025-11-07,500
GR-0014418,PO-0017699,2025-07-27,500
GR-0014419,PO-0017700,2025-10-01,186
GR-0014420,PO-0017701,2024-09-18,1000
GR-0014421,PO-0017702,2024-03-28,50
GR-0014422,PO-0017703,2026-05-07,1000
GR-0014423,PO-0017704,2025-09-30,200
GR-0014424,PO-0017706,2025-03-21,1000
GR-0014425,PO-0017707,2025-03-17,200
GR-0014426,PO-0017708,2024-04-10,1000
GR-0014427,PO-0017709,2025-12-20,500
GR-0014428,PO-0017710,2025-09-08,100
GR-0014429,PO-0017712,2024-07-21,500
GR-0014430,PO-0017713,2024-04-02,36
GR-0014431,PO-0017715,2026-01-26,50
GR-0014432,PO-0017716,2024-08-29,1000
GR-0014433,PO-0017717,2025-03-19,500
GR-0014434,PO-0017719,2026-04-26,100
GR-0014435,PO-0017720,2025-02-25,100
GR-0014436,PO-0017721,2025-11-04,50
GR-0014437,PO-0017722,2026-02-03,383
GR-0014438,PO-0017723,2025-12-24,147
GR-0014439,PO-0017724,2025-09-26,50
GR-0014440,PO-0017725,2025-10-29,1000
GR-0014441,PO-0017726,2024-08-09,1000
GR-0014442,PO-0017728,2024-06-19,200
GR-0014443,PO-0017729,2026-04-19,200
GR-0014444,PO-0017730,2026-02-10,200
GR-0014445,PO-0017732,2024-02-07,500
GR-0014446,PO-0017733,2026-04-08,500
GR-0014447,PO-0017734,2024-04-01,100
GR-0014448,PO-0017735,2024-04-23,1000
GR-0014449,PO-0017737,2024-03-10,500
GR-0014450,PO-0017739,2025-02-25,100
GR-0014451,PO-0017741,2024-08-17,500
GR-0014452,PO-0017742,2025-01-20,100
GR-0014453,PO-0017744,2025-02-21,50
GR-0014454,PO-0017747,2024-08-20,50
GR-0014455,PO-0017749,2025-07-27,50
GR-0014456,PO-0017750,2024-06-07,500
GR-0014457,PO-0017751,2024-07-24,500
GR-0014458,PO-0017752,2024-06-09,100
GR-0014459,PO-0017753,2026-02-07,500
GR-0014460,PO-0017754,2024-01-31,100
GR-0014461,PO-0017755,2026-03-01,200
GR-0014462,PO-0017758,2025-01-31,500
GR-0014463,PO-0017759,2025-08-02,500
GR-0014464,PO-0017760,2025-04-03,500
GR-0014465,PO-0017762,2025-11-08,50
GR-0014466,PO-0017763,2024-12-23,100
GR-0014467,PO-0017764,2024-04-14,200
GR-0014468,PO-0017765,2025-02-13,100
GR-0014469,PO-0017766,2024-05-19,100
GR-0014470,PO-0017767,2024-10-02,200
GR-0014471,PO-0017768,2024-08-14,200
GR-0014472,PO-0017769,2025-07-27,1000
GR-0014473,PO-0017770,2024-02-04,200
GR-0014474,PO-0017771,2024-09-21,1000
GR-0014475,PO-0017772,2024-07-24,1000
GR-0014476,PO-0017774,2026-04-03,50
GR-0014477,PO-0017775,2024-06-19,200
GR-0014478,PO-0017776,2025-09-17,50
GR-0014479,PO-0017777,2025-11-22,100
GR-0014480,PO-0017778,2024-12-08,200
GR-0014481,PO-0017779,2026-03-14,200
GR-0014482,PO-0017781,2024-10-22,1000
GR-0014483,PO-0017782,2025-11-29,200
GR-0014484,PO-0017783,2026-02-27,1000
GR-0014485,PO-0017785,2025-04-12,100
GR-0014486,PO-0017786,2025-06-18,1000
GR-0014487,PO-0017787,2025-07-02,50
GR-0014488,PO-0017788,2024-07-18,100
GR-0014489,PO-0017790,2026-05-24,182
GR-0014490,PO-0017791,2024-09-08,50
GR-0014491,PO-0017792,2025-01-05,500
GR-0014492,PO-0017793,2025-03-21,100
GR-0014493,PO-0017794,2024-04-03,100
GR-0014494,PO-0017795,2024-09-19,100
GR-0014495,PO-0017796,2024-06-18,813
GR-0014496,PO-0017797,2024-03-17,100
GR-0014497,PO-0017798,2024-02-07,100
GR-0014498,PO-0017800,2026-01-21,50
GR-0014499,PO-0017801,2025-12-29,100
GR-0014500,PO-0017802,2026-04-23,1000
GR-0014501,PO-0017803,2025-08-15,50
GR-0014502,PO-0017804,2025-08-01,50
GR-0014503,PO-0017805,2025-03-01,1000
GR-0014504,PO-0017806,2024-05-25,500
GR-0014505,PO-0017807,2025-12-22,50
GR-0014506,PO-0017808,2025-05-14,100
GR-0014507,PO-0017809,2024-08-20,476
GR-0014508,PO-0017811,2025-11-01,200
GR-0014509,PO-0017812,2025-10-15,500
GR-0014510,PO-0017813,2024-02-27,1000
GR-0014511,PO-0017814,2026-04-02,200
GR-0014512,PO-0017815,2026-04-13,500
GR-0014513,PO-0017817,2024-08-10,200
GR-0014514,PO-0017818,2024-05-15,500
GR-0014515,PO-0017819,2026-02-22,200
GR-0014516,PO-0017820,2025-01-15,100
GR-0014517,PO-0017821,2024-03-12,50
GR-0014518,PO-0017822,2024-10-27,500
GR-0014519,PO-0017823,2025-04-24,44
GR-0014520,PO-0017824,2026-03-21,1000
GR-0014521,PO-0017825,2024-08-02,37
GR-0014522,PO-0017826,2025-06-17,500
GR-0014523,PO-0017827,2024-07-01,50
GR-0014524,PO-0017828,2025-08-17,50
GR-0014525,PO-0017829,2025-03-29,88
GR-0014526,PO-0017830,2025-05-06,1000
GR-0014527,PO-0017831,2025-11-03,500
GR-0014528,PO-0017833,2024-09-08,43
GR-0014529,PO-0017834,2025-10-16,50
GR-0014530,PO-0017836,2024-05-24,50
GR-0014531,PO-0017837,2024-09-18,100
GR-0014532,PO-0017839,2024-07-14,1000
GR-0014533,PO-0017840,2024-09-20,75
GR-0014534,PO-0017841,2025-01-01,500
GR-0014535,PO-0017842,2025-03-31,1000
GR-0014536,PO-0017843,2025-03-01,500
GR-0014537,PO-0017844,2025-06-30,1000
GR-0014538,PO-0017845,2024-08-16,100
GR-0014539,PO-0017846,2024-09-20,1000
GR-0014540,PO-0017848,2025-02-28,50
GR-0014541,PO-0017849,2026-05-07,386
GR-0014542,PO-0017850,2025-08-12,100
GR-0014543,PO-0017851,2024-12-05,500
GR-0014544,PO-0017852,2026-04-10,50
GR-0014545,PO-0017853,2025-06-03,1000
GR-0014546,PO-0017854,2026-05-26,1000
GR-0014547,PO-0017855,2026-02-23,500
GR-0014548,PO-0017856,2024-10-15,200
GR-0014549,PO-0017857,2024-05-01,500
GR-0014550,PO-0017858,2026-06-03,500
GR-0014551,PO-0017859,2026-06-02,200
GR-0014552,PO-0017860,2026-01-20,200
GR-0014553,PO-0017861,2026-03-24,500
GR-0014554,PO-0017862,2025-06-24,500
GR-0014555,PO-0017863,2026-05-01,50
GR-0014556,PO-0017864,2024-01-30,487
GR-0014557,PO-0017865,2025-09-25,200
GR-0014558,PO-0017866,2025-11-05,500
GR-0014559,PO-0017867,2024-10-01,1000
GR-0014560,PO-0017870,2024-04-18,395
GR-0014561,PO-0017871,2025-12-08,200
GR-0014562,PO-0017872,2025-11-18,100
GR-0014563,PO-0017873,2025-08-15,100
GR-0014564,PO-0017874,2026-05-04,500
GR-0014565,PO-0017875,2024-03-13,1000
GR-0014566,PO-0017877,2026-01-30,1000
GR-0014567,PO-0017878,2024-03-04,500
GR-0014568,PO-0017880,2026-03-02,200
GR-0014569,PO-0017881,2026-03-16,100
GR-0014570,PO-0017882,2024-08-29,50
GR-0014571,PO-0017883,2024-08-16,200
GR-0014572,PO-0017884,2024-12-10,1000
GR-0014573,PO-0017885,2025-04-21,200
GR-0014574,PO-0017886,2024-10-09,100
GR-0014575,PO-0017888,2025-06-18,50
GR-0014576,PO-0017889,2026-04-08,200
GR-0014577,PO-0017890,2025-09-04,500
GR-0014578,PO-0017891,2025-11-25,449
GR-0014579,PO-0017892,2024-09-14,1000
GR-0014580,PO-0017894,2025-10-20,100
GR-0014581,PO-0017895,2026-01-23,50
GR-0014582,PO-0017896,2024-02-29,500
GR-0014583,PO-0017897,2025-11-23,500
GR-0014584,PO-0017898,2025-09-23,50
GR-0014585,PO-0017899,2025-05-21,100
GR-0014586,PO-0017900,2025-09-11,1000
GR-0014587,PO-0017901,2024-05-13,50
GR-0014588,PO-0017902,2024-05-28,50
GR-0014589,PO-0017903,2024-09-06,100
GR-0014590,PO-0017904,2025-03-30,1000
GR-0014591,PO-0017905,2024-04-28,50
GR-0014592,PO-0017906,2025-12-20,1000
GR-0014593,PO-0017907,2024-03-23,100
GR-0014594,PO-0017908,2024-12-29,1000
GR-0014595,PO-0017910,2025-11-17,1000
GR-0014596,PO-0017911,2026-03-02,50
GR-0014597,PO-0017913,2024-11-08,500
GR-0014598,PO-0017914,2025-08-03,50
GR-0014599,PO-0017915,2024-10-06,50
GR-0014600,PO-0017916,2024-07-20,200
GR-0014601,PO-0017918,2025-07-07,200
GR-0014602,PO-0017919,2024-12-25,422
GR-0014603,PO-0017920,2025-08-10,100
GR-0014604,PO-0017921,2025-08-06,500
GR-0014605,PO-0017922,2025-01-08,1000
GR-0014606,PO-0017924,2024-07-30,50
GR-0014607,PO-0017925,2024-05-09,100
GR-0014608,PO-0017926,2024-03-29,100
GR-0014609,PO-0017927,2024-11-02,100
GR-0014610,PO-0017928,2024-09-30,1000
GR-0014611,PO-0017930,2025-04-05,500
GR-0014612,PO-0017931,2024-11-27,1000
GR-0014613,PO-0017932,2025-12-24,200
GR-0014614,PO-0017933,2024-10-14,50
GR-0014615,PO-0017934,2024-07-31,1000
GR-0014616,PO-0017935,2024-11-17,50
GR-0014617,PO-0017936,2025-11-09,50
GR-0014618,PO-0017937,2025-03-08,924
GR-0014619,PO-0017938,2024-08-30,100
GR-0014620,PO-0017939,2026-05-17,50
GR-0014621,PO-0017940,2024-06-17,200
GR-0014622,PO-0017941,2025-06-07,438
GR-0014623,PO-0017942,2026-01-23,500
GR-0014624,PO-0017943,2025-04-23,38
GR-0014625,PO-0017944,2024-05-14,92
GR-0014626,PO-0017945,2025-08-24,1000
GR-0014627,PO-0017946,2025-03-20,50
GR-0014628,PO-0017947,2025-10-30,100
GR-0014629,PO-0017948,2026-03-18,100
GR-0014630,PO-0017949,2024-04-05,500
GR-0014631,PO-0017950,2025-11-16,100
GR-0014632,PO-0017951,2024-07-15,100
GR-0014633,PO-0017952,2026-03-08,391
GR-0014634,PO-0017953,2026-03-13,200
GR-0014635,PO-0017954,2026-06-11,500
GR-0014636,PO-0017955,2025-03-28,158
GR-0014637,PO-0017956,2025-06-20,500
GR-0014638,PO-0017957,2025-01-16,50
GR-0014639,PO-0017959,2026-04-01,100
GR-0014640,PO-0017960,2026-02-18,50
GR-0014641,PO-0017961,2025-04-08,50
GR-0014642,PO-0017962,2024-11-22,500
GR-0014643,PO-0017963,2025-05-25,200
GR-0014644,PO-0017964,2024-03-04,50
GR-0014645,PO-0017965,2024-04-08,500
GR-0014646,PO-0017966,2026-04-16,73
GR-0014647,PO-0017967,2025-03-27,200
GR-0014648,PO-0017968,2025-10-29,50
GR-0014649,PO-0017969,2024-07-13,200
GR-0014650,PO-0017970,2024-09-05,500
GR-0014651,PO-0017973,2025-09-11,100
GR-0014652,PO-0017974,2025-03-08,50
GR-0014653,PO-0017975,2024-05-06,1000
GR-0014654,PO-0017976,2024-08-20,500
GR-0014655,PO-0017977,2025-04-23,500
GR-0014656,PO-0017978,2025-08-18,100
GR-0014657,PO-0017980,2025-06-04,200
GR-0014658,PO-0017982,2025-10-03,50
GR-0014659,PO-0017983,2024-04-29,500
GR-0014660,PO-0017984,2026-03-28,200
GR-0014661,PO-0017985,2025-02-09,100
GR-0014662,PO-0017986,2024-05-12,50
GR-0014663,PO-0017987,2024-08-29,1000
GR-0014664,PO-0017988,2026-06-02,1000
GR-0014665,PO-0017989,2024-04-04,1000
GR-0014666,PO-0017990,2025-09-15,195
GR-0014667,PO-0017991,2026-02-20,1000
GR-0014668,PO-0017992,2025-04-22,500
GR-0014669,PO-0017994,2026-06-06,1000
GR-0014670,PO-0017995,2024-05-29,144
GR-0014671,PO-0017996,2024-10-01,500
GR-0014672,PO-0017997,2025-05-05,50
GR-0014673,PO-0017998,2024-06-08,1000
GR-0014674,PO-0018000,2025-07-07,500
GR-0001025,PO-0001250,2026-04-25,100
GR-0001026,PO-0001251,2025-11-19,50
GR-0001027,PO-0001252,2024-04-02,41
GR-0001028,PO-0001253,2026-03-05,95
GR-0001029,PO-0001254,2024-05-25,500
GR-0001030,PO-0001255,2026-03-15,187
GR-0001031,PO-0001256,2025-12-14,1000
GR-0001032,PO-0001257,2024-08-11,50
GR-0001033,PO-0001258,2025-04-22,500
GR-0001034,PO-0001259,2026-03-19,50
GR-0001035,PO-0001260,2026-03-01,1000
GR-0001036,PO-0001261,2025-04-26,1000
GR-0001037,PO-0001262,2025-01-26,200
GR-0001038,PO-0001263,2025-04-20,500
GR-0001039,PO-0001264,2024-06-20,500
GR-0001040,PO-0001265,2025-04-13,89
GR-0001041,PO-0001266,2024-07-16,100
GR-0001042,PO-0001267,2024-12-10,50
GR-0001043,PO-0001269,2024-11-16,50
GR-0001044,PO-0001270,2026-04-03,500
GR-0001045,PO-0001272,2024-06-26,100
GR-0001046,PO-0001273,2025-09-13,50
GR-0001047,PO-0001274,2025-03-30,100
GR-0001048,PO-0001275,2026-01-13,100
GR-0001049,PO-0001276,2026-01-10,1000
GR-0001050,PO-0001278,2025-05-01,50
GR-0001051,PO-0001280,2025-01-13,500
GR-0001052,PO-0001281,2025-01-10,500
GR-0001053,PO-0001282,2024-03-24,200
GR-0001054,PO-0001283,2025-03-06,200
GR-0001055,PO-0001284,2026-03-31,100
GR-0001056,PO-0001285,2024-10-05,200
GR-0001057,PO-0001286,2025-11-07,1000
GR-0001058,PO-0001287,2025-05-22,50
GR-0001059,PO-0001288,2025-05-22,100
GR-0001060,PO-0001291,2025-06-26,500
GR-0001061,PO-0001292,2025-09-26,200
GR-0001062,PO-0001293,2024-08-12,500
GR-0001063,PO-0001294,2024-08-05,500
GR-0001064,PO-0001295,2024-02-17,100
GR-0001065,PO-0001296,2025-05-14,1000
GR-0001066,PO-0001297,2024-06-06,100
GR-0001067,PO-0001299,2026-04-06,50
GR-0001068,PO-0001301,2024-04-08,1000
GR-0001069,PO-0001302,2025-01-14,50
GR-0001070,PO-0001303,2024-03-02,869
GR-0001071,PO-0001305,2025-11-14,1000
GR-0001072,PO-0001306,2025-03-29,100
GR-0001073,PO-0001307,2025-06-28,50
GR-0001074,PO-0001308,2024-07-26,200
GR-0001075,PO-0001309,2025-12-24,1000
GR-0001076,PO-0001310,2024-05-10,1000
GR-0001077,PO-0001311,2025-02-26,500
GR-0001078,PO-0001312,2026-04-11,50
GR-0001079,PO-0001313,2026-05-14,50
GR-0001080,PO-0001314,2025-08-12,500
GR-0001081,PO-0001315,2024-04-06,1000
GR-0001082,PO-0001318,2024-09-27,500
GR-0001083,PO-0001320,2024-05-27,200
GR-0001084,PO-0001321,2025-10-09,100
GR-0001085,PO-0001323,2024-12-21,1000
GR-0001086,PO-0001324,2026-05-08,46
GR-0001087,PO-0001325,2025-01-16,100
GR-0001088,PO-0001326,2025-04-19,200
GR-0001089,PO-0001327,2025-03-09,200
GR-0001090,PO-0001328,2024-06-22,100
GR-0001091,PO-0001329,2025-07-13,1000
GR-0001092,PO-0001330,2026-05-08,100
GR-0001093,PO-0001331,2025-01-29,1000
GR-0001094,PO-0001332,2026-05-13,100
GR-0001095,PO-0001333,2024-09-28,100
GR-0001096,PO-0001334,2026-02-04,50
GR-0001097,PO-0001335,2025-12-02,1000
GR-0001098,PO-0001336,2024-10-26,50
GR-0001099,PO-0001337,2024-08-02,500
GR-0001100,PO-0001338,2025-05-15,50
GR-0001101,PO-0001339,2025-09-22,100
GR-0001102,PO-0001341,2024-11-23,85
GR-0001103,PO-0001342,2026-02-22,87
GR-0001104,PO-0001343,2026-06-05,500
GR-0001105,PO-0001344,2024-07-04,50
GR-0001106,PO-0001345,2026-03-28,200
GR-0001107,PO-0001346,2024-08-23,769
GR-0001108,PO-0001348,2024-03-10,50
GR-0001109,PO-0001350,2024-08-09,200
GR-0001110,PO-0001351,2026-03-17,1000
GR-0001111,PO-0001352,2026-04-28,500
GR-0001112,PO-0001354,2024-08-23,84
GR-0001113,PO-0001356,2025-05-08,100
GR-0001114,PO-0001359,2026-04-29,50
GR-0001115,PO-0001360,2025-06-12,50
GR-0001116,PO-0001361,2024-04-29,50
GR-0001117,PO-0001362,2024-10-10,500
GR-0001118,PO-0001364,2024-06-23,404
GR-0001119,PO-0001365,2025-04-09,716
GR-0001120,PO-0001366,2026-01-21,1000
GR-0001121,PO-0001368,2025-03-08,500
GR-0001122,PO-0001369,2024-04-20,92
GR-0001123,PO-0001370,2025-03-01,200
GR-0001124,PO-0001371,2024-11-26,500
GR-0001125,PO-0001376,2025-12-16,500
GR-0001126,PO-0001378,2024-08-18,200
GR-0001127,PO-0001379,2024-12-24,200
GR-0001128,PO-0001380,2026-01-06,500
GR-0001129,PO-0001381,2025-09-18,1000
GR-0001130,PO-0001382,2026-03-09,168
GR-0001131,PO-0001383,2024-05-17,500
GR-0001132,PO-0001384,2025-05-23,821
GR-0001133,PO-0001385,2026-03-20,100
GR-0001134,PO-0001386,2025-01-25,200
GR-0001135,PO-0001387,2026-01-02,500
GR-0001136,PO-0001388,2026-04-10,200
GR-0001137,PO-0001389,2025-08-21,1000
GR-0001138,PO-0001391,2024-05-08,36
GR-0001139,PO-0001393,2025-11-12,500
GR-0001140,PO-0001394,2025-05-21,1000
GR-0001141,PO-0001395,2025-01-11,500
GR-0001142,PO-0001396,2026-04-07,100
GR-0001143,PO-0001397,2026-04-27,500
GR-0001144,PO-0001398,2026-05-17,1000
GR-0001145,PO-0001399,2025-05-06,100
GR-0001146,PO-0001401,2026-03-07,100
GR-0001147,PO-0001402,2024-04-26,100
GR-0001148,PO-0001404,2024-04-18,50
GR-0001149,PO-0001405,2024-02-16,1000
GR-0001150,PO-0001406,2025-05-09,200
GR-0001151,PO-0001407,2025-07-19,100
GR-0001152,PO-0001408,2024-07-18,50
GR-0001153,PO-0001409,2025-10-27,50
GR-0001154,PO-0001410,2024-09-14,500
GR-0001155,PO-0001411,2025-11-21,50
GR-0001156,PO-0001412,2024-07-23,200
GR-0001157,PO-0001414,2025-06-22,1000
GR-0001158,PO-0001415,2024-03-04,1000
GR-0001159,PO-0001416,2024-05-27,100
GR-0001160,PO-0001418,2026-02-16,1000
GR-0001161,PO-0001420,2024-07-16,100
GR-0001162,PO-0001421,2025-10-05,200
GR-0001163,PO-0001422,2025-04-23,500
GR-0001164,PO-0001423,2025-08-20,200
GR-0001165,PO-0001424,2024-02-18,853
GR-0001166,PO-0001425,2024-02-12,50
GR-0001167,PO-0001426,2024-09-30,50
GR-0001168,PO-0001427,2024-02-17,200
GR-0001169,PO-0001428,2025-08-11,50
GR-0001170,PO-0001429,2026-05-09,50
GR-0001171,PO-0001430,2025-01-08,200
GR-0001172,PO-0001431,2024-06-17,500
GR-0001173,PO-0001432,2024-03-02,200
GR-0001174,PO-0001434,2024-02-20,200
GR-0001175,PO-0001435,2026-02-11,200
GR-0001176,PO-0001437,2025-11-06,50
GR-0001177,PO-0001439,2026-02-13,500
GR-0001178,PO-0001440,2024-02-09,50
GR-0001179,PO-0001441,2024-05-07,200
GR-0001180,PO-0001442,2025-10-04,500
GR-0001181,PO-0001443,2025-03-20,500
GR-0001182,PO-0001444,2024-12-17,500
GR-0001183,PO-0001445,2025-02-13,1000
GR-0001184,PO-0001446,2025-07-03,50
GR-0001185,PO-0001447,2024-08-13,500
GR-0001186,PO-0001448,2024-11-28,500
GR-0001187,PO-0001449,2024-09-09,200
GR-0001188,PO-0001450,2024-11-24,500
GR-0001189,PO-0001451,2024-05-24,100
GR-0001190,PO-0001452,2024-03-03,500
GR-0001191,PO-0001453,2024-05-15,200
GR-0001192,PO-0001454,2025-01-28,37
GR-0001193,PO-0001455,2025-04-03,100
GR-0001194,PO-0001456,2024-10-21,50
GR-0001195,PO-0001457,2024-10-07,50
GR-0001196,PO-0001458,2024-05-02,100
GR-0001197,PO-0001459,2024-07-08,100
GR-0001198,PO-0001460,2026-01-02,1000
GR-0001199,PO-0001461,2024-07-21,178
GR-0001200,PO-0001462,2024-12-20,50
GR-0001201,PO-0001465,2024-06-20,50
GR-0001202,PO-0001466,2026-03-02,100
GR-0001203,PO-0001468,2025-12-23,500
GR-0001204,PO-0001469,2026-03-31,1000
GR-0001205,PO-0001471,2025-12-07,100
GR-0001206,PO-0001472,2026-02-17,50
GR-0001207,PO-0001474,2025-08-23,100
GR-0001208,PO-0001475,2025-01-02,100
GR-0001209,PO-0001476,2024-06-10,500
GR-0001210,PO-0001477,2025-07-15,88
GR-0001211,PO-0001478,2024-08-01,200
GR-0001212,PO-0001479,2024-05-27,50
GR-0001213,PO-0001480,2024-03-21,172
GR-0001214,PO-0001481,2026-01-15,200
GR-0001215,PO-0001482,2024-12-13,100
GR-0001216,PO-0001484,2025-01-04,100
GR-0001217,PO-0001485,2024-06-08,100
GR-0001218,PO-0001486,2025-06-05,1000
GR-0001219,PO-0001487,2024-06-21,1000
GR-0001220,PO-0001489,2024-03-13,1000
GR-0001221,PO-0001490,2025-11-05,200
GR-0001222,PO-0001491,2024-04-16,500
GR-0001223,PO-0001492,2025-07-11,500
GR-0001224,PO-0001493,2024-06-03,200
GR-0001225,PO-0001494,2026-02-16,1000
GR-0001226,PO-0001495,2025-07-09,100
GR-0001227,PO-0001496,2025-11-26,200
GR-0001228,PO-0001497,2024-02-12,100
GR-0001229,PO-0001498,2024-04-29,500
GR-0001230,PO-0001499,2024-08-02,100
GR-0001231,PO-0001500,2025-05-05,1000
GR-0001232,PO-0001501,2024-07-23,1000
GR-0001233,PO-0001503,2025-01-30,200
GR-0001234,PO-0001504,2024-11-21,500
GR-0001235,PO-0001505,2025-10-31,1000
GR-0001236,PO-0001507,2025-06-18,1000
GR-0001237,PO-0001508,2024-04-07,100
GR-0001238,PO-0001510,2025-12-04,500
GR-0001239,PO-0001511,2026-02-05,800
GR-0001240,PO-0001512,2026-05-27,500
GR-0001241,PO-0001513,2024-04-22,50
GR-0001242,PO-0001514,2026-05-03,100
GR-0001243,PO-0001516,2025-10-19,200
GR-0001244,PO-0001517,2024-08-02,200
GR-0001245,PO-0001518,2025-09-28,1000
GR-0001246,PO-0001519,2025-04-12,1000
GR-0001247,PO-0001520,2025-12-27,50
GR-0001248,PO-0001521,2024-03-29,200
GR-0001249,PO-0001522,2025-07-31,500
GR-0001250,PO-0001523,2024-07-04,50
GR-0001251,PO-0001524,2024-04-23,100
GR-0001252,PO-0001525,2024-03-07,100
GR-0001253,PO-0001526,2026-02-14,200
GR-0001254,PO-0001527,2025-10-16,1000
GR-0001255,PO-0001529,2025-11-24,50
GR-0001256,PO-0001531,2024-05-02,100
GR-0001257,PO-0001532,2026-01-20,47
GR-0001258,PO-0001533,2024-06-23,200
GR-0001259,PO-0001534,2025-12-08,200
GR-0001260,PO-0001535,2024-03-10,100
GR-0001261,PO-0001536,2024-02-01,1000
GR-0001262,PO-0001537,2024-07-14,40
GR-0001263,PO-0001539,2024-10-16,50
GR-0001264,PO-0001541,2026-05-23,50
GR-0001265,PO-0001542,2024-12-12,200
GR-0001266,PO-0001543,2024-06-06,50
GR-0001267,PO-0001547,2025-07-30,200
GR-0001268,PO-0001548,2025-07-06,200
GR-0001269,PO-0001549,2024-10-06,200
GR-0001270,PO-0001550,2026-02-10,500
GR-0001271,PO-0001551,2024-02-21,200
GR-0001272,PO-0001552,2025-03-03,500
GR-0001273,PO-0001553,2024-09-07,500
GR-0001274,PO-0001554,2024-03-17,1000
GR-0001275,PO-0001555,2026-05-03,1000
GR-0001276,PO-0001556,2026-02-12,48
GR-0001277,PO-0001557,2025-08-02,417
GR-0001278,PO-0001558,2024-07-04,50
GR-0001279,PO-0001559,2026-04-18,1000
GR-0001280,PO-0001560,2026-04-02,1000
GR-0001281,PO-0001561,2024-07-19,500
GR-0001282,PO-0001562,2024-09-02,500
GR-0001283,PO-0001564,2024-08-08,200
GR-0001284,PO-0001565,2025-11-15,50
GR-0001285,PO-0001566,2025-05-06,982
GR-0001286,PO-0001567,2025-12-20,200
GR-0001287,PO-0001568,2024-04-12,1000
GR-0001288,PO-0001569,2025-04-12,50
GR-0001289,PO-0001570,2025-09-28,176
GR-0001290,PO-0001571,2025-02-01,50
GR-0001291,PO-0001572,2025-10-08,100
GR-0001292,PO-0001573,2024-09-19,500
GR-0001293,PO-0001576,2025-08-27,500
GR-0001294,PO-0001577,2025-07-20,1000
GR-0001295,PO-0001578,2024-10-23,200
GR-0001296,PO-0001579,2026-01-28,100
GR-0001297,PO-0001580,2025-02-11,1000
GR-0001298,PO-0001582,2024-10-13,500
GR-0001299,PO-0001583,2025-01-14,200
GR-0001300,PO-0001585,2024-06-29,50
GR-0001301,PO-0001586,2026-03-20,36
GR-0001302,PO-0001587,2025-02-12,500
GR-0001303,PO-0001588,2024-12-15,50
GR-0001304,PO-0001589,2024-04-06,50
GR-0001305,PO-0001590,2025-11-24,500
GR-0001306,PO-0001593,2025-09-12,200
GR-0001307,PO-0001594,2025-07-07,1000
GR-0001308,PO-0001595,2025-07-23,1000
GR-0001309,PO-0001597,2026-04-24,100
GR-0001310,PO-0001598,2024-05-18,200
GR-0001311,PO-0001599,2024-10-23,1000
GR-0001312,PO-0001600,2026-03-27,85
GR-0001313,PO-0001601,2024-01-28,500
GR-0001314,PO-0001602,2025-05-14,1000
GR-0001315,PO-0001603,2026-01-03,45
GR-0001316,PO-0001604,2025-02-18,50
GR-0001317,PO-0001605,2025-06-16,200
GR-0001318,PO-0001606,2024-04-01,500
GR-0001319,PO-0001608,2024-02-29,100
GR-0001320,PO-0001609,2025-06-14,100
GR-0001321,PO-0001610,2025-06-29,100
GR-0001322,PO-0001611,2025-12-23,200
GR-0001323,PO-0001612,2025-06-28,1000
GR-0001324,PO-0001613,2025-07-04,500
GR-0001325,PO-0001614,2024-05-31,200
GR-0001326,PO-0001615,2025-11-24,50
GR-0001327,PO-0001616,2026-04-28,500
GR-0001328,PO-0001617,2024-04-20,1000
GR-0001329,PO-0001618,2026-05-03,500
GR-0001330,PO-0001619,2026-06-07,50
GR-0001331,PO-0001620,2025-07-24,100
GR-0001332,PO-0001621,2024-02-09,50
GR-0001333,PO-0001622,2026-03-23,943
GR-0001334,PO-0001623,2026-01-23,100
GR-0001335,PO-0001624,2024-09-23,729
GR-0001336,PO-0001625,2026-04-05,500
GR-0001337,PO-0001626,2026-04-11,100
GR-0001338,PO-0001627,2024-11-17,50
GR-0001339,PO-0001628,2025-04-07,50
GR-0001340,PO-0001630,2025-04-12,1000
GR-0001341,PO-0001631,2024-11-07,1000
GR-0001342,PO-0001632,2024-11-13,910
GR-0001343,PO-0001633,2026-03-23,1000
GR-0001344,PO-0001634,2025-02-20,500
GR-0001345,PO-0001635,2024-05-08,50
GR-0001346,PO-0001636,2025-10-18,500
GR-0001347,PO-0001637,2026-03-22,500
GR-0001348,PO-0001639,2026-01-10,100
GR-0001349,PO-0001640,2025-12-15,72
GR-0001350,PO-0001641,2025-03-31,50
GR-0001351,PO-0001642,2024-05-23,100
GR-0001352,PO-0001643,2026-05-23,1000
GR-0001353,PO-0001645,2026-01-05,200
GR-0001354,PO-0001646,2026-01-20,100
GR-0001355,PO-0001647,2024-10-07,500
GR-0001356,PO-0001648,2024-06-25,1000
GR-0001357,PO-0001650,2026-02-08,100
GR-0001358,PO-0001651,2024-07-26,50
GR-0001359,PO-0001652,2024-03-04,100
GR-0001360,PO-0001654,2025-08-22,100
GR-0001361,PO-0001655,2024-07-15,200
GR-0001362,PO-0001657,2025-10-06,500
GR-0001363,PO-0001658,2024-05-25,1000
GR-0001364,PO-0001659,2024-06-27,1000
GR-0001365,PO-0001660,2025-07-17,50
GR-0001366,PO-0001661,2025-01-01,1000
GR-0001367,PO-0001662,2025-10-25,200
GR-0001368,PO-0001664,2025-01-18,100
GR-0001369,PO-0001665,2025-02-13,500
GR-0001370,PO-0001666,2026-03-08,50
GR-0001371,PO-0001667,2024-12-15,200
GR-0001372,PO-0001668,2025-11-09,180
GR-0001373,PO-0001671,2025-05-17,500
GR-0001374,PO-0001674,2024-04-20,500
GR-0001375,PO-0001675,2024-03-24,200
GR-0001376,PO-0001677,2025-09-27,200
GR-0001377,PO-0001678,2025-12-29,50
GR-0001378,PO-0001679,2024-03-12,200
GR-0001379,PO-0001680,2026-03-26,50
GR-0001380,PO-0001681,2025-08-23,500
GR-0001381,PO-0001683,2024-08-05,50
GR-0001382,PO-0001684,2025-11-30,100
GR-0001383,PO-0001685,2026-01-08,200
GR-0001384,PO-0001686,2024-07-17,200
GR-0001385,PO-0001687,2025-09-07,200
GR-0001386,PO-0001688,2025-09-02,412
GR-0001387,PO-0001689,2026-05-14,200
GR-0001388,PO-0001690,2025-07-18,100
GR-0001389,PO-0001691,2025-07-28,100
GR-0001390,PO-0001692,2024-12-09,50
GR-0001391,PO-0001693,2025-05-21,200
GR-0001392,PO-0001694,2024-07-28,50
GR-0001393,PO-0001695,2025-04-19,500
GR-0001394,PO-0001697,2026-03-02,1000
GR-0001395,PO-0001698,2025-03-31,973
GR-0001396,PO-0001699,2025-09-09,98
GR-0001397,PO-0001700,2026-05-14,100
GR-0001398,PO-0001701,2024-11-15,200
GR-0001399,PO-0001702,2026-02-20,100
GR-0001400,PO-0001703,2025-06-01,1000
GR-0001401,PO-0001704,2025-03-10,500
GR-0001402,PO-0001706,2026-03-12,500
GR-0001403,PO-0001707,2026-03-18,1000
GR-0001404,PO-0001708,2026-05-11,50
GR-0001405,PO-0001709,2024-10-01,100
GR-0001406,PO-0001710,2025-04-01,100
GR-0001407,PO-0001711,2024-10-03,500
GR-0001408,PO-0001712,2026-01-17,50
GR-0001409,PO-0001713,2024-12-11,81
GR-0001410,PO-0001714,2024-04-17,200
GR-0001411,PO-0001715,2025-07-31,200
GR-0001412,PO-0001716,2025-04-06,1000
GR-0001413,PO-0001717,2024-12-29,1000
GR-0001414,PO-0001718,2024-11-26,50
GR-0001415,PO-0001719,2026-01-06,200
GR-0001416,PO-0001720,2024-12-04,200
GR-0001417,PO-0001721,2025-09-12,50
GR-0001418,PO-0001722,2024-06-03,100
GR-0001419,PO-0001723,2026-01-31,1000
GR-0001420,PO-0001724,2024-03-31,50
GR-0001421,PO-0001726,2025-02-01,200
GR-0001422,PO-0001727,2025-05-07,43
GR-0001423,PO-0001728,2026-04-10,77
GR-0001424,PO-0001729,2026-04-09,100
GR-0001425,PO-0001730,2025-12-18,200
GR-0001426,PO-0001731,2025-05-21,1000
GR-0001427,PO-0001732,2024-02-25,200
GR-0001428,PO-0001733,2025-10-26,703
GR-0001429,PO-0001734,2024-12-29,200
GR-0001430,PO-0001735,2025-12-23,500
GR-0001431,PO-0001736,2025-11-29,500
GR-0001432,PO-0001737,2026-03-20,200
GR-0001433,PO-0001738,2024-07-10,861
GR-0001434,PO-0001743,2026-04-16,500
GR-0001435,PO-0001744,2024-11-14,200
GR-0001436,PO-0001745,2025-01-05,1000
GR-0001437,PO-0001746,2026-03-05,500
GR-0001438,PO-0001747,2025-08-02,200
GR-0001439,PO-0001749,2024-08-19,50
GR-0001440,PO-0001750,2025-03-25,50
GR-0001441,PO-0001753,2025-03-25,1000
GR-0001442,PO-0001755,2024-12-10,100
GR-0001443,PO-0001756,2025-05-31,100
GR-0001444,PO-0001757,2024-05-30,1000
GR-0001445,PO-0001758,2025-05-21,47
GR-0001446,PO-0001760,2025-07-09,45
GR-0001447,PO-0001761,2025-06-13,50
GR-0001448,PO-0001762,2025-06-13,500
GR-0001449,PO-0001763,2026-03-12,1000
GR-0001450,PO-0001764,2026-05-01,500
GR-0001451,PO-0001765,2025-05-27,500
GR-0001452,PO-0001766,2026-02-17,200
GR-0001453,PO-0001767,2025-08-06,200
GR-0001454,PO-0001768,2024-06-20,1000
GR-0001455,PO-0001769,2024-07-23,100
GR-0001456,PO-0001770,2025-09-09,200
GR-0001457,PO-0001771,2026-03-21,1000
GR-0001458,PO-0001772,2024-12-07,1000
GR-0001459,PO-0001773,2025-08-02,500
GR-0001460,PO-0001774,2024-09-21,100
GR-0001461,PO-0001775,2025-12-11,100
GR-0001462,PO-0001776,2024-08-28,100
GR-0001463,PO-0001779,2025-05-21,948
GR-0001464,PO-0001781,2025-08-19,200
GR-0001465,PO-0001782,2024-06-03,1000
GR-0001466,PO-0001783,2025-08-12,50
GR-0001467,PO-0001784,2025-05-11,50
GR-0001468,PO-0001786,2026-02-22,500
GR-0001469,PO-0001788,2026-03-05,500
GR-0001470,PO-0001790,2025-02-03,200
GR-0001471,PO-0001791,2026-04-06,100
GR-0001472,PO-0001792,2026-03-07,500
GR-0001473,PO-0001793,2025-11-19,1000
GR-0001474,PO-0001794,2024-12-26,760
GR-0001475,PO-0001795,2024-07-31,200
GR-0001476,PO-0001797,2025-10-14,418
GR-0001477,PO-0001798,2025-03-07,100
GR-0001478,PO-0001799,2025-02-20,500
GR-0001479,PO-0001801,2024-11-15,50
GR-0001480,PO-0001802,2024-12-29,500
GR-0001481,PO-0001803,2026-04-11,100
GR-0001482,PO-0001805,2026-04-04,500
GR-0001483,PO-0001806,2025-09-30,1000
GR-0001484,PO-0001807,2024-05-10,500
GR-0001485,PO-0001808,2026-03-04,500
GR-0001486,PO-0001809,2024-10-11,200
GR-0001487,PO-0001810,2026-04-27,200
GR-0001488,PO-0001812,2026-03-08,100
GR-0001489,PO-0001813,2024-08-26,200
GR-0001490,PO-0001814,2026-04-20,500
GR-0001491,PO-0001816,2026-05-03,200
GR-0001492,PO-0001817,2024-04-19,1000
GR-0001493,PO-0001819,2024-05-08,500
GR-0001494,PO-0001820,2024-04-20,100
GR-0001495,PO-0001822,2025-10-06,200
GR-0001496,PO-0001823,2024-09-13,1000
GR-0001497,PO-0001825,2025-08-23,100
GR-0001498,PO-0001826,2026-03-20,100
GR-0001499,PO-0001827,2024-10-16,100
GR-0001500,PO-0001828,2025-02-18,50
GR-0001501,PO-0001830,2024-09-18,500
GR-0001502,PO-0001831,2024-04-27,100
GR-0001503,PO-0001832,2026-03-04,100
GR-0001504,PO-0001833,2024-09-18,50
GR-0001505,PO-0001834,2025-05-26,50
GR-0001506,PO-0001838,2024-10-29,200
GR-0001507,PO-0001839,2024-07-04,1000
GR-0001508,PO-0001840,2025-12-23,200
GR-0001509,PO-0001842,2026-05-26,100
GR-0001510,PO-0001844,2025-10-22,200
GR-0001511,PO-0001846,2025-07-31,500
GR-0001512,PO-0001850,2024-02-22,200
GR-0001513,PO-0001851,2025-12-06,1000
GR-0001514,PO-0001852,2024-09-07,76
GR-0001515,PO-0001853,2026-03-21,50
GR-0001516,PO-0001856,2026-03-20,100
GR-0001517,PO-0001857,2024-02-20,500
GR-0001518,PO-0001858,2024-08-05,500
GR-0001519,PO-0001860,2025-11-25,159
GR-0001520,PO-0001861,2024-11-09,200
GR-0001521,PO-0001862,2024-06-01,200
GR-0001522,PO-0001863,2024-05-22,50
GR-0001523,PO-0001864,2026-02-17,196
GR-0001524,PO-0001865,2024-08-15,500
GR-0001525,PO-0001866,2025-12-26,100
GR-0001526,PO-0001867,2025-07-10,1000
GR-0001527,PO-0001868,2025-07-28,100
GR-0001528,PO-0001869,2026-02-22,100
GR-0001529,PO-0001872,2025-05-20,500
GR-0001530,PO-0001874,2025-10-06,50
GR-0001531,PO-0001875,2026-03-12,100
GR-0001532,PO-0001877,2024-07-15,372
GR-0001533,PO-0001878,2024-06-22,200
GR-0001534,PO-0001879,2025-10-22,500
GR-0001535,PO-0001880,2026-02-25,1000
GR-0001536,PO-0001881,2024-02-26,500
GR-0001537,PO-0001883,2026-04-30,500
GR-0001538,PO-0001885,2025-07-13,500
GR-0001539,PO-0001887,2025-07-26,200
GR-0001540,PO-0001888,2024-10-22,1000
GR-0001541,PO-0001889,2026-03-29,405
GR-0001542,PO-0001890,2024-05-11,1000
GR-0001543,PO-0001891,2024-05-29,100
GR-0001544,PO-0001892,2024-03-28,200
GR-0001545,PO-0001893,2024-03-25,500
GR-0001546,PO-0001894,2024-07-31,50
GR-0001547,PO-0001895,2026-05-16,50
GR-0001548,PO-0001896,2024-12-01,500
GR-0001549,PO-0001897,2024-11-11,100
GR-0001550,PO-0001898,2026-04-28,100
GR-0001551,PO-0001899,2025-07-23,100
GR-0001552,PO-0001900,2025-07-16,100
GR-0001553,PO-0001901,2025-02-11,200
GR-0001554,PO-0001902,2024-08-24,1000
GR-0001555,PO-0001903,2026-04-03,1000
GR-0001556,PO-0001905,2026-02-24,146
GR-0001557,PO-0001907,2024-09-26,500
GR-0001558,PO-0001908,2026-01-26,100
GR-0001559,PO-0001910,2025-06-11,500
GR-0001560,PO-0001913,2025-04-09,200
GR-0001561,PO-0001915,2024-12-10,90
GR-0001562,PO-0001916,2024-12-30,50
GR-0001563,PO-0001917,2025-12-29,1000
GR-0001564,PO-0001918,2025-07-03,1000
GR-0001565,PO-0001919,2025-05-17,1000
GR-0001566,PO-0001920,2024-04-03,200
GR-0001567,PO-0001921,2025-10-27,500
GR-0001568,PO-0001922,2025-08-29,200
GR-0001569,PO-0001925,2026-02-08,200
GR-0001570,PO-0001926,2026-02-12,100
GR-0001571,PO-0001927,2024-08-06,43
GR-0001572,PO-0001928,2025-03-14,500
GR-0001573,PO-0001929,2024-04-30,200
GR-0001574,PO-0001930,2024-09-13,100
GR-0001575,PO-0001931,2026-04-02,50
GR-0001576,PO-0001933,2024-01-10,200
GR-0001577,PO-0001935,2025-12-02,1000
GR-0001578,PO-0001936,2025-09-22,200
GR-0001579,PO-0001937,2024-08-21,1000
GR-0001580,PO-0001939,2025-01-15,100
GR-0001581,PO-0001941,2025-06-01,1000
GR-0001582,PO-0001942,2025-02-24,100
GR-0001583,PO-0001944,2026-05-19,1000
GR-0001584,PO-0001945,2026-01-27,1000
GR-0001585,PO-0001946,2024-12-14,100
GR-0001586,PO-0001947,2025-07-05,50
GR-0001587,PO-0001949,2024-12-14,50
GR-0001588,PO-0001950,2025-08-31,100
GR-0001589,PO-0001952,2026-06-03,500
GR-0001590,PO-0001954,2026-02-05,200
GR-0001591,PO-0001955,2025-11-10,50
GR-0001592,PO-0001957,2026-06-18,100
GR-0001593,PO-0001958,2025-10-08,100
GR-0001594,PO-0001960,2026-03-11,200
GR-0001595,PO-0001961,2024-10-18,100
GR-0001596,PO-0001962,2026-03-11,500
GR-0001597,PO-0001964,2024-05-06,100
GR-0001598,PO-0001965,2025-03-05,200
GR-0001599,PO-0001966,2026-03-13,50
GR-0001600,PO-0001968,2025-06-29,50
GR-0001601,PO-0001969,2026-04-09,50
GR-0001602,PO-0001970,2025-11-20,1000
GR-0001603,PO-0001971,2024-02-29,1000
GR-0001604,PO-0001972,2024-09-06,50
GR-0001605,PO-0001973,2024-09-05,100
GR-0001606,PO-0001974,2025-10-13,1000
GR-0001607,PO-0001975,2024-03-09,50
GR-0001608,PO-0001976,2025-02-16,50
GR-0001609,PO-0001977,2024-01-15,1000
GR-0001610,PO-0001978,2025-08-08,1000
GR-0001611,PO-0001979,2025-12-10,500
GR-0001612,PO-0001983,2024-07-05,197
GR-0001613,PO-0001984,2025-02-04,50
GR-0001614,PO-0001985,2025-03-06,82
GR-0001615,PO-0001986,2025-05-20,500
GR-0001616,PO-0001987,2025-07-18,100
GR-0001617,PO-0001988,2025-12-03,1000
GR-0001618,PO-0001989,2024-09-03,500
GR-0001619,PO-0001990,2026-04-23,1000
GR-0001620,PO-0001992,2026-01-20,100
GR-0001621,PO-0001993,2026-01-10,1000
GR-0001622,PO-0001995,2026-03-18,500
GR-0001623,PO-0001996,2025-10-20,50
GR-0001624,PO-0001997,2025-01-14,50
GR-0001625,PO-0001998,2024-09-14,200
GR-0001626,PO-0001999,2024-12-28,100
GR-0001627,PO-0002000,2024-07-19,500
GR-0001628,PO-0002002,2024-07-25,500
GR-0001629,PO-0002003,2025-02-08,434
GR-0001630,PO-0002006,2025-02-28,50
GR-0001631,PO-0002013,2025-12-07,100
GR-0001632,PO-0002014,2025-11-17,500
GR-0001633,PO-0002015,2024-03-07,1000
GR-0001634,PO-0002016,2024-11-24,500
GR-0001635,PO-0002017,2025-04-13,200
GR-0001636,PO-0002018,2025-05-27,50
GR-0001637,PO-0002019,2024-03-13,100
GR-0001638,PO-0002021,2026-03-06,50
GR-0001639,PO-0002022,2024-07-18,1000
GR-0001640,PO-0002023,2025-10-12,50
GR-0001641,PO-0002024,2024-08-23,50
GR-0001642,PO-0002025,2024-04-02,500
GR-0001643,PO-0002026,2026-01-31,500
GR-0001644,PO-0002027,2025-04-29,77
GR-0001645,PO-0002028,2025-09-02,100
GR-0001646,PO-0002029,2024-07-04,500
GR-0001647,PO-0002030,2025-11-24,200
GR-0001648,PO-0002031,2024-10-25,200
GR-0001649,PO-0002032,2026-03-11,50
GR-0001650,PO-0002033,2026-02-13,50
GR-0001651,PO-0002034,2025-12-15,1000
GR-0001652,PO-0002035,2026-06-03,500
GR-0001653,PO-0002036,2026-02-16,100
GR-0001654,PO-0002037,2026-04-09,500
GR-0001655,PO-0002038,2026-02-24,441
GR-0001656,PO-0002039,2025-03-06,50
GR-0001657,PO-0002040,2025-10-03,100
GR-0001658,PO-0002041,2025-02-22,100
GR-0001659,PO-0002042,2024-07-26,500
GR-0001660,PO-0002044,2025-01-14,500
GR-0001661,PO-0002045,2026-04-18,100
GR-0001662,PO-0002046,2025-11-07,500
GR-0001663,PO-0002047,2026-02-10,200
GR-0001664,PO-0002048,2025-02-25,500
GR-0001665,PO-0002049,2025-11-30,500
GR-0001666,PO-0002051,2026-01-12,1000
GR-0001667,PO-0002052,2025-05-11,50
GR-0001668,PO-0002053,2025-05-28,388
GR-0001669,PO-0002054,2025-04-05,100
GR-0001670,PO-0002055,2024-10-06,50
GR-0001671,PO-0002059,2025-10-30,50
GR-0001672,PO-0002060,2026-05-04,500
GR-0001673,PO-0002061,2024-08-23,100
GR-0001674,PO-0002062,2024-07-14,500
GR-0001675,PO-0002064,2024-12-07,73
GR-0001676,PO-0002065,2025-08-06,500
GR-0001677,PO-0002066,2024-03-17,500
GR-0001678,PO-0002067,2024-12-20,1000
GR-0001679,PO-0002068,2026-01-24,100
GR-0001680,PO-0002070,2024-05-12,500
GR-0001681,PO-0002071,2025-07-21,500
GR-0001682,PO-0002072,2024-07-23,50
GR-0001683,PO-0002073,2025-12-08,1000
GR-0001684,PO-0002075,2025-07-10,200
GR-0001685,PO-0002076,2025-06-23,200
GR-0001686,PO-0002077,2024-03-06,100
GR-0001687,PO-0002078,2025-10-05,200
GR-0001688,PO-0002079,2026-03-21,1000
GR-0001689,PO-0002080,2024-08-15,1000
GR-0001690,PO-0002081,2024-03-27,500
GR-0001691,PO-0002082,2024-08-29,100
GR-0001692,PO-0002083,2025-08-24,200
GR-0001693,PO-0002084,2025-02-18,500
GR-0001694,PO-0002085,2024-03-08,200
GR-0001695,PO-0002086,2025-06-10,419
GR-0001696,PO-0002087,2024-12-08,100
GR-0001697,PO-0002089,2024-02-23,200
GR-0001698,PO-0002090,2024-08-22,500
GR-0001699,PO-0002091,2024-03-11,191
GR-0001700,PO-0002093,2024-07-18,50
GR-0001701,PO-0002094,2025-12-27,1000
GR-0001702,PO-0002095,2024-04-26,500
GR-0001703,PO-0002098,2026-01-14,150
GR-0001704,PO-0002100,2025-08-27,500
GR-0001705,PO-0002101,2026-02-06,50
GR-0001706,PO-0002102,2025-12-11,200
GR-0001707,PO-0002103,2025-02-08,500
GR-0001708,PO-0002104,2026-04-03,362
GR-0001709,PO-0002106,2025-06-01,500
GR-0001710,PO-0002107,2024-07-14,1000
GR-0001711,PO-0002108,2024-07-16,85
GR-0001712,PO-0002109,2024-05-27,1000
GR-0001713,PO-0002110,2026-02-12,100
GR-0001714,PO-0002111,2025-08-16,500
GR-0001715,PO-0002113,2025-11-24,500
GR-0001716,PO-0002114,2026-05-04,50
GR-0001717,PO-0002115,2024-10-02,500
GR-0001718,PO-0002116,2024-02-14,200
GR-0001719,PO-0002117,2024-04-28,200
GR-0001720,PO-0002118,2024-12-18,200
GR-0001721,PO-0002119,2025-06-08,1000
GR-0001722,PO-0002121,2026-03-16,1000
GR-0001723,PO-0002123,2024-02-25,500
GR-0001724,PO-0002124,2025-10-19,50
GR-0001725,PO-0002125,2024-03-31,200
GR-0001726,PO-0002126,2026-01-22,100
GR-0001727,PO-0002127,2025-05-09,44
GR-0001728,PO-0002128,2024-10-23,1000
GR-0001729,PO-0002129,2024-12-20,72
GR-0001730,PO-0002130,2025-06-05,100
GR-0001731,PO-0002131,2026-04-01,500
GR-0001732,PO-0002132,2026-01-21,500
GR-0001733,PO-0002133,2024-06-07,100
GR-0001734,PO-0002134,2025-04-01,50
GR-0001735,PO-0002135,2024-05-02,500
GR-0001736,PO-0002136,2025-12-04,200
GR-0001737,PO-0002137,2024-06-18,40
GR-0001738,PO-0002139,2024-08-07,1000
GR-0001739,PO-0002140,2024-12-24,100
GR-0001740,PO-0002141,2025-11-24,200
GR-0001741,PO-0002143,2024-07-31,500
GR-0001742,PO-0002146,2025-09-20,100
GR-0001743,PO-0002147,2024-10-05,200
GR-0001744,PO-0002148,2025-12-07,200
GR-0001745,PO-0002149,2024-05-28,500
GR-0001746,PO-0002150,2024-09-20,1000
GR-0001747,PO-0002151,2024-03-08,500
GR-0001748,PO-0002152,2024-10-27,399
GR-0001749,PO-0002154,2025-07-29,437
GR-0001750,PO-0002155,2026-05-03,1000
GR-0001751,PO-0002156,2025-07-29,1000
GR-0001752,PO-0002157,2025-07-21,100
GR-0001753,PO-0002159,2026-05-13,200
GR-0001754,PO-0002160,2025-11-01,100
GR-0001755,PO-0002161,2025-02-13,1000
GR-0001756,PO-0002162,2024-11-14,100
GR-0001757,PO-0002163,2025-11-12,500
GR-0001758,PO-0002164,2024-06-26,187
GR-0001759,PO-0002165,2024-01-28,43
GR-0001760,PO-0002166,2025-07-28,882
GR-0001761,PO-0002167,2025-10-31,50
GR-0001762,PO-0002168,2024-03-24,50
GR-0001763,PO-0002169,2026-02-26,500
GR-0001764,PO-0002170,2026-02-28,200
GR-0001765,PO-0002172,2024-09-26,81
GR-0001766,PO-0002175,2026-04-22,500
GR-0001767,PO-0002176,2025-05-15,1000
GR-0001768,PO-0002178,2025-05-08,100
GR-0001769,PO-0002179,2025-04-23,100
GR-0001770,PO-0002180,2024-08-12,500
GR-0001771,PO-0002181,2025-07-11,1000
GR-0001772,PO-0002182,2026-01-19,500
GR-0001773,PO-0002183,2025-03-17,200
GR-0001774,PO-0002184,2026-01-11,1000
GR-0001775,PO-0002185,2025-03-18,1000
GR-0001776,PO-0002186,2025-04-11,200
GR-0001777,PO-0002187,2025-05-30,100
GR-0001778,PO-0002188,2025-02-01,200
GR-0001779,PO-0002189,2024-04-29,1000
GR-0001780,PO-0002190,2024-07-17,500
GR-0001781,PO-0002191,2024-08-08,1000
GR-0001782,PO-0002192,2024-08-13,200
GR-0001783,PO-0002193,2024-03-11,100
GR-0001784,PO-0002194,2024-06-12,500
GR-0001785,PO-0002195,2024-08-18,100
GR-0001786,PO-0002196,2025-06-20,50
GR-0001787,PO-0002197,2024-10-03,1000
GR-0001788,PO-0002198,2026-02-20,100
GR-0001789,PO-0002199,2024-05-24,50
GR-0001790,PO-0002200,2025-03-09,1000
GR-0001791,PO-0002201,2025-09-14,500
GR-0001792,PO-0002202,2024-08-10,50
GR-0001793,PO-0002203,2025-03-16,500
GR-0001794,PO-0002204,2026-04-23,100
GR-0001795,PO-0002205,2025-12-17,200
GR-0001796,PO-0002206,2025-06-11,500
GR-0001797,PO-0002208,2024-11-30,200
GR-0001798,PO-0002209,2024-12-04,200
GR-0001799,PO-0002210,2024-04-19,200
GR-0001800,PO-0002211,2026-02-15,1000
GR-0001801,PO-0002212,2025-02-28,50
GR-0001802,PO-0002213,2024-03-09,1000
GR-0001803,PO-0002214,2026-03-14,1000
GR-0001804,PO-0002215,2026-05-07,500
GR-0001805,PO-0002216,2024-11-20,100
GR-0001806,PO-0002217,2024-02-26,200
GR-0001807,PO-0002218,2025-03-24,74
GR-0001808,PO-0002219,2024-10-08,500
GR-0001809,PO-0002220,2025-12-08,500
GR-0001810,PO-0002221,2025-05-24,200
GR-0001811,PO-0002222,2025-01-22,200
GR-0001812,PO-0002223,2026-04-20,100
GR-0001813,PO-0002224,2025-07-11,200
GR-0001814,PO-0002225,2024-06-04,100
GR-0001815,PO-0002227,2025-07-24,1000
GR-0001816,PO-0002230,2025-05-11,500
GR-0001817,PO-0002231,2025-01-12,174
GR-0001818,PO-0002232,2025-04-10,100
GR-0001819,PO-0002233,2025-09-24,200
GR-0001820,PO-0002234,2025-08-12,467
GR-0001821,PO-0002235,2024-07-19,50
GR-0001822,PO-0002236,2026-06-13,200
GR-0001823,PO-0002237,2025-01-30,50
GR-0001824,PO-0002239,2024-06-17,200
GR-0001825,PO-0002240,2024-11-22,100
GR-0001826,PO-0002241,2025-06-23,1000
GR-0001827,PO-0002242,2025-12-27,100
GR-0001828,PO-0002243,2026-06-09,500
GR-0001829,PO-0002244,2026-01-04,200
GR-0001830,PO-0002246,2024-06-28,50
GR-0001831,PO-0002247,2026-01-30,500
GR-0001832,PO-0002249,2024-03-18,200
GR-0001833,PO-0002250,2026-04-05,200
GR-0001834,PO-0002251,2025-05-10,100
GR-0001835,PO-0002256,2025-07-09,1000
GR-0001836,PO-0002257,2025-12-02,200
GR-0001837,PO-0002259,2024-08-19,100
GR-0001838,PO-0002261,2025-04-25,50
GR-0001839,PO-0002262,2026-03-20,500
GR-0001840,PO-0002265,2024-09-05,500
GR-0001841,PO-0002266,2025-12-03,830
GR-0001842,PO-0002267,2024-01-17,500
GR-0001843,PO-0002269,2025-06-12,200
GR-0001844,PO-0002271,2025-09-20,200
GR-0001845,PO-0002272,2024-04-02,200
GR-0001846,PO-0002273,2024-07-20,200
GR-0001847,PO-0002274,2026-02-01,100
GR-0001848,PO-0002276,2024-02-01,100
GR-0001849,PO-0002277,2024-07-13,50
GR-0001850,PO-0002278,2024-06-19,500
GR-0001851,PO-0002279,2025-02-09,100
GR-0001852,PO-0002281,2024-06-19,200
GR-0001853,PO-0002282,2026-03-27,200
GR-0001854,PO-0002283,2026-05-24,500
GR-0001855,PO-0002285,2024-10-06,500
GR-0001856,PO-0002286,2025-04-20,97
GR-0001857,PO-0002287,2025-01-08,500
GR-0001858,PO-0002288,2025-09-30,1000
GR-0001859,PO-0002289,2025-08-05,1000
GR-0001860,PO-0002290,2024-09-22,200
GR-0001861,PO-0002294,2025-01-17,50
GR-0001862,PO-0002299,2025-09-02,100
GR-0001863,PO-0002300,2026-04-15,952
GR-0001864,PO-0002301,2024-11-19,1000
GR-0001865,PO-0002302,2024-11-25,500
GR-0001866,PO-0002304,2025-05-04,200
GR-0001867,PO-0002305,2026-05-08,100
GR-0001868,PO-0002306,2026-05-17,50
GR-0001869,PO-0002307,2026-05-03,1000
GR-0001870,PO-0002308,2026-03-24,100
GR-0001871,PO-0002309,2025-12-17,500
GR-0001872,PO-0002310,2024-11-08,200
GR-0001873,PO-0002312,2025-09-19,100
GR-0001874,PO-0002313,2024-10-27,100
GR-0001875,PO-0002314,2026-02-12,50
GR-0001876,PO-0002315,2024-09-08,50
GR-0001877,PO-0002316,2025-04-23,80
GR-0001878,PO-0002317,2025-12-28,200
GR-0001879,PO-0002318,2025-02-23,200
GR-0001880,PO-0002319,2025-05-14,50
GR-0001881,PO-0002320,2026-03-05,500
GR-0001882,PO-0002321,2025-04-15,50
GR-0001883,PO-0002322,2025-02-18,200
GR-0001884,PO-0002323,2024-11-23,100
GR-0001885,PO-0002325,2025-07-06,100
GR-0001886,PO-0002326,2025-07-14,200
GR-0001887,PO-0002327,2024-10-02,200
GR-0001888,PO-0002329,2025-07-07,1000
GR-0001889,PO-0002330,2026-03-31,1000
GR-0001890,PO-0002331,2026-04-09,500
GR-0001891,PO-0002332,2025-03-31,1000
GR-0001892,PO-0002333,2024-03-06,200
GR-0001893,PO-0002335,2025-12-26,50
GR-0001894,PO-0002337,2025-05-24,100
GR-0001895,PO-0002339,2024-06-20,175
GR-0001896,PO-0002340,2026-05-13,200
GR-0001897,PO-0002341,2024-09-19,50
GR-0001898,PO-0002342,2026-06-18,100
GR-0001899,PO-0002344,2024-01-20,500
GR-0001900,PO-0002345,2024-05-23,1000
GR-0001901,PO-0002346,2024-09-15,50
GR-0001902,PO-0002347,2025-05-30,100
GR-0001903,PO-0002348,2024-08-15,200
GR-0001904,PO-0002349,2024-07-04,500
GR-0001905,PO-0002350,2025-12-12,500
GR-0001906,PO-0002351,2026-01-05,100
GR-0001907,PO-0002354,2025-12-17,1000
GR-0001908,PO-0002355,2024-11-19,1000
GR-0001909,PO-0002356,2024-09-04,500
GR-0001910,PO-0002357,2024-06-08,36
GR-0001911,PO-0002358,2025-03-21,1000
GR-0001912,PO-0002359,2024-10-01,50
GR-0001913,PO-0002360,2025-08-04,1000
GR-0001914,PO-0002361,2024-03-20,500
GR-0001915,PO-0002362,2026-01-24,50
GR-0001916,PO-0002363,2026-03-05,159
GR-0001917,PO-0002364,2026-03-02,50
GR-0001918,PO-0002365,2025-01-11,100
GR-0001919,PO-0002366,2026-01-20,100
GR-0001920,PO-0002367,2026-05-07,1000
GR-0001921,PO-0002368,2025-12-05,50
GR-0001922,PO-0002369,2026-05-01,100
GR-0001923,PO-0002370,2025-08-14,50
GR-0001924,PO-0002371,2025-05-16,50
GR-0001925,PO-0002373,2024-12-29,200
GR-0001926,PO-0002374,2024-09-17,500
GR-0001927,PO-0002375,2025-02-16,50
GR-0001928,PO-0002376,2024-03-30,500
GR-0001929,PO-0002377,2025-08-15,500
GR-0001930,PO-0002378,2024-07-19,100
GR-0001931,PO-0002379,2025-02-20,200
GR-0001932,PO-0002382,2024-09-26,1000
GR-0001933,PO-0002383,2024-04-19,500
GR-0001934,PO-0002384,2026-03-05,100
GR-0001935,PO-0002385,2025-03-21,200
GR-0001936,PO-0002386,2025-07-17,500
GR-0001937,PO-0002387,2025-06-10,50
GR-0001938,PO-0002389,2024-07-20,500
GR-0001939,PO-0002390,2025-12-17,100
GR-0001940,PO-0002391,2024-11-21,500
GR-0001941,PO-0002392,2025-06-09,50
GR-0001942,PO-0002394,2025-10-06,50
GR-0001943,PO-0002395,2024-04-20,200
GR-0001944,PO-0002396,2024-10-04,1000
GR-0001945,PO-0002397,2026-05-11,100
GR-0001946,PO-0002398,2025-07-26,50
GR-0001947,PO-0002399,2025-12-29,100
GR-0001948,PO-0002403,2026-04-15,1000
GR-0001949,PO-0002405,2025-09-21,50
GR-0001950,PO-0002406,2024-09-16,500
GR-0001951,PO-0002407,2024-11-10,1000
GR-0001952,PO-0002408,2025-02-23,200
GR-0001953,PO-0002409,2024-12-26,1000
GR-0001954,PO-0002410,2024-11-14,100
GR-0001955,PO-0002411,2025-09-29,87
GR-0001956,PO-0002412,2024-07-14,50
GR-0001957,PO-0002414,2026-02-20,200
GR-0001958,PO-0002415,2026-04-24,200
GR-0001959,PO-0002416,2024-04-09,1000
GR-0001960,PO-0002417,2024-07-29,50
GR-0001961,PO-0002418,2024-05-10,50
GR-0001962,PO-0002419,2026-03-10,100
GR-0001963,PO-0002420,2025-06-22,1000
GR-0001964,PO-0002422,2024-11-18,50
GR-0001965,PO-0002423,2025-04-17,100
GR-0001966,PO-0002424,2024-05-24,500
GR-0001967,PO-0002425,2024-05-26,50
GR-0001968,PO-0002426,2025-02-20,1000
GR-0001969,PO-0002427,2024-08-27,50
GR-0001970,PO-0002428,2026-02-02,1000
GR-0001971,PO-0002430,2024-12-01,1000
GR-0001972,PO-0002431,2024-05-25,1000
GR-0001973,PO-0002432,2025-11-19,1000
GR-0001974,PO-0002433,2025-09-28,958
GR-0001975,PO-0002434,2024-08-01,100
GR-0001976,PO-0002436,2024-06-25,500
GR-0001977,PO-0002437,2025-11-14,500
GR-0001978,PO-0002438,2024-09-12,200
GR-0001979,PO-0002439,2025-07-26,100
GR-0001980,PO-0002441,2024-07-05,1000
GR-0001981,PO-0002442,2025-04-16,1000
GR-0001982,PO-0002443,2025-03-23,1000
GR-0001983,PO-0002444,2024-03-05,1000
GR-0001984,PO-0002445,2026-05-21,734
GR-0001985,PO-0002446,2026-03-20,200
GR-0001986,PO-0002448,2025-05-20,100
GR-0001987,PO-0002449,2025-03-13,500
GR-0001988,PO-0002450,2024-05-06,94
GR-0001989,PO-0002451,2024-04-16,500
GR-0001990,PO-0002452,2024-12-11,50
GR-0001991,PO-0002454,2025-03-31,100
GR-0001992,PO-0002455,2025-05-02,1000
GR-0001993,PO-0002456,2024-07-01,500
GR-0001994,PO-0002457,2026-03-15,483
GR-0001995,PO-0002458,2025-08-29,1000
GR-0001996,PO-0002459,2024-04-03,100
GR-0001997,PO-0002460,2024-12-12,200
GR-0001998,PO-0002461,2024-04-14,500
GR-0001999,PO-0002462,2025-12-12,50
GR-0002000,PO-0002463,2025-12-21,200
GR-0002001,PO-0002464,2025-03-09,50
GR-0002002,PO-0002468,2025-04-11,200
GR-0002003,PO-0002469,2024-10-28,50
GR-0002004,PO-0002470,2025-11-28,1000
GR-0002005,PO-0002472,2025-07-27,100
GR-0002006,PO-0002473,2024-12-30,500
GR-0002007,PO-0002475,2024-09-23,50
GR-0002008,PO-0002477,2025-07-04,1000
GR-0002009,PO-0002478,2025-05-21,500
GR-0002010,PO-0002480,2025-01-18,50
GR-0002011,PO-0002481,2024-08-12,100
GR-0002012,PO-0002482,2025-02-17,50
GR-0002013,PO-0002483,2025-12-28,144
GR-0002014,PO-0002485,2025-09-28,50
GR-0002015,PO-0002486,2025-05-07,1000
GR-0002016,PO-0002488,2026-02-15,87
GR-0002017,PO-0002491,2026-03-11,1000
GR-0002018,PO-0002493,2024-03-23,500
GR-0002019,PO-0002494,2025-03-04,500
GR-0002020,PO-0002495,2025-04-19,200
GR-0002021,PO-0002496,2025-11-18,500
GR-0002022,PO-0002497,2025-07-21,500
GR-0002023,PO-0002499,2026-03-29,1000
GR-0002024,PO-0002500,2025-03-07,50
GR-0002025,PO-0002501,2026-03-28,500
GR-0002026,PO-0002505,2025-05-05,1000
GR-0002027,PO-0002506,2024-12-04,100
GR-0002028,PO-0002507,2026-04-23,429
GR-0002029,PO-0002508,2024-06-05,200
GR-0002030,PO-0002509,2024-12-19,500
GR-0002031,PO-0002511,2026-01-16,100
GR-0002032,PO-0002512,2024-05-26,1000
GR-0002033,PO-0002513,2025-06-26,1000
GR-0002034,PO-0002514,2025-06-08,200
GR-0002035,PO-0002516,2026-05-31,1000
GR-0002036,PO-0002517,2025-07-24,200
GR-0002037,PO-0002518,2024-08-28,500
GR-0002038,PO-0002519,2024-09-01,100
GR-0002039,PO-0002520,2026-01-31,1000
GR-0002040,PO-0002521,2024-10-26,100
GR-0002041,PO-0002522,2026-05-09,36
GR-0002042,PO-0002523,2025-07-09,500
GR-0002043,PO-0002524,2025-06-02,50
GR-0002044,PO-0002526,2025-09-01,500
GR-0002045,PO-0002527,2025-06-21,500
GR-0002046,PO-0002529,2024-12-01,1000
GR-0002047,PO-0002530,2026-04-22,200
GR-0002048,PO-0002531,2024-05-21,50
GR-0002049,PO-0002532,2024-01-16,50
GR-0002050,PO-0002533,2024-03-30,100
GR-0002051,PO-0002535,2024-09-11,50
GR-0002052,PO-0002536,2024-07-19,50
GR-0002053,PO-0002539,2024-09-12,500
GR-0002054,PO-0002540,2026-03-13,45
GR-0002055,PO-0002542,2025-08-01,100
GR-0002056,PO-0002543,2024-04-21,100
GR-0002057,PO-0002544,2025-10-24,200
GR-0002058,PO-0002545,2024-10-24,500
GR-0002059,PO-0002546,2025-08-02,100
GR-0002060,PO-0002547,2025-01-08,431
GR-0002061,PO-0002548,2025-06-14,100
GR-0002062,PO-0002549,2026-05-31,500
GR-0002063,PO-0002550,2025-02-24,50
GR-0002064,PO-0002551,2025-05-02,100
GR-0002065,PO-0002553,2024-12-30,100
GR-0002066,PO-0002554,2024-05-17,500
GR-0002067,PO-0002555,2024-12-29,100
GR-0002068,PO-0002557,2024-08-14,200
GR-0002069,PO-0002558,2026-03-13,500
GR-0002070,PO-0002559,2025-09-30,200
GR-0002071,PO-0002560,2025-07-13,1000
GR-0002072,PO-0002561,2025-04-13,50
GR-0002073,PO-0002562,2025-01-23,100
GR-0002074,PO-0002563,2025-05-29,170
GR-0002075,PO-0002564,2024-07-04,50
GR-0002076,PO-0002565,2024-03-19,1000
GR-0002077,PO-0002566,2025-08-06,500
GR-0002078,PO-0002567,2025-04-22,200
GR-0002079,PO-0002568,2025-12-10,1000
GR-0002080,PO-0002569,2026-05-05,50
GR-0002081,PO-0002570,2025-12-13,50
GR-0002082,PO-0002572,2024-03-03,97
GR-0002083,PO-0002573,2025-01-05,50
GR-0002084,PO-0002575,2025-04-15,500
GR-0002085,PO-0002576,2024-05-30,100
GR-0002086,PO-0002577,2026-01-27,500
GR-0002087,PO-0002578,2025-11-03,50
GR-0002088,PO-0002579,2026-02-08,50
GR-0002089,PO-0002581,2025-11-04,100
GR-0002090,PO-0002582,2024-08-26,500
GR-0002091,PO-0002583,2024-06-02,100
GR-0002092,PO-0002584,2025-03-21,1000
GR-0002093,PO-0002585,2025-01-19,100
GR-0002094,PO-0002586,2025-02-03,200
GR-0002095,PO-0002587,2026-03-09,50
GR-0002096,PO-0002588,2025-09-15,500
GR-0002097,PO-0002589,2024-06-27,100
GR-0002098,PO-0002590,2026-03-25,95
GR-0002099,PO-0002591,2024-06-30,50
GR-0002100,PO-0002592,2024-10-04,1000
GR-0002101,PO-0002593,2025-04-27,50
GR-0002102,PO-0002594,2025-07-16,50
GR-0002103,PO-0002595,2025-11-18,50
GR-0002104,PO-0002597,2026-03-16,500
GR-0002105,PO-0002598,2025-01-31,500
GR-0002106,PO-0002599,2024-11-02,500
GR-0002107,PO-0002600,2025-05-05,50
GR-0002108,PO-0002601,2024-08-05,50
GR-0002109,PO-0002602,2024-05-01,500
GR-0002110,PO-0002603,2024-01-31,1000
GR-0002111,PO-0002604,2024-06-26,1000
GR-0002112,PO-0002605,2025-07-11,50
GR-0002113,PO-0002606,2024-10-13,200
GR-0002114,PO-0002607,2025-07-07,200
GR-0002115,PO-0002608,2024-03-01,50
GR-0002116,PO-0002609,2025-12-31,500
GR-0002117,PO-0002610,2024-02-23,200
GR-0002118,PO-0002612,2026-06-08,100
GR-0002119,PO-0002613,2026-02-02,500
GR-0002120,PO-0002614,2025-11-17,1000
GR-0002121,PO-0002615,2025-10-02,500
GR-0002122,PO-0002616,2024-09-19,1000
GR-0002123,PO-0002617,2026-02-28,200
GR-0002124,PO-0002618,2024-02-19,200
GR-0002125,PO-0002619,2025-12-13,885
GR-0002126,PO-0002620,2024-04-18,100
GR-0002127,PO-0002621,2025-02-28,1000
GR-0002128,PO-0002623,2025-06-23,1000
GR-0002129,PO-0002624,2025-04-22,100
GR-0002130,PO-0002625,2024-05-27,1000
GR-0002131,PO-0002626,2024-07-13,500
GR-0002132,PO-0002627,2026-06-13,1000
GR-0002133,PO-0002628,2025-11-25,50
GR-0002134,PO-0002629,2026-04-20,50
GR-0002135,PO-0002632,2025-05-16,42
GR-0002136,PO-0002634,2025-08-15,95
GR-0002137,PO-0002635,2025-07-22,100
GR-0002138,PO-0002636,2024-03-14,50
GR-0002139,PO-0002637,2025-12-03,50
GR-0002140,PO-0002639,2025-07-14,1000
GR-0002141,PO-0002640,2025-07-08,83
GR-0002142,PO-0002641,2024-04-04,200
GR-0002143,PO-0002642,2026-04-16,50
GR-0002144,PO-0002643,2024-10-17,100
GR-0002145,PO-0002644,2025-09-03,100
GR-0002146,PO-0002645,2025-12-23,500
GR-0002147,PO-0002646,2026-01-02,164
GR-0002148,PO-0002647,2025-05-09,1000
GR-0002149,PO-0002648,2025-01-31,50
GR-0002150,PO-0002649,2025-03-30,200
GR-0002151,PO-0002650,2026-05-11,100
GR-0002152,PO-0002651,2024-07-05,170
GR-0002153,PO-0002652,2025-09-02,50
GR-0002154,PO-0002653,2025-10-11,100
GR-0002155,PO-0002654,2026-05-13,100
GR-0002156,PO-0002655,2024-08-17,100
GR-0002157,PO-0002656,2025-03-15,183
GR-0002158,PO-0002657,2024-06-12,200
GR-0002159,PO-0002658,2024-07-21,200
GR-0002160,PO-0002659,2025-06-28,50
GR-0002161,PO-0002660,2025-09-22,1000
GR-0002162,PO-0002661,2025-08-31,100
GR-0002163,PO-0002662,2024-05-19,85
GR-0002164,PO-0002663,2025-11-24,1000
GR-0002165,PO-0002664,2025-02-22,1000
GR-0002166,PO-0002666,2024-03-23,50
GR-0002167,PO-0002669,2025-01-18,50
GR-0002168,PO-0002670,2026-03-20,1000
GR-0002169,PO-0002671,2026-02-09,100
GR-0002170,PO-0002672,2024-03-16,50
GR-0002171,PO-0002674,2024-07-19,50
GR-0002172,PO-0002675,2025-09-13,1000
GR-0002173,PO-0002676,2024-11-11,100
GR-0002174,PO-0002677,2025-04-27,200
GR-0002175,PO-0002679,2026-04-03,1000
GR-0002176,PO-0002681,2026-04-19,500
GR-0002177,PO-0002682,2025-01-21,1000
GR-0002178,PO-0002683,2024-08-02,46
GR-0002179,PO-0002684,2025-05-14,500
GR-0002180,PO-0002685,2024-08-20,200
GR-0002181,PO-0002686,2026-05-01,200
GR-0002182,PO-0002687,2024-02-25,50
GR-0002183,PO-0002688,2025-07-12,828
GR-0002184,PO-0002691,2026-06-04,500
GR-0002185,PO-0002692,2024-09-07,1000
GR-0002186,PO-0002696,2024-07-30,200
GR-0002187,PO-0002698,2026-05-10,200
GR-0002188,PO-0002699,2025-05-23,200
GR-0002189,PO-0002701,2026-01-17,500
GR-0002190,PO-0002702,2026-02-12,50
GR-0002191,PO-0002703,2024-09-24,200
GR-0002192,PO-0002704,2025-07-27,500
GR-0002193,PO-0002705,2026-01-30,50
GR-0002194,PO-0002706,2026-06-09,50
GR-0002195,PO-0002707,2025-10-22,100
GR-0002196,PO-0002708,2024-10-02,200
GR-0002197,PO-0002709,2026-03-15,50
GR-0002198,PO-0002712,2024-11-11,200
GR-0002199,PO-0002713,2025-02-07,50
GR-0002200,PO-0002714,2026-01-09,200
GR-0002201,PO-0002715,2025-07-26,1000
GR-0002202,PO-0002716,2025-10-09,1000
GR-0002203,PO-0002718,2025-09-08,100
GR-0002204,PO-0002720,2025-08-08,500
GR-0002205,PO-0002721,2025-08-12,100
GR-0002206,PO-0002722,2025-12-14,1000
GR-0002207,PO-0002723,2024-09-07,74
GR-0002208,PO-0002724,2024-03-05,50
GR-0002209,PO-0002725,2024-03-27,1000
GR-0002210,PO-0002727,2025-06-15,500
GR-0002211,PO-0002728,2025-03-07,500
GR-0002212,PO-0002729,2025-11-09,100
GR-0002213,PO-0002730,2026-04-25,500
GR-0002214,PO-0002732,2024-12-18,50
GR-0002215,PO-0002735,2025-10-17,500
GR-0002216,PO-0002736,2025-03-24,500
GR-0002217,PO-0002739,2026-04-30,500
GR-0002218,PO-0002740,2025-11-11,500
GR-0002219,PO-0002741,2026-04-05,100
GR-0002220,PO-0002742,2025-09-03,1000
GR-0002221,PO-0002743,2025-06-30,100
GR-0002222,PO-0002744,2025-12-09,500
GR-0002223,PO-0002745,2025-03-27,100
GR-0002224,PO-0002746,2024-10-14,100
GR-0002225,PO-0002748,2025-10-07,1000
GR-0002226,PO-0002749,2026-03-12,1000
GR-0002227,PO-0002751,2025-05-26,500
GR-0002228,PO-0002752,2024-07-25,50
GR-0002229,PO-0002753,2024-07-01,200
GR-0002230,PO-0002755,2025-07-12,1000
GR-0002231,PO-0002756,2026-02-02,200
GR-0002232,PO-0002757,2024-04-01,200
GR-0002233,PO-0002758,2024-07-05,100
GR-0002234,PO-0002759,2024-03-25,50
GR-0002235,PO-0002761,2024-08-23,100
GR-0002236,PO-0002763,2024-01-18,46
GR-0002237,PO-0002764,2024-07-05,200
GR-0002238,PO-0002765,2026-04-15,200
GR-0002239,PO-0002766,2025-12-08,50
GR-0002240,PO-0002767,2026-05-07,50
GR-0002241,PO-0002768,2026-02-25,200
GR-0002242,PO-0002769,2024-02-29,50
GR-0002243,PO-0002772,2026-05-06,200
GR-0002244,PO-0002773,2025-07-25,500
GR-0002245,PO-0002774,2025-01-31,100
GR-0002246,PO-0002776,2024-08-14,200
GR-0002247,PO-0002777,2026-03-25,50
GR-0002248,PO-0002778,2024-09-15,100
GR-0002249,PO-0002779,2025-01-28,500
GR-0002250,PO-0002780,2025-07-12,50
GR-0002251,PO-0002781,2026-02-13,500
GR-0002252,PO-0002782,2025-09-03,1000
GR-0002253,PO-0002783,2025-02-15,200
GR-0002254,PO-0002784,2024-11-06,50
GR-0002255,PO-0002785,2025-02-25,500
GR-0002256,PO-0002786,2026-03-28,200
GR-0002257,PO-0002787,2024-03-16,1000
GR-0002258,PO-0002788,2025-03-09,50
GR-0002259,PO-0002789,2026-02-09,500
GR-0002260,PO-0002791,2026-06-07,200
GR-0002261,PO-0002792,2024-04-24,100
GR-0002262,PO-0002794,2026-04-19,50
GR-0002263,PO-0002796,2026-01-20,1000
GR-0002264,PO-0002797,2024-04-28,500
GR-0002265,PO-0002798,2024-04-12,200
GR-0002266,PO-0002800,2025-12-26,1000
GR-0002267,PO-0002801,2025-12-26,1000
GR-0002268,PO-0002802,2025-06-27,1000
GR-0002269,PO-0002805,2024-07-14,1000
GR-0002270,PO-0002806,2024-04-12,200
GR-0002271,PO-0002807,2025-09-16,1000
GR-0002272,PO-0002808,2024-04-19,50
GR-0002273,PO-0002810,2024-10-15,100
GR-0002274,PO-0002812,2024-02-17,500
GR-0002275,PO-0002813,2024-12-26,200
GR-0002276,PO-0002814,2024-12-03,200
GR-0002277,PO-0002815,2025-08-29,200
GR-0002278,PO-0002816,2024-09-23,100
GR-0002279,PO-0002817,2026-04-04,50
GR-0002280,PO-0002818,2024-02-07,1000
GR-0002281,PO-0002819,2024-06-15,39
GR-0002282,PO-0002820,2025-01-13,500
GR-0002283,PO-0002822,2024-05-14,100
GR-0002284,PO-0002823,2025-04-04,100
GR-0002285,PO-0002824,2025-01-21,1000
GR-0002286,PO-0002825,2024-01-29,500
GR-0002287,PO-0002826,2026-02-06,1000
GR-0002288,PO-0002827,2026-02-13,100
GR-0002289,PO-0002829,2024-01-25,200
GR-0002290,PO-0002830,2025-01-03,1000
GR-0002291,PO-0002831,2026-03-09,500
GR-0002292,PO-0002832,2026-01-18,50
GR-0002293,PO-0002834,2025-08-31,500
GR-0002294,PO-0002837,2024-08-06,500
GR-0002295,PO-0002838,2024-11-15,717
GR-0002296,PO-0002839,2024-10-29,200
GR-0002297,PO-0002840,2026-03-14,1000
GR-0002298,PO-0002841,2024-08-05,50
GR-0002299,PO-0002843,2026-02-22,100
GR-0002300,PO-0002844,2026-01-06,50
GR-0002301,PO-0002845,2026-04-05,100
GR-0002302,PO-0002846,2025-12-25,50
GR-0002303,PO-0002847,2025-05-20,500
GR-0002304,PO-0002849,2025-03-22,50
GR-0002305,PO-0002850,2025-09-09,856
GR-0002306,PO-0002851,2024-05-01,1000
GR-0002307,PO-0002852,2024-05-15,500
GR-0002308,PO-0002854,2025-02-08,100
GR-0002309,PO-0002855,2026-05-02,500
GR-0002310,PO-0002856,2025-12-23,44
GR-0002311,PO-0002857,2026-03-16,100
GR-0002312,PO-0002858,2025-04-29,100
GR-0002313,PO-0002860,2024-09-19,500
GR-0002314,PO-0002861,2024-10-26,100
GR-0002315,PO-0002863,2026-01-17,1000
GR-0002316,PO-0002864,2024-05-19,1000
GR-0002317,PO-0002867,2025-02-25,35
GR-0002318,PO-0002868,2024-10-14,50
GR-0002319,PO-0002870,2025-02-13,500
GR-0002320,PO-0002871,2025-04-10,909
GR-0002321,PO-0002872,2025-01-24,100
GR-0002322,PO-0002873,2025-02-23,1000
GR-0002323,PO-0002874,2024-08-23,200
GR-0002324,PO-0002876,2024-12-06,1000
GR-0002325,PO-0002877,2024-07-10,200
GR-0002326,PO-0002879,2024-09-13,200
GR-0002327,PO-0002881,2024-03-26,187
GR-0002328,PO-0002883,2026-01-29,50
GR-0002329,PO-0002885,2024-03-04,50
GR-0002330,PO-0002886,2024-06-16,50
GR-0002331,PO-0002887,2024-11-06,200
GR-0002332,PO-0002888,2025-06-23,500
GR-0002333,PO-0002889,2025-07-04,44
GR-0002334,PO-0002890,2025-07-23,500
GR-0002335,PO-0002891,2025-05-03,500
GR-0002336,PO-0002892,2024-01-23,50
GR-0002337,PO-0002893,2025-11-04,161
GR-0002338,PO-0002894,2025-07-13,50
GR-0002339,PO-0002895,2024-08-05,100
GR-0002340,PO-0002897,2026-04-20,50
GR-0002341,PO-0002898,2026-01-28,50
GR-0002342,PO-0002899,2025-02-09,100
GR-0002343,PO-0002900,2025-10-10,100
GR-0002344,PO-0002901,2025-10-24,200
GR-0002345,PO-0002902,2024-07-23,100
GR-0002346,PO-0002903,2025-10-23,1000
GR-0002347,PO-0002904,2026-01-14,100
GR-0002348,PO-0002905,2025-05-08,356
GR-0002349,PO-0002906,2025-03-21,1000
GR-0002350,PO-0002907,2025-02-05,50
GR-0002351,PO-0002912,2025-03-08,489
GR-0002352,PO-0002914,2025-07-26,50
GR-0002353,PO-0002916,2025-09-16,100
GR-0002354,PO-0002917,2025-03-12,50
GR-0002355,PO-0002918,2024-09-22,200
GR-0002356,PO-0002919,2026-05-13,100
GR-0002357,PO-0002920,2025-03-02,500
GR-0002358,PO-0002921,2024-12-26,50
GR-0002359,PO-0002922,2024-04-14,100
GR-0002360,PO-0002923,2024-10-11,1000
GR-0002361,PO-0002924,2024-12-04,200
GR-0002362,PO-0002925,2025-12-26,50
GR-0002363,PO-0002926,2024-05-03,1000
GR-0002364,PO-0002927,2024-05-23,1000
GR-0002365,PO-0002928,2025-05-15,1000
GR-0002366,PO-0002929,2024-10-05,100
GR-0002367,PO-0002930,2025-12-24,432
GR-0002368,PO-0002932,2025-03-17,500
GR-0002369,PO-0002933,2025-07-02,500
GR-0002370,PO-0002934,2026-03-18,100
GR-0002371,PO-0002936,2025-11-05,500
GR-0002372,PO-0002938,2026-01-01,200
GR-0002373,PO-0002939,2024-12-16,200
GR-0002374,PO-0002940,2024-09-10,50
GR-0002375,PO-0002941,2024-02-24,200
GR-0002376,PO-0002942,2025-05-24,50
GR-0002377,PO-0002943,2025-06-07,500
GR-0002378,PO-0002945,2025-03-20,100
GR-0002379,PO-0002946,2024-09-28,200
GR-0002380,PO-0002948,2025-04-01,1000
GR-0002381,PO-0002949,2025-09-20,200
GR-0002382,PO-0002950,2025-05-12,50
GR-0002383,PO-0002951,2025-05-11,500
GR-0002384,PO-0002952,2025-07-25,1000
GR-0002385,PO-0002955,2024-11-11,200
GR-0002386,PO-0002956,2024-06-09,500
GR-0002387,PO-0002957,2024-10-09,200
GR-0002388,PO-0002958,2024-02-17,1000
GR-0002389,PO-0002959,2024-06-30,100
GR-0002390,PO-0002960,2025-10-03,1000
GR-0002391,PO-0002962,2025-08-23,500
GR-0002392,PO-0002963,2024-11-23,1000
GR-0002393,PO-0002964,2025-03-01,200
GR-0002394,PO-0002965,2024-11-14,200
GR-0002395,PO-0002966,2024-06-25,1000
GR-0002396,PO-0002967,2024-06-11,50
GR-0002397,PO-0002968,2025-01-19,1000
GR-0002398,PO-0002970,2025-10-01,1000
GR-0002399,PO-0002971,2024-12-06,100
GR-0002400,PO-0002972,2025-08-06,200
GR-0002401,PO-0002973,2026-06-19,500
GR-0002402,PO-0002974,2024-12-23,100
GR-0002403,PO-0002975,2024-10-14,500
GR-0002404,PO-0002976,2024-02-13,39
GR-0002405,PO-0002980,2024-11-24,50
GR-0002406,PO-0002981,2024-09-07,747
GR-0002407,PO-0002982,2025-10-31,200
GR-0002408,PO-0002983,2024-06-27,100
GR-0002409,PO-0002984,2024-01-23,100
GR-0002410,PO-0002985,2024-10-15,50
GR-0002411,PO-0002986,2026-03-02,50
GR-0002412,PO-0002987,2024-06-05,500
GR-0002413,PO-0002988,2026-03-25,50
GR-0002414,PO-0002989,2026-02-06,1000
GR-0002415,PO-0002990,2024-03-23,100
GR-0002416,PO-0002991,2024-05-02,1000
GR-0002417,PO-0002992,2024-04-21,500
GR-0002418,PO-0002993,2024-03-30,500
GR-0002419,PO-0002994,2025-12-09,1000
GR-0002420,PO-0002995,2025-06-28,200
GR-0002421,PO-0002996,2024-08-07,148
GR-0002422,PO-0002997,2025-05-30,100
GR-0002423,PO-0002998,2024-12-07,1000
GR-0002424,PO-0003001,2024-10-27,100
GR-0002425,PO-0003005,2025-04-06,1000
GR-0002426,PO-0003006,2024-12-11,50
GR-0002427,PO-0003008,2024-10-14,200
GR-0002428,PO-0003010,2026-03-27,200
GR-0002429,PO-0003011,2025-02-24,200
GR-0002430,PO-0003012,2025-09-28,500
GR-0002431,PO-0003013,2024-01-16,1000
GR-0002432,PO-0003014,2024-11-28,1000
GR-0002433,PO-0003015,2024-02-26,200
GR-0002434,PO-0003016,2025-07-14,200
GR-0002435,PO-0003017,2025-05-14,500
GR-0002436,PO-0003018,2025-09-25,200
GR-0002437,PO-0003019,2025-05-15,200
GR-0002438,PO-0003020,2025-02-16,1000
GR-0002439,PO-0003021,2025-02-28,1000
GR-0002440,PO-0003022,2025-04-05,100
GR-0002441,PO-0003023,2026-01-30,1000
GR-0002442,PO-0003024,2024-08-12,712
GR-0002443,PO-0003025,2024-04-01,200
GR-0002444,PO-0003026,2024-08-16,50
GR-0002445,PO-0003027,2024-10-30,1000
GR-0002446,PO-0003028,2024-08-18,100
GR-0002447,PO-0003029,2026-03-12,200
GR-0002448,PO-0003031,2024-03-03,50
GR-0002449,PO-0003033,2024-06-29,41
GR-0002450,PO-0003034,2025-05-15,100
GR-0002451,PO-0003035,2025-12-07,500
GR-0002452,PO-0003036,2026-02-23,100
GR-0002453,PO-0003037,2026-02-01,500
GR-0002454,PO-0003038,2024-11-12,100
GR-0002455,PO-0003040,2026-03-28,50
GR-0002456,PO-0003041,2025-10-06,1000
GR-0002457,PO-0003042,2025-07-07,100
GR-0002458,PO-0003043,2026-03-17,100
GR-0002459,PO-0003044,2026-03-10,100
GR-0002460,PO-0003045,2024-03-31,200
GR-0002461,PO-0003048,2024-07-07,1000
GR-0002462,PO-0003052,2026-05-12,100
GR-0002463,PO-0003053,2025-07-28,200
GR-0002464,PO-0003054,2025-03-27,100
GR-0002465,PO-0003055,2026-04-09,50
GR-0002466,PO-0003056,2026-02-13,1000
GR-0002467,PO-0003058,2026-03-07,1000
GR-0002468,PO-0003060,2025-06-10,500
GR-0002469,PO-0003061,2025-02-06,1000
GR-0002470,PO-0003062,2024-10-11,50
GR-0002471,PO-0003065,2025-09-02,1000
GR-0002472,PO-0003066,2024-03-15,100
GR-0002473,PO-0003067,2025-08-19,500
GR-0002474,PO-0003068,2024-09-08,200
GR-0002475,PO-0003069,2025-01-05,200
GR-0002476,PO-0003070,2024-11-16,100
GR-0002477,PO-0003071,2025-06-09,100
GR-0002478,PO-0003072,2025-09-09,1000
GR-0002479,PO-0003073,2025-05-26,200
GR-0002480,PO-0003074,2025-03-08,200
GR-0002481,PO-0003075,2024-12-16,50
GR-0002482,PO-0003076,2025-02-27,784
GR-0002483,PO-0003077,2025-07-21,50
GR-0002484,PO-0003080,2025-02-19,500
GR-0002485,PO-0003081,2024-07-13,200
GR-0002486,PO-0003082,2025-08-28,1000
GR-0002487,PO-0003083,2024-11-29,1000
GR-0002488,PO-0003084,2025-08-09,200
GR-0002489,PO-0003086,2024-02-06,100
GR-0002490,PO-0003087,2025-09-25,160
GR-0002491,PO-0003088,2024-05-15,1000
GR-0002492,PO-0003089,2025-04-30,500
GR-0002493,PO-0003090,2024-03-10,50
GR-0002494,PO-0003091,2026-03-15,100
GR-0002495,PO-0003094,2025-05-26,200
GR-0002496,PO-0003096,2024-06-02,100
GR-0002497,PO-0003097,2025-06-25,100
GR-0002498,PO-0003098,2024-02-18,200
GR-0002499,PO-0003099,2025-05-17,50
GR-0002500,PO-0003100,2025-01-31,1000
GR-0002501,PO-0003101,2025-07-16,100
GR-0002502,PO-0003102,2024-09-30,50
GR-0002503,PO-0003103,2024-02-28,100
GR-0002504,PO-0003104,2026-03-16,500
GR-0002505,PO-0003105,2025-07-03,100
GR-0002506,PO-0003106,2024-12-12,200
GR-0002507,PO-0003107,2024-07-26,200
GR-0002508,PO-0003108,2025-03-12,1000
GR-0002509,PO-0003109,2025-08-03,50
GR-0002510,PO-0003110,2026-03-15,200
GR-0002511,PO-0003111,2025-07-28,200
GR-0002512,PO-0003112,2025-06-08,100
GR-0002513,PO-0003113,2024-12-18,100
GR-0002514,PO-0003114,2026-05-08,50
GR-0002515,PO-0003116,2025-06-03,1000
GR-0002516,PO-0003117,2025-08-19,500
GR-0002517,PO-0003118,2025-01-03,50
GR-0002518,PO-0003119,2024-12-16,100
GR-0002519,PO-0003121,2025-03-31,500
GR-0002520,PO-0003122,2025-03-12,98
GR-0002521,PO-0003123,2024-09-08,500
GR-0002522,PO-0003124,2025-01-10,50
GR-0002523,PO-0003125,2024-03-10,50
GR-0002524,PO-0003126,2025-12-16,200
GR-0002525,PO-0003127,2025-12-26,1000
GR-0002526,PO-0003128,2026-04-06,1000
GR-0002527,PO-0003129,2025-11-03,500
GR-0002528,PO-0003130,2025-01-27,915
GR-0002529,PO-0003131,2024-03-06,100
GR-0002530,PO-0003132,2025-11-28,50
GR-0002531,PO-0003134,2024-03-03,200
GR-0002532,PO-0003135,2026-04-22,200
GR-0002533,PO-0003137,2024-04-15,100
GR-0002534,PO-0003138,2024-06-08,47
GR-0002535,PO-0003139,2024-12-02,200
GR-0002536,PO-0003140,2025-09-25,100
GR-0002537,PO-0003141,2024-12-05,100
GR-0002538,PO-0003142,2024-05-03,200
GR-0002539,PO-0003143,2025-06-07,50
GR-0002540,PO-0003144,2024-06-26,50
GR-0002541,PO-0003146,2024-12-02,100
GR-0002542,PO-0003147,2026-01-06,1000
GR-0002543,PO-0003148,2026-01-23,50
GR-0002544,PO-0003150,2026-04-10,1000
GR-0002545,PO-0003151,2024-04-22,100
GR-0002546,PO-0003152,2026-04-24,1000
GR-0002547,PO-0003153,2026-03-12,500
GR-0002548,PO-0003154,2025-03-09,500
GR-0002549,PO-0003155,2026-04-30,50
GR-0002550,PO-0003156,2025-06-16,100
GR-0002551,PO-0003157,2025-07-29,1000
GR-0002552,PO-0003158,2024-08-19,1000
GR-0002553,PO-0003159,2026-01-19,396
GR-0002554,PO-0003161,2024-12-17,500
GR-0002555,PO-0003162,2024-03-02,100
GR-0002556,PO-0003163,2025-06-17,500
GR-0002557,PO-0003164,2024-10-14,200
GR-0002558,PO-0003165,2024-02-09,1000
GR-0002559,PO-0003166,2024-11-17,1000
GR-0002560,PO-0003167,2024-11-09,1000
GR-0002561,PO-0003169,2026-04-20,200
GR-0002562,PO-0003170,2024-03-02,464
GR-0002563,PO-0003171,2025-02-25,200
GR-0002564,PO-0003173,2025-06-29,100
GR-0002565,PO-0003174,2024-09-17,100
GR-0002566,PO-0003175,2026-01-19,50
GR-0002567,PO-0003176,2024-09-05,1000
GR-0002568,PO-0003179,2024-04-11,1000
GR-0002569,PO-0003180,2024-01-22,200
GR-0002570,PO-0003181,2024-11-29,50
GR-0002571,PO-0003182,2024-09-19,1000
GR-0002572,PO-0003183,2024-07-15,100
GR-0002573,PO-0003184,2026-02-23,1000
GR-0002574,PO-0003186,2026-05-15,100
GR-0002575,PO-0003187,2025-11-17,100
GR-0002576,PO-0003188,2025-02-27,1000
GR-0002577,PO-0003189,2024-01-31,92
GR-0002578,PO-0003190,2025-09-10,200
GR-0002579,PO-0003191,2026-02-09,100
GR-0002580,PO-0003192,2025-06-10,500
GR-0002581,PO-0003194,2024-01-28,50
GR-0002582,PO-0003195,2025-05-26,100
GR-0002583,PO-0003196,2025-08-21,50
GR-0002584,PO-0003197,2024-03-07,200
GR-0002585,PO-0003200,2025-06-08,50
GR-0002586,PO-0003201,2026-03-30,200
GR-0002587,PO-0003202,2025-02-21,100
GR-0002588,PO-0003203,2026-03-01,45
GR-0002589,PO-0003204,2024-10-29,200
GR-0002590,PO-0003205,2024-09-13,100
GR-0002591,PO-0003206,2024-06-18,500
GR-0002592,PO-0003208,2025-01-30,1000
GR-0002593,PO-0003209,2024-05-13,1000
GR-0002594,PO-0003210,2026-05-08,500
GR-0002595,PO-0003211,2026-02-20,1000
GR-0002596,PO-0003212,2025-12-28,481
GR-0002597,PO-0003213,2025-07-07,200
GR-0002598,PO-0003214,2024-04-20,1000
GR-0002599,PO-0003215,2024-06-09,50
GR-0002600,PO-0003216,2024-09-05,500
GR-0002601,PO-0003218,2025-07-26,200
GR-0002602,PO-0003219,2025-09-16,1000
GR-0002603,PO-0003220,2024-02-29,74
GR-0002604,PO-0003221,2025-01-09,200
GR-0002605,PO-0003222,2024-02-19,41
GR-0002606,PO-0003223,2024-05-06,1000
GR-0002607,PO-0003224,2025-08-25,47
GR-0002608,PO-0003225,2025-09-08,100
GR-0002609,PO-0003226,2026-03-26,1000
GR-0002610,PO-0003227,2025-02-24,50
GR-0002611,PO-0003228,2025-09-03,468
GR-0002612,PO-0003229,2025-07-14,200
GR-0002613,PO-0003232,2024-04-18,1000
GR-0002614,PO-0003233,2024-07-28,50
GR-0002615,PO-0003234,2024-03-21,200
GR-0002616,PO-0003235,2025-08-24,1000
GR-0002617,PO-0003236,2025-03-09,500
GR-0002618,PO-0003237,2026-02-15,50
GR-0002619,PO-0003238,2026-01-15,783
GR-0002620,PO-0003239,2024-07-03,500
GR-0002621,PO-0003240,2025-07-02,200
GR-0002622,PO-0003241,2025-03-17,200
GR-0002623,PO-0003242,2024-03-21,42
GR-0002624,PO-0003243,2024-06-02,1000
GR-0002625,PO-0003244,2026-04-14,200
GR-0002626,PO-0003245,2024-03-08,500
GR-0002627,PO-0003246,2024-03-09,50
GR-0002628,PO-0003247,2026-02-21,100
GR-0002629,PO-0003248,2025-04-27,50
GR-0002630,PO-0003249,2024-02-11,500
GR-0002631,PO-0003250,2026-03-13,200
GR-0002632,PO-0003252,2024-12-21,500
GR-0002633,PO-0003253,2024-10-05,39
GR-0002634,PO-0003255,2025-06-29,500
GR-0002635,PO-0003256,2026-03-14,100
GR-0002636,PO-0003261,2025-07-06,200
GR-0002637,PO-0003262,2025-12-28,73
GR-0002638,PO-0003264,2024-07-01,100
GR-0002639,PO-0003266,2025-03-14,1000
GR-0002640,PO-0003267,2025-10-04,200
GR-0002641,PO-0003268,2025-03-04,200
GR-0002642,PO-0003269,2025-06-24,100
GR-0002643,PO-0003270,2024-02-17,500
GR-0002644,PO-0003271,2026-04-18,100
GR-0002645,PO-0003273,2024-10-19,50
GR-0002646,PO-0003274,2024-12-02,100
GR-0002647,PO-0003275,2024-10-25,50
GR-0002648,PO-0003276,2026-05-19,100
GR-0002649,PO-0003279,2024-04-29,1000
GR-0002650,PO-0003280,2026-04-20,200
GR-0002651,PO-0003281,2026-04-29,50
GR-0002652,PO-0003282,2025-11-27,1000
GR-0002653,PO-0003284,2026-03-06,200
GR-0002654,PO-0003285,2025-09-22,200
GR-0002655,PO-0003286,2025-02-21,50
GR-0002656,PO-0003287,2026-01-11,50
GR-0002657,PO-0003288,2025-05-05,1000
GR-0002658,PO-0003290,2025-03-31,50
GR-0002659,PO-0003292,2025-10-02,1000
GR-0002660,PO-0003293,2025-01-29,100
GR-0002661,PO-0003294,2024-01-28,100
GR-0002662,PO-0003295,2025-05-14,1000
GR-0002663,PO-0003296,2024-09-08,100
GR-0002664,PO-0003297,2024-03-07,500
GR-0002665,PO-0003298,2024-11-21,500
GR-0002666,PO-0003299,2025-11-09,50
GR-0002667,PO-0003300,2026-01-12,100
GR-0002668,PO-0003301,2025-03-29,50
GR-0002669,PO-0003302,2024-03-18,1000
GR-0002670,PO-0003303,2024-05-28,1000
GR-0002671,PO-0003304,2024-11-14,1000
GR-0002672,PO-0003305,2026-05-31,50
GR-0002673,PO-0003306,2024-04-01,500
GR-0002674,PO-0003307,2025-03-18,100
GR-0002675,PO-0003308,2024-10-05,200
GR-0002676,PO-0003310,2025-08-03,1000
GR-0002677,PO-0003311,2024-11-03,1000
GR-0002678,PO-0003312,2025-05-21,500
GR-0002679,PO-0003313,2026-03-24,1000
GR-0002680,PO-0003314,2024-04-08,1000
GR-0002681,PO-0003315,2024-11-19,200
GR-0002682,PO-0003316,2025-06-08,100
GR-0002683,PO-0003317,2024-09-15,50
GR-0002684,PO-0003318,2025-07-24,100
GR-0002685,PO-0003321,2026-06-08,50
GR-0002686,PO-0003322,2024-07-26,1000
GR-0002687,PO-0003324,2024-09-08,1000
GR-0002688,PO-0003325,2025-05-25,474
GR-0002689,PO-0003326,2024-09-24,200
GR-0002690,PO-0003327,2025-09-29,100
GR-0002691,PO-0003328,2025-10-04,50
GR-0002692,PO-0003329,2025-03-24,1000
GR-0002693,PO-0003330,2025-02-07,100
GR-0002694,PO-0003331,2024-07-19,500
GR-0002695,PO-0003332,2025-09-20,500
GR-0002696,PO-0003333,2025-03-31,500
GR-0002697,PO-0003334,2025-07-13,200
GR-0002698,PO-0003335,2026-04-06,1000
GR-0002699,PO-0003336,2026-03-06,74
GR-0002700,PO-0003337,2024-05-09,50
GR-0002701,PO-0003338,2025-05-09,1000
GR-0002702,PO-0003339,2025-07-27,200
GR-0002703,PO-0003340,2025-08-31,100
GR-0002704,PO-0003341,2025-10-13,100
GR-0002705,PO-0003343,2024-08-12,500
GR-0002706,PO-0003345,2025-04-05,100
GR-0002707,PO-0003346,2024-02-25,50
GR-0002708,PO-0003347,2025-02-13,1000
GR-0002709,PO-0003348,2025-08-18,200
GR-0002710,PO-0003349,2024-02-23,500
GR-0002711,PO-0003350,2025-11-14,1000
GR-0002712,PO-0003353,2025-08-30,50
GR-0002713,PO-0003354,2026-04-25,1000
GR-0002714,PO-0003355,2025-01-09,100
GR-0002715,PO-0003356,2024-08-17,1000
GR-0002716,PO-0003357,2025-06-27,1000
GR-0002717,PO-0003358,2025-01-24,500
GR-0002718,PO-0003359,2025-08-22,100
GR-0002719,PO-0003361,2025-11-21,50
GR-0002720,PO-0003362,2025-01-07,77
GR-0002721,PO-0003363,2024-03-28,73
GR-0002722,PO-0003364,2024-09-10,200
GR-0002723,PO-0003365,2024-08-30,500
GR-0002724,PO-0003366,2024-09-06,100
GR-0002725,PO-0003367,2024-07-06,1000
GR-0002726,PO-0003368,2025-11-30,100
GR-0002727,PO-0003369,2024-11-17,50
GR-0002728,PO-0003370,2025-11-10,1000
GR-0002729,PO-0003371,2025-06-26,500
GR-0002730,PO-0003372,2025-02-09,100
GR-0002731,PO-0003374,2025-09-27,100
GR-0002732,PO-0003376,2025-06-19,200
GR-0002733,PO-0003377,2024-11-05,500
GR-0002734,PO-0003378,2026-05-10,100
GR-0002735,PO-0003379,2025-08-16,200
GR-0002736,PO-0003381,2024-02-07,200
GR-0002737,PO-0003382,2025-09-27,50
GR-0002738,PO-0003383,2025-05-06,100
GR-0002739,PO-0003385,2024-04-21,1000
GR-0002740,PO-0003386,2026-04-15,39
GR-0002741,PO-0003387,2025-05-26,477
GR-0002742,PO-0003388,2024-07-22,1000
GR-0002743,PO-0003389,2025-10-13,50
GR-0002744,PO-0003390,2025-08-03,200
GR-0002745,PO-0003391,2025-07-09,100
GR-0002746,PO-0003392,2024-06-27,500
GR-0002747,PO-0003393,2025-05-19,100
GR-0002748,PO-0003394,2025-01-17,200
GR-0002749,PO-0003396,2026-04-08,50
GR-0002750,PO-0003397,2024-11-24,500
GR-0002751,PO-0003398,2024-07-24,50
GR-0002752,PO-0003399,2025-09-04,1000
GR-0002753,PO-0003400,2025-11-19,500
GR-0002754,PO-0003401,2026-05-25,200
GR-0002755,PO-0003402,2024-08-08,100
GR-0002756,PO-0003403,2024-04-08,50
GR-0002757,PO-0003404,2025-11-03,100
GR-0002758,PO-0003405,2024-01-23,50
GR-0002759,PO-0003406,2025-06-30,50
GR-0002760,PO-0003408,2024-11-08,100
GR-0002761,PO-0003409,2025-08-19,200
GR-0002762,PO-0003410,2024-07-02,100
GR-0002763,PO-0003411,2026-04-23,500
GR-0002764,PO-0003413,2024-04-19,500
GR-0002765,PO-0003414,2024-08-06,500
GR-0002766,PO-0003415,2026-02-25,50
GR-0002767,PO-0003416,2024-11-13,100
GR-0002768,PO-0003417,2025-01-03,47
GR-0002769,PO-0003418,2025-10-12,1000
GR-0002770,PO-0003419,2024-09-28,500
GR-0002771,PO-0003420,2024-07-06,100
GR-0002772,PO-0003422,2025-01-21,200
GR-0002773,PO-0003423,2024-06-03,500
GR-0002774,PO-0003424,2026-01-30,174
GR-0002775,PO-0003425,2025-06-14,200
GR-0002776,PO-0003426,2024-10-29,100
GR-0002777,PO-0003427,2025-08-28,100
GR-0002778,PO-0003428,2025-11-20,500
GR-0002779,PO-0003429,2024-11-09,200
GR-0002780,PO-0003430,2025-01-21,500
GR-0002781,PO-0003431,2025-03-12,100
GR-0002782,PO-0003432,2026-01-30,50
GR-0002783,PO-0003433,2024-03-27,50
GR-0002784,PO-0003434,2025-07-26,200
GR-0002785,PO-0003435,2025-03-12,50
GR-0002786,PO-0003436,2024-09-03,100
GR-0002787,PO-0003437,2024-09-08,50
GR-0002788,PO-0003438,2026-04-09,50
GR-0002789,PO-0003440,2024-11-15,50
GR-0002790,PO-0003441,2025-07-20,200
GR-0002791,PO-0003442,2026-04-02,100
GR-0002792,PO-0003444,2026-03-04,200
GR-0002793,PO-0003445,2025-12-03,200
GR-0002794,PO-0003446,2025-04-26,50
GR-0002795,PO-0003447,2025-03-26,500
GR-0002796,PO-0003448,2024-02-17,500
GR-0002797,PO-0003450,2024-07-19,500
GR-0002798,PO-0003451,2026-05-18,100
GR-0002799,PO-0003452,2025-07-21,500
GR-0002800,PO-0003453,2024-09-05,1000
GR-0002801,PO-0003455,2026-01-21,830
GR-0002802,PO-0003456,2025-09-25,100
GR-0002803,PO-0003457,2024-02-27,200
GR-0002804,PO-0003458,2026-03-14,200
GR-0002805,PO-0003459,2026-05-01,40
GR-0002806,PO-0003460,2025-10-29,200
GR-0002807,PO-0003462,2024-03-10,50
GR-0002808,PO-0003463,2025-11-27,924
GR-0002809,PO-0003465,2025-03-15,200
GR-0002810,PO-0003466,2025-11-18,50
GR-0002811,PO-0003467,2025-04-04,1000
GR-0002812,PO-0003468,2024-03-20,50
GR-0002813,PO-0003469,2025-09-18,100
GR-0002814,PO-0003470,2025-10-21,50
GR-0002815,PO-0003471,2024-08-08,500
GR-0002816,PO-0003472,2025-10-29,50
GR-0002817,PO-0003473,2024-08-06,200
GR-0002818,PO-0003476,2024-08-17,50
GR-0002819,PO-0003477,2024-06-28,200
GR-0002820,PO-0003478,2024-09-04,500
GR-0002821,PO-0003479,2025-09-07,500
GR-0002822,PO-0003480,2025-04-16,50
GR-0002823,PO-0003481,2024-05-29,200
GR-0002824,PO-0003482,2026-02-02,1000
GR-0002825,PO-0003484,2026-06-17,200
GR-0002826,PO-0003485,2025-05-08,408
GR-0002827,PO-0003486,2024-08-24,100
GR-0002828,PO-0003487,2025-03-04,200
GR-0002829,PO-0003489,2024-08-14,100
GR-0002830,PO-0003490,2025-09-18,1000
GR-0002831,PO-0003491,2025-09-30,1000
GR-0002832,PO-0003492,2025-12-12,100
GR-0002833,PO-0003493,2025-08-22,100
GR-0002834,PO-0003494,2025-05-18,500
GR-0002835,PO-0003495,2024-03-03,200
GR-0002836,PO-0003496,2025-10-08,100
GR-0002837,PO-0003498,2024-02-05,50
GR-0002838,PO-0003499,2025-03-06,97
GR-0002839,PO-0003501,2026-02-08,1000
GR-0002840,PO-0003502,2024-07-08,1000
GR-0002841,PO-0003503,2025-12-11,147
GR-0002842,PO-0003505,2024-07-06,50
GR-0002843,PO-0003507,2025-09-27,50
GR-0002844,PO-0003509,2025-11-04,200
GR-0002845,PO-0003510,2025-11-21,200
GR-0002846,PO-0003511,2025-03-27,1000
GR-0002847,PO-0003512,2026-02-18,200
GR-0002848,PO-0003514,2024-08-25,500
GR-0002849,PO-0003515,2024-03-05,359
GR-0002850,PO-0003516,2024-04-20,1000
GR-0002851,PO-0003517,2025-01-05,1000
GR-0002852,PO-0003518,2024-08-18,500
GR-0002853,PO-0003519,2024-12-28,200
GR-0002854,PO-0003520,2025-05-01,1000
GR-0002855,PO-0003521,2024-01-25,500
GR-0002856,PO-0003524,2025-07-22,1000
GR-0002857,PO-0003525,2024-03-19,1000
GR-0002858,PO-0003526,2024-05-08,50
GR-0002859,PO-0003527,2026-04-08,1000
GR-0002860,PO-0003528,2025-06-26,500
GR-0002861,PO-0003529,2026-01-06,154
GR-0002862,PO-0003530,2025-08-31,100
GR-0002863,PO-0003531,2025-10-20,500
GR-0002864,PO-0003532,2026-05-20,1000
GR-0002865,PO-0003533,2026-03-03,50
GR-0002866,PO-0003535,2024-11-02,500
GR-0002867,PO-0003536,2025-02-10,500
GR-0002868,PO-0003538,2026-04-04,430
GR-0002869,PO-0003539,2025-09-15,100
GR-0002870,PO-0003541,2024-05-27,100
GR-0002871,PO-0003542,2024-04-22,50
GR-0002872,PO-0003543,2024-10-27,100
GR-0002873,PO-0003544,2024-11-09,500
GR-0002874,PO-0003545,2026-01-18,50
GR-0002875,PO-0003546,2024-11-21,500
GR-0002876,PO-0003547,2024-07-12,100
GR-0002877,PO-0003548,2024-05-01,1000
GR-0002878,PO-0003550,2024-09-29,161
GR-0002879,PO-0003551,2024-06-02,500
GR-0002880,PO-0003553,2025-03-16,50
GR-0002881,PO-0003554,2025-02-18,500
GR-0002882,PO-0003555,2024-05-06,500
GR-0002883,PO-0003556,2024-02-22,100
GR-0002884,PO-0003557,2024-03-20,100
GR-0002885,PO-0003558,2025-12-22,100
GR-0002886,PO-0003559,2024-05-10,1000
GR-0002887,PO-0003560,2025-11-11,1000
GR-0002888,PO-0003561,2024-11-14,200
GR-0002889,PO-0003562,2024-03-29,153
GR-0002890,PO-0003563,2024-06-13,1000
GR-0002891,PO-0003564,2025-03-19,200
GR-0002892,PO-0003565,2025-03-30,500
GR-0002893,PO-0003566,2024-06-17,50
GR-0002894,PO-0003567,2024-06-03,500
GR-0002895,PO-0003568,2024-02-19,200
GR-0002896,PO-0003569,2024-08-12,200
GR-0002897,PO-0003571,2024-02-14,50
GR-0002898,PO-0003572,2024-12-16,500
GR-0002899,PO-0003573,2024-06-13,100
GR-0002900,PO-0003575,2026-03-14,200
GR-0002901,PO-0003576,2025-09-03,50
GR-0002902,PO-0003577,2025-10-22,1000
GR-0002903,PO-0003578,2026-02-26,500
GR-0002904,PO-0003579,2026-02-03,1000
GR-0002905,PO-0003580,2025-07-30,45
GR-0002906,PO-0003581,2026-04-12,50
GR-0002907,PO-0003582,2024-05-16,1000
GR-0002908,PO-0003583,2026-01-07,1000
GR-0002909,PO-0003584,2025-09-27,500
GR-0002910,PO-0003587,2024-08-23,200
GR-0002911,PO-0003588,2024-06-30,100
GR-0002912,PO-0003589,2024-02-11,1000
GR-0002913,PO-0003590,2025-11-12,100
GR-0002914,PO-0003591,2025-07-13,50
GR-0002915,PO-0003592,2026-05-26,500
GR-0002916,PO-0003594,2024-12-26,500
GR-0002917,PO-0003595,2024-09-17,50
GR-0002918,PO-0003596,2024-07-31,100
GR-0002919,PO-0003597,2024-06-25,100
GR-0002920,PO-0003599,2024-12-31,500
GR-0002921,PO-0003600,2025-01-24,50
GR-0002922,PO-0003601,2024-07-10,200
GR-0002923,PO-0003602,2024-11-23,50
GR-0002924,PO-0003603,2025-01-25,1000
GR-0002925,PO-0003604,2024-02-08,500
GR-0002926,PO-0003605,2025-12-26,191
GR-0002927,PO-0003606,2025-03-20,50
GR-0002928,PO-0003608,2026-03-20,1000
GR-0002929,PO-0003609,2024-11-02,1000
GR-0002930,PO-0003610,2025-11-12,200
GR-0002931,PO-0003611,2026-04-20,100
GR-0002932,PO-0003612,2024-10-01,1000
GR-0002933,PO-0003613,2026-01-19,1000
GR-0002934,PO-0003614,2024-12-23,1000
GR-0002935,PO-0003615,2024-01-23,50
GR-0002936,PO-0003617,2024-12-23,373
GR-0002937,PO-0003618,2026-01-20,500
GR-0002938,PO-0003619,2024-06-10,100
GR-0002939,PO-0003621,2024-04-16,500
GR-0002940,PO-0003622,2025-09-25,174
GR-0002941,PO-0003623,2025-02-18,50
GR-0002942,PO-0003624,2026-05-12,500
GR-0002943,PO-0003625,2025-10-30,500
GR-0002944,PO-0003626,2025-04-04,50
GR-0002945,PO-0003627,2025-01-30,200
GR-0002946,PO-0003628,2025-03-31,200
GR-0002947,PO-0003629,2024-05-09,100
GR-0002948,PO-0003630,2025-08-05,500
GR-0002949,PO-0003631,2025-02-17,50
GR-0002950,PO-0003632,2024-11-14,50
GR-0002951,PO-0003633,2024-02-25,100
GR-0002952,PO-0003634,2024-01-30,1000
GR-0002953,PO-0003635,2026-01-27,50
GR-0002954,PO-0003636,2024-07-09,100
GR-0002955,PO-0003637,2025-01-05,50
GR-0002956,PO-0003638,2026-03-02,50
GR-0002957,PO-0003639,2025-05-04,50
GR-0002958,PO-0003640,2025-06-23,100
GR-0002959,PO-0003641,2024-05-22,100
GR-0002960,PO-0003642,2024-09-11,200
GR-0002961,PO-0003643,2025-07-27,50
GR-0002962,PO-0003644,2024-12-27,1000
GR-0002963,PO-0003645,2025-04-19,50
GR-0002964,PO-0003648,2025-01-26,1000
GR-0002965,PO-0003649,2025-01-02,100
GR-0002966,PO-0003650,2025-04-26,445
GR-0002967,PO-0003652,2025-07-31,100
GR-0002968,PO-0003653,2025-07-20,500
GR-0002969,PO-0003654,2025-05-01,100
GR-0002970,PO-0003655,2025-02-14,1000
GR-0002971,PO-0003656,2025-05-05,500
GR-0002972,PO-0003657,2025-03-02,500
GR-0002973,PO-0003659,2026-04-07,50
GR-0002974,PO-0003660,2026-06-07,200
GR-0002975,PO-0003661,2025-04-26,100
GR-0002976,PO-0003662,2025-07-25,1000
GR-0002977,PO-0003663,2026-01-21,1000
GR-0002978,PO-0003664,2026-04-07,1000
GR-0002979,PO-0003666,2024-12-10,200
GR-0002980,PO-0003667,2024-03-31,1000
GR-0002981,PO-0003668,2024-08-21,500
GR-0002982,PO-0003669,2024-11-22,200
GR-0002983,PO-0003670,2024-08-12,500
GR-0002984,PO-0003672,2025-06-19,500
GR-0002985,PO-0003674,2025-10-31,50
GR-0002986,PO-0003675,2025-08-22,1000
GR-0002987,PO-0003676,2024-05-14,1000
GR-0002988,PO-0003677,2025-03-27,1000
GR-0002989,PO-0003678,2024-09-12,500
GR-0002990,PO-0003679,2024-11-17,1000
GR-0002991,PO-0003680,2025-05-11,50
GR-0002992,PO-0003682,2025-01-31,200
GR-0002993,PO-0003683,2026-03-17,50
GR-0002994,PO-0003684,2025-01-20,50
GR-0002995,PO-0003685,2025-01-08,100
GR-0002996,PO-0003686,2024-11-02,171
GR-0002997,PO-0003687,2024-04-13,200
GR-0002998,PO-0003690,2025-01-12,500
GR-0002999,PO-0003691,2024-03-24,1000
GR-0003000,PO-0003692,2024-09-24,200
GR-0003001,PO-0003693,2024-11-28,200
GR-0003002,PO-0003694,2026-05-03,500
GR-0003003,PO-0003695,2024-04-25,500
GR-0003004,PO-0003696,2024-09-25,50
GR-0003005,PO-0003698,2024-07-22,500
GR-0003006,PO-0003699,2024-05-28,1000
GR-0003007,PO-0003701,2024-09-09,100
GR-0003008,PO-0003702,2026-03-13,200
GR-0003009,PO-0003703,2025-05-29,100
GR-0003010,PO-0003704,2024-05-26,200
GR-0003011,PO-0003705,2024-04-24,500
GR-0003012,PO-0003707,2024-04-06,1000
GR-0003013,PO-0003708,2024-12-01,50
GR-0003014,PO-0003709,2026-02-07,1000
GR-0003015,PO-0003710,2024-12-21,50
GR-0003016,PO-0003712,2024-03-16,100
GR-0003017,PO-0003713,2024-02-15,1000
GR-0003018,PO-0003714,2025-04-17,500
GR-0003019,PO-0003716,2024-06-19,147
GR-0003020,PO-0003717,2024-06-17,100
GR-0003021,PO-0003719,2024-09-21,500
GR-0003022,PO-0003720,2025-01-16,100
GR-0003023,PO-0003721,2024-12-19,50
GR-0003024,PO-0003723,2026-05-23,500
GR-0003025,PO-0003724,2026-04-03,100
GR-0003026,PO-0003725,2025-02-28,1000
GR-0003027,PO-0003726,2024-08-30,500
GR-0003028,PO-0003729,2026-05-15,188
GR-0003029,PO-0003731,2025-08-28,500
GR-0003030,PO-0003733,2024-10-02,200
GR-0003031,PO-0003734,2026-01-05,500
GR-0003032,PO-0003735,2025-05-16,1000
GR-0003033,PO-0003736,2024-06-04,50
GR-0003034,PO-0003737,2024-06-01,1000
GR-0003035,PO-0003738,2024-03-08,50
GR-0003036,PO-0003739,2024-04-17,200
GR-0003037,PO-0003740,2025-07-24,500
GR-0003038,PO-0003741,2025-05-31,50
GR-0003039,PO-0003742,2025-03-24,200
GR-0003040,PO-0003743,2024-06-21,500
GR-0003041,PO-0003745,2026-01-26,82
GR-0003042,PO-0003748,2024-08-08,200
GR-0003043,PO-0003749,2025-03-26,500
GR-0003044,PO-0003751,2025-05-04,100
GR-0003045,PO-0003753,2025-09-06,100
GR-0003046,PO-0003754,2026-03-22,1000
GR-0003047,PO-0003755,2024-11-11,1000
GR-0003048,PO-0003757,2026-05-13,100
GR-0003049,PO-0003758,2026-01-12,200
GR-0003050,PO-0003759,2025-11-10,500
GR-0003051,PO-0003760,2025-04-24,385
GR-0003052,PO-0003761,2025-05-27,500
GR-0003053,PO-0003762,2025-09-27,1000
GR-0003054,PO-0003764,2025-02-07,200
GR-0003055,PO-0003765,2024-07-29,200
GR-0003056,PO-0003767,2024-10-17,500
GR-0003057,PO-0003769,2025-04-07,200
GR-0003058,PO-0003770,2024-06-25,1000
GR-0003059,PO-0003771,2024-08-27,500
GR-0003060,PO-0003775,2025-03-30,1000
GR-0003061,PO-0003776,2024-03-05,500
GR-0003062,PO-0003777,2024-10-19,1000
GR-0003063,PO-0003778,2024-04-20,500
GR-0003064,PO-0003779,2025-12-02,100
GR-0003065,PO-0003780,2026-04-20,100
GR-0003066,PO-0003781,2024-04-29,200
GR-0003067,PO-0003782,2026-02-02,50
GR-0003068,PO-0003783,2024-11-03,500
GR-0003069,PO-0003784,2025-05-21,441
GR-0003070,PO-0003785,2026-02-07,200
GR-0003071,PO-0003786,2025-10-19,50
GR-0003072,PO-0003787,2024-03-03,100
GR-0007169,PO-0008807,2025-02-08,500
GR-0007170,PO-0008808,2024-09-16,1000
GR-0007171,PO-0008809,2025-08-22,200
GR-0007172,PO-0008810,2025-11-13,1000
GR-0007173,PO-0008811,2024-12-05,50
GR-0007174,PO-0008812,2024-12-13,500
GR-0007175,PO-0008813,2024-10-21,100
GR-0007176,PO-0008814,2024-04-09,200
GR-0007177,PO-0008815,2024-08-28,500
GR-0007178,PO-0008816,2025-12-04,500
GR-0007179,PO-0008817,2025-09-28,1000
GR-0007180,PO-0008819,2025-03-24,50
GR-0007181,PO-0008821,2024-03-12,500
GR-0007182,PO-0008822,2025-06-12,200
GR-0007183,PO-0008824,2025-06-04,1000
GR-0007184,PO-0008825,2025-11-07,500
GR-0007185,PO-0008827,2025-12-04,100
GR-0007186,PO-0008828,2024-07-19,200
GR-0007187,PO-0008829,2024-09-11,200
GR-0007188,PO-0008830,2024-10-20,200
GR-0007189,PO-0008831,2025-06-19,1000
GR-0007190,PO-0008833,2026-06-06,500
GR-0007191,PO-0008834,2025-12-27,100
GR-0007192,PO-0008835,2024-04-18,500
GR-0007193,PO-0008836,2024-03-05,100
GR-0007194,PO-0008837,2025-04-22,200
GR-0007195,PO-0008838,2025-11-01,1000
GR-0007196,PO-0008839,2024-09-20,50
GR-0007197,PO-0008840,2024-11-19,1000
GR-0007198,PO-0008841,2026-05-04,1000
GR-0007199,PO-0008842,2024-04-11,1000
GR-0007200,PO-0008844,2025-02-23,50
GR-0007201,PO-0008845,2025-05-07,1000
GR-0007202,PO-0008847,2026-03-13,441
GR-0007203,PO-0008848,2024-05-02,200
GR-0007204,PO-0008851,2025-03-05,200
GR-0007205,PO-0008852,2025-09-05,500
GR-0007206,PO-0008853,2025-03-12,1000
GR-0007207,PO-0008854,2025-05-28,50
GR-0007208,PO-0008856,2025-04-14,200
GR-0007209,PO-0008857,2025-09-19,500
GR-0007210,PO-0008858,2024-02-24,500
GR-0007211,PO-0008859,2024-07-28,100
GR-0007212,PO-0008861,2024-08-11,500
GR-0007213,PO-0008862,2024-04-03,500
GR-0007214,PO-0008864,2024-07-07,50
GR-0007215,PO-0008865,2025-12-26,985
GR-0007216,PO-0008866,2026-01-07,100
GR-0007217,PO-0008867,2026-06-05,500
GR-0007218,PO-0008868,2024-03-16,500
GR-0007219,PO-0008869,2025-12-21,1000
GR-0007220,PO-0008870,2026-03-18,200
GR-0007221,PO-0008871,2026-05-16,500
GR-0007222,PO-0008872,2026-02-19,500
GR-0007223,PO-0008873,2024-08-03,200
GR-0007224,PO-0008877,2024-10-29,50
GR-0007225,PO-0008879,2024-07-12,50
GR-0007226,PO-0008880,2024-04-15,1000
GR-0007227,PO-0008881,2026-02-04,1000
GR-0007228,PO-0008883,2024-07-20,100
GR-0007229,PO-0008884,2025-03-22,36
GR-0007230,PO-0008887,2025-03-13,200
GR-0007231,PO-0008889,2025-02-10,1000
GR-0007232,PO-0008890,2025-04-09,500
GR-0007233,PO-0008891,2025-06-22,387
GR-0007234,PO-0008892,2024-07-19,145
GR-0007235,PO-0008893,2024-09-18,500
GR-0007236,PO-0008894,2026-04-26,500
GR-0007237,PO-0008895,2024-11-18,50
GR-0007238,PO-0008896,2024-11-04,1000
GR-0007239,PO-0008897,2025-09-09,50
GR-0007240,PO-0008899,2024-07-15,1000
GR-0007241,PO-0008900,2026-04-15,100
GR-0007242,PO-0008903,2026-03-10,500
GR-0007243,PO-0008904,2026-05-11,100
GR-0007244,PO-0008905,2024-09-18,1000
GR-0007245,PO-0008906,2024-06-03,200
GR-0007246,PO-0008907,2024-05-31,1000
GR-0007247,PO-0008908,2024-06-15,1000
GR-0007248,PO-0008909,2026-03-22,890
GR-0007249,PO-0008910,2024-11-07,200
GR-0007250,PO-0008911,2025-08-20,500
GR-0007251,PO-0008914,2025-01-22,1000
GR-0007252,PO-0008915,2025-04-14,100
GR-0007253,PO-0008917,2026-05-20,50
GR-0007254,PO-0008918,2024-10-19,500
GR-0007255,PO-0008919,2024-08-13,1000
GR-0007256,PO-0008920,2025-08-21,100
GR-0007257,PO-0008921,2025-10-04,500
GR-0007258,PO-0008923,2026-01-31,100
GR-0007259,PO-0008924,2025-04-06,100
GR-0007260,PO-0008925,2024-12-30,200
GR-0007261,PO-0008927,2024-11-01,500
GR-0007262,PO-0008928,2025-01-08,100
GR-0007263,PO-0008929,2024-12-05,50
GR-0007264,PO-0008930,2024-06-17,200
GR-0007265,PO-0008931,2024-10-21,200
GR-0007266,PO-0008932,2026-01-17,1000
GR-0007267,PO-0008933,2024-06-04,1000
GR-0007268,PO-0008934,2025-01-21,50
GR-0007269,PO-0008935,2024-12-10,100
GR-0007270,PO-0008936,2025-06-23,82
GR-0007271,PO-0008938,2026-01-02,100
GR-0007272,PO-0008939,2024-04-04,1000
GR-0007273,PO-0008940,2025-09-25,1000
GR-0007274,PO-0008941,2025-11-04,50
GR-0007275,PO-0008942,2024-07-05,100
GR-0007276,PO-0008943,2025-06-04,1000
GR-0007277,PO-0008944,2024-12-07,50
GR-0007278,PO-0008945,2025-01-14,500
GR-0007279,PO-0008946,2024-09-20,200
GR-0007280,PO-0008947,2026-04-08,50
GR-0007281,PO-0008948,2024-02-10,500
GR-0007282,PO-0008949,2026-04-12,200
GR-0007283,PO-0008950,2025-03-12,50
GR-0007284,PO-0008951,2025-12-12,50
GR-0007285,PO-0008952,2024-08-06,100
GR-0007286,PO-0008956,2024-09-20,500
GR-0007287,PO-0008957,2025-06-14,100
GR-0007288,PO-0008958,2025-01-07,1000
GR-0007289,PO-0008960,2026-01-15,500
GR-0007290,PO-0008961,2024-08-08,1000
GR-0007291,PO-0008962,2026-04-02,200
GR-0007292,PO-0008963,2024-03-08,50
GR-0007293,PO-0008964,2025-12-06,50
GR-0007294,PO-0008965,2024-06-03,459
GR-0007295,PO-0008966,2025-01-27,200
GR-0007296,PO-0008967,2025-12-21,200
GR-0007297,PO-0008968,2024-04-25,200
GR-0007298,PO-0008969,2026-04-03,1000
GR-0007299,PO-0008970,2024-05-14,1000
GR-0007300,PO-0008971,2024-09-17,500
GR-0007301,PO-0008972,2024-09-03,50
GR-0007302,PO-0008973,2024-05-04,1000
GR-0007303,PO-0008974,2025-03-18,100
GR-0007304,PO-0008975,2024-11-17,1000
GR-0007305,PO-0008976,2025-10-31,1000
GR-0007306,PO-0008977,2025-04-23,1000
GR-0007307,PO-0008979,2024-10-22,156
GR-0007308,PO-0008980,2024-03-06,1000
GR-0007309,PO-0008981,2025-03-27,1000
GR-0007310,PO-0008982,2024-05-18,500
GR-0007311,PO-0008983,2024-11-26,50
GR-0007312,PO-0008984,2025-09-18,1000
GR-0007313,PO-0008985,2025-08-01,50
GR-0007314,PO-0008987,2024-07-04,50
GR-0007315,PO-0008988,2025-09-14,200
GR-0007316,PO-0008989,2026-02-14,500
GR-0007317,PO-0008991,2024-05-29,100
GR-0007318,PO-0008993,2025-11-25,100
GR-0007319,PO-0008994,2026-05-29,100
GR-0007320,PO-0008995,2026-02-21,100
GR-0007321,PO-0008996,2025-12-12,1000
GR-0007322,PO-0008997,2025-08-09,50
GR-0007323,PO-0008998,2024-10-24,500
GR-0007324,PO-0008999,2024-06-23,200
GR-0007325,PO-0009000,2024-08-10,200
GR-0007326,PO-0009001,2026-05-13,200
GR-0007327,PO-0009003,2026-01-24,157
GR-0007328,PO-0009004,2025-04-30,100
GR-0007329,PO-0009005,2025-04-20,182
GR-0007330,PO-0009006,2026-04-10,50
GR-0007331,PO-0009007,2025-02-19,100
GR-0007332,PO-0009008,2025-01-10,500
GR-0007333,PO-0009010,2025-01-31,50
GR-0007334,PO-0009011,2025-05-02,1000
GR-0007335,PO-0009012,2025-06-10,50
GR-0007336,PO-0009015,2024-08-08,500
GR-0007337,PO-0009016,2024-05-30,500
GR-0007338,PO-0009017,2024-04-10,1000
GR-0007339,PO-0009018,2025-11-20,50
GR-0007340,PO-0009019,2025-03-02,500
GR-0007341,PO-0009020,2026-03-19,200
GR-0007342,PO-0009021,2025-01-02,500
GR-0007343,PO-0009022,2025-02-04,100
GR-0007344,PO-0009023,2025-03-22,200
GR-0007345,PO-0009024,2025-10-15,500
GR-0007346,PO-0009025,2025-10-17,100
GR-0007347,PO-0009026,2025-04-15,1000
GR-0007348,PO-0009027,2026-02-07,200
GR-0007349,PO-0009029,2025-03-01,50
GR-0007350,PO-0009030,2025-11-13,50
GR-0007351,PO-0009031,2024-11-22,183
GR-0007352,PO-0009032,2024-06-11,200
GR-0007353,PO-0009033,2024-06-16,100
GR-0007354,PO-0009034,2025-11-01,500
GR-0007355,PO-0009035,2026-02-05,73
GR-0007356,PO-0009037,2024-10-12,100
GR-0007357,PO-0009038,2025-01-24,50
GR-0007358,PO-0009041,2025-09-25,100
GR-0007359,PO-0009042,2024-10-28,100
GR-0007360,PO-0009043,2026-03-03,100
GR-0007361,PO-0009044,2024-03-17,200
GR-0007362,PO-0009046,2026-05-21,500
GR-0007363,PO-0009047,2025-02-20,100
GR-0007364,PO-0009049,2025-09-23,50
GR-0007365,PO-0009050,2025-07-18,1000
GR-0007366,PO-0009051,2026-01-17,500
GR-0007367,PO-0009052,2024-09-29,1000
GR-0007368,PO-0009053,2026-04-16,50
GR-0007369,PO-0009054,2024-10-09,200
GR-0007370,PO-0009055,2025-04-02,50
GR-0007371,PO-0009056,2025-12-16,50
GR-0007372,PO-0009057,2025-10-01,200
GR-0007373,PO-0009058,2025-08-18,200
GR-0007374,PO-0009059,2024-12-29,200
GR-0007375,PO-0009060,2025-05-06,100
GR-0007376,PO-0009061,2024-09-02,100
GR-0007377,PO-0009062,2024-06-14,500
GR-0007378,PO-0009063,2025-10-19,176
GR-0007379,PO-0009064,2025-01-26,1000
GR-0007380,PO-0009065,2026-05-11,500
GR-0007381,PO-0009066,2025-12-16,500
GR-0007382,PO-0009067,2025-03-24,97
GR-0007383,PO-0009068,2024-05-10,1000
GR-0007384,PO-0009069,2025-06-26,1000
GR-0007385,PO-0009070,2024-12-12,50
GR-0007386,PO-0009071,2025-03-05,50
GR-0007387,PO-0009073,2025-03-18,447
GR-0007388,PO-0009074,2024-07-09,200
GR-0007389,PO-0009075,2024-11-01,200
GR-0007390,PO-0009076,2025-09-29,500
GR-0007391,PO-0009077,2025-02-24,100
GR-0007392,PO-0009078,2025-12-01,93
GR-0007393,PO-0009079,2025-07-08,200
GR-0007394,PO-0009080,2024-10-11,50
GR-0007395,PO-0009081,2025-09-06,78
GR-0007396,PO-0009082,2026-05-22,500
GR-0007397,PO-0009084,2025-12-29,1000
GR-0007398,PO-0009086,2025-06-02,100
GR-0007399,PO-0009087,2024-08-20,200
GR-0007400,PO-0009089,2024-06-07,82
GR-0007401,PO-0009090,2025-02-26,500
GR-0007402,PO-0009091,2024-12-17,50
GR-0007403,PO-0009092,2024-05-24,50
GR-0007404,PO-0009095,2024-04-28,500
GR-0007405,PO-0009096,2026-03-28,1000
GR-0007406,PO-0009098,2026-03-07,422
GR-0007407,PO-0009100,2024-06-18,1000
GR-0007408,PO-0009101,2025-07-09,50
GR-0007409,PO-0009102,2026-02-20,100
GR-0007410,PO-0009103,2024-09-28,363
GR-0007411,PO-0009104,2025-11-11,500
GR-0007412,PO-0009105,2024-03-21,200
GR-0007413,PO-0009106,2025-04-22,1000
GR-0007414,PO-0009107,2024-04-07,184
GR-0007415,PO-0009109,2026-05-29,200
GR-0007416,PO-0009110,2025-06-28,50
GR-0007417,PO-0009111,2025-05-19,500
GR-0007418,PO-0009112,2025-11-08,1000
GR-0007419,PO-0009113,2024-08-29,500
GR-0007420,PO-0009114,2024-03-06,200
GR-0007421,PO-0009115,2024-01-29,1000
GR-0007422,PO-0009116,2024-05-20,200
GR-0007423,PO-0009117,2024-11-18,100
GR-0007424,PO-0009118,2025-04-12,200
GR-0007425,PO-0009119,2025-02-03,500
GR-0007426,PO-0009120,2025-04-07,50
GR-0007427,PO-0009121,2026-05-02,1000
GR-0007428,PO-0009122,2024-05-16,500
GR-0007429,PO-0009123,2025-04-14,100
GR-0007430,PO-0009124,2024-03-19,100
GR-0007431,PO-0009125,2025-12-27,50
GR-0007432,PO-0009126,2026-02-14,100
GR-0007433,PO-0009127,2025-05-24,200
GR-0007434,PO-0009129,2026-04-29,1000
GR-0007435,PO-0009130,2026-05-05,917
GR-0007436,PO-0009131,2025-09-15,100
GR-0007437,PO-0009132,2026-02-20,100
GR-0007438,PO-0009133,2024-04-19,100
GR-0007439,PO-0009134,2024-12-23,500
GR-0007440,PO-0009135,2024-07-19,1000
GR-0007441,PO-0009136,2026-02-08,50
GR-0007442,PO-0009137,2024-10-03,100
GR-0007443,PO-0009138,2024-10-15,1000
GR-0007444,PO-0009140,2025-01-08,500
GR-0007445,PO-0009141,2025-09-11,200
GR-0007446,PO-0009142,2025-12-06,500
GR-0007447,PO-0009143,2024-11-23,50
GR-0007448,PO-0009144,2024-11-20,500
GR-0007449,PO-0009145,2025-11-01,100
GR-0007450,PO-0009146,2026-05-17,100
GR-0007451,PO-0009147,2024-02-26,50
GR-0007452,PO-0009148,2026-04-30,1000
GR-0007453,PO-0009149,2024-09-17,50
GR-0007454,PO-0009150,2025-03-04,1000
GR-0007455,PO-0009151,2026-05-27,100
GR-0007456,PO-0009152,2024-09-15,200
GR-0007457,PO-0009153,2024-03-21,1000
GR-0007458,PO-0009154,2025-11-14,1000
GR-0007459,PO-0009155,2024-08-07,100
GR-0007460,PO-0009156,2025-03-13,50
GR-0007461,PO-0009157,2026-02-13,50
GR-0007462,PO-0009159,2024-12-25,100
GR-0007463,PO-0009160,2024-11-08,481
GR-0007464,PO-0009162,2026-03-20,200
GR-0007465,PO-0009163,2025-05-13,100
GR-0007466,PO-0009164,2024-08-15,500
GR-0007467,PO-0009165,2026-03-17,50
GR-0007468,PO-0009167,2025-11-23,500
GR-0007469,PO-0009169,2026-02-24,200
GR-0007470,PO-0009172,2024-11-21,50
GR-0007471,PO-0009174,2025-05-26,1000
GR-0007472,PO-0009175,2024-10-28,1000
GR-0007473,PO-0009176,2024-06-30,200
GR-0007474,PO-0009177,2025-05-08,100
GR-0007475,PO-0009178,2024-04-22,50
GR-0007476,PO-0009179,2025-06-27,100
GR-0007477,PO-0009180,2024-11-14,185
GR-0007478,PO-0009181,2024-07-02,500
GR-0007479,PO-0009182,2026-02-15,1000
GR-0007480,PO-0009184,2025-09-21,100
GR-0007481,PO-0009185,2026-04-23,200
GR-0007482,PO-0009186,2024-03-16,100
GR-0007483,PO-0009187,2025-03-02,200
GR-0007484,PO-0009188,2025-10-01,200
GR-0007485,PO-0009189,2025-07-14,1000
GR-0007486,PO-0009190,2025-05-05,100
GR-0007487,PO-0009191,2025-07-07,50
GR-0007488,PO-0009192,2025-08-15,500
GR-0007489,PO-0009193,2024-07-16,50
GR-0007490,PO-0009194,2026-03-08,100
GR-0007491,PO-0009195,2026-04-03,200
GR-0007492,PO-0009196,2026-03-18,500
GR-0007493,PO-0009197,2025-10-16,50
GR-0007494,PO-0009198,2026-04-12,100
GR-0007495,PO-0009199,2024-04-30,1000
GR-0007496,PO-0009200,2024-02-26,96
GR-0007497,PO-0009201,2025-05-31,200
GR-0007498,PO-0009202,2025-12-06,100
GR-0007499,PO-0009203,2024-11-27,50
GR-0007500,PO-0009204,2026-03-19,200
GR-0007501,PO-0009205,2024-05-11,976
GR-0007502,PO-0009206,2025-01-13,500
GR-0007503,PO-0009207,2026-04-04,1000
GR-0007504,PO-0009208,2025-06-24,46
GR-0007505,PO-0009209,2024-05-25,1000
GR-0007506,PO-0009210,2026-03-12,1000
GR-0007507,PO-0009211,2024-04-14,36
GR-0007508,PO-0009212,2024-07-05,500
GR-0007509,PO-0009213,2025-05-28,50
GR-0007510,PO-0009214,2024-10-05,774
GR-0007511,PO-0009215,2025-02-20,200
GR-0007512,PO-0009217,2025-09-23,100
GR-0007513,PO-0009219,2025-05-25,200
GR-0007514,PO-0009221,2026-04-09,500
GR-0007515,PO-0009222,2024-07-24,100
GR-0007516,PO-0009223,2024-02-18,1000
GR-0007517,PO-0009226,2025-01-10,1000
GR-0007518,PO-0009227,2024-07-29,200
GR-0007519,PO-0009229,2024-12-01,200
GR-0007520,PO-0009231,2026-01-08,100
GR-0007521,PO-0009232,2024-03-30,1000
GR-0007522,PO-0009233,2025-11-21,500
GR-0007523,PO-0009235,2024-08-15,1000
GR-0007524,PO-0009236,2024-09-21,500
GR-0007525,PO-0009237,2025-07-23,50
GR-0007526,PO-0009238,2024-04-24,1000
GR-0007527,PO-0009240,2025-03-30,200
GR-0007528,PO-0009241,2025-08-04,200
GR-0007529,PO-0009242,2024-08-26,200
GR-0007530,PO-0009243,2025-05-31,1000
GR-0007531,PO-0009244,2025-06-14,200
GR-0007532,PO-0009246,2025-06-18,100
GR-0007533,PO-0009248,2024-02-28,100
GR-0007534,PO-0009249,2025-05-06,500
GR-0007535,PO-0009250,2025-08-02,100
GR-0007536,PO-0009251,2025-03-09,500
GR-0007537,PO-0009252,2024-03-10,1000
GR-0007538,PO-0009254,2025-07-13,500
GR-0007539,PO-0009255,2025-11-11,200
GR-0007540,PO-0009256,2025-02-06,500
GR-0007541,PO-0009258,2025-08-25,100
GR-0007542,PO-0009259,2024-05-24,1000
GR-0007543,PO-0009261,2025-11-30,500
GR-0007544,PO-0009262,2025-02-24,50
GR-0007545,PO-0009263,2024-09-14,200
GR-0007546,PO-0009264,2024-04-30,50
GR-0007547,PO-0009265,2025-11-04,50
GR-0007548,PO-0009266,2025-04-02,200
GR-0007549,PO-0009267,2025-02-22,200
GR-0007550,PO-0009268,2025-07-14,50
GR-0007551,PO-0009269,2025-04-19,200
GR-0007552,PO-0009270,2025-11-20,200
GR-0007553,PO-0009272,2024-12-20,200
GR-0007554,PO-0009273,2025-06-28,200
GR-0007555,PO-0009274,2025-01-01,1000
GR-0007556,PO-0009276,2026-03-07,200
GR-0007557,PO-0009279,2025-09-21,1000
GR-0007558,PO-0009280,2024-03-06,50
GR-0007559,PO-0009283,2025-12-05,200
GR-0007560,PO-0009284,2024-09-14,1000
GR-0007561,PO-0009285,2024-05-18,200
GR-0007562,PO-0009286,2026-01-13,100
GR-0007563,PO-0009287,2024-02-26,500
GR-0007564,PO-0009288,2024-05-13,50
GR-0007565,PO-0009289,2024-02-20,50
GR-0007566,PO-0009290,2025-08-12,50
GR-0007567,PO-0009293,2025-06-21,500
GR-0007568,PO-0009294,2024-07-16,200
GR-0007569,PO-0009296,2024-08-19,500
GR-0007570,PO-0009297,2025-05-02,500
GR-0007571,PO-0009298,2024-06-18,1000
GR-0007572,PO-0009300,2024-05-22,500
GR-0007573,PO-0009302,2024-10-11,1000
GR-0007574,PO-0009305,2024-11-13,1000
GR-0007575,PO-0009307,2025-05-13,200
GR-0007576,PO-0009308,2025-08-03,1000
GR-0007577,PO-0009310,2025-04-25,925
GR-0007578,PO-0009311,2024-09-22,200
GR-0007579,PO-0009312,2024-03-29,100
GR-0007580,PO-0009313,2025-09-28,1000
GR-0007581,PO-0009314,2025-10-01,200
GR-0007582,PO-0009316,2024-10-19,200
GR-0007583,PO-0009317,2024-07-23,50
GR-0007584,PO-0009318,2025-11-02,500
GR-0007585,PO-0009319,2024-12-13,100
GR-0007586,PO-0009320,2025-08-27,500
GR-0007587,PO-0009321,2025-07-21,200
GR-0007588,PO-0009322,2026-01-17,1000
GR-0007589,PO-0009323,2026-03-25,200
GR-0007590,PO-0009324,2025-06-10,100
GR-0007591,PO-0009325,2025-04-08,1000
GR-0007592,PO-0009326,2025-06-28,100
GR-0007593,PO-0009328,2025-09-20,200
GR-0007594,PO-0009329,2024-03-29,200
GR-0007595,PO-0009330,2025-03-15,100
GR-0007596,PO-0009331,2026-03-14,200
GR-0007597,PO-0009334,2024-12-28,1000
GR-0007598,PO-0009335,2024-01-13,50
GR-0007599,PO-0009336,2025-01-27,50
GR-0007600,PO-0009337,2025-08-26,200
GR-0007601,PO-0009338,2024-03-06,50
GR-0007602,PO-0009339,2024-03-11,1000
GR-0007603,PO-0009340,2026-05-18,200
GR-0007604,PO-0009341,2025-03-11,1000
GR-0007605,PO-0009342,2026-01-03,200
GR-0007606,PO-0009343,2024-12-25,200
GR-0007607,PO-0009344,2024-07-20,1000
GR-0007608,PO-0009345,2024-06-28,500
GR-0007609,PO-0009346,2026-04-03,100
GR-0007610,PO-0009348,2025-08-12,500
GR-0007611,PO-0009349,2026-01-21,100
GR-0007612,PO-0009350,2024-03-13,200
GR-0007613,PO-0009352,2025-02-09,200
GR-0007614,PO-0009353,2025-11-16,500
GR-0007615,PO-0009354,2025-01-13,1000
GR-0007616,PO-0009356,2025-10-13,50
GR-0007617,PO-0009357,2024-10-10,48
GR-0007618,PO-0009358,2025-12-13,200
GR-0007619,PO-0009359,2024-08-08,500
GR-0007620,PO-0009361,2026-04-13,200
GR-0007621,PO-0009362,2026-05-23,1000
GR-0007622,PO-0009363,2024-05-02,50
GR-0007623,PO-0009364,2024-04-30,1000
GR-0007624,PO-0009365,2025-04-16,1000
GR-0007625,PO-0009366,2025-11-25,200
GR-0007626,PO-0009367,2025-03-20,1000
GR-0007627,PO-0009368,2024-10-30,100
GR-0007628,PO-0009369,2024-04-26,1000
GR-0007629,PO-0009370,2026-02-08,50
GR-0007630,PO-0009371,2025-05-22,100
GR-0007631,PO-0009372,2024-06-24,100
GR-0007632,PO-0009373,2026-03-08,37
GR-0007633,PO-0009374,2025-05-22,100
GR-0007634,PO-0009375,2024-08-18,50
GR-0007635,PO-0009376,2025-04-27,50
GR-0007636,PO-0009377,2026-01-17,200
GR-0007637,PO-0009378,2025-08-01,50
GR-0007638,PO-0009379,2025-10-01,500
GR-0007639,PO-0009381,2025-12-28,50
GR-0007640,PO-0009382,2025-12-26,500
GR-0007641,PO-0009383,2025-08-28,50
GR-0007642,PO-0009384,2024-11-07,1000
GR-0007643,PO-0009385,2024-02-13,390
GR-0007644,PO-0009386,2024-12-11,50
GR-0007645,PO-0009387,2025-12-17,50
GR-0007646,PO-0009388,2025-01-06,100
GR-0007647,PO-0009389,2024-10-05,200
GR-0007648,PO-0009390,2024-12-25,100
GR-0007649,PO-0009391,2024-08-03,50
GR-0007650,PO-0009392,2025-12-23,1000
GR-0007651,PO-0009393,2024-11-18,100
GR-0007652,PO-0009396,2025-11-27,100
GR-0007653,PO-0009397,2024-09-06,200
GR-0007654,PO-0009398,2025-11-07,1000
GR-0007655,PO-0009401,2025-07-10,200
GR-0007656,PO-0009402,2026-02-03,50
GR-0007657,PO-0009403,2025-11-28,200
GR-0007658,PO-0009404,2025-11-27,100
GR-0007659,PO-0009405,2025-02-21,50
GR-0007660,PO-0009406,2025-03-30,500
GR-0007661,PO-0009407,2025-01-28,1000
GR-0007662,PO-0009409,2024-09-30,200
GR-0007663,PO-0009410,2024-06-29,1000
GR-0007664,PO-0009411,2025-07-25,100
GR-0007665,PO-0009413,2024-10-15,100
GR-0007666,PO-0009414,2024-11-09,50
GR-0007667,PO-0009415,2025-05-27,50
GR-0007668,PO-0009420,2025-05-05,200
GR-0007669,PO-0009421,2024-11-10,200
GR-0007670,PO-0009422,2025-01-27,50
GR-0007671,PO-0009423,2024-03-09,1000
GR-0007672,PO-0009424,2026-03-16,200
GR-0007673,PO-0009425,2025-07-31,100
GR-0007674,PO-0009426,2025-02-15,1000
GR-0007675,PO-0009427,2025-02-19,97
GR-0007676,PO-0009428,2025-01-31,100
GR-0007677,PO-0009429,2026-02-01,50
GR-0007678,PO-0009430,2026-04-01,500
GR-0007679,PO-0009431,2024-09-21,100
GR-0007680,PO-0009433,2026-03-03,1000
GR-0007681,PO-0009434,2026-02-27,500
GR-0007682,PO-0009435,2024-11-19,50
GR-0007683,PO-0009436,2026-04-24,1000
GR-0007684,PO-0009437,2024-05-20,500
GR-0007685,PO-0009438,2025-05-03,200
GR-0007686,PO-0009439,2026-05-12,1000
GR-0007687,PO-0009440,2024-03-22,1000
GR-0007688,PO-0009442,2024-02-13,200
GR-0007689,PO-0009444,2025-08-10,200
GR-0007690,PO-0009445,2025-03-15,100
GR-0007691,PO-0009446,2025-09-11,500
GR-0007692,PO-0009448,2024-11-19,50
GR-0007693,PO-0009449,2025-08-13,100
GR-0007694,PO-0009450,2025-03-29,1000
GR-0007695,PO-0009451,2026-03-13,1000
GR-0007696,PO-0009452,2025-02-23,50
GR-0007697,PO-0009453,2024-02-28,500
GR-0007698,PO-0009454,2025-03-20,46
GR-0007699,PO-0009455,2025-06-09,50
GR-0007700,PO-0009456,2024-11-20,500
GR-0007701,PO-0009457,2026-02-21,50
GR-0007702,PO-0009459,2025-02-05,500
GR-0007703,PO-0009461,2025-05-25,500
GR-0007704,PO-0009462,2026-05-14,100
GR-0007705,PO-0009463,2025-11-04,1000
GR-0007706,PO-0009467,2024-08-28,500
GR-0007707,PO-0009468,2025-06-12,50
GR-0007708,PO-0009469,2026-04-07,50
GR-0007709,PO-0009470,2024-12-24,200
GR-0007710,PO-0009471,2024-08-11,1000
GR-0007711,PO-0009474,2024-05-02,50
GR-0007712,PO-0009475,2024-12-08,1000
GR-0007713,PO-0009477,2024-08-07,76
GR-0007714,PO-0009478,2025-10-19,500
GR-0007715,PO-0009479,2025-10-10,100
GR-0007716,PO-0009480,2024-08-17,500
GR-0007717,PO-0009481,2026-02-06,50
GR-0007718,PO-0009483,2024-10-09,1000
GR-0007719,PO-0009484,2025-09-29,500
GR-0007720,PO-0009485,2024-05-06,100
GR-0007721,PO-0009486,2024-10-30,1000
GR-0007722,PO-0009487,2026-01-28,500
GR-0007723,PO-0009488,2025-12-02,500
GR-0007724,PO-0009489,2026-02-28,200
GR-0007725,PO-0009490,2025-04-10,1000
GR-0007726,PO-0009491,2024-08-08,100
GR-0007727,PO-0009492,2026-01-12,200
GR-0007728,PO-0009494,2025-10-20,1000
GR-0007729,PO-0009495,2024-06-16,100
GR-0007730,PO-0009496,2025-05-08,1000
GR-0007731,PO-0009497,2024-11-24,154
GR-0007732,PO-0009498,2024-10-29,500
GR-0007733,PO-0009499,2026-05-12,500
GR-0007734,PO-0009500,2024-06-03,1000
GR-0007735,PO-0009502,2024-05-18,50
GR-0007736,PO-0009505,2024-07-14,200
GR-0007737,PO-0009506,2024-03-18,500
GR-0007738,PO-0009507,2025-06-15,438
GR-0007739,PO-0009509,2025-08-13,500
GR-0007740,PO-0009510,2026-04-03,1000
GR-0007741,PO-0009511,2024-03-23,50
GR-0007742,PO-0009512,2025-01-24,1000
GR-0007743,PO-0009513,2024-05-28,500
GR-0007744,PO-0009516,2024-10-29,500
GR-0007745,PO-0009517,2025-12-16,1000
GR-0007746,PO-0009518,2024-06-06,50
GR-0007747,PO-0009519,2026-05-08,500
GR-0007748,PO-0009521,2024-06-18,100
GR-0007749,PO-0009522,2024-08-06,50
GR-0007750,PO-0009523,2024-12-09,1000
GR-0007751,PO-0009524,2025-04-27,100
GR-0007752,PO-0009525,2025-07-08,1000
GR-0007753,PO-0009526,2024-10-06,50
GR-0007754,PO-0009527,2025-10-13,50
GR-0007755,PO-0009528,2024-12-15,200
GR-0007756,PO-0009529,2024-08-05,100
GR-0007757,PO-0009530,2025-12-10,153
GR-0007758,PO-0009531,2025-04-16,100
GR-0007759,PO-0009532,2024-04-01,1000
GR-0007760,PO-0009533,2026-03-25,100
GR-0007761,PO-0009535,2025-07-12,500
GR-0007762,PO-0009537,2025-12-12,1000
GR-0007763,PO-0009539,2025-04-23,1000
GR-0007764,PO-0009540,2024-04-08,728
GR-0007765,PO-0009541,2024-06-17,100
GR-0007766,PO-0009542,2024-11-15,50
GR-0007767,PO-0009543,2025-12-14,500
GR-0007768,PO-0009544,2024-06-07,500
GR-0007769,PO-0009545,2025-04-02,100
GR-0007770,PO-0009547,2026-05-19,745
GR-0007771,PO-0009548,2025-12-07,50
GR-0007772,PO-0009549,2024-04-20,1000
GR-0007773,PO-0009551,2024-02-10,1000
GR-0007774,PO-0009552,2024-06-09,71
GR-0007775,PO-0009553,2026-04-21,500
GR-0007776,PO-0009554,2024-12-17,50
GR-0007777,PO-0009555,2024-11-08,500
GR-0007778,PO-0009556,2024-09-12,1000
GR-0007779,PO-0009557,2026-05-15,50
GR-0007780,PO-0009558,2026-01-27,100
GR-0007781,PO-0009559,2025-10-15,200
GR-0007782,PO-0009560,2025-03-05,1000
GR-0007783,PO-0009562,2024-02-24,100
GR-0007784,PO-0009563,2024-09-06,1000
GR-0007785,PO-0009565,2025-07-23,500
GR-0007786,PO-0009569,2024-02-16,1000
GR-0007787,PO-0009570,2025-08-18,1000
GR-0007788,PO-0009571,2025-12-21,1000
GR-0007789,PO-0009572,2025-06-09,50
GR-0007790,PO-0009573,2026-06-02,500
GR-0007791,PO-0009574,2026-06-13,1000
GR-0007792,PO-0009575,2024-07-05,100
GR-0007793,PO-0009576,2025-06-18,200
GR-0007794,PO-0009577,2025-08-25,50
GR-0007795,PO-0009578,2025-07-06,50
GR-0007796,PO-0009579,2025-12-10,50
GR-0007797,PO-0009580,2025-06-01,100
GR-0007798,PO-0009581,2025-12-03,200
GR-0007799,PO-0009582,2026-04-14,50
GR-0007800,PO-0009584,2024-09-24,100
GR-0007801,PO-0009585,2025-06-12,50
GR-0007802,PO-0009586,2024-08-09,200
GR-0007803,PO-0009588,2024-06-09,1000
GR-0007804,PO-0009589,2024-08-22,1000
GR-0007805,PO-0009590,2025-03-04,46
GR-0007806,PO-0009591,2024-11-19,200
GR-0007807,PO-0009592,2025-11-07,837
GR-0007808,PO-0009593,2026-05-01,100
GR-0007809,PO-0009594,2024-09-20,500
GR-0007810,PO-0009595,2025-11-02,200
GR-0007811,PO-0009597,2024-08-29,84
GR-0007812,PO-0009598,2024-11-08,200
GR-0007813,PO-0009599,2024-06-12,50
GR-0007814,PO-0009600,2025-05-01,200
GR-0007815,PO-0009601,2025-10-01,100
GR-0007816,PO-0009602,2024-08-20,200
GR-0007817,PO-0009603,2024-08-08,50
GR-0007818,PO-0009604,2024-05-19,1000
GR-0007819,PO-0009605,2026-03-11,500
GR-0007820,PO-0009606,2024-08-14,100
GR-0007821,PO-0009607,2025-05-23,200
GR-0007822,PO-0009608,2026-04-04,165
GR-0007823,PO-0009609,2025-10-19,500
GR-0007824,PO-0009610,2024-09-25,1000
GR-0007825,PO-0009612,2025-07-30,100
GR-0007826,PO-0009613,2025-06-12,1000
GR-0007827,PO-0009614,2024-09-05,1000
GR-0007828,PO-0009616,2025-08-13,500
GR-0007829,PO-0009617,2025-02-05,1000
GR-0007830,PO-0009618,2024-03-03,1000
GR-0007831,PO-0009619,2025-12-06,888
GR-0007832,PO-0009621,2025-10-01,50
GR-0007833,PO-0009623,2024-10-01,500
GR-0007834,PO-0009624,2025-02-02,100
GR-0007835,PO-0009625,2025-03-02,200
GR-0007836,PO-0009626,2024-10-08,1000
GR-0007837,PO-0009627,2026-05-02,1000
GR-0007838,PO-0009628,2025-05-25,1000
GR-0007839,PO-0009629,2024-07-01,1000
GR-0007840,PO-0009630,2025-08-24,50
GR-0007841,PO-0009631,2024-08-10,200
GR-0007842,PO-0009632,2026-01-06,189
GR-0007843,PO-0009633,2025-06-20,50
GR-0007844,PO-0009634,2024-07-30,1000
GR-0007845,PO-0009636,2025-05-26,500
GR-0007846,PO-0009637,2025-04-19,97
GR-0007847,PO-0009638,2026-01-02,500
GR-0007848,PO-0009639,2024-06-15,500
GR-0007849,PO-0009640,2025-09-22,500
GR-0007850,PO-0009641,2026-02-07,500
GR-0007851,PO-0009642,2024-06-14,50
GR-0007852,PO-0009643,2024-04-06,50
GR-0007853,PO-0009644,2026-01-21,500
GR-0007854,PO-0009645,2024-06-12,49
GR-0007855,PO-0009646,2026-02-11,500
GR-0007856,PO-0009647,2024-11-10,50
GR-0007857,PO-0009648,2026-04-15,500
GR-0007858,PO-0009649,2025-01-18,500
GR-0007859,PO-0009650,2024-12-16,46
GR-0007860,PO-0009652,2026-03-09,100
GR-0007861,PO-0009653,2025-04-07,43
GR-0007862,PO-0009654,2025-05-10,41
GR-0007863,PO-0009655,2026-02-26,1000
GR-0007864,PO-0009656,2024-12-08,1000
GR-0007865,PO-0009657,2025-04-16,200
GR-0007866,PO-0009658,2025-05-05,1000
GR-0007867,PO-0009659,2024-06-30,428
GR-0007868,PO-0009660,2024-12-20,50
GR-0007869,PO-0009662,2025-05-13,50
GR-0007870,PO-0009664,2024-04-24,200
GR-0007871,PO-0009665,2026-01-24,500
GR-0007872,PO-0009666,2026-06-13,200
GR-0007873,PO-0009668,2025-08-10,500
GR-0007874,PO-0009669,2024-03-20,1000
GR-0007875,PO-0009670,2024-11-03,500
GR-0007876,PO-0009671,2024-12-15,50
GR-0007877,PO-0009673,2024-07-15,200
GR-0007878,PO-0009675,2024-11-20,50
GR-0007879,PO-0009678,2025-06-02,100
GR-0007880,PO-0009679,2024-10-04,100
GR-0007881,PO-0009681,2025-11-23,1000
GR-0007882,PO-0009683,2024-10-23,200
GR-0007883,PO-0009684,2025-03-30,50
GR-0007884,PO-0009685,2026-04-21,200
GR-0007885,PO-0009687,2026-02-26,200
GR-0007886,PO-0009688,2025-10-31,90
GR-0007887,PO-0009689,2025-04-29,500
GR-0007888,PO-0009690,2024-03-11,463
GR-0007889,PO-0009691,2024-05-26,50
GR-0007890,PO-0009692,2025-01-23,500
GR-0007891,PO-0009693,2025-11-16,500
GR-0007892,PO-0009694,2024-07-07,1000
GR-0007893,PO-0009695,2024-09-10,1000
GR-0007894,PO-0009697,2026-05-01,1000
GR-0007895,PO-0009699,2026-04-12,50
GR-0007896,PO-0009700,2025-07-21,1000
GR-0007897,PO-0009701,2024-11-25,200
GR-0007898,PO-0009702,2025-08-19,200
GR-0007899,PO-0009703,2024-05-17,1000
GR-0007900,PO-0009704,2025-06-13,100
GR-0007901,PO-0009707,2025-04-20,50
GR-0007902,PO-0009709,2025-04-20,1000
GR-0007903,PO-0009710,2024-10-12,100
GR-0007904,PO-0009711,2025-12-26,50
GR-0007905,PO-0009712,2024-08-24,100
GR-0007906,PO-0009713,2024-11-24,200
GR-0007907,PO-0009714,2024-06-12,200
GR-0007908,PO-0009715,2024-05-13,50
GR-0007909,PO-0009716,2025-09-20,500
GR-0007910,PO-0009717,2025-11-28,500
GR-0007911,PO-0009718,2024-12-28,50
GR-0007912,PO-0009719,2024-05-31,97
GR-0007913,PO-0009720,2024-09-16,200
GR-0007914,PO-0009721,2024-02-25,200
GR-0007915,PO-0009722,2025-08-18,500
GR-0007916,PO-0009723,2026-03-21,71
GR-0007917,PO-0009724,2025-07-09,50
GR-0007918,PO-0009725,2025-10-09,35
GR-0007919,PO-0009726,2024-12-05,500
GR-0007920,PO-0009728,2024-10-28,500
GR-0007921,PO-0009729,2026-04-20,500
GR-0007922,PO-0009730,2024-07-16,200
GR-0007923,PO-0009732,2025-05-19,500
GR-0007924,PO-0009733,2026-02-22,100
GR-0007925,PO-0009735,2025-07-26,500
GR-0007926,PO-0009737,2025-02-15,500
GR-0007927,PO-0009738,2025-05-05,1000
GR-0007928,PO-0009739,2024-07-28,200
GR-0007929,PO-0009740,2024-07-12,50
GR-0007930,PO-0009741,2024-07-23,200
GR-0007931,PO-0009742,2025-03-14,100
GR-0007932,PO-0009743,2024-03-16,500
GR-0007933,PO-0009745,2026-03-23,100
GR-0007934,PO-0009746,2025-05-18,500
GR-0007935,PO-0009749,2025-06-14,1000
GR-0007936,PO-0009750,2026-04-17,50
GR-0007937,PO-0009751,2024-07-06,200
GR-0007938,PO-0009752,2025-10-05,200
GR-0007939,PO-0009753,2024-12-07,50
GR-0007940,PO-0009754,2026-02-21,50
GR-0007941,PO-0009755,2024-07-12,200
GR-0007942,PO-0009756,2024-06-22,200
GR-0007943,PO-0009757,2025-10-14,100
GR-0007944,PO-0009758,2024-03-23,100
GR-0007945,PO-0009759,2025-06-26,50
GR-0007946,PO-0009762,2025-12-14,81
GR-0007947,PO-0009763,2024-10-14,1000
GR-0007948,PO-0009764,2024-09-10,200
GR-0007949,PO-0009766,2025-02-25,1000
GR-0007950,PO-0009767,2024-06-20,200
GR-0007951,PO-0009768,2024-12-03,200
GR-0007952,PO-0009769,2025-03-20,50
GR-0007953,PO-0009770,2024-07-10,176
GR-0007954,PO-0009772,2024-04-24,100
GR-0007955,PO-0009773,2025-12-06,50
GR-0007956,PO-0009774,2024-10-25,1000
GR-0007957,PO-0009775,2025-12-21,971
GR-0007958,PO-0009777,2026-02-12,50
GR-0007959,PO-0009778,2025-02-09,200
GR-0007960,PO-0009779,2025-12-09,100
GR-0007961,PO-0009780,2024-11-17,200
GR-0007962,PO-0009781,2025-04-02,872
GR-0007963,PO-0009782,2024-12-17,50
GR-0007964,PO-0009784,2025-12-09,1000
GR-0007965,PO-0009785,2025-10-24,500
GR-0007966,PO-0009787,2024-08-09,50
GR-0007967,PO-0009788,2026-05-13,1000
GR-0007968,PO-0009789,2025-02-11,500
GR-0007969,PO-0009790,2024-11-07,100
GR-0007970,PO-0009792,2024-06-11,200
GR-0007971,PO-0009793,2026-03-09,500
GR-0007972,PO-0009794,2025-06-13,100
GR-0007973,PO-0009795,2025-12-14,50
GR-0007974,PO-0009797,2026-01-21,1000
GR-0007975,PO-0009798,2026-06-10,1000
GR-0007976,PO-0009799,2024-12-13,500
GR-0007977,PO-0009800,2025-01-24,100
GR-0007978,PO-0009801,2025-04-25,200
GR-0007979,PO-0009802,2026-06-12,200
GR-0007980,PO-0009803,2026-05-18,96
GR-0007981,PO-0009804,2026-03-27,500
GR-0007982,PO-0009806,2024-03-16,1000
GR-0007983,PO-0009808,2024-06-04,50
GR-0007984,PO-0009809,2025-02-20,500
GR-0007985,PO-0009810,2026-04-24,50
GR-0007986,PO-0009811,2026-03-09,200
GR-0007987,PO-0009812,2024-10-25,500
GR-0007988,PO-0009814,2025-01-27,100
GR-0007989,PO-0009816,2026-05-10,141
GR-0007990,PO-0009817,2026-04-25,200
GR-0007991,PO-0009818,2025-01-10,38
GR-0007992,PO-0009820,2025-06-16,100
GR-0007993,PO-0009821,2025-04-05,500
GR-0007994,PO-0009822,2025-09-04,50
GR-0007995,PO-0009823,2025-05-08,500
GR-0007996,PO-0009824,2026-04-24,200
GR-0007997,PO-0009825,2025-11-27,50
GR-0007998,PO-0009826,2026-05-18,489
GR-0007999,PO-0009828,2024-03-10,100
GR-0008000,PO-0009829,2026-05-14,100
GR-0008001,PO-0009830,2025-08-19,1000
GR-0008002,PO-0009833,2025-01-07,200
GR-0008003,PO-0009834,2025-02-09,500
GR-0008004,PO-0009836,2025-02-12,50
GR-0008005,PO-0009837,2026-05-01,500
GR-0008006,PO-0009839,2024-07-27,500
GR-0008007,PO-0009840,2025-12-19,35
GR-0008008,PO-0009841,2024-10-19,200
GR-0008009,PO-0009843,2024-10-17,50
GR-0008010,PO-0009844,2026-03-29,200
GR-0008011,PO-0009845,2025-05-18,500
GR-0008012,PO-0009846,2025-03-19,169
GR-0008013,PO-0009849,2026-02-16,100
GR-0008014,PO-0009850,2024-02-27,500
GR-0008015,PO-0009851,2025-09-27,100
GR-0008016,PO-0009852,2024-12-01,1000
GR-0008017,PO-0009853,2024-08-05,200
GR-0008018,PO-0009854,2026-05-10,50
GR-0008019,PO-0009855,2024-03-17,200
GR-0008020,PO-0009856,2025-08-06,50
GR-0008021,PO-0009857,2025-07-23,200
GR-0008022,PO-0009858,2025-02-03,500
GR-0008023,PO-0009859,2025-02-26,1000
GR-0008024,PO-0009860,2026-03-20,1000
GR-0008025,PO-0009863,2026-03-05,500
GR-0008026,PO-0009864,2026-02-02,50
GR-0008027,PO-0009865,2024-07-22,500
GR-0008028,PO-0009866,2024-05-02,50
GR-0008029,PO-0009867,2024-03-03,1000
GR-0008030,PO-0009868,2024-04-16,200
GR-0008031,PO-0009869,2026-02-05,1000
GR-0008032,PO-0009870,2024-07-11,1000
GR-0008033,PO-0009871,2025-06-14,50
GR-0008034,PO-0009872,2025-06-01,500
GR-0008035,PO-0009873,2026-02-07,500
GR-0008036,PO-0009874,2026-03-22,50
GR-0008037,PO-0009875,2025-02-21,100
GR-0008038,PO-0009876,2024-12-14,50
GR-0008039,PO-0009877,2024-10-23,200
GR-0008040,PO-0009878,2024-11-02,100
GR-0008041,PO-0009879,2025-01-27,1000
GR-0008042,PO-0009880,2025-09-16,100
GR-0008043,PO-0009881,2025-07-21,500
GR-0008044,PO-0009882,2025-09-17,500
GR-0008045,PO-0009883,2026-03-20,500
GR-0008046,PO-0009885,2025-07-30,50
GR-0008047,PO-0009886,2024-08-01,100
GR-0008048,PO-0009889,2025-08-31,100
GR-0008049,PO-0009890,2025-01-05,50
GR-0008050,PO-0009891,2024-10-26,200
GR-0008051,PO-0009892,2024-08-14,100
GR-0008052,PO-0009893,2024-01-31,50
GR-0008053,PO-0009894,2024-08-08,200
GR-0008054,PO-0009897,2025-09-13,50
GR-0008055,PO-0009898,2025-12-07,1000
GR-0008056,PO-0009900,2024-10-17,91
GR-0008057,PO-0009901,2024-10-31,100
GR-0008058,PO-0009902,2025-10-13,500
GR-0008059,PO-0009903,2026-04-30,500
GR-0008060,PO-0009904,2024-05-20,1000
GR-0008061,PO-0009905,2026-03-09,500
GR-0008062,PO-0009907,2025-07-12,200
GR-0008063,PO-0009908,2025-09-26,500
GR-0008064,PO-0009909,2025-07-11,1000
GR-0008065,PO-0009910,2025-07-07,100
GR-0008066,PO-0009911,2025-11-24,1000
GR-0008067,PO-0009912,2026-01-31,100
GR-0008068,PO-0009913,2025-10-15,200
GR-0008069,PO-0009914,2025-04-20,50
GR-0008070,PO-0009916,2025-04-01,1000
GR-0008071,PO-0009917,2026-03-17,50
GR-0008072,PO-0009918,2024-03-07,100
GR-0008073,PO-0009919,2025-05-19,200
GR-0008074,PO-0009920,2026-06-01,100
GR-0008075,PO-0009921,2026-05-08,100
GR-0008076,PO-0009923,2024-05-19,1000
GR-0008077,PO-0009924,2026-05-16,200
GR-0008078,PO-0009925,2024-05-15,200
GR-0008079,PO-0009926,2024-04-10,200
GR-0008080,PO-0009927,2026-03-09,500
GR-0008081,PO-0009928,2024-08-24,200
GR-0008082,PO-0009929,2024-12-31,200
GR-0008083,PO-0009930,2024-09-10,100
GR-0008084,PO-0009931,2025-12-01,500
GR-0008085,PO-0009932,2024-07-29,200
GR-0008086,PO-0009933,2026-04-17,50
GR-0008087,PO-0009934,2024-06-05,1000
GR-0008088,PO-0009935,2025-12-08,200
GR-0008089,PO-0009936,2025-11-29,100
GR-0008090,PO-0009937,2025-05-30,100
GR-0008091,PO-0009939,2025-01-30,200
GR-0008092,PO-0009940,2026-04-18,500
GR-0008093,PO-0009941,2025-09-30,50
GR-0008094,PO-0009942,2025-02-24,1000
GR-0008095,PO-0009943,2025-10-12,200
GR-0008096,PO-0009944,2024-02-25,1000
GR-0008097,PO-0009946,2026-02-02,1000
GR-0008098,PO-0009947,2024-07-31,100
GR-0008099,PO-0009948,2024-12-17,100
GR-0008100,PO-0009949,2025-04-11,100
GR-0008101,PO-0009950,2024-07-07,50
GR-0008102,PO-0009952,2024-05-20,1000
GR-0008103,PO-0009953,2025-06-04,100
GR-0008104,PO-0009954,2026-01-02,500
GR-0008105,PO-0009955,2026-03-14,50
GR-0008106,PO-0009957,2024-12-15,1000
GR-0008107,PO-0009958,2026-03-12,1000
GR-0008108,PO-0009959,2024-12-08,100
GR-0008109,PO-0009960,2025-08-04,1000
GR-0008110,PO-0009961,2024-12-08,200
GR-0008111,PO-0009963,2025-08-30,100
GR-0008112,PO-0009964,2025-01-12,50
GR-0008113,PO-0009965,2025-02-06,1000
GR-0008114,PO-0009966,2024-08-13,1000
GR-0008115,PO-0009967,2025-06-09,500
GR-0008116,PO-0009968,2024-10-19,200
GR-0008117,PO-0009969,2025-01-02,50
GR-0008118,PO-0009970,2024-08-24,1000
GR-0008119,PO-0009971,2024-10-18,500
GR-0008120,PO-0009972,2024-12-18,1000
GR-0008121,PO-0009973,2025-10-29,200
GR-0008122,PO-0009974,2025-11-17,394
GR-0008123,PO-0009977,2025-09-26,50
GR-0008124,PO-0009978,2024-08-22,50
GR-0008125,PO-0009979,2026-01-28,71
GR-0008126,PO-0009980,2025-06-03,429
GR-0008127,PO-0009981,2025-04-12,500
GR-0008128,PO-0009982,2025-03-18,1000
GR-0008129,PO-0009983,2025-03-10,412
GR-0008130,PO-0009984,2025-09-11,1000
GR-0008131,PO-0009985,2025-06-11,100
GR-0008132,PO-0009988,2025-10-07,1000
GR-0008133,PO-0009989,2024-09-21,1000
GR-0008134,PO-0009990,2024-04-13,200
GR-0008135,PO-0009991,2025-08-26,500
GR-0008136,PO-0009992,2024-06-22,950
GR-0008137,PO-0009993,2024-05-18,500
GR-0008138,PO-0009994,2025-10-27,1000
GR-0008139,PO-0009995,2025-02-22,50
GR-0008140,PO-0009996,2025-05-21,50
GR-0008141,PO-0009997,2024-02-07,1000
GR-0008142,PO-0009999,2025-10-02,500
GR-0008143,PO-0010000,2025-03-09,200
GR-0008144,PO-0010001,2025-09-18,50
GR-0008145,PO-0010002,2025-03-09,200
GR-0008146,PO-0010003,2025-08-15,1000
GR-0008147,PO-0010004,2024-03-20,50
GR-0008148,PO-0010005,2025-03-05,50
GR-0008149,PO-0010006,2025-12-15,1000
GR-0008150,PO-0010007,2026-02-17,1000
GR-0008151,PO-0010008,2024-07-12,500
GR-0008152,PO-0010010,2025-08-11,1000
GR-0008153,PO-0010011,2024-06-06,500
GR-0008154,PO-0010012,2025-10-22,1000
GR-0008155,PO-0010013,2026-01-30,1000
GR-0008156,PO-0010014,2026-04-26,200
GR-0008157,PO-0010015,2024-08-11,50
GR-0008158,PO-0010017,2025-01-21,100
GR-0008159,PO-0010018,2024-10-12,200
GR-0008160,PO-0010019,2025-03-12,200
GR-0008161,PO-0010020,2024-06-07,100
GR-0008162,PO-0010021,2024-05-01,1000
GR-0008163,PO-0010022,2025-07-22,50
GR-0008164,PO-0010025,2024-04-18,100
GR-0008165,PO-0010026,2026-02-09,200
GR-0008166,PO-0010027,2025-09-04,50
GR-0008167,PO-0010028,2025-11-30,100
GR-0008168,PO-0010029,2024-12-01,50
GR-0008169,PO-0010032,2026-03-17,94
GR-0008170,PO-0010033,2025-04-06,200
GR-0008171,PO-0010034,2025-08-18,50
GR-0008172,PO-0010035,2024-05-27,500
GR-0008173,PO-0010036,2026-04-12,96
GR-0008174,PO-0010038,2026-05-02,200
GR-0008175,PO-0010039,2026-05-27,200
GR-0008176,PO-0010040,2026-03-26,200
GR-0008177,PO-0010041,2024-09-04,1000
GR-0008178,PO-0010042,2026-03-25,500
GR-0008179,PO-0010044,2025-05-04,1000
GR-0008180,PO-0010046,2026-01-01,1000
GR-0008181,PO-0010048,2025-04-17,500
GR-0008182,PO-0010049,2025-04-08,500
GR-0008183,PO-0010050,2025-04-12,1000
GR-0008184,PO-0010051,2025-07-28,200
GR-0008185,PO-0010052,2024-12-05,50
GR-0008186,PO-0010053,2024-05-10,1000
GR-0008187,PO-0010054,2025-06-28,1000
GR-0008188,PO-0010056,2025-05-23,173
GR-0008189,PO-0010059,2025-03-10,1000
GR-0008190,PO-0010060,2024-09-06,1000
GR-0008191,PO-0010061,2025-09-05,200
GR-0008192,PO-0010062,2024-07-26,87
GR-0008193,PO-0010063,2024-04-03,100
GR-0008194,PO-0010064,2024-02-22,1000
GR-0008195,PO-0010066,2025-01-28,1000
GR-0008196,PO-0010067,2026-02-05,1000
GR-0008197,PO-0010068,2024-06-10,500
GR-0008198,PO-0010069,2025-10-10,50
GR-0008199,PO-0010070,2024-09-22,500
GR-0008200,PO-0010071,2024-04-03,1000
GR-0008201,PO-0010072,2025-09-24,100
GR-0008202,PO-0010073,2025-12-17,500
GR-0008203,PO-0010075,2025-04-30,100
GR-0008204,PO-0010076,2024-07-06,43
GR-0008205,PO-0010077,2024-09-11,1000
GR-0008206,PO-0010081,2024-09-29,50
GR-0008207,PO-0010082,2026-06-03,100
GR-0008208,PO-0010083,2024-02-16,1000
GR-0008209,PO-0010084,2026-03-08,200
GR-0008210,PO-0010085,2024-06-05,1000
GR-0008211,PO-0010086,2024-06-11,183
GR-0008212,PO-0010087,2025-01-16,50
GR-0008213,PO-0010088,2025-11-01,200
GR-0008214,PO-0010090,2025-06-18,1000
GR-0008215,PO-0010092,2024-08-18,100
GR-0008216,PO-0010094,2026-01-22,500
GR-0008217,PO-0010097,2025-01-05,50
GR-0008218,PO-0010098,2026-01-06,50
GR-0008219,PO-0010099,2025-05-17,500
GR-0008220,PO-0010100,2024-07-29,500
GR-0008221,PO-0010101,2024-08-28,50
GR-0008222,PO-0010102,2024-06-01,200
GR-0008223,PO-0010103,2024-02-27,186
GR-0008224,PO-0010104,2024-06-21,416
GR-0008225,PO-0010105,2026-05-22,500
GR-0008226,PO-0010106,2024-12-19,200
GR-0008227,PO-0010107,2026-02-22,200
GR-0008228,PO-0010110,2024-11-17,50
GR-0008229,PO-0010111,2025-04-07,500
GR-0008230,PO-0010112,2026-05-10,100
GR-0008231,PO-0010113,2024-08-23,200
GR-0008232,PO-0010114,2024-06-20,100
GR-0008233,PO-0010115,2024-04-24,500
GR-0008234,PO-0010116,2025-09-28,200
GR-0008235,PO-0010117,2024-12-01,200
GR-0008236,PO-0010118,2024-03-04,50
GR-0008237,PO-0010119,2025-01-26,500
GR-0008238,PO-0010120,2025-04-07,500
GR-0008239,PO-0010122,2025-09-27,50
GR-0008240,PO-0010123,2024-11-05,50
GR-0008241,PO-0010124,2025-04-29,200
GR-0008242,PO-0010125,2026-01-12,100
GR-0008243,PO-0010126,2025-08-27,1000
GR-0008244,PO-0010128,2025-03-27,200
GR-0008245,PO-0010129,2025-10-03,50
GR-0008246,PO-0010131,2026-04-15,200
GR-0008247,PO-0010132,2025-09-07,200
GR-0008248,PO-0010134,2024-04-02,100
GR-0008249,PO-0010135,2024-06-25,50
GR-0008250,PO-0010136,2024-07-02,50
GR-0008251,PO-0010137,2026-02-13,200
GR-0008252,PO-0010138,2025-03-02,200
GR-0008253,PO-0010139,2024-05-25,1000
GR-0008254,PO-0010140,2024-10-27,100
GR-0008255,PO-0010142,2026-01-14,1000
GR-0008256,PO-0010144,2024-11-29,500
GR-0008257,PO-0010145,2025-06-27,100
GR-0008258,PO-0010147,2025-01-16,1000
GR-0008259,PO-0010148,2025-12-22,48
GR-0008260,PO-0010149,2024-12-26,100
GR-0008261,PO-0010150,2024-07-03,1000
GR-0008262,PO-0010151,2024-09-21,1000
GR-0008263,PO-0010152,2024-02-07,50
GR-0008264,PO-0010153,2025-07-26,161
GR-0008265,PO-0010155,2025-06-10,200
GR-0008266,PO-0010157,2024-04-25,500
GR-0008267,PO-0010158,2025-12-17,200
GR-0008268,PO-0010161,2026-04-01,1000
GR-0008269,PO-0010162,2026-05-26,100
GR-0008270,PO-0010164,2025-03-21,500
GR-0008271,PO-0010165,2026-03-01,1000
GR-0008272,PO-0010166,2025-05-22,200
GR-0008273,PO-0010167,2024-04-10,200
GR-0008274,PO-0010168,2024-09-12,848
GR-0008275,PO-0010170,2025-07-13,50
GR-0008276,PO-0010171,2024-11-09,50
GR-0008277,PO-0010172,2025-06-13,50
GR-0008278,PO-0010173,2025-10-15,1000
GR-0008279,PO-0010174,2024-09-21,200
GR-0008280,PO-0010175,2026-04-15,100
GR-0008281,PO-0010176,2024-03-23,500
GR-0008282,PO-0010177,2025-10-28,100
GR-0008283,PO-0010178,2025-12-23,500
GR-0008284,PO-0010179,2024-07-23,50
GR-0008285,PO-0010180,2026-05-31,500
GR-0008286,PO-0010181,2024-05-23,100
GR-0008287,PO-0010182,2025-07-04,100
GR-0008288,PO-0010183,2024-06-19,1000
GR-0008289,PO-0010184,2025-03-03,200
GR-0008290,PO-0010185,2024-12-02,50
GR-0008291,PO-0010187,2025-12-18,1000
GR-0008292,PO-0010188,2025-12-08,1000
GR-0008293,PO-0010189,2024-05-24,968
GR-0008294,PO-0010190,2025-09-10,200
GR-0008295,PO-0010191,2024-12-23,200
GR-0008296,PO-0010193,2026-05-01,500
GR-0008297,PO-0010194,2025-05-03,50
GR-0008298,PO-0010196,2025-02-16,1000
GR-0008299,PO-0010198,2025-12-08,200
GR-0008300,PO-0010199,2026-01-08,200
GR-0008301,PO-0010200,2025-09-10,493
GR-0008302,PO-0010202,2025-02-16,100
GR-0008303,PO-0010203,2026-04-07,50
GR-0008304,PO-0010204,2024-11-29,200
GR-0008305,PO-0010206,2024-06-04,100
GR-0008306,PO-0010207,2025-12-13,200
GR-0008307,PO-0010208,2025-04-20,100
GR-0008308,PO-0010210,2026-05-01,500
GR-0008309,PO-0010211,2025-03-17,500
GR-0008310,PO-0010212,2026-04-08,1000
GR-0008311,PO-0010213,2024-04-15,100
GR-0008312,PO-0010214,2026-02-12,50
GR-0008313,PO-0010215,2026-01-14,500
GR-0008314,PO-0010216,2024-04-06,1000
GR-0008315,PO-0010217,2024-07-28,1000
GR-0008316,PO-0010218,2024-04-01,50
GR-0008317,PO-0010219,2025-08-31,1000
GR-0008318,PO-0010220,2025-09-14,1000
GR-0008319,PO-0010222,2025-05-22,41
GR-0008320,PO-0010223,2025-12-01,100
GR-0008321,PO-0010224,2024-05-05,50
GR-0008322,PO-0010226,2026-05-23,100
GR-0008323,PO-0010228,2025-09-15,200
GR-0008324,PO-0010229,2025-01-14,100
GR-0008325,PO-0010230,2024-12-21,46
GR-0008326,PO-0010232,2025-03-10,500
GR-0008327,PO-0010233,2025-02-23,50
GR-0008328,PO-0010234,2025-01-30,50
GR-0008329,PO-0010235,2024-03-19,50
GR-0008330,PO-0010236,2025-08-31,100
GR-0008331,PO-0010237,2024-12-15,500
GR-0008332,PO-0010239,2024-12-17,1000
GR-0008333,PO-0010241,2025-02-16,1000
GR-0008334,PO-0010242,2025-11-13,1000
GR-0008335,PO-0010244,2024-11-06,189
GR-0008336,PO-0010245,2025-11-12,200
GR-0008337,PO-0010248,2026-04-07,1000
GR-0008338,PO-0010249,2026-06-29,1000
GR-0008339,PO-0010250,2026-04-12,100
GR-0008340,PO-0010251,2025-12-25,500
GR-0008341,PO-0010252,2024-07-28,1000
GR-0008342,PO-0010253,2024-03-25,50
GR-0008343,PO-0010254,2025-10-27,1000
GR-0008344,PO-0010255,2024-11-14,500
GR-0008345,PO-0010256,2026-04-05,200
GR-0008346,PO-0010258,2024-04-13,725
GR-0008347,PO-0010259,2024-11-08,200
GR-0008348,PO-0010260,2024-07-07,50
GR-0008349,PO-0010262,2025-07-24,1000
GR-0008350,PO-0010263,2026-05-04,50
GR-0008351,PO-0010264,2024-07-17,1000
GR-0008352,PO-0010265,2024-05-10,200
GR-0008353,PO-0010266,2026-02-25,45
GR-0008354,PO-0010267,2025-10-15,830
GR-0008355,PO-0010268,2024-04-25,50
GR-0008356,PO-0010269,2024-12-28,1000
GR-0008357,PO-0010270,2026-01-27,200
GR-0008358,PO-0010272,2024-06-04,100
GR-0008359,PO-0010274,2024-05-08,50
GR-0008360,PO-0010277,2024-10-08,100
GR-0008361,PO-0010278,2025-10-19,500
GR-0008362,PO-0010279,2024-02-11,500
GR-0008363,PO-0010280,2026-03-02,366
GR-0008364,PO-0010281,2026-06-02,500
GR-0008365,PO-0010282,2025-11-17,100
GR-0008366,PO-0010283,2024-07-17,500
GR-0008367,PO-0010284,2026-05-17,50
GR-0008368,PO-0010287,2025-11-14,50
GR-0008369,PO-0010288,2024-03-04,200
GR-0008370,PO-0010289,2025-07-26,200
GR-0008371,PO-0010290,2024-12-04,500
GR-0008372,PO-0010291,2024-11-18,50
GR-0008373,PO-0010292,2026-02-05,500
GR-0008374,PO-0010294,2024-11-04,100
GR-0008375,PO-0010295,2025-03-29,50
GR-0008376,PO-0010297,2024-06-30,1000
GR-0008377,PO-0010298,2025-06-19,1000
GR-0008378,PO-0010300,2025-05-22,100
GR-0008379,PO-0010301,2025-04-24,100
GR-0008380,PO-0010302,2024-04-24,200
GR-0008381,PO-0010303,2024-12-15,200
GR-0008382,PO-0010304,2026-03-31,1000
GR-0008383,PO-0010305,2025-10-28,200
GR-0008384,PO-0010306,2025-04-08,1000
GR-0008385,PO-0010308,2025-05-17,200
GR-0008386,PO-0010309,2025-11-21,200
GR-0008387,PO-0010313,2025-03-16,1000
GR-0008388,PO-0010314,2024-10-06,50
GR-0008389,PO-0010315,2025-07-04,500
GR-0008390,PO-0010317,2024-03-30,1000
GR-0008391,PO-0010318,2024-04-10,1000
GR-0008392,PO-0010319,2025-02-07,50
GR-0008393,PO-0010320,2025-09-17,500
GR-0008394,PO-0010321,2024-09-13,500
GR-0008395,PO-0010323,2025-09-20,50
GR-0008396,PO-0010324,2026-05-06,1000
GR-0008397,PO-0010325,2024-02-06,42
GR-0008398,PO-0010327,2025-05-13,500
GR-0008399,PO-0010328,2024-12-08,50
GR-0008400,PO-0010330,2024-02-26,100
GR-0008401,PO-0010332,2025-06-25,200
GR-0008402,PO-0010333,2025-10-29,200
GR-0008403,PO-0010335,2025-03-21,100
GR-0008404,PO-0010337,2024-01-29,200
GR-0008405,PO-0010338,2024-05-09,50
GR-0008406,PO-0010339,2025-05-15,974
GR-0008407,PO-0010340,2025-03-03,100
GR-0008408,PO-0010341,2025-09-10,1000
GR-0008409,PO-0010343,2024-03-02,1000
GR-0008410,PO-0010345,2026-06-12,50
GR-0008411,PO-0010346,2024-07-19,1000
GR-0008412,PO-0010347,2024-11-05,93
GR-0008413,PO-0010349,2025-03-04,1000
GR-0008414,PO-0010350,2025-12-22,1000
GR-0008415,PO-0010351,2025-08-21,50
GR-0008416,PO-0010352,2025-09-27,1000
GR-0008417,PO-0010353,2024-11-05,50
GR-0008418,PO-0010354,2025-10-03,50
GR-0008419,PO-0010356,2024-11-15,1000
GR-0008420,PO-0010357,2026-06-01,100
GR-0008421,PO-0010359,2025-01-21,1000
GR-0008422,PO-0010361,2024-11-11,200
GR-0008423,PO-0010363,2024-09-27,160
GR-0008424,PO-0010364,2025-02-07,500
GR-0008425,PO-0010365,2025-04-12,500
GR-0008426,PO-0010366,2025-02-12,500
GR-0008427,PO-0010368,2025-11-25,100
GR-0008428,PO-0010371,2025-10-16,200
GR-0008429,PO-0010372,2025-07-14,1000
GR-0008430,PO-0010373,2024-04-02,1000
GR-0008431,PO-0010374,2025-05-15,500
GR-0008432,PO-0010377,2025-11-04,50
GR-0008433,PO-0010378,2024-03-05,500
GR-0008434,PO-0010379,2025-08-23,500
GR-0008435,PO-0010380,2026-02-01,100
GR-0008436,PO-0010383,2026-02-02,200
GR-0008437,PO-0010384,2025-06-20,200
GR-0008438,PO-0010385,2024-03-23,50
GR-0008439,PO-0010387,2024-05-12,50
GR-0008440,PO-0010388,2025-06-22,1000
GR-0008441,PO-0010389,2025-01-28,200
GR-0008442,PO-0010390,2024-08-12,500
GR-0008443,PO-0010391,2026-04-24,1000
GR-0008444,PO-0010392,2025-08-08,50
GR-0008445,PO-0010394,2024-04-26,100
GR-0008446,PO-0010395,2025-06-09,500
GR-0008447,PO-0010396,2025-04-07,100
GR-0008448,PO-0010397,2025-08-23,94
GR-0008449,PO-0010398,2025-01-10,500
GR-0008450,PO-0010399,2026-03-25,500
GR-0008451,PO-0010400,2026-05-18,1000
GR-0008452,PO-0010401,2025-12-23,100
GR-0008453,PO-0010402,2024-07-08,100
GR-0008454,PO-0010403,2024-11-20,50
GR-0008455,PO-0010404,2025-07-20,500
GR-0008456,PO-0010405,2025-02-24,100
GR-0008457,PO-0010406,2025-01-10,200
GR-0008458,PO-0010407,2026-04-10,1000
GR-0008459,PO-0010408,2025-05-15,500
GR-0008460,PO-0010409,2026-01-24,500
GR-0008461,PO-0010410,2025-07-05,1000
GR-0008462,PO-0010411,2025-09-03,1000
GR-0008463,PO-0010413,2024-08-08,45
GR-0008464,PO-0010414,2024-04-24,50
GR-0008465,PO-0010415,2024-11-08,50
GR-0008466,PO-0010416,2025-03-13,200
GR-0008467,PO-0010417,2025-04-02,100
GR-0008468,PO-0010418,2025-03-02,200
GR-0008469,PO-0010419,2026-06-14,200
GR-0008470,PO-0010420,2025-09-14,200
GR-0008471,PO-0010421,2025-07-27,1000
GR-0008472,PO-0010423,2024-08-01,1000
GR-0008473,PO-0010424,2025-05-28,100
GR-0008474,PO-0010425,2026-04-06,1000
GR-0008475,PO-0010426,2025-08-02,140
GR-0008476,PO-0010427,2024-05-13,200
GR-0008477,PO-0010428,2025-01-14,500
GR-0008478,PO-0010429,2025-11-24,50
GR-0008479,PO-0010430,2025-08-20,50
GR-0008480,PO-0010431,2025-10-02,100
GR-0008481,PO-0010432,2025-04-05,1000
GR-0008482,PO-0010433,2025-07-20,100
GR-0008483,PO-0010434,2026-04-24,1000
GR-0008484,PO-0010435,2025-11-18,500
GR-0008485,PO-0010436,2024-02-17,500
GR-0008486,PO-0010437,2024-07-09,100
GR-0008487,PO-0010438,2026-02-20,1000
GR-0008488,PO-0010439,2026-01-28,50
GR-0008489,PO-0010442,2024-09-11,200
GR-0008490,PO-0010443,2025-03-23,50
GR-0008491,PO-0010445,2025-01-05,1000
GR-0008492,PO-0010446,2025-08-29,50
GR-0008493,PO-0010447,2025-01-13,50
GR-0008494,PO-0010448,2025-06-20,1000
GR-0008495,PO-0010449,2024-02-23,50
GR-0008496,PO-0010450,2026-05-19,100
GR-0008497,PO-0010451,2024-05-07,200
GR-0008498,PO-0010452,2025-08-02,100
GR-0008499,PO-0010453,2024-06-15,50
GR-0008500,PO-0010454,2026-03-19,200
GR-0008501,PO-0010457,2025-03-15,200
GR-0008502,PO-0010458,2024-04-09,100
GR-0008503,PO-0010459,2026-06-03,200
GR-0008504,PO-0010460,2026-05-01,100
GR-0008505,PO-0010461,2025-09-29,500
GR-0008506,PO-0010463,2026-06-17,50
GR-0008507,PO-0010464,2026-01-08,100
GR-0008508,PO-0010465,2025-03-16,44
GR-0008509,PO-0010466,2025-12-17,50
GR-0008510,PO-0010467,2024-10-13,1000
GR-0008511,PO-0010468,2025-01-05,1000
GR-0008512,PO-0010469,2024-12-25,500
GR-0008513,PO-0010470,2024-06-18,1000
GR-0008514,PO-0010471,2025-01-17,100
GR-0008515,PO-0010472,2025-11-17,100
GR-0008516,PO-0010473,2024-08-18,50
GR-0008517,PO-0010474,2025-04-02,200
GR-0008518,PO-0010475,2026-05-16,200
GR-0008519,PO-0010476,2025-10-09,386
GR-0008520,PO-0010478,2026-02-03,1000
GR-0008521,PO-0010479,2025-09-18,200
GR-0008522,PO-0010480,2024-05-05,50
GR-0008523,PO-0010482,2024-08-02,1000
GR-0008524,PO-0010484,2026-05-29,500
GR-0008525,PO-0010486,2025-05-16,1000
GR-0008526,PO-0010487,2024-08-01,986
GR-0008527,PO-0010488,2025-09-20,100
GR-0008528,PO-0010489,2025-02-16,100
GR-0008529,PO-0010490,2025-01-22,200
GR-0008530,PO-0010491,2024-12-09,100
GR-0008531,PO-0010492,2025-02-07,500
GR-0008532,PO-0010493,2024-12-27,500
GR-0008533,PO-0010495,2025-10-27,100
GR-0008534,PO-0010497,2026-01-07,50
GR-0008535,PO-0010498,2026-06-08,200
GR-0008536,PO-0010499,2024-08-23,100
GR-0008537,PO-0010500,2024-06-02,50
GR-0008538,PO-0010502,2025-03-30,100
GR-0008539,PO-0010503,2025-06-09,200
GR-0008540,PO-0010504,2024-12-07,500
GR-0008541,PO-0010505,2024-10-11,97
GR-0008542,PO-0010506,2025-03-12,35
GR-0008543,PO-0010507,2025-08-23,50
GR-0008544,PO-0010508,2025-08-20,50
GR-0008545,PO-0010509,2025-03-14,200
GR-0008546,PO-0010510,2025-04-30,500
GR-0008547,PO-0010512,2025-08-05,500
GR-0008548,PO-0010513,2025-05-03,100
GR-0008549,PO-0010514,2025-04-18,500
GR-0008550,PO-0010515,2024-08-12,446
GR-0008551,PO-0010516,2025-03-01,500
GR-0008552,PO-0010517,2025-06-13,50
GR-0008553,PO-0010518,2024-05-11,100
GR-0008554,PO-0010519,2026-03-01,500
GR-0008555,PO-0010520,2025-04-30,500
GR-0008556,PO-0010521,2024-05-04,50
GR-0008557,PO-0010523,2024-09-02,1000
GR-0008558,PO-0010525,2025-02-05,100
GR-0008559,PO-0010526,2025-07-07,200
GR-0008560,PO-0010527,2026-01-02,80
GR-0008561,PO-0010528,2025-09-27,50
GR-0008562,PO-0010529,2025-02-07,1000
GR-0008563,PO-0010530,2024-10-27,50
GR-0008564,PO-0010531,2025-12-08,50
GR-0008565,PO-0010532,2025-07-14,200
GR-0008566,PO-0010533,2024-11-05,1000
GR-0008567,PO-0010535,2025-09-19,1000
GR-0008568,PO-0010536,2024-07-30,200
GR-0008569,PO-0010537,2025-08-23,1000
GR-0008570,PO-0010538,2026-05-25,200
GR-0008571,PO-0010539,2026-03-17,1000
GR-0008572,PO-0010540,2025-09-17,1000
GR-0008573,PO-0010541,2025-01-14,500
GR-0008574,PO-0010542,2025-04-11,100
GR-0008575,PO-0010543,2025-04-12,77
GR-0008576,PO-0010544,2024-08-20,1000
GR-0008577,PO-0010545,2025-08-28,200
GR-0008578,PO-0010546,2024-03-10,100
GR-0008579,PO-0010547,2025-10-04,100
GR-0008580,PO-0010550,2025-01-04,1000
GR-0008581,PO-0010551,2024-02-23,500
GR-0008582,PO-0010552,2025-05-20,50
GR-0008583,PO-0010554,2024-04-15,500
GR-0008584,PO-0010555,2025-10-07,500
GR-0008585,PO-0010557,2026-04-04,100
GR-0008586,PO-0010559,2025-04-14,100
GR-0008587,PO-0010560,2024-03-08,50
GR-0008588,PO-0010561,2025-07-17,100
GR-0008589,PO-0010563,2025-01-23,50
GR-0008590,PO-0010564,2025-11-01,200
GR-0008591,PO-0010565,2025-08-19,200
GR-0008592,PO-0010566,2026-02-09,100
GR-0008593,PO-0010567,2026-05-09,100
GR-0008594,PO-0010568,2026-01-18,164
GR-0008595,PO-0010569,2025-03-02,1000
GR-0008596,PO-0010571,2024-11-09,500
GR-0008597,PO-0010572,2024-02-20,1000
GR-0008598,PO-0010573,2026-02-27,200
GR-0008599,PO-0010574,2025-10-27,1000
GR-0008600,PO-0010575,2025-07-25,50
GR-0008601,PO-0010576,2025-11-13,200
GR-0008602,PO-0010578,2026-04-10,500
GR-0008603,PO-0010579,2024-10-11,927
GR-0008604,PO-0010580,2026-03-23,200
GR-0008605,PO-0010581,2025-03-11,200
GR-0008606,PO-0010582,2025-12-01,100
GR-0008607,PO-0010583,2024-02-18,200
GR-0008608,PO-0010584,2026-01-28,500
GR-0008609,PO-0010585,2025-05-15,1000
GR-0008610,PO-0010586,2025-09-18,100
GR-0008611,PO-0010587,2024-11-11,1000
GR-0008612,PO-0010588,2024-09-18,50
GR-0008613,PO-0010589,2025-02-23,1000
GR-0008614,PO-0010590,2024-04-15,500
GR-0008615,PO-0010591,2025-07-23,1000
GR-0008616,PO-0010592,2025-01-01,500
GR-0008617,PO-0010593,2024-11-14,500
GR-0008618,PO-0010594,2025-12-18,500
GR-0008619,PO-0010595,2025-06-12,1000
GR-0008620,PO-0010596,2024-07-01,50
GR-0008621,PO-0010597,2025-08-28,500
GR-0008622,PO-0010598,2024-11-21,50
GR-0008623,PO-0010599,2025-07-23,100
GR-0008624,PO-0010600,2025-10-02,50
GR-0008625,PO-0010602,2024-09-25,928
GR-0008626,PO-0010603,2024-05-28,200
GR-0008627,PO-0010604,2025-08-22,50
GR-0008628,PO-0010605,2025-05-17,50
GR-0008629,PO-0010606,2025-04-25,425
GR-0008630,PO-0010607,2026-05-11,500
GR-0008631,PO-0010608,2025-03-27,50
GR-0008632,PO-0010609,2024-10-25,200
GR-0008633,PO-0010612,2026-02-24,1000
GR-0008634,PO-0010613,2025-07-31,200
GR-0008635,PO-0010614,2024-12-02,1000
GR-0008636,PO-0010615,2025-12-04,200
GR-0008637,PO-0010616,2025-04-08,1000
GR-0008638,PO-0010618,2026-02-18,100
GR-0008639,PO-0010619,2025-11-18,200
GR-0008640,PO-0010620,2024-04-23,100
GR-0008641,PO-0010621,2025-01-15,846
GR-0008642,PO-0010622,2026-02-03,200
GR-0008643,PO-0010624,2026-01-12,823
GR-0008644,PO-0010627,2025-03-16,100
GR-0008645,PO-0010628,2025-09-26,100
GR-0008646,PO-0010629,2025-11-27,500
GR-0008647,PO-0010630,2025-05-11,49
GR-0008648,PO-0010631,2025-06-02,200
GR-0008649,PO-0010632,2024-05-31,200
GR-0008650,PO-0010633,2025-05-24,40
GR-0008651,PO-0010634,2025-11-05,500
GR-0008652,PO-0010635,2025-07-13,1000
GR-0008653,PO-0010636,2024-04-08,200
GR-0008654,PO-0010637,2024-08-15,500
GR-0008655,PO-0010638,2025-09-21,200
GR-0008656,PO-0010639,2024-02-04,50
GR-0008657,PO-0010640,2026-04-29,1000
GR-0008658,PO-0010641,2024-02-21,50
GR-0008659,PO-0010643,2025-04-29,100
GR-0008660,PO-0010645,2024-07-09,100
GR-0008661,PO-0010646,2024-04-25,100
GR-0008662,PO-0010647,2025-10-22,100
GR-0008663,PO-0010650,2026-01-27,1000
GR-0008664,PO-0010651,2025-06-28,50
GR-0008665,PO-0010652,2025-12-25,1000
GR-0008666,PO-0010653,2024-08-17,500
GR-0008667,PO-0010655,2024-06-05,200
GR-0008668,PO-0010656,2024-08-31,100
GR-0008669,PO-0010657,2024-06-11,1000
GR-0008670,PO-0010658,2025-01-17,200
GR-0008671,PO-0010659,2025-02-25,200
GR-0008672,PO-0010661,2025-03-21,1000
GR-0008673,PO-0010662,2026-01-30,200
GR-0008674,PO-0010663,2025-06-03,1000
GR-0008675,PO-0010664,2026-02-22,91
GR-0008676,PO-0010665,2025-02-05,500
GR-0008677,PO-0010666,2025-05-05,100
GR-0008678,PO-0010667,2024-09-11,500
GR-0008679,PO-0010668,2026-01-31,50
GR-0008680,PO-0010669,2025-11-10,100
GR-0008681,PO-0010671,2026-04-15,1000
GR-0008682,PO-0010672,2025-06-22,1000
GR-0008683,PO-0010675,2024-10-17,1000
GR-0008684,PO-0010676,2025-03-23,1000
GR-0008685,PO-0010677,2025-09-26,1000
GR-0008686,PO-0010679,2024-02-23,200
GR-0008687,PO-0010680,2025-02-26,50
GR-0008688,PO-0010681,2025-03-17,50
GR-0008689,PO-0010682,2025-10-30,50
GR-0008690,PO-0010684,2024-01-30,1000
GR-0008691,PO-0010685,2025-02-06,100
GR-0008692,PO-0010686,2024-03-24,500
GR-0008693,PO-0010687,2025-07-30,71
GR-0008694,PO-0010689,2025-08-15,500
GR-0008695,PO-0010690,2025-06-03,200
GR-0008696,PO-0010691,2025-11-23,100
GR-0008697,PO-0010692,2026-06-12,500
GR-0008698,PO-0010693,2024-05-01,100
GR-0008699,PO-0010694,2024-07-03,100
GR-0008700,PO-0010695,2025-10-04,1000
GR-0008701,PO-0010696,2026-02-03,50
GR-0008702,PO-0010697,2025-10-02,500
GR-0008703,PO-0010698,2025-04-23,200
GR-0008704,PO-0010699,2024-09-27,50
GR-0008705,PO-0010700,2025-05-04,200
GR-0008706,PO-0010701,2025-11-28,100
GR-0008707,PO-0010702,2025-08-01,50
GR-0008708,PO-0010703,2024-04-10,50
GR-0008709,PO-0010704,2024-10-30,50
GR-0008710,PO-0010705,2025-11-20,100
GR-0008711,PO-0010706,2026-03-20,500
GR-0008712,PO-0010707,2024-11-25,200
GR-0008713,PO-0010708,2024-04-19,50
GR-0008714,PO-0010709,2025-07-05,50
GR-0008715,PO-0010710,2024-04-07,200
GR-0008716,PO-0010711,2024-04-08,50
GR-0008717,PO-0010712,2026-03-11,200
GR-0008718,PO-0010713,2025-10-17,500
GR-0008719,PO-0010715,2024-05-08,1000
GR-0008720,PO-0010716,2025-07-07,50
GR-0008721,PO-0010717,2025-08-11,200
GR-0008722,PO-0010718,2024-04-27,91
GR-0008723,PO-0010720,2024-04-17,200
GR-0008724,PO-0010721,2025-01-03,50
GR-0008725,PO-0010722,2025-06-26,778
GR-0008726,PO-0010723,2025-10-21,200
GR-0008727,PO-0010724,2025-08-16,200
GR-0008728,PO-0010726,2024-06-06,500
GR-0008729,PO-0010727,2024-02-25,182
GR-0008730,PO-0010728,2025-08-15,500
GR-0008731,PO-0010729,2026-06-16,500
GR-0008732,PO-0010730,2024-06-05,500
GR-0008733,PO-0010731,2024-10-21,500
GR-0008734,PO-0010732,2025-01-03,100
GR-0008735,PO-0010733,2024-07-11,500
GR-0008736,PO-0010734,2025-07-12,50
GR-0008737,PO-0010737,2024-12-23,100
GR-0008738,PO-0010738,2025-05-12,50
GR-0008739,PO-0010740,2024-02-15,50
GR-0008740,PO-0010741,2025-12-01,418
GR-0008741,PO-0010742,2026-04-19,500
GR-0008742,PO-0010744,2025-06-24,100
GR-0008743,PO-0010747,2025-03-14,500
GR-0008744,PO-0010748,2024-02-23,100
GR-0008745,PO-0010749,2025-07-26,1000
GR-0008746,PO-0010752,2025-07-12,1000
GR-0008747,PO-0010753,2024-12-16,100
GR-0008748,PO-0010754,2025-07-12,500
GR-0008749,PO-0010755,2026-04-23,200
GR-0008750,PO-0010756,2026-03-13,200
GR-0008751,PO-0010757,2025-03-15,200
GR-0008752,PO-0010758,2024-02-18,500
GR-0008753,PO-0010759,2025-04-28,960
GR-0008754,PO-0010760,2026-04-21,100
GR-0008755,PO-0010761,2025-12-28,500
GR-0008756,PO-0010762,2026-02-04,740
GR-0008757,PO-0010763,2026-04-25,50
GR-0008758,PO-0010764,2026-05-11,1000
GR-0008759,PO-0010765,2024-09-10,50
GR-0008760,PO-0010766,2026-05-25,500
GR-0008761,PO-0010767,2024-05-04,1000
GR-0008762,PO-0010768,2025-03-15,200
GR-0008763,PO-0010769,2026-05-15,100
GR-0008764,PO-0010772,2025-08-21,200
GR-0008765,PO-0010773,2025-08-11,100
GR-0008766,PO-0010774,2024-11-11,200
GR-0008767,PO-0010775,2025-07-11,200
GR-0008768,PO-0010776,2025-06-01,50
GR-0008769,PO-0010777,2024-10-20,200
GR-0008770,PO-0010778,2026-04-14,1000
GR-0008771,PO-0010779,2024-09-04,1000
GR-0008772,PO-0010780,2024-06-01,500
GR-0008773,PO-0010781,2025-12-16,100
GR-0008774,PO-0010782,2024-09-17,200
GR-0008775,PO-0010783,2024-02-26,50
GR-0008776,PO-0010785,2026-03-31,500
GR-0008777,PO-0010787,2026-01-20,50
GR-0008778,PO-0010788,2025-02-15,1000
GR-0008779,PO-0010789,2024-04-09,50
GR-0008780,PO-0010791,2026-05-10,50
GR-0008781,PO-0010792,2025-04-28,200
GR-0008782,PO-0010794,2025-12-26,1000
GR-0008783,PO-0010796,2024-07-29,1000
GR-0008784,PO-0010797,2026-04-26,50
GR-0008785,PO-0010798,2024-02-26,100
GR-0008786,PO-0010799,2025-10-08,100
GR-0008787,PO-0010800,2024-11-17,481
GR-0008788,PO-0010801,2024-11-01,1000
GR-0008789,PO-0010802,2025-04-30,500
GR-0008790,PO-0010804,2024-11-01,200
GR-0008791,PO-0010806,2024-10-17,490
GR-0008792,PO-0010808,2024-06-24,72
GR-0008793,PO-0010809,2024-03-05,1000
GR-0008794,PO-0010810,2025-06-05,500
GR-0008795,PO-0010811,2025-10-29,876
GR-0008796,PO-0010812,2025-02-17,1000
GR-0008797,PO-0010813,2026-03-28,200
GR-0008798,PO-0010814,2024-04-21,1000
GR-0008799,PO-0010815,2025-05-31,50
GR-0008800,PO-0010816,2025-06-06,100
GR-0008801,PO-0010818,2024-07-28,50
GR-0008802,PO-0010819,2024-03-22,200
GR-0008803,PO-0010820,2025-10-13,50
GR-0008804,PO-0010821,2024-05-06,500
GR-0008805,PO-0010822,2025-01-22,500
GR-0008806,PO-0010823,2026-05-12,200
GR-0008807,PO-0010824,2024-06-29,1000
GR-0008808,PO-0010825,2025-12-03,50
GR-0008809,PO-0010826,2024-12-09,50
GR-0008810,PO-0010827,2025-11-01,200
GR-0008811,PO-0010828,2024-03-20,100
GR-0008812,PO-0010829,2026-05-21,500
GR-0008813,PO-0010830,2025-06-06,100
GR-0008814,PO-0010831,2025-03-05,50
GR-0008815,PO-0010832,2024-06-11,97
GR-0008816,PO-0010833,2024-08-19,200
GR-0008817,PO-0010834,2024-10-11,50
GR-0008818,PO-0010835,2026-03-09,37
GR-0008819,PO-0010836,2025-12-15,100
GR-0008820,PO-0010837,2025-06-09,200
GR-0008821,PO-0010838,2024-03-07,1000
GR-0008822,PO-0010839,2024-08-05,1000
GR-0008823,PO-0010840,2024-11-27,200
GR-0008824,PO-0010842,2024-09-28,500
GR-0008825,PO-0010843,2024-08-10,200
GR-0008826,PO-0010844,2025-11-27,100
GR-0008827,PO-0010845,2024-09-02,50
GR-0008828,PO-0010847,2026-03-01,1000
GR-0008829,PO-0010848,2025-01-10,500
GR-0008830,PO-0010849,2024-09-07,100
GR-0008831,PO-0010850,2026-03-18,200
GR-0008832,PO-0010851,2024-04-15,100
GR-0008833,PO-0010852,2024-08-20,100
GR-0008834,PO-0010854,2025-11-02,500
GR-0008835,PO-0010855,2025-03-18,1000
GR-0008836,PO-0010856,2025-11-22,500
GR-0008837,PO-0010857,2025-09-22,1000
GR-0008838,PO-0010858,2025-11-04,725
GR-0008839,PO-0010860,2025-09-22,100
GR-0008840,PO-0010861,2025-02-08,100
GR-0008841,PO-0010862,2026-02-22,500
GR-0008842,PO-0010863,2026-02-20,50
GR-0008843,PO-0010864,2024-07-16,100
GR-0008844,PO-0010865,2025-12-09,1000
GR-0008845,PO-0010866,2024-05-02,200
GR-0008846,PO-0010867,2025-03-23,200
GR-0008847,PO-0010868,2025-03-04,1000
GR-0008848,PO-0010869,2025-04-29,50
GR-0008849,PO-0010870,2026-05-05,1000
GR-0008850,PO-0010871,2024-04-15,100
GR-0008851,PO-0010873,2025-08-16,1000
GR-0008852,PO-0010874,2025-01-12,200
GR-0008853,PO-0010875,2026-03-22,500
GR-0008854,PO-0010876,2024-07-31,1000
GR-0008855,PO-0010877,2024-04-16,100
GR-0008856,PO-0010879,2025-10-24,500
GR-0008857,PO-0010880,2024-11-16,100
GR-0008858,PO-0010881,2025-04-02,100
GR-0008859,PO-0010882,2025-01-31,100
GR-0008860,PO-0010883,2024-08-13,500
GR-0008861,PO-0010884,2024-11-09,467
GR-0008862,PO-0010886,2025-03-10,50
GR-0008863,PO-0010887,2025-07-08,91
GR-0008864,PO-0010888,2025-03-12,50
GR-0008865,PO-0010890,2025-03-19,100
GR-0008866,PO-0010891,2024-12-22,500
GR-0008867,PO-0010892,2025-10-30,50
GR-0008868,PO-0010893,2024-04-26,50
GR-0008869,PO-0010895,2024-10-15,200
GR-0008870,PO-0010897,2024-06-30,500
GR-0008871,PO-0010898,2026-05-19,100
GR-0008872,PO-0010899,2025-05-14,500
GR-0008873,PO-0010901,2024-11-05,100
GR-0008874,PO-0010902,2025-09-01,100
GR-0008875,PO-0010903,2025-04-26,939
GR-0008876,PO-0010904,2025-12-02,1000
GR-0008877,PO-0010905,2025-11-07,50
GR-0008878,PO-0010906,2024-07-08,200
GR-0008879,PO-0010907,2025-08-21,200
GR-0008880,PO-0010908,2025-04-08,150
GR-0008881,PO-0010909,2025-05-20,500
GR-0008882,PO-0010910,2024-12-25,200
GR-0008883,PO-0010912,2024-02-26,50
GR-0008884,PO-0010913,2026-02-04,1000
GR-0008885,PO-0010915,2026-02-25,200
GR-0008886,PO-0010916,2026-05-30,500
GR-0008887,PO-0010917,2024-09-06,50
GR-0008888,PO-0010919,2025-06-05,1000
GR-0008889,PO-0010921,2024-09-26,1000
GR-0008890,PO-0010922,2024-06-23,500
GR-0008891,PO-0010923,2025-10-14,1000
GR-0008892,PO-0010924,2025-02-18,200
GR-0008893,PO-0010925,2024-03-24,500
GR-0008894,PO-0010926,2025-05-28,100
GR-0008895,PO-0010927,2026-03-30,200
GR-0008896,PO-0010928,2025-05-28,50
GR-0008897,PO-0010929,2025-01-06,50
GR-0008898,PO-0010933,2024-09-21,500
GR-0008899,PO-0010934,2025-03-14,50
GR-0008900,PO-0010935,2025-04-02,500
GR-0008901,PO-0010936,2025-11-21,500
GR-0008902,PO-0010937,2024-02-13,50
GR-0008903,PO-0010939,2024-11-22,1000
GR-0008904,PO-0010940,2026-05-04,1000
GR-0008905,PO-0010941,2025-12-09,100
GR-0008906,PO-0010943,2025-02-02,50
GR-0008907,PO-0010944,2024-02-29,100
GR-0008908,PO-0010945,2025-04-20,1000
GR-0008909,PO-0010946,2024-10-20,500
GR-0008910,PO-0010947,2024-08-13,100
GR-0008911,PO-0010948,2026-04-17,1000
GR-0008912,PO-0010949,2024-07-21,877
GR-0008913,PO-0010950,2025-04-10,500
GR-0008914,PO-0010951,2024-05-27,354
GR-0008915,PO-0010953,2024-06-30,200
GR-0008916,PO-0010955,2026-01-07,420
GR-0008917,PO-0010956,2025-03-15,200
GR-0008918,PO-0010957,2026-01-14,1000
GR-0008919,PO-0010958,2026-01-09,500
GR-0008920,PO-0010959,2024-03-24,50
GR-0008921,PO-0010961,2024-04-22,100
GR-0008922,PO-0010962,2024-03-05,100
GR-0008923,PO-0010963,2024-08-22,100
GR-0008924,PO-0010965,2025-04-25,1000
GR-0008925,PO-0010966,2025-12-09,187
GR-0008926,PO-0010968,2026-06-07,100
GR-0008927,PO-0010970,2024-03-16,195
GR-0008928,PO-0010971,2025-11-26,100
GR-0008929,PO-0010973,2025-10-15,200
GR-0008930,PO-0010974,2024-05-19,1000
GR-0008931,PO-0010975,2024-06-29,1000
GR-0008932,PO-0010976,2025-02-26,200
GR-0008933,PO-0010977,2026-02-22,50
GR-0008934,PO-0010978,2025-12-16,70
GR-0008935,PO-0010979,2024-04-01,200
GR-0008936,PO-0010980,2025-06-27,188
GR-0008937,PO-0010981,2026-03-31,1000
GR-0008938,PO-0010982,2025-04-21,170
GR-0008939,PO-0010983,2024-11-19,100
GR-0008940,PO-0010985,2026-04-03,500
GR-0008941,PO-0010986,2024-07-10,1000
GR-0008942,PO-0010987,2024-05-19,500
GR-0008943,PO-0010988,2024-07-26,1000
GR-0008944,PO-0010989,2025-04-18,500
GR-0008945,PO-0010990,2024-02-12,500
GR-0008946,PO-0010992,2024-04-06,100
GR-0008947,PO-0010993,2025-05-26,100
GR-0008948,PO-0010994,2024-11-07,100
GR-0008949,PO-0010995,2024-04-17,50
GR-0008950,PO-0010996,2025-11-09,50
GR-0008951,PO-0010998,2024-11-12,1000
GR-0008952,PO-0010999,2025-03-09,50
GR-0008953,PO-0011000,2025-02-27,500
GR-0008954,PO-0011001,2024-09-06,500
GR-0008955,PO-0011003,2025-01-13,200
GR-0008956,PO-0011004,2026-05-01,200
GR-0008957,PO-0011005,2025-12-08,100
GR-0008958,PO-0011007,2025-11-04,100
GR-0008959,PO-0011008,2025-12-25,50
GR-0008960,PO-0011009,2024-07-14,200
GR-0008961,PO-0011010,2024-05-07,50
GR-0008962,PO-0011013,2026-01-25,200
GR-0008963,PO-0011015,2024-08-28,1000
GR-0008964,PO-0011016,2025-11-14,500
GR-0008965,PO-0011017,2026-01-12,50
GR-0008966,PO-0011019,2025-06-25,50
GR-0008967,PO-0011020,2024-02-01,500
GR-0008968,PO-0011021,2024-04-26,200
GR-0008969,PO-0011022,2025-02-18,197
GR-0008970,PO-0011023,2025-08-07,837
GR-0008971,PO-0011025,2025-02-16,200
GR-0008972,PO-0011026,2025-08-22,200
GR-0008973,PO-0011027,2025-01-17,1000
GR-0008974,PO-0011028,2026-05-27,100
GR-0008975,PO-0011029,2024-08-08,1000
GR-0008976,PO-0011031,2025-09-02,50
GR-0008977,PO-0011033,2024-03-29,50
GR-0008978,PO-0011034,2024-07-02,1000
GR-0008979,PO-0011035,2025-04-15,500
GR-0008980,PO-0011036,2024-09-08,100
GR-0008981,PO-0011038,2025-04-25,50
GR-0008982,PO-0011039,2025-10-26,100
GR-0008983,PO-0011040,2025-05-14,500
GR-0008984,PO-0011041,2024-09-04,50
GR-0008985,PO-0011042,2026-03-01,420
GR-0008986,PO-0011043,2026-02-01,50
GR-0008987,PO-0011044,2024-11-13,75
GR-0008988,PO-0011045,2025-07-10,500
GR-0008989,PO-0011046,2024-11-16,1000
GR-0008990,PO-0011047,2024-12-18,100
GR-0008991,PO-0011048,2025-03-09,455
GR-0008992,PO-0011050,2025-07-17,200
GR-0008993,PO-0011051,2024-03-23,500
GR-0008994,PO-0011052,2024-04-30,1000
GR-0008995,PO-0011053,2025-11-03,42
GR-0008996,PO-0011054,2024-05-09,50
GR-0008997,PO-0011055,2024-02-07,500
GR-0008998,PO-0011056,2024-08-08,50
GR-0008999,PO-0011057,2026-04-21,100
GR-0009000,PO-0011058,2026-03-19,1000
GR-0009001,PO-0011059,2026-05-09,50
GR-0009002,PO-0011060,2026-04-21,1000
GR-0009003,PO-0011061,2025-09-28,500
GR-0009004,PO-0011062,2024-06-03,200
GR-0009005,PO-0011063,2026-01-24,192
GR-0009006,PO-0011064,2025-05-26,50
GR-0009007,PO-0011065,2024-06-05,1000
GR-0009008,PO-0011066,2025-04-29,100
GR-0009009,PO-0011067,2025-08-27,1000
GR-0009010,PO-0011068,2026-06-05,500
GR-0009011,PO-0011069,2025-01-13,50
GR-0009012,PO-0011070,2025-06-14,50
GR-0009013,PO-0011071,2025-04-27,458
GR-0009014,PO-0011072,2026-03-18,500
GR-0009015,PO-0011073,2025-02-16,1000
GR-0009016,PO-0011074,2026-03-10,1000
GR-0009017,PO-0011075,2024-07-13,50
GR-0009018,PO-0011076,2025-09-11,50
GR-0009019,PO-0011077,2024-12-31,500
GR-0009020,PO-0011078,2025-05-08,500
GR-0009021,PO-0011079,2024-07-16,500
GR-0009022,PO-0011080,2026-04-30,100
GR-0009023,PO-0011082,2024-05-06,500
GR-0009024,PO-0011083,2024-11-29,1000
GR-0009025,PO-0011084,2024-09-27,50
GR-0009026,PO-0011085,2026-01-26,500
GR-0009027,PO-0011086,2025-01-24,500
GR-0009028,PO-0011087,2025-09-14,50
GR-0009029,PO-0011089,2025-03-21,100
GR-0009030,PO-0011090,2026-03-01,200
GR-0009031,PO-0011091,2024-08-10,500
GR-0009032,PO-0011092,2025-03-07,1000
GR-0009033,PO-0011093,2024-10-08,200
GR-0009034,PO-0011094,2025-12-08,50
GR-0009035,PO-0011095,2024-03-08,500
GR-0009036,PO-0011096,2024-07-08,200
GR-0009037,PO-0011097,2024-04-28,200
GR-0009038,PO-0011099,2024-12-04,1000
GR-0009039,PO-0011100,2024-04-26,200
GR-0009040,PO-0011101,2024-11-13,100
GR-0009041,PO-0011102,2024-04-03,500
GR-0009042,PO-0011103,2026-02-07,500
GR-0009043,PO-0011104,2024-05-26,200
GR-0009044,PO-0011105,2025-11-16,50
GR-0009045,PO-0011106,2025-10-28,500
GR-0009046,PO-0011107,2024-07-08,50
GR-0009047,PO-0011108,2025-03-06,1000
GR-0009048,PO-0011109,2025-07-26,500
GR-0009049,PO-0011110,2025-05-31,50
GR-0009050,PO-0011111,2024-03-18,1000
GR-0009051,PO-0011112,2025-07-25,100
GR-0009052,PO-0011115,2024-06-20,200
GR-0009053,PO-0011116,2024-09-11,100
GR-0009054,PO-0011117,2025-12-08,50
GR-0009055,PO-0011118,2026-03-05,50
GR-0009056,PO-0011119,2024-05-01,50
GR-0009057,PO-0011120,2024-05-10,200
GR-0009058,PO-0011121,2026-02-14,100
GR-0009059,PO-0011122,2025-12-03,200
GR-0009060,PO-0011123,2025-04-14,200
GR-0009061,PO-0011125,2024-12-28,100
GR-0009062,PO-0011126,2024-11-08,500
GR-0009063,PO-0011127,2026-06-07,1000
GR-0009064,PO-0011128,2024-09-20,500
GR-0009065,PO-0011130,2026-01-12,1000
GR-0009066,PO-0011131,2025-06-10,50
GR-0009067,PO-0011133,2026-04-02,100
GR-0009068,PO-0011135,2025-10-22,100
GR-0009069,PO-0011136,2025-10-29,500
GR-0009070,PO-0011137,2024-08-19,500
GR-0009071,PO-0011140,2025-02-16,50
GR-0009072,PO-0011141,2025-02-14,200
GR-0009073,PO-0011142,2024-08-12,878
GR-0009074,PO-0011143,2024-10-31,200
GR-0009075,PO-0011144,2025-11-26,50
GR-0009076,PO-0011145,2025-10-18,1000
GR-0009077,PO-0011146,2026-06-07,100
GR-0009078,PO-0011147,2026-02-26,50
GR-0009079,PO-0011148,2025-07-17,500
GR-0009080,PO-0011149,2025-05-28,500
GR-0009081,PO-0011150,2025-04-22,44
GR-0009082,PO-0011151,2024-01-27,500
GR-0009083,PO-0011152,2025-07-07,100
GR-0009084,PO-0011154,2024-08-22,200
GR-0009085,PO-0011155,2026-01-01,35
GR-0009086,PO-0011158,2025-11-05,500
GR-0009087,PO-0011159,2025-09-22,200
GR-0009088,PO-0011161,2025-12-26,93
GR-0009089,PO-0011162,2025-02-10,500
GR-0009090,PO-0011163,2024-09-27,100
GR-0009091,PO-0011164,2026-02-27,500
GR-0009092,PO-0011165,2024-07-21,472
GR-0009093,PO-0011166,2024-11-05,50
GR-0009094,PO-0011167,2024-05-03,50
GR-0009095,PO-0011168,2025-04-04,500
GR-0009096,PO-0011169,2024-12-31,100
GR-0009097,PO-0011170,2024-07-25,500
GR-0009098,PO-0011171,2024-09-06,1000
GR-0009099,PO-0011172,2026-04-28,82
GR-0009100,PO-0011173,2025-10-06,200
GR-0009101,PO-0011174,2025-02-22,500
GR-0009102,PO-0011176,2025-01-27,500
GR-0009103,PO-0011177,2024-08-27,50
GR-0009104,PO-0011178,2025-07-26,50
GR-0009105,PO-0011179,2025-06-19,200
GR-0009106,PO-0011180,2024-07-06,351
GR-0009107,PO-0011181,2024-11-26,50
GR-0009108,PO-0011183,2025-07-20,200
GR-0009109,PO-0011186,2024-02-04,50
GR-0009110,PO-0011187,2024-03-19,50
GR-0009111,PO-0011188,2025-07-25,200
GR-0009112,PO-0011189,2024-03-14,50
GR-0009113,PO-0011190,2025-12-23,100
GR-0009114,PO-0011191,2025-04-14,100
GR-0009115,PO-0011194,2025-06-25,500
GR-0009116,PO-0011195,2024-12-27,100
GR-0009117,PO-0011196,2024-06-29,500
GR-0009118,PO-0011198,2025-12-12,500
GR-0009119,PO-0011199,2025-01-27,200
GR-0009120,PO-0011200,2025-08-13,836
GR-0009121,PO-0011201,2024-10-28,200
GR-0009122,PO-0011202,2025-10-31,50
GR-0009123,PO-0011203,2024-04-03,1000
GR-0009124,PO-0011205,2026-03-26,500
GR-0009125,PO-0011206,2025-05-26,100
GR-0009126,PO-0011207,2025-11-12,100
GR-0009127,PO-0011209,2024-11-11,1000
GR-0009128,PO-0011210,2025-07-30,200
GR-0009129,PO-0011211,2024-03-13,50
GR-0009130,PO-0011213,2024-06-15,81
GR-0009131,PO-0011214,2025-04-28,1000
GR-0009132,PO-0011215,2024-06-18,50
GR-0009133,PO-0011216,2025-06-03,100
GR-0009134,PO-0011218,2025-03-20,711
GR-0009135,PO-0011219,2025-12-03,500
GR-0009136,PO-0011220,2024-02-27,50
GR-0009137,PO-0011221,2024-03-04,500
GR-0009138,PO-0011222,2024-12-20,1000
GR-0009139,PO-0011223,2025-06-25,200
GR-0009140,PO-0011224,2024-10-12,1000
GR-0009141,PO-0011225,2025-05-20,50
GR-0009142,PO-0011226,2025-05-25,100
GR-0009143,PO-0011228,2024-10-24,500
GR-0009144,PO-0011229,2024-06-09,87
GR-0009145,PO-0011230,2024-03-24,1000
GR-0009146,PO-0011231,2025-02-24,200
GR-0009147,PO-0011232,2025-05-23,200
GR-0009148,PO-0011233,2026-03-23,42
GR-0009149,PO-0011234,2026-04-04,50
GR-0009150,PO-0011235,2025-07-13,50
GR-0009151,PO-0011236,2026-05-17,200
GR-0009152,PO-0011238,2024-03-02,100
GR-0009153,PO-0011240,2025-12-20,100
GR-0009154,PO-0011241,2026-04-01,50
GR-0009155,PO-0011242,2024-09-24,500
GR-0009156,PO-0011243,2026-01-31,405
GR-0009157,PO-0011244,2025-06-28,1000
GR-0009158,PO-0011245,2025-05-14,200
GR-0009159,PO-0011247,2025-07-16,1000
GR-0009160,PO-0011248,2024-10-13,50
GR-0009161,PO-0011250,2024-02-04,500
GR-0009162,PO-0011251,2024-11-09,416
GR-0009163,PO-0011252,2026-03-16,50
GR-0009164,PO-0011254,2025-07-08,100
GR-0009165,PO-0011255,2025-07-03,46
GR-0009166,PO-0011256,2024-06-14,100
GR-0009167,PO-0011257,2024-10-24,50
GR-0009168,PO-0011259,2025-12-26,1000
GR-0009169,PO-0011260,2024-04-15,100
GR-0009170,PO-0011261,2024-09-18,200
GR-0009171,PO-0011263,2025-09-25,75
GR-0009172,PO-0011264,2025-06-21,100
GR-0009173,PO-0011265,2024-06-30,1000
GR-0009174,PO-0011266,2025-11-16,1000
GR-0009175,PO-0011268,2024-03-29,1000
GR-0009176,PO-0011269,2024-04-22,50
GR-0009177,PO-0011271,2026-05-18,50
GR-0009178,PO-0011272,2025-09-09,50
GR-0009179,PO-0011273,2024-10-25,100
GR-0009180,PO-0011274,2025-12-09,50
GR-0009181,PO-0011275,2024-08-20,50
GR-0009182,PO-0011276,2024-02-28,500
GR-0009183,PO-0011278,2026-01-15,100
GR-0009184,PO-0011279,2024-04-03,50
GR-0009185,PO-0011280,2025-07-17,100
GR-0009186,PO-0011281,2024-10-03,200
GR-0009187,PO-0011282,2025-01-24,100
GR-0009188,PO-0011283,2026-05-17,1000
GR-0009189,PO-0011285,2024-03-02,1000
GR-0009190,PO-0011286,2026-04-03,50
GR-0009191,PO-0011288,2024-07-22,50
GR-0009192,PO-0011290,2025-07-14,500
GR-0009193,PO-0011293,2025-11-23,100
GR-0009194,PO-0011294,2024-03-27,100
GR-0009195,PO-0011295,2025-04-07,1000
GR-0009196,PO-0011297,2024-11-28,1000
GR-0009197,PO-0011299,2024-05-09,500
GR-0009198,PO-0011300,2024-09-20,100
GR-0009199,PO-0011301,2024-10-06,50
GR-0009200,PO-0011302,2024-01-24,1000
GR-0009201,PO-0011303,2025-02-21,100
GR-0009202,PO-0011304,2024-06-22,200
GR-0009203,PO-0011305,2025-05-18,76
GR-0009204,PO-0011306,2025-12-26,100
GR-0009205,PO-0011308,2025-10-08,1000
GR-0009206,PO-0011309,2024-06-03,500
GR-0009207,PO-0011310,2025-07-26,1000
GR-0009208,PO-0011311,2024-09-27,50
GR-0009209,PO-0011312,2025-02-14,424
GR-0009210,PO-0011313,2025-04-03,500
GR-0009211,PO-0011314,2024-05-07,200
GR-0009212,PO-0011316,2025-02-24,200
GR-0009213,PO-0011317,2024-02-20,50
GR-0009214,PO-0011318,2025-09-24,50
GR-0009215,PO-0011319,2026-04-03,100
GR-0009216,PO-0011321,2024-11-26,200
GR-0011265,PO-0013851,2024-07-24,200
GR-0011266,PO-0013853,2025-06-25,200
GR-0011267,PO-0013854,2025-01-29,1000
GR-0011268,PO-0013855,2026-02-18,50
GR-0011269,PO-0013856,2025-08-07,50
GR-0011270,PO-0013857,2025-09-20,1000
GR-0011271,PO-0013858,2024-02-13,500
GR-0011272,PO-0013859,2026-01-02,1000
GR-0011273,PO-0013860,2025-06-03,1000
GR-0011274,PO-0013862,2025-12-03,100
GR-0011275,PO-0013863,2026-03-12,1000
GR-0011276,PO-0013865,2025-05-19,500
GR-0011277,PO-0013868,2026-04-19,1000
GR-0011278,PO-0013869,2025-09-12,50
GR-0011279,PO-0013870,2025-09-15,500
GR-0011280,PO-0013871,2025-02-23,1000
GR-0011281,PO-0013872,2025-04-01,100
GR-0011282,PO-0013873,2024-03-08,50
GR-0011283,PO-0013874,2024-12-30,461
GR-0011284,PO-0013875,2024-06-08,50
GR-0011285,PO-0013876,2025-01-04,200
GR-0011286,PO-0013878,2024-05-25,500
GR-0011287,PO-0013879,2025-10-07,500
GR-0011288,PO-0013880,2025-01-22,200
GR-0011289,PO-0013882,2024-09-16,1000
GR-0011290,PO-0013883,2026-04-04,100
GR-0011291,PO-0013884,2025-07-08,500
GR-0011292,PO-0013885,2024-11-14,100
GR-0011293,PO-0013887,2024-02-09,1000
GR-0011294,PO-0013888,2025-05-06,500
GR-0011295,PO-0013889,2024-10-23,1000
GR-0011296,PO-0013890,2025-09-26,93
GR-0011297,PO-0013891,2025-04-06,50
GR-0011298,PO-0013892,2025-06-17,500
GR-0011299,PO-0013893,2024-03-30,1000
GR-0011300,PO-0013894,2024-07-19,1000
GR-0011301,PO-0013897,2025-09-15,100
GR-0011302,PO-0013898,2025-08-30,1000
GR-0011303,PO-0013899,2025-10-30,200
GR-0011304,PO-0013900,2024-06-30,50
GR-0011305,PO-0013901,2025-06-08,100
GR-0011306,PO-0013902,2025-06-09,50
GR-0011307,PO-0013903,2025-08-23,200
GR-0011308,PO-0013904,2024-11-04,368
GR-0011309,PO-0013905,2024-05-09,200
GR-0011310,PO-0013906,2025-04-22,200
GR-0011311,PO-0013907,2025-01-03,500
GR-0011312,PO-0013908,2025-09-03,500
GR-0011313,PO-0013911,2024-08-07,1000
GR-0011314,PO-0013912,2026-01-22,200
GR-0011315,PO-0013913,2026-02-17,200
GR-0011316,PO-0013914,2025-09-22,36
GR-0011317,PO-0013915,2024-09-03,500
GR-0011318,PO-0013916,2025-05-04,50
GR-0011319,PO-0013917,2025-04-10,1000
GR-0011320,PO-0013918,2026-01-11,100
GR-0011321,PO-0013919,2024-12-26,50
GR-0011322,PO-0013920,2024-07-07,500
GR-0011323,PO-0013921,2024-06-17,50
GR-0011324,PO-0013922,2024-08-14,200
GR-0011325,PO-0013924,2026-04-09,821
GR-0011326,PO-0013925,2025-09-27,1000
GR-0011327,PO-0013926,2025-11-27,1000
GR-0011328,PO-0013927,2026-01-24,100
GR-0011329,PO-0013929,2025-08-03,200
GR-0011330,PO-0013930,2025-02-04,1000
GR-0011331,PO-0013931,2025-10-06,50
GR-0011332,PO-0013932,2024-07-02,1000
GR-0011333,PO-0013933,2026-01-29,100
GR-0011334,PO-0013934,2026-01-20,100
GR-0011335,PO-0013935,2024-02-22,500
GR-0011336,PO-0013936,2024-12-31,50
GR-0011337,PO-0013937,2025-07-03,50
GR-0011338,PO-0013938,2026-02-17,100
GR-0011339,PO-0013940,2025-06-23,500
GR-0011340,PO-0013941,2026-01-21,1000
GR-0011341,PO-0013942,2026-03-18,1000
GR-0011342,PO-0013943,2024-06-10,48
GR-0011343,PO-0013945,2024-10-01,50
GR-0011344,PO-0013946,2025-05-09,100
GR-0011345,PO-0013947,2026-03-30,100
GR-0011346,PO-0013951,2025-01-09,200
GR-0011347,PO-0013953,2025-01-14,500
GR-0011348,PO-0013955,2025-03-24,500
GR-0011349,PO-0013956,2026-03-10,50
GR-0011350,PO-0013957,2024-12-20,200
GR-0011351,PO-0013958,2024-02-08,187
GR-0011352,PO-0013959,2024-03-04,100
GR-0011353,PO-0013961,2024-05-21,50
GR-0011354,PO-0013962,2025-12-25,1000
GR-0011355,PO-0013963,2024-07-25,500
GR-0011356,PO-0013964,2024-07-21,1000
GR-0011357,PO-0013965,2025-06-12,100
GR-0011358,PO-0013967,2026-04-01,50
GR-0011359,PO-0013968,2026-02-26,1000
GR-0011360,PO-0013969,2026-04-16,100
GR-0011361,PO-0013970,2024-04-29,1000
GR-0011362,PO-0013971,2024-09-13,50
GR-0011363,PO-0013974,2024-08-19,160
GR-0011364,PO-0013976,2024-03-21,1000
GR-0011365,PO-0013977,2025-01-04,100
GR-0011366,PO-0013978,2026-04-24,500
GR-0011367,PO-0013980,2024-03-03,170
GR-0011368,PO-0013981,2024-03-23,200
GR-0011369,PO-0013983,2024-08-16,500
GR-0011370,PO-0013984,2024-02-25,50
GR-0011371,PO-0013985,2025-05-09,100
GR-0011372,PO-0013987,2025-03-16,500
GR-0011373,PO-0013989,2024-09-09,200
GR-0011374,PO-0013990,2024-09-20,200
GR-0011375,PO-0013991,2024-10-26,50
GR-0011376,PO-0013992,2025-07-08,100
GR-0011377,PO-0013994,2026-04-14,1000
GR-0011378,PO-0013995,2024-12-29,893
GR-0011379,PO-0013996,2026-01-28,100
GR-0011380,PO-0013997,2025-02-23,1000
GR-0011381,PO-0014001,2024-11-08,200
GR-0011382,PO-0014002,2025-06-26,1000
GR-0011383,PO-0014003,2024-07-26,1000
GR-0011384,PO-0014004,2024-12-29,1000
GR-0011385,PO-0014005,2026-02-25,200
GR-0011386,PO-0014006,2026-02-01,50
GR-0011387,PO-0014007,2025-04-19,500
GR-0011388,PO-0014008,2024-07-01,100
GR-0011389,PO-0014009,2024-12-16,50
GR-0011390,PO-0014010,2025-06-25,1000
GR-0011391,PO-0014011,2025-07-07,200
GR-0011392,PO-0014013,2024-10-27,50
GR-0011393,PO-0014014,2026-04-08,500
GR-0011394,PO-0014015,2026-01-20,200
GR-0011395,PO-0014016,2025-04-24,1000
GR-0011396,PO-0014017,2026-05-24,100
GR-0011397,PO-0014018,2025-04-18,1000
GR-0011398,PO-0014019,2025-07-21,1000
GR-0011399,PO-0014022,2024-03-19,100
GR-0011400,PO-0014023,2024-06-30,39
GR-0011401,PO-0014024,2025-09-08,50
GR-0011402,PO-0014025,2026-05-13,1000
GR-0011403,PO-0014026,2026-01-26,500
GR-0011404,PO-0014027,2026-03-27,50
GR-0011405,PO-0014029,2024-12-15,200
GR-0011406,PO-0014030,2024-12-23,50
GR-0011407,PO-0014031,2024-03-13,1000
GR-0011408,PO-0014032,2025-05-19,500
GR-0011409,PO-0014033,2026-05-19,1000
GR-0011410,PO-0014036,2024-03-01,200
GR-0011411,PO-0014037,2026-04-29,200
GR-0011412,PO-0014038,2025-02-25,1000
GR-0011413,PO-0014040,2024-07-01,200
GR-0011414,PO-0014041,2025-12-01,500
GR-0011415,PO-0014042,2025-03-19,100
GR-0011416,PO-0014043,2024-07-22,500
GR-0011417,PO-0014046,2025-10-12,50
GR-0011418,PO-0014047,2026-05-14,500
GR-0011419,PO-0014050,2025-11-29,1000
GR-0011420,PO-0014051,2024-05-04,1000
GR-0011421,PO-0014052,2025-12-24,100
GR-0011422,PO-0014053,2025-02-02,1000
GR-0011423,PO-0014054,2025-10-14,500
GR-0011424,PO-0014055,2025-10-24,948
GR-0011425,PO-0014056,2024-05-21,50
GR-0011426,PO-0014057,2025-08-01,50
GR-0011427,PO-0014058,2025-06-24,100
GR-0011428,PO-0014059,2025-09-08,50
GR-0011429,PO-0014060,2024-07-21,50
GR-0011430,PO-0014061,2025-06-17,500
GR-0011431,PO-0014062,2024-08-27,100
GR-0011432,PO-0014063,2026-01-21,100
GR-0011433,PO-0014064,2025-12-06,1000
GR-0011434,PO-0014065,2024-08-22,1000
GR-0011435,PO-0014066,2024-04-24,908
GR-0011436,PO-0014068,2026-04-03,50
GR-0011437,PO-0014069,2024-07-07,1000
GR-0011438,PO-0014070,2025-03-27,50
GR-0011439,PO-0014071,2026-01-15,500
GR-0011440,PO-0014072,2024-05-28,200
GR-0011441,PO-0014073,2024-08-31,50
GR-0011442,PO-0014074,2024-11-10,500
GR-0011443,PO-0014076,2025-03-23,500
GR-0011444,PO-0014078,2024-11-02,100
GR-0011445,PO-0014079,2024-02-23,50
GR-0011446,PO-0014080,2024-09-12,200
GR-0011447,PO-0014081,2024-02-28,500
GR-0011448,PO-0014082,2026-03-03,50
GR-0011449,PO-0014083,2024-10-27,500
GR-0011450,PO-0014084,2026-05-10,500
GR-0011451,PO-0014085,2026-04-01,100
GR-0011452,PO-0014086,2025-10-20,50
GR-0011453,PO-0014088,2025-09-20,1000
GR-0011454,PO-0014089,2025-05-15,200
GR-0011455,PO-0014090,2026-05-08,100
GR-0011456,PO-0014092,2024-07-13,100
GR-0011457,PO-0014093,2024-12-26,100
GR-0011458,PO-0014094,2026-04-09,100
GR-0011459,PO-0014095,2026-01-24,200
GR-0011460,PO-0014096,2025-09-25,100
GR-0011461,PO-0014097,2025-11-16,500
GR-0011462,PO-0014098,2025-04-11,100
GR-0011463,PO-0014099,2026-03-26,50
GR-0011464,PO-0014100,2026-03-09,100
GR-0011465,PO-0014101,2025-02-15,50
GR-0011466,PO-0014102,2025-03-23,500
GR-0011467,PO-0014103,2025-09-10,50
GR-0011468,PO-0014104,2025-03-07,50
GR-0011469,PO-0014105,2024-07-20,185
GR-0011470,PO-0014106,2025-12-28,200
GR-0011471,PO-0014107,2025-08-01,100
GR-0011472,PO-0014108,2025-02-26,100
GR-0011473,PO-0014109,2025-10-16,500
GR-0011474,PO-0014110,2025-07-07,200
GR-0011475,PO-0014111,2024-09-17,500
GR-0011476,PO-0014112,2026-02-18,50
GR-0011477,PO-0014113,2025-06-08,1000
GR-0011478,PO-0014114,2024-01-30,100
GR-0011479,PO-0014115,2024-07-18,100
GR-0011480,PO-0014116,2025-03-18,500
GR-0011481,PO-0014117,2025-08-23,500
GR-0011482,PO-0014118,2025-07-07,500
GR-0011483,PO-0014119,2024-07-01,709
GR-0011484,PO-0014120,2024-10-13,1000
GR-0011485,PO-0014121,2024-02-09,100
GR-0011486,PO-0014122,2024-05-14,500
GR-0011487,PO-0014123,2024-03-04,50
GR-0011488,PO-0014124,2024-10-07,100
GR-0011489,PO-0014125,2025-11-29,500
GR-0011490,PO-0014126,2024-08-13,50
GR-0011491,PO-0014127,2026-01-28,100
GR-0011492,PO-0014128,2024-08-16,1000
GR-0011493,PO-0014131,2025-05-06,200
GR-0011494,PO-0014132,2024-10-27,50
GR-0011495,PO-0014133,2025-05-11,1000
GR-0011496,PO-0014134,2025-03-21,500
GR-0011497,PO-0014135,2025-02-14,50
GR-0011498,PO-0014136,2024-05-04,200
GR-0011499,PO-0014137,2026-02-12,1000
GR-0011500,PO-0014138,2025-05-14,100
GR-0011501,PO-0014139,2025-06-11,200
GR-0011502,PO-0014140,2024-07-02,500
GR-0011503,PO-0014141,2026-04-03,200
GR-0011504,PO-0014142,2024-03-24,1000
GR-0011505,PO-0014143,2025-07-28,50
GR-0011506,PO-0014144,2024-03-14,200
GR-0011507,PO-0014147,2024-05-17,500
GR-0011508,PO-0014148,2026-01-25,100
GR-0011509,PO-0014149,2025-05-02,1000
GR-0011510,PO-0014150,2026-03-25,500
GR-0011511,PO-0014151,2024-09-30,50
GR-0011512,PO-0014152,2024-02-16,200
GR-0011513,PO-0014153,2024-10-21,1000
GR-0011514,PO-0014154,2025-08-25,500
GR-0011515,PO-0014156,2024-08-18,100
GR-0011516,PO-0014157,2024-05-27,50
GR-0011517,PO-0014158,2026-03-07,50
GR-0011518,PO-0014159,2024-07-27,500
GR-0011519,PO-0014160,2025-01-12,1000
GR-0011520,PO-0014162,2025-07-22,500
GR-0011521,PO-0014163,2024-07-17,89
GR-0011522,PO-0014169,2026-03-19,50
GR-0011523,PO-0014170,2025-08-19,50
GR-0011524,PO-0014171,2025-03-11,500
GR-0011525,PO-0014172,2025-05-14,500
GR-0011526,PO-0014174,2024-11-10,1000
GR-0011527,PO-0014175,2025-05-04,1000
GR-0011528,PO-0014176,2024-11-04,100
GR-0011529,PO-0014177,2024-08-13,500
GR-0011530,PO-0014178,2026-03-07,500
GR-0011531,PO-0014179,2025-07-06,500
GR-0011532,PO-0014180,2025-12-02,1000
GR-0011533,PO-0014181,2024-04-09,500
GR-0011534,PO-0014183,2024-03-09,500
GR-0011535,PO-0014184,2026-05-10,500
GR-0011536,PO-0014185,2026-01-25,500
GR-0011537,PO-0014187,2025-05-14,200
GR-0011538,PO-0014188,2025-02-12,1000
GR-0011539,PO-0014189,2024-05-24,100
GR-0011540,PO-0014190,2025-07-15,1000
GR-0011541,PO-0014192,2024-06-19,100
GR-0011542,PO-0014194,2025-01-15,200
GR-0011543,PO-0014195,2026-03-29,500
GR-0011544,PO-0014197,2026-04-22,100
GR-0011545,PO-0014198,2025-12-17,98
GR-0011546,PO-0014199,2024-06-01,200
GR-0011547,PO-0014200,2025-04-20,100
GR-0011548,PO-0014201,2024-09-29,100
GR-0011549,PO-0014203,2026-05-19,200
GR-0011550,PO-0014204,2025-10-07,200
GR-0011551,PO-0014205,2025-10-01,100
GR-0011552,PO-0014206,2024-09-14,166
GR-0011553,PO-0014207,2025-12-18,190
GR-0011554,PO-0014209,2025-07-09,483
GR-0011555,PO-0014211,2025-04-22,910
GR-0011556,PO-0014212,2025-07-24,100
GR-0011557,PO-0014215,2024-12-08,100
GR-0011558,PO-0014216,2024-05-17,500
GR-0011559,PO-0014217,2024-08-14,50
GR-0011560,PO-0014219,2025-10-23,50
GR-0011561,PO-0014220,2025-03-16,100
GR-0011562,PO-0014221,2025-11-01,50
GR-0011563,PO-0014222,2026-01-23,50
GR-0011564,PO-0014223,2024-10-03,500
GR-0011565,PO-0014224,2025-01-18,100
GR-0011566,PO-0014225,2024-09-04,500
GR-0011567,PO-0014226,2025-07-13,200
GR-0011568,PO-0014227,2025-04-14,100
GR-0011569,PO-0014228,2024-09-03,200
GR-0011570,PO-0014229,2025-10-16,100
GR-0011571,PO-0014230,2025-05-04,500
GR-0011572,PO-0014233,2025-01-31,1000
GR-0011573,PO-0014234,2025-09-01,183
GR-0011574,PO-0014235,2024-08-04,500
GR-0011575,PO-0014236,2026-04-28,500
GR-0011576,PO-0014240,2026-02-20,1000
GR-0011577,PO-0014241,2024-04-02,100
GR-0011578,PO-0014242,2025-04-09,200
GR-0011579,PO-0014243,2025-07-19,1000
GR-0011580,PO-0014244,2024-04-20,200
GR-0011581,PO-0014245,2024-08-29,1000
GR-0011582,PO-0014246,2025-04-29,1000
GR-0011583,PO-0014247,2025-05-02,194
GR-0011584,PO-0014249,2025-08-29,100
GR-0011585,PO-0014251,2026-03-07,1000
GR-0011586,PO-0014252,2025-03-28,905
GR-0011587,PO-0014253,2024-03-18,200
GR-0011588,PO-0014254,2025-04-18,50
GR-0011589,PO-0014255,2025-02-19,50
GR-0011590,PO-0014256,2024-03-07,500
GR-0011591,PO-0014257,2026-06-19,200
GR-0011592,PO-0014258,2025-08-03,50
GR-0011593,PO-0014259,2025-11-16,100
GR-0011594,PO-0014261,2024-12-01,1000
GR-0011595,PO-0014262,2025-04-25,500
GR-0011596,PO-0014263,2025-01-26,500
GR-0011597,PO-0014264,2024-09-26,50
GR-0011598,PO-0014265,2026-04-25,100
GR-0011599,PO-0014266,2025-02-27,50
GR-0011600,PO-0014267,2025-11-03,1000
GR-0011601,PO-0014268,2025-05-03,166
GR-0011602,PO-0014270,2024-10-11,36
GR-0011603,PO-0014271,2024-07-23,1000
GR-0011604,PO-0014272,2025-10-10,200
GR-0011605,PO-0014274,2025-11-20,1000
GR-0011606,PO-0014275,2024-03-30,762
GR-0011607,PO-0014277,2025-08-09,100
GR-0011608,PO-0014278,2024-08-09,200
GR-0011609,PO-0014279,2025-10-27,46
GR-0011610,PO-0014280,2025-06-29,1000
GR-0011611,PO-0014281,2026-02-23,500
GR-0011612,PO-0014282,2025-01-03,500
GR-0011613,PO-0014283,2024-12-12,200
GR-0011614,PO-0014285,2025-02-20,100
GR-0011615,PO-0014286,2024-08-08,500
GR-0011616,PO-0014287,2025-07-16,50
GR-0011617,PO-0014288,2025-10-08,500
GR-0011618,PO-0014289,2024-08-15,355
GR-0011619,PO-0014290,2025-03-02,50
GR-0011620,PO-0014291,2025-12-28,50
GR-0011621,PO-0014292,2024-02-17,43
GR-0011622,PO-0014293,2025-10-02,100
GR-0011623,PO-0014294,2026-01-10,50
GR-0011624,PO-0014296,2025-09-28,200
GR-0011625,PO-0014298,2026-04-14,50
GR-0011626,PO-0014300,2024-11-27,100
GR-0011627,PO-0014301,2026-05-23,1000
GR-0011628,PO-0014303,2024-10-20,500
GR-0011629,PO-0014305,2024-08-03,500
GR-0011630,PO-0014306,2026-05-08,200
GR-0011631,PO-0014307,2026-01-07,500
GR-0011632,PO-0014308,2026-05-29,200
GR-0011633,PO-0014309,2024-06-10,500
GR-0011634,PO-0014310,2025-09-15,500
GR-0011635,PO-0014312,2026-01-30,100
GR-0011636,PO-0014313,2026-03-03,500
GR-0011637,PO-0014314,2025-05-15,500
GR-0011638,PO-0014315,2024-07-30,1000
GR-0011639,PO-0014316,2026-05-04,1000
GR-0011640,PO-0014317,2024-07-31,1000
GR-0011641,PO-0014318,2024-09-08,100
GR-0011642,PO-0014319,2024-02-01,100
GR-0011643,PO-0014320,2026-04-21,200
GR-0011644,PO-0014321,2026-04-17,50
GR-0011645,PO-0014322,2025-01-13,1000
GR-0011646,PO-0014323,2025-09-11,50
GR-0011647,PO-0014325,2025-05-16,200
GR-0011648,PO-0014326,2026-04-04,500
GR-0011649,PO-0014328,2024-05-26,50
GR-0011650,PO-0014329,2026-05-07,200
GR-0011651,PO-0014331,2025-04-30,1000
GR-0011652,PO-0014332,2026-01-28,151
GR-0011653,PO-0014333,2025-09-13,100
GR-0011654,PO-0014334,2025-06-08,500
GR-0011655,PO-0014335,2025-08-30,1000
GR-0011656,PO-0014336,2024-11-13,1000
GR-0011657,PO-0014338,2024-07-02,74
GR-0011658,PO-0014339,2024-02-25,100
GR-0011659,PO-0014340,2024-09-09,1000
GR-0011660,PO-0014341,2026-01-01,100
GR-0011661,PO-0014342,2026-03-22,200
GR-0011662,PO-0014343,2025-04-15,100
GR-0011663,PO-0014344,2025-03-30,500
GR-0011664,PO-0014345,2025-07-04,50
GR-0011665,PO-0014346,2025-02-26,100
GR-0011666,PO-0014347,2024-03-21,1000
GR-0011667,PO-0014348,2025-09-03,200
GR-0011668,PO-0014349,2024-07-25,439
GR-0011669,PO-0014350,2024-06-16,500
GR-0011670,PO-0014352,2025-08-11,50
GR-0011671,PO-0014353,2025-03-18,1000
GR-0011672,PO-0014354,2025-03-20,1000
GR-0011673,PO-0014356,2025-12-27,50
GR-0011674,PO-0014357,2024-07-26,500
GR-0011675,PO-0014358,2026-04-27,1000
GR-0011676,PO-0014359,2024-03-25,50
GR-0011677,PO-0014360,2025-09-07,49
GR-0011678,PO-0014361,2024-07-21,500
GR-0011679,PO-0014362,2025-01-15,200
GR-0011680,PO-0014363,2026-06-16,1000
GR-0011681,PO-0014365,2026-01-26,50
GR-0011682,PO-0014366,2025-03-27,100
GR-0011683,PO-0014367,2026-01-24,200
GR-0011684,PO-0014368,2024-10-30,50
GR-0011685,PO-0014369,2026-03-09,500
GR-0011686,PO-0014370,2024-09-21,500
GR-0011687,PO-0014372,2025-10-28,500
GR-0011688,PO-0014373,2024-06-08,500
GR-0011689,PO-0014374,2024-11-04,100
GR-0011690,PO-0014375,2025-09-11,500
GR-0011691,PO-0014376,2024-07-23,50
GR-0011692,PO-0014377,2024-02-13,50
GR-0011693,PO-0014378,2024-10-20,500
GR-0011694,PO-0014379,2025-12-13,50
GR-0011695,PO-0014380,2025-02-28,50
GR-0011696,PO-0014381,2026-02-14,500
GR-0011697,PO-0014382,2026-04-26,1000
GR-0011698,PO-0014384,2025-03-05,50
GR-0011699,PO-0014385,2024-02-23,200
GR-0011700,PO-0014386,2025-07-11,50
GR-0011701,PO-0014387,2024-09-03,500
GR-0011702,PO-0014388,2025-04-24,1000
GR-0011703,PO-0014389,2026-03-06,154
GR-0011704,PO-0014390,2024-09-13,200
GR-0011705,PO-0014391,2025-06-01,1000
GR-0011706,PO-0014392,2025-03-16,100
GR-0011707,PO-0014393,2025-12-19,87
GR-0011708,PO-0014394,2025-01-23,50
GR-0011709,PO-0014396,2026-03-22,100
GR-0011710,PO-0014397,2024-05-03,50
GR-0011711,PO-0014398,2026-01-10,200
GR-0011712,PO-0014399,2024-03-13,1000
GR-0011713,PO-0014401,2024-09-17,500
GR-0011714,PO-0014402,2025-01-15,100
GR-0011715,PO-0014403,2025-02-18,200
GR-0011716,PO-0014406,2024-11-12,1000
GR-0011717,PO-0014407,2024-06-02,200
GR-0011718,PO-0014408,2024-10-25,50
GR-0011719,PO-0014410,2024-10-26,500
GR-0011720,PO-0014412,2026-01-26,500
GR-0011721,PO-0014413,2026-02-08,1000
GR-0011722,PO-0014414,2025-03-22,100
GR-0011723,PO-0014415,2025-09-30,100
GR-0011724,PO-0014417,2025-12-08,100
GR-0011725,PO-0014419,2025-10-09,50
GR-0011726,PO-0014420,2025-09-12,37
GR-0011727,PO-0014422,2026-05-25,200
GR-0011728,PO-0014423,2025-06-01,1000
GR-0011729,PO-0014424,2025-02-06,449
GR-0011730,PO-0014426,2024-12-17,100
GR-0011731,PO-0014427,2026-03-03,192
GR-0011732,PO-0014428,2026-04-27,100
GR-0011733,PO-0014429,2024-10-22,500
GR-0011734,PO-0014430,2025-08-26,200
GR-0011735,PO-0014432,2024-11-17,1000
GR-0011736,PO-0014434,2026-04-23,200
GR-0011737,PO-0014435,2024-11-05,100
GR-0011738,PO-0014437,2025-06-06,1000
GR-0011739,PO-0014438,2026-03-19,200
GR-0011740,PO-0014440,2024-10-05,1000
GR-0011741,PO-0014441,2026-04-20,200
GR-0011742,PO-0014443,2025-11-27,50
GR-0011743,PO-0014444,2025-12-08,200
GR-0011744,PO-0014445,2025-09-08,500
GR-0011745,PO-0014446,2025-12-26,50
GR-0011746,PO-0014447,2024-06-08,500
GR-0011747,PO-0014449,2025-11-07,100
GR-0011748,PO-0014450,2025-11-01,828
GR-0011749,PO-0014451,2024-10-21,100
GR-0011750,PO-0014452,2025-02-07,100
GR-0011751,PO-0014453,2025-04-11,200
GR-0011752,PO-0014454,2024-09-22,36
GR-0011753,PO-0014455,2024-07-04,200
GR-0011754,PO-0014456,2025-03-22,200
GR-0011755,PO-0014457,2025-02-28,1000
GR-0011756,PO-0014458,2025-10-03,50
GR-0011757,PO-0014459,2025-05-07,1000
GR-0011758,PO-0014460,2026-05-31,200
GR-0011759,PO-0014461,2025-08-23,50
GR-0011760,PO-0014462,2024-03-09,100
GR-0011761,PO-0014463,2024-10-17,500
GR-0011762,PO-0014464,2025-06-28,500
GR-0011763,PO-0014465,2025-07-27,200
GR-0011764,PO-0014466,2025-11-18,1000
GR-0011765,PO-0014467,2024-03-20,50
GR-0011766,PO-0014469,2026-06-03,50
GR-0011767,PO-0014470,2025-09-22,50
GR-0011768,PO-0014471,2025-04-17,200
GR-0011769,PO-0014472,2026-05-13,100
GR-0011770,PO-0014473,2024-03-22,825
GR-0011771,PO-0014474,2025-11-08,39
GR-0011772,PO-0014475,2026-04-30,50
GR-0011773,PO-0014476,2025-07-06,200
GR-0011774,PO-0014477,2025-05-29,100
GR-0011775,PO-0014478,2024-04-05,190
GR-0011776,PO-0014479,2025-11-08,1000
GR-0011777,PO-0014480,2026-05-20,500
GR-0011778,PO-0014482,2026-03-30,500
GR-0011779,PO-0014483,2025-10-25,50
GR-0011780,PO-0014484,2025-06-20,100
GR-0011781,PO-0014485,2026-05-04,974
GR-0011782,PO-0014486,2025-10-10,1000
GR-0011783,PO-0014487,2025-05-23,44
GR-0011784,PO-0014489,2026-05-04,1000
GR-0011785,PO-0014491,2024-05-16,200
GR-0011786,PO-0014492,2025-06-04,200
GR-0011787,PO-0014493,2025-08-23,1000
GR-0011788,PO-0014494,2024-10-19,50
GR-0011789,PO-0014495,2025-10-02,500
GR-0011790,PO-0014496,2024-12-11,1000
GR-0011791,PO-0014497,2024-02-13,1000
GR-0011792,PO-0014498,2024-03-13,1000
GR-0011793,PO-0014499,2024-07-31,100
GR-0011794,PO-0014500,2025-01-25,200
GR-0011795,PO-0014501,2026-01-07,500
GR-0011796,PO-0014502,2024-01-25,200
GR-0011797,PO-0014503,2025-01-22,1000
GR-0011798,PO-0014505,2024-09-09,1000
GR-0011799,PO-0014506,2026-03-07,100
GR-0011800,PO-0014507,2025-06-29,500
GR-0011801,PO-0014508,2026-02-18,50
GR-0011802,PO-0014509,2025-02-09,500
GR-0011803,PO-0014511,2025-05-23,100
GR-0011804,PO-0014512,2024-09-24,200
GR-0011805,PO-0014513,2024-06-10,100
GR-0011806,PO-0014514,2024-09-18,100
GR-0011807,PO-0014515,2024-09-16,200
GR-0011808,PO-0014516,2025-06-04,1000
GR-0011809,PO-0014517,2025-03-18,100
GR-0011810,PO-0014518,2025-04-18,143
GR-0011811,PO-0014520,2025-06-28,200
GR-0011812,PO-0014521,2026-03-05,50
GR-0011813,PO-0014522,2024-10-19,100
GR-0011814,PO-0014523,2025-06-23,500
GR-0011815,PO-0014524,2025-01-20,1000
GR-0011816,PO-0014526,2026-02-05,500
GR-0011817,PO-0014527,2025-03-08,841
GR-0011818,PO-0014529,2026-04-09,367
GR-0011819,PO-0014530,2024-05-14,500
GR-0011820,PO-0014531,2026-03-05,500
GR-0011821,PO-0014532,2024-11-30,500
GR-0011822,PO-0014535,2025-01-14,100
GR-0011823,PO-0014536,2025-06-10,200
GR-0011824,PO-0014537,2024-03-09,200
GR-0011825,PO-0014538,2026-04-02,184
GR-0011826,PO-0014539,2024-06-02,196
GR-0011827,PO-0014540,2025-06-19,1000
GR-0011828,PO-0014541,2025-12-23,500
GR-0011829,PO-0014542,2024-10-29,1000
GR-0011830,PO-0014543,2025-01-30,1000
GR-0011831,PO-0014544,2025-11-28,50
GR-0011832,PO-0014545,2024-12-02,50
GR-0011833,PO-0014546,2025-08-25,100
GR-0011834,PO-0014547,2024-11-07,500
GR-0011835,PO-0014548,2025-11-08,1000
GR-0011836,PO-0014549,2024-12-04,50
GR-0011837,PO-0014550,2026-01-05,100
GR-0011838,PO-0014551,2024-07-13,1000
GR-0011839,PO-0014552,2024-06-12,50
GR-0011840,PO-0014553,2024-04-19,200
GR-0011841,PO-0014554,2025-02-05,50
GR-0011842,PO-0014555,2024-03-22,500
GR-0011843,PO-0014557,2025-10-17,100
GR-0011844,PO-0014558,2025-10-28,200
GR-0011845,PO-0014559,2025-12-16,500
GR-0011846,PO-0014560,2024-10-03,100
GR-0011847,PO-0014563,2024-11-24,1000
GR-0011848,PO-0014564,2025-10-04,100
GR-0011849,PO-0014566,2024-05-14,50
GR-0011850,PO-0014567,2024-03-14,50
GR-0011851,PO-0014568,2026-02-22,1000
GR-0011852,PO-0014569,2025-11-07,929
GR-0011853,PO-0014570,2024-11-21,50
GR-0011854,PO-0014571,2025-09-22,925
GR-0011855,PO-0014572,2025-12-02,50
GR-0011856,PO-0014574,2024-12-26,1000
GR-0011857,PO-0014575,2024-05-03,200
GR-0011858,PO-0014576,2024-02-23,50
GR-0011859,PO-0014578,2025-11-17,500
GR-0011860,PO-0014579,2025-03-08,500
GR-0011861,PO-0014580,2024-08-21,200
GR-0011862,PO-0014581,2025-05-31,100
GR-0011863,PO-0014582,2024-12-17,100
GR-0011864,PO-0014583,2024-09-11,200
GR-0011865,PO-0014584,2026-02-17,50
GR-0011866,PO-0014585,2025-02-13,500
GR-0011867,PO-0014586,2024-05-22,100
GR-0011868,PO-0014588,2025-09-08,479
GR-0011869,PO-0014589,2024-09-25,100
GR-0011870,PO-0014590,2024-03-27,1000
GR-0011871,PO-0014591,2024-10-03,100
GR-0011872,PO-0014592,2024-05-15,200
GR-0011873,PO-0014593,2025-10-27,1000
GR-0011874,PO-0014594,2025-05-27,50
GR-0011875,PO-0014596,2024-09-27,500
GR-0011876,PO-0014597,2026-04-07,1000
GR-0011877,PO-0014598,2025-12-17,200
GR-0011878,PO-0014599,2025-10-13,1000
GR-0011879,PO-0014600,2024-04-14,50
GR-0011880,PO-0014601,2025-08-29,1000
GR-0011881,PO-0014602,2024-02-13,500
GR-0011882,PO-0014603,2025-08-21,50
GR-0011883,PO-0014604,2024-11-08,500
GR-0011884,PO-0014605,2024-03-06,1000
GR-0011885,PO-0014606,2025-02-12,50
GR-0011886,PO-0014607,2026-04-25,50
GR-0011887,PO-0014609,2026-04-10,200
GR-0011888,PO-0014610,2025-02-03,200
GR-0011889,PO-0014611,2024-08-26,50
GR-0011890,PO-0014613,2024-10-14,50
GR-0011891,PO-0014614,2024-11-01,100
GR-0011892,PO-0014617,2025-04-12,100
GR-0011893,PO-0014618,2025-09-11,1000
GR-0011894,PO-0014619,2025-01-07,50
GR-0011895,PO-0014620,2026-03-28,50
GR-0011896,PO-0014621,2025-08-24,367
GR-0011897,PO-0014622,2025-10-16,50
GR-0011898,PO-0014623,2025-04-19,500
GR-0011899,PO-0014624,2025-04-06,100
GR-0011900,PO-0014626,2025-12-24,1000
GR-0011901,PO-0014627,2024-10-15,1000
GR-0011902,PO-0014629,2024-12-09,200
GR-0011903,PO-0014631,2026-03-20,1000
GR-0011904,PO-0014634,2026-04-10,1000
GR-0011905,PO-0014635,2026-01-30,1000
GR-0011906,PO-0014636,2025-07-13,200
GR-0011907,PO-0014638,2026-05-07,50
GR-0011908,PO-0014639,2024-03-08,500
GR-0011909,PO-0014640,2026-02-25,200
GR-0011910,PO-0014641,2024-03-28,1000
GR-0011911,PO-0014642,2024-04-08,200
GR-0011912,PO-0014644,2024-12-14,1000
GR-0011913,PO-0014645,2024-04-29,500
GR-0011914,PO-0014646,2025-05-29,100
GR-0011915,PO-0014647,2026-06-28,1000
GR-0011916,PO-0014650,2024-08-08,200
GR-0011917,PO-0014651,2026-04-19,50
GR-0011918,PO-0014652,2024-12-21,500
GR-0011919,PO-0014653,2025-01-03,500
GR-0011920,PO-0014654,2024-05-30,50
GR-0011921,PO-0014656,2025-04-14,200
GR-0011922,PO-0014657,2025-01-15,100
GR-0011923,PO-0014658,2026-04-11,50
GR-0011924,PO-0014659,2024-05-05,84
GR-0011925,PO-0014660,2024-10-12,100
GR-0011926,PO-0014661,2025-07-31,100
GR-0011927,PO-0014662,2024-03-01,200
GR-0011928,PO-0014663,2024-02-18,1000
GR-0011929,PO-0014664,2025-05-09,1000
GR-0011930,PO-0014665,2025-10-30,1000
GR-0011931,PO-0014666,2025-09-24,500
GR-0011932,PO-0014667,2025-11-17,500
GR-0011933,PO-0014668,2024-03-12,500
GR-0011934,PO-0014669,2024-12-14,1000
GR-0011935,PO-0014670,2025-05-18,200
GR-0011936,PO-0014671,2026-02-21,1000
GR-0011937,PO-0014672,2026-04-18,200
GR-0011938,PO-0014674,2024-05-16,500
GR-0011939,PO-0014675,2024-07-23,1000
GR-0011940,PO-0014676,2024-03-04,100
GR-0011941,PO-0014677,2025-02-18,500
GR-0011942,PO-0014679,2026-01-11,72
GR-0011943,PO-0014680,2025-03-02,1000
GR-0011944,PO-0014681,2025-02-27,156
GR-0011945,PO-0014682,2025-05-10,500
GR-0011946,PO-0014683,2024-11-16,100
GR-0011947,PO-0014684,2025-07-29,1000
GR-0011948,PO-0014685,2025-01-18,100
GR-0011949,PO-0014686,2025-06-11,1000
GR-0011950,PO-0014688,2025-03-14,100
GR-0011951,PO-0014689,2025-05-03,100
GR-0011952,PO-0014690,2026-06-01,1000
GR-0011953,PO-0014691,2025-10-12,500
GR-0011954,PO-0014694,2024-08-23,500
GR-0011955,PO-0014695,2026-02-15,100
GR-0011956,PO-0014696,2025-09-06,100
GR-0011957,PO-0014697,2025-02-02,1000
GR-0011958,PO-0014699,2025-07-29,1000
GR-0011959,PO-0014700,2025-11-11,500
GR-0011960,PO-0014701,2025-04-03,1000
GR-0011961,PO-0014702,2025-04-09,1000
GR-0011962,PO-0014707,2025-10-28,100
GR-0011963,PO-0014708,2025-03-31,100
GR-0011964,PO-0014709,2024-05-27,1000
GR-0011965,PO-0014710,2025-04-08,1000
GR-0011966,PO-0014712,2024-09-18,100
GR-0011967,PO-0014713,2025-09-22,200
GR-0011968,PO-0014714,2026-05-03,1000
GR-0011969,PO-0014716,2024-03-13,50
GR-0011970,PO-0014717,2024-05-07,100
GR-0011971,PO-0014718,2024-05-02,50
GR-0011972,PO-0014719,2026-04-21,1000
GR-0011973,PO-0014720,2026-02-28,440
GR-0011974,PO-0014721,2024-02-25,500
GR-0011975,PO-0014722,2024-05-07,1000
GR-0011976,PO-0014724,2025-07-02,1000
GR-0011977,PO-0014725,2025-10-02,1000
GR-0011978,PO-0014726,2025-05-02,100
GR-0011979,PO-0014727,2024-10-17,50
GR-0011980,PO-0014729,2025-12-31,200
GR-0011981,PO-0014730,2026-01-02,50
GR-0011982,PO-0014731,2025-09-25,50
GR-0011983,PO-0014733,2025-07-08,200
GR-0011984,PO-0014734,2026-01-14,200
GR-0011985,PO-0014735,2025-10-20,972
GR-0011986,PO-0014737,2026-05-27,1000
GR-0011987,PO-0014738,2025-08-28,100
GR-0011988,PO-0014739,2025-08-30,50
GR-0011989,PO-0014740,2025-11-19,50
GR-0011990,PO-0014741,2024-02-12,446
GR-0011991,PO-0014743,2024-04-28,500
GR-0011992,PO-0014744,2025-02-17,446
GR-0011993,PO-0014745,2024-02-06,100
GR-0011994,PO-0014746,2025-09-19,179
GR-0011995,PO-0014748,2024-03-21,1000
GR-0011996,PO-0014749,2024-09-25,100
GR-0011997,PO-0014750,2025-08-31,46
GR-0011998,PO-0014752,2025-08-20,200
GR-0011999,PO-0014753,2025-05-12,1000
GR-0012000,PO-0014754,2025-07-07,100
GR-0012001,PO-0014756,2024-02-27,500
GR-0012002,PO-0014757,2024-11-27,100
GR-0012003,PO-0014758,2026-04-14,200
GR-0012004,PO-0014759,2024-05-17,424
GR-0012005,PO-0014760,2024-04-08,83
GR-0012006,PO-0014761,2024-06-25,500
GR-0012007,PO-0014762,2025-04-03,100
GR-0012008,PO-0014763,2025-03-29,100
GR-0012009,PO-0014764,2024-09-17,41
GR-0012010,PO-0014765,2024-10-19,100
GR-0012011,PO-0014768,2024-05-18,500
GR-0012012,PO-0014770,2024-03-01,50
GR-0012013,PO-0014771,2024-10-19,200
GR-0012014,PO-0014773,2026-05-04,50
GR-0012015,PO-0014774,2025-03-13,951
GR-0012016,PO-0014775,2025-05-20,500
GR-0012017,PO-0014776,2024-07-09,500
GR-0012018,PO-0014777,2024-07-21,200
GR-0012019,PO-0014778,2024-05-26,200
GR-0012020,PO-0014779,2025-06-12,200
GR-0012021,PO-0014780,2025-03-12,200
GR-0012022,PO-0014781,2026-04-29,50
GR-0012023,PO-0014782,2024-04-26,50
GR-0012024,PO-0014783,2024-11-23,100
GR-0012025,PO-0014785,2024-11-03,500
GR-0012026,PO-0014786,2024-08-13,200
GR-0012027,PO-0014787,2026-02-20,200
GR-0012028,PO-0014788,2025-11-12,1000
GR-0012029,PO-0014789,2025-03-14,50
GR-0012030,PO-0014790,2025-04-22,200
GR-0012031,PO-0014792,2025-07-02,500
GR-0012032,PO-0014794,2026-04-26,1000
GR-0012033,PO-0014795,2025-07-28,1000
GR-0012034,PO-0014796,2024-10-15,200
GR-0012035,PO-0014797,2025-05-15,193
GR-0012036,PO-0014798,2024-08-31,1000
GR-0012037,PO-0014799,2024-07-25,426
GR-0012038,PO-0014800,2025-07-30,1000
GR-0012039,PO-0014801,2024-08-02,94
GR-0012040,PO-0014803,2024-11-29,200
GR-0012041,PO-0014804,2026-03-15,50
GR-0012042,PO-0014806,2025-10-01,200
GR-0012043,PO-0014807,2025-02-15,100
GR-0012044,PO-0014808,2024-12-17,1000
GR-0012045,PO-0014809,2025-09-25,500
GR-0012046,PO-0014810,2025-03-25,200
GR-0012047,PO-0014811,2024-12-02,50
GR-0012048,PO-0014812,2025-07-29,50
GR-0012049,PO-0014813,2024-03-07,500
GR-0012050,PO-0014814,2026-01-27,500
GR-0012051,PO-0014816,2025-10-09,100
GR-0012052,PO-0014817,2024-03-20,50
GR-0012053,PO-0014818,2025-05-21,100
GR-0012054,PO-0014820,2026-04-22,100
GR-0012055,PO-0014822,2024-06-11,500
GR-0012056,PO-0014823,2026-03-10,200
GR-0012057,PO-0014824,2026-05-06,1000
GR-0012058,PO-0014825,2024-01-26,50
GR-0012059,PO-0014826,2024-12-08,1000
GR-0012060,PO-0014827,2026-02-22,200
GR-0012061,PO-0014828,2026-05-14,144
GR-0012062,PO-0014830,2025-10-27,1000
GR-0012063,PO-0014831,2024-10-09,919
GR-0012064,PO-0014832,2025-01-13,181
GR-0012065,PO-0014833,2024-04-16,190
GR-0012066,PO-0014838,2025-01-12,200
GR-0012067,PO-0014839,2025-01-04,100
GR-0012068,PO-0014842,2025-12-02,100
GR-0012069,PO-0014843,2024-05-08,500
GR-0012070,PO-0014844,2024-06-24,100
GR-0012071,PO-0014845,2025-01-01,89
GR-0012072,PO-0014846,2024-02-24,100
GR-0012073,PO-0014847,2025-08-31,200
GR-0012074,PO-0014848,2025-04-24,200
GR-0012075,PO-0014849,2025-07-20,100
GR-0012076,PO-0014850,2026-03-09,50
GR-0012077,PO-0014853,2024-03-03,100
GR-0012078,PO-0014854,2026-05-14,500
GR-0012079,PO-0014855,2025-06-18,200
GR-0012080,PO-0014856,2025-11-27,1000
GR-0012081,PO-0014857,2025-09-16,500
GR-0012082,PO-0014858,2025-07-27,500
GR-0012083,PO-0014859,2025-07-18,200
GR-0012084,PO-0014860,2025-02-17,50
GR-0012085,PO-0014861,2025-11-22,50
GR-0012086,PO-0014862,2025-11-11,1000
GR-0012087,PO-0014863,2025-05-23,100
GR-0012088,PO-0014864,2024-06-30,50
GR-0012089,PO-0014865,2024-10-15,784
GR-0012090,PO-0014866,2024-05-15,500
GR-0012091,PO-0014867,2024-07-01,100
GR-0012092,PO-0014869,2026-01-30,160
GR-0012093,PO-0014870,2024-07-04,200
GR-0012094,PO-0014871,2025-06-06,500
GR-0012095,PO-0014872,2025-08-21,1000
GR-0012096,PO-0014873,2026-05-09,100
GR-0012097,PO-0014874,2024-05-26,200
GR-0012098,PO-0014875,2025-05-09,500
GR-0012099,PO-0014877,2025-12-03,50
GR-0012100,PO-0014878,2024-04-29,1000
GR-0012101,PO-0014879,2025-11-20,200
GR-0012102,PO-0014880,2025-04-18,200
GR-0012103,PO-0014881,2024-06-12,1000
GR-0012104,PO-0014882,2026-04-27,50
GR-0012105,PO-0014883,2025-09-07,1000
GR-0012106,PO-0014885,2025-01-18,1000
GR-0012107,PO-0014886,2024-05-24,100
GR-0012108,PO-0014887,2026-01-25,1000
GR-0012109,PO-0014890,2025-12-04,200
GR-0012110,PO-0014891,2025-11-27,200
GR-0012111,PO-0014892,2024-03-22,50
GR-0012112,PO-0014893,2025-08-06,50
GR-0012113,PO-0014894,2026-04-23,100
GR-0012114,PO-0014895,2024-09-07,100
GR-0012115,PO-0014897,2024-09-06,50
GR-0012116,PO-0014898,2025-10-28,200
GR-0012117,PO-0014899,2025-12-07,500
GR-0012118,PO-0014900,2026-03-24,500
GR-0012119,PO-0014902,2024-10-19,500
GR-0012120,PO-0014903,2025-11-19,1000
GR-0012121,PO-0014904,2025-12-03,98
GR-0012122,PO-0014905,2024-09-17,50
GR-0012123,PO-0014906,2025-10-29,867
GR-0012124,PO-0014907,2026-02-26,1000
GR-0012125,PO-0014908,2024-05-25,500
GR-0012126,PO-0014909,2025-10-30,100
GR-0012127,PO-0014910,2026-03-30,1000
GR-0012128,PO-0014911,2025-11-21,500
GR-0012129,PO-0014915,2025-03-08,500
GR-0012130,PO-0014916,2024-04-04,100
GR-0012131,PO-0014917,2025-02-20,100
GR-0012132,PO-0014918,2025-01-18,200
GR-0012133,PO-0014919,2024-06-03,50
GR-0012134,PO-0014920,2024-08-05,100
GR-0012135,PO-0014922,2025-12-15,1000
GR-0012136,PO-0014923,2024-04-01,100
GR-0012137,PO-0014927,2025-07-21,1000
GR-0012138,PO-0014929,2026-04-29,50
GR-0012139,PO-0014930,2025-12-01,927
GR-0012140,PO-0014931,2026-04-29,50
GR-0012141,PO-0014932,2025-01-16,1000
GR-0012142,PO-0014933,2026-02-27,200
GR-0012143,PO-0014935,2025-11-09,1000
GR-0012144,PO-0014936,2025-02-08,100
GR-0012145,PO-0014937,2024-04-07,1000
GR-0012146,PO-0014938,2025-06-14,200
GR-0012147,PO-0014939,2024-12-15,200
GR-0012148,PO-0014940,2024-12-13,500
GR-0012149,PO-0014942,2025-10-09,50
GR-0012150,PO-0014943,2025-06-15,200
GR-0012151,PO-0014944,2026-05-17,50
GR-0012152,PO-0014945,2024-10-15,87
GR-0012153,PO-0014946,2024-03-01,50
GR-0012154,PO-0014947,2026-02-09,200
GR-0012155,PO-0014948,2025-12-15,50
GR-0012156,PO-0014949,2026-03-07,500
GR-0012157,PO-0014950,2025-07-19,1000
GR-0012158,PO-0014951,2025-06-05,1000
GR-0012159,PO-0014953,2026-03-13,200
GR-0012160,PO-0014954,2026-01-11,50
GR-0012161,PO-0014955,2025-09-17,792
GR-0012162,PO-0014956,2024-11-19,1000
GR-0012163,PO-0014957,2024-08-25,50
GR-0012164,PO-0014958,2025-02-02,500
GR-0012165,PO-0014959,2024-11-03,50
GR-0012166,PO-0014960,2024-04-25,1000
GR-0012167,PO-0014961,2024-02-15,1000
GR-0012168,PO-0014962,2024-10-25,500
GR-0012169,PO-0014963,2024-10-10,50
GR-0012170,PO-0014966,2025-05-31,100
GR-0012171,PO-0014968,2025-10-18,1000
GR-0012172,PO-0014970,2026-01-02,1000
GR-0012173,PO-0014971,2026-04-18,50
GR-0012174,PO-0014972,2025-12-28,50
GR-0012175,PO-0014973,2024-09-20,858
GR-0012176,PO-0014974,2025-11-11,1000
GR-0012177,PO-0014975,2025-08-09,500
GR-0012178,PO-0014977,2025-10-29,50
GR-0012179,PO-0014979,2026-01-14,1000
GR-0012180,PO-0014982,2024-04-21,100
GR-0012181,PO-0014983,2024-07-07,500
GR-0012182,PO-0014984,2025-04-21,50
GR-0012183,PO-0014986,2024-10-11,1000
GR-0012184,PO-0014988,2026-02-11,500
GR-0012185,PO-0014990,2024-04-04,200
GR-0012186,PO-0014991,2025-03-10,1000
GR-0012187,PO-0014992,2024-07-15,1000
GR-0012188,PO-0014993,2025-11-08,500
GR-0012189,PO-0014994,2025-05-04,1000
GR-0012190,PO-0014995,2024-12-17,500
GR-0012191,PO-0014996,2024-02-11,50
GR-0012192,PO-0015000,2024-12-03,100
GR-0012193,PO-0015001,2024-11-02,500
GR-0012194,PO-0015002,2025-09-13,200
GR-0012195,PO-0015003,2024-04-15,200
GR-0012196,PO-0015004,2025-02-04,500
GR-0012197,PO-0015006,2024-07-26,200
GR-0012198,PO-0015007,2025-10-20,500
GR-0012199,PO-0015009,2025-02-04,1000
GR-0012200,PO-0015010,2025-04-20,100
GR-0012201,PO-0015011,2026-05-23,500
GR-0012202,PO-0015012,2024-10-30,50
GR-0012203,PO-0015013,2025-07-27,100
GR-0012204,PO-0015014,2025-02-27,50
GR-0012205,PO-0015015,2025-01-29,38
GR-0012206,PO-0015017,2025-10-15,50
GR-0012207,PO-0015018,2024-03-10,195
GR-0012208,PO-0015019,2024-09-12,500
GR-0012209,PO-0015021,2025-01-15,500
GR-0012210,PO-0015023,2024-09-22,500
GR-0012211,PO-0015024,2025-10-02,100
GR-0012212,PO-0015027,2025-01-10,50
GR-0012213,PO-0015028,2024-10-31,100
GR-0012214,PO-0015029,2025-10-30,100
GR-0012215,PO-0015031,2024-08-16,200
GR-0012216,PO-0015032,2024-12-21,500
GR-0012217,PO-0015033,2025-07-11,500
GR-0012218,PO-0015034,2025-07-23,200
GR-0012219,PO-0015035,2024-12-06,100
GR-0012220,PO-0015036,2025-07-22,1000
GR-0012221,PO-0015037,2025-07-27,100
GR-0012222,PO-0015039,2024-09-21,50
GR-0012223,PO-0015040,2024-06-22,200
GR-0012224,PO-0015041,2025-04-27,500
GR-0012225,PO-0015042,2026-05-23,100
GR-0012226,PO-0015043,2025-11-20,1000
GR-0012227,PO-0015045,2026-03-07,100
GR-0012228,PO-0015048,2026-05-24,200
GR-0012229,PO-0015049,2025-12-30,1000
GR-0012230,PO-0015050,2024-04-25,50
GR-0012231,PO-0015051,2024-10-31,50
GR-0012232,PO-0015052,2025-12-31,50
GR-0012233,PO-0015054,2025-08-15,100
GR-0012234,PO-0015055,2025-06-09,100
GR-0012235,PO-0015056,2025-01-26,100
GR-0012236,PO-0015060,2025-09-12,1000
GR-0012237,PO-0015061,2025-05-11,200
GR-0012238,PO-0015062,2024-12-15,500
GR-0012239,PO-0015063,2025-07-10,100
GR-0012240,PO-0015064,2025-03-09,500
GR-0012241,PO-0015065,2026-01-29,200
GR-0012242,PO-0015066,2024-12-18,50
GR-0012243,PO-0015067,2025-03-04,200
GR-0012244,PO-0015068,2025-06-17,100
GR-0012245,PO-0015069,2025-07-11,200
GR-0012246,PO-0015070,2026-04-04,1000
GR-0012247,PO-0015071,2025-06-09,50
GR-0012248,PO-0015073,2024-12-08,50
GR-0012249,PO-0015074,2024-10-07,1000
GR-0012250,PO-0015075,2024-05-12,500
GR-0012251,PO-0015076,2025-11-14,500
GR-0012252,PO-0015077,2024-08-26,100
GR-0012253,PO-0015078,2024-10-18,50
GR-0012254,PO-0015079,2025-11-24,200
GR-0012255,PO-0015080,2025-07-29,200
GR-0012256,PO-0015081,2026-05-03,500
GR-0012257,PO-0015083,2024-10-20,100
GR-0012258,PO-0015084,2025-12-25,50
GR-0012259,PO-0015085,2026-02-15,1000
GR-0012260,PO-0015086,2024-07-07,100
GR-0012261,PO-0015087,2025-03-30,500
GR-0012262,PO-0015088,2024-02-16,500
GR-0012263,PO-0015089,2024-08-24,100
GR-0012264,PO-0015091,2026-03-25,500
GR-0012265,PO-0015094,2025-01-24,50
GR-0012266,PO-0015095,2024-08-05,500
GR-0012267,PO-0015096,2025-01-28,1000
GR-0012268,PO-0015097,2024-11-17,170
GR-0012269,PO-0015098,2025-07-31,50
GR-0012270,PO-0015100,2024-05-23,500
GR-0012271,PO-0015103,2025-05-11,100
GR-0012272,PO-0015104,2025-12-11,200
GR-0012273,PO-0015105,2026-05-13,200
GR-0012274,PO-0015107,2025-05-02,100
GR-0012275,PO-0015108,2026-03-29,50
GR-0012276,PO-0015109,2025-06-06,50
GR-0012277,PO-0015110,2026-01-14,50
GR-0012278,PO-0015111,2025-08-26,500
GR-0012279,PO-0015112,2025-08-28,1000
GR-0012280,PO-0015113,2025-03-01,200
GR-0012281,PO-0015114,2025-12-17,1000
GR-0012282,PO-0015115,2024-11-30,1000
GR-0012283,PO-0015117,2025-10-06,500
GR-0012284,PO-0015118,2025-05-23,50
GR-0012285,PO-0015119,2024-03-15,50
GR-0012286,PO-0015121,2025-09-07,100
GR-0012287,PO-0015122,2025-04-25,409
GR-0012288,PO-0015123,2024-04-08,50
GR-0012289,PO-0015124,2024-08-24,1000
GR-0012290,PO-0015126,2025-05-19,1000
GR-0012291,PO-0015127,2025-06-28,1000
GR-0012292,PO-0015128,2024-08-04,500
GR-0012293,PO-0015129,2025-09-14,705
GR-0012294,PO-0015130,2026-04-05,200
GR-0012295,PO-0015133,2025-01-30,46
GR-0012296,PO-0015134,2025-07-02,500
GR-0012297,PO-0015135,2025-03-16,500
GR-0012298,PO-0015136,2025-02-22,100
GR-0012299,PO-0015137,2026-05-08,100
GR-0012300,PO-0015138,2024-04-09,500
GR-0012301,PO-0015139,2025-10-27,200
GR-0012302,PO-0015140,2026-04-14,500
GR-0012303,PO-0015141,2025-01-20,50
GR-0012304,PO-0015143,2024-06-11,167
GR-0012305,PO-0015144,2025-04-23,1000
GR-0012306,PO-0015146,2025-01-31,500
GR-0012307,PO-0015147,2025-08-09,140
GR-0012308,PO-0015148,2024-05-30,1000
GR-0012309,PO-0015149,2024-08-28,500
GR-0012310,PO-0015151,2024-07-17,50
GR-0012311,PO-0015152,2024-03-15,50
GR-0012312,PO-0015153,2024-02-23,500
GR-0012313,PO-0015154,2024-11-11,100
GR-0012314,PO-0015156,2024-10-05,1000
GR-0012315,PO-0015157,2025-09-19,1000
GR-0012316,PO-0015160,2024-09-19,200
GR-0012317,PO-0015161,2025-11-22,200
GR-0012318,PO-0015162,2025-04-15,417
GR-0012319,PO-0015163,2024-10-04,100
GR-0012320,PO-0015164,2024-06-07,1000
GR-0012321,PO-0015165,2025-06-22,100
GR-0012322,PO-0015166,2025-12-20,500
GR-0012323,PO-0015167,2025-07-06,100
GR-0012324,PO-0015168,2025-01-31,852
GR-0012325,PO-0015173,2025-08-19,100
GR-0012326,PO-0015174,2025-02-14,1000
GR-0012327,PO-0015175,2024-10-24,500
GR-0012328,PO-0015176,2024-04-25,50
GR-0012329,PO-0015177,2026-03-19,1000
GR-0012330,PO-0015178,2024-10-25,200
GR-0012331,PO-0015179,2025-06-07,50
GR-0012332,PO-0015180,2024-10-10,1000
GR-0012333,PO-0015181,2024-10-18,100
GR-0012334,PO-0015184,2026-03-17,100
GR-0012335,PO-0015186,2025-11-27,200
GR-0012336,PO-0015187,2024-09-25,500
GR-0012337,PO-0015188,2025-09-08,780
GR-0012338,PO-0015189,2026-05-15,500
GR-0012339,PO-0015190,2026-03-29,100
GR-0012340,PO-0015192,2025-06-27,50
GR-0012341,PO-0015193,2024-10-06,200
GR-0012342,PO-0015194,2025-02-24,50
GR-0012343,PO-0015196,2026-02-15,500
GR-0012344,PO-0015197,2026-01-22,426
GR-0012345,PO-0015198,2025-01-09,100
GR-0012346,PO-0015199,2024-07-21,1000
GR-0012347,PO-0015200,2024-09-20,50
GR-0012348,PO-0015201,2024-11-27,200
GR-0012349,PO-0015202,2024-05-04,500
GR-0012350,PO-0015203,2024-07-15,200
GR-0012351,PO-0015204,2024-11-01,1000
GR-0012352,PO-0015205,2026-04-18,1000
GR-0012353,PO-0015206,2024-03-13,500
GR-0012354,PO-0015207,2025-12-25,200
GR-0012355,PO-0015208,2025-08-03,100
GR-0012356,PO-0015209,2024-11-04,100
GR-0012357,PO-0015210,2024-04-02,200
GR-0012358,PO-0015211,2024-02-20,911
GR-0012359,PO-0015212,2025-07-02,500
GR-0012360,PO-0015213,2024-04-09,1000
GR-0012361,PO-0015215,2025-10-05,100
GR-0012362,PO-0015216,2026-04-16,100
GR-0012363,PO-0015217,2025-03-27,1000
GR-0012364,PO-0015218,2024-05-24,200
GR-0012365,PO-0015219,2024-03-23,200
GR-0012366,PO-0015220,2024-10-15,200
GR-0012367,PO-0015221,2026-02-11,500
GR-0012368,PO-0015222,2024-06-09,100
GR-0012369,PO-0015223,2025-10-29,50
GR-0012370,PO-0015224,2024-03-22,1000
GR-0012371,PO-0015225,2026-03-14,100
GR-0012372,PO-0015226,2025-05-20,100
GR-0012373,PO-0015227,2025-07-08,1000
GR-0012374,PO-0015228,2025-01-15,200
GR-0012375,PO-0015229,2025-04-26,50
GR-0012376,PO-0015230,2024-11-15,200
GR-0012377,PO-0015231,2025-11-29,50
GR-0012378,PO-0015232,2025-06-18,100
GR-0012379,PO-0015233,2024-09-12,500
GR-0012380,PO-0015234,2024-06-13,1000
GR-0012381,PO-0015236,2024-06-05,100
GR-0012382,PO-0015237,2024-05-18,50
GR-0012383,PO-0015239,2025-05-18,200
GR-0012384,PO-0015240,2025-11-28,1000
GR-0012385,PO-0015242,2026-03-01,500
GR-0012386,PO-0015243,2024-02-09,200
GR-0012387,PO-0015244,2024-05-25,50
GR-0012388,PO-0015245,2024-04-21,200
GR-0012389,PO-0015246,2025-10-27,50
GR-0012390,PO-0015247,2026-04-05,1000
GR-0012391,PO-0015248,2026-01-27,1000
GR-0012392,PO-0015249,2024-07-21,500
GR-0012393,PO-0015251,2024-12-24,100
GR-0012394,PO-0015252,2024-05-22,50
GR-0012395,PO-0015253,2026-02-10,500
GR-0012396,PO-0015254,2025-04-09,50
GR-0012397,PO-0015255,2025-11-27,200
GR-0012398,PO-0015256,2025-07-24,200
GR-0012399,PO-0015257,2026-02-05,1000
GR-0012400,PO-0015259,2025-07-15,200
GR-0012401,PO-0015260,2026-04-18,50
GR-0012402,PO-0015261,2025-01-11,500
GR-0012403,PO-0015263,2025-07-17,200
GR-0012404,PO-0015264,2025-11-17,78
GR-0012405,PO-0015265,2026-01-11,50
GR-0012406,PO-0015266,2025-09-17,200
GR-0012407,PO-0015267,2024-03-19,100
GR-0012408,PO-0015268,2025-09-18,37
GR-0012409,PO-0015269,2024-08-03,200
GR-0012410,PO-0015270,2024-09-19,50
GR-0012411,PO-0015271,2024-08-19,200
GR-0012412,PO-0015273,2025-10-14,1000
GR-0012413,PO-0015274,2024-03-12,200
GR-0012414,PO-0015275,2025-12-01,200
GR-0012415,PO-0015276,2024-02-09,200
GR-0012416,PO-0015277,2024-05-01,1000
GR-0012417,PO-0015278,2025-08-31,200
GR-0012418,PO-0015279,2026-04-12,798
GR-0012419,PO-0015280,2026-02-11,100
GR-0012420,PO-0015281,2026-04-15,500
GR-0012421,PO-0015282,2026-03-22,1000
GR-0012422,PO-0015283,2026-05-18,500
GR-0012423,PO-0015284,2026-05-29,1000
GR-0012424,PO-0015285,2025-10-12,1000
GR-0012425,PO-0015286,2025-03-07,200
GR-0012426,PO-0015288,2024-05-15,200
GR-0012427,PO-0015289,2024-12-29,979
GR-0012428,PO-0015290,2026-02-19,79
GR-0012429,PO-0015291,2024-03-08,1000
GR-0012430,PO-0015293,2025-12-04,200
GR-0012431,PO-0015294,2026-01-10,200
GR-0012432,PO-0015295,2025-05-30,100
GR-0012433,PO-0015296,2025-07-20,1000
GR-0012434,PO-0015297,2024-04-03,100
GR-0012435,PO-0015298,2025-10-10,1000
GR-0012436,PO-0015299,2024-03-18,100
GR-0012437,PO-0015301,2024-08-05,200
GR-0012438,PO-0015302,2026-04-17,500
GR-0012439,PO-0015303,2026-02-09,200
GR-0012440,PO-0015304,2024-08-29,200
GR-0012441,PO-0015305,2025-12-12,200
GR-0012442,PO-0015306,2024-08-10,50
GR-0012443,PO-0015307,2025-05-30,50
GR-0012444,PO-0015308,2024-07-16,50
GR-0012445,PO-0015309,2024-04-07,500
GR-0012446,PO-0015311,2024-10-24,100
GR-0012447,PO-0015312,2024-06-14,915
GR-0012448,PO-0015313,2024-04-12,50
GR-0012449,PO-0015314,2024-03-07,500
GR-0012450,PO-0015315,2025-08-02,100
GR-0012451,PO-0015316,2026-01-22,50
GR-0012452,PO-0015317,2024-11-15,1000
GR-0012453,PO-0015319,2025-06-02,1000
GR-0012454,PO-0015320,2025-04-27,50
GR-0012455,PO-0015321,2025-06-16,50
GR-0012456,PO-0015322,2024-05-30,100
GR-0012457,PO-0015323,2026-05-12,1000
GR-0012458,PO-0015324,2024-10-13,161
GR-0012459,PO-0015325,2024-10-16,500
GR-0012460,PO-0015326,2026-01-08,1000
GR-0012461,PO-0015327,2025-09-28,500
GR-0012462,PO-0015328,2025-02-16,1000
GR-0012463,PO-0015329,2026-03-27,200
GR-0012464,PO-0015330,2026-03-24,50
GR-0012465,PO-0015331,2025-04-05,182
GR-0012466,PO-0015333,2026-02-13,200
GR-0012467,PO-0015334,2025-04-09,200
GR-0012468,PO-0015335,2025-03-18,200
GR-0012469,PO-0015336,2024-10-25,500
GR-0012470,PO-0015337,2025-02-03,50
GR-0012471,PO-0015338,2024-07-30,200
GR-0012472,PO-0015340,2025-12-13,1000
GR-0012473,PO-0015341,2024-01-17,50
GR-0012474,PO-0015342,2024-03-19,200
GR-0012475,PO-0015343,2024-10-29,200
GR-0012476,PO-0015344,2025-06-04,1000
GR-0012477,PO-0015345,2026-02-11,75
GR-0012478,PO-0015346,2024-04-24,1000
GR-0012479,PO-0015347,2026-02-09,200
GR-0012480,PO-0015348,2024-09-26,500
GR-0012481,PO-0015349,2024-10-10,1000
GR-0012482,PO-0015350,2025-01-15,200
GR-0012483,PO-0015351,2024-02-12,100
GR-0012484,PO-0015352,2025-10-03,500
GR-0012485,PO-0015353,2024-10-28,50
GR-0012486,PO-0015355,2024-12-23,50
GR-0012487,PO-0015356,2025-05-16,200
GR-0012488,PO-0015358,2026-02-26,50
GR-0012489,PO-0015359,2025-04-20,1000
GR-0012490,PO-0015360,2025-11-20,500
GR-0012491,PO-0015362,2024-05-20,200
GR-0012492,PO-0015363,2025-12-05,100
GR-0012493,PO-0015364,2024-06-10,50
GR-0012494,PO-0015365,2024-05-12,449
GR-0012495,PO-0015367,2024-11-07,50
GR-0012496,PO-0015368,2025-04-29,50
GR-0012497,PO-0015369,2024-12-30,50
GR-0012498,PO-0015370,2025-12-16,1000
GR-0012499,PO-0015371,2026-04-13,200
GR-0012500,PO-0015373,2025-03-04,500
GR-0012501,PO-0015374,2026-03-31,100
GR-0012502,PO-0015375,2024-05-17,50
GR-0012503,PO-0015377,2024-06-20,200
GR-0012504,PO-0015378,2025-11-25,200
GR-0012505,PO-0015380,2024-12-18,500
GR-0012506,PO-0015381,2024-09-21,50
GR-0012507,PO-0015382,2025-06-28,1000
GR-0012508,PO-0015383,2026-01-16,100
GR-0012509,PO-0015384,2026-02-18,1000
GR-0012510,PO-0015385,2026-03-08,200
GR-0012511,PO-0015386,2026-02-10,500
GR-0012512,PO-0015387,2025-02-09,433
GR-0012513,PO-0015388,2025-06-04,50
GR-0012514,PO-0015389,2024-06-03,1000
GR-0012515,PO-0015390,2024-08-25,50
GR-0012516,PO-0015391,2024-11-01,500
GR-0012517,PO-0015392,2024-10-24,1000
GR-0012518,PO-0015393,2025-10-30,500
GR-0012519,PO-0015394,2024-06-17,50
GR-0012520,PO-0015397,2025-02-15,100
GR-0012521,PO-0015398,2026-03-04,87
GR-0012522,PO-0015399,2024-06-21,500
GR-0012523,PO-0015400,2025-07-15,200
GR-0012524,PO-0015401,2025-12-31,200
GR-0012525,PO-0015402,2026-02-27,456
GR-0012526,PO-0015403,2025-02-12,50
GR-0012527,PO-0015404,2025-09-14,100
GR-0012528,PO-0015405,2024-07-22,200
GR-0012529,PO-0015406,2025-10-12,500
GR-0012530,PO-0015407,2025-03-02,78
GR-0012531,PO-0015408,2024-03-25,1000
GR-0012532,PO-0015409,2025-12-31,100
GR-0012533,PO-0015411,2025-09-14,200
GR-0012534,PO-0015412,2026-03-10,500
GR-0012535,PO-0015413,2024-02-08,1000
GR-0012536,PO-0015416,2026-03-18,500
GR-0012537,PO-0015417,2025-08-11,154
GR-0012538,PO-0015418,2025-08-28,200
GR-0012539,PO-0015419,2025-05-29,500
GR-0012540,PO-0015420,2024-10-26,100
GR-0012541,PO-0015423,2025-07-29,200
GR-0012542,PO-0015424,2024-10-30,50
GR-0012543,PO-0015425,2024-03-13,1000
GR-0012544,PO-0015426,2025-04-27,1000
GR-0012545,PO-0015427,2025-01-30,1000
GR-0012546,PO-0015428,2025-11-13,200
GR-0012547,PO-0015429,2025-12-23,500
GR-0012548,PO-0015431,2026-02-23,100
GR-0012549,PO-0015432,2024-11-15,100
GR-0012550,PO-0015435,2024-03-06,200
GR-0012551,PO-0015437,2024-08-08,200
GR-0012552,PO-0015438,2025-07-12,1000
GR-0012553,PO-0015439,2025-03-21,1000
GR-0012554,PO-0015440,2024-06-23,1000
GR-0012555,PO-0015441,2024-11-02,100
GR-0012556,PO-0015442,2024-02-14,1000
GR-0012557,PO-0015444,2024-07-10,100
GR-0012558,PO-0015445,2024-11-29,83
GR-0012559,PO-0015446,2025-01-28,148
GR-0012560,PO-0015447,2026-03-13,500
GR-0012561,PO-0015448,2024-02-23,100
GR-0012562,PO-0015449,2025-07-09,100
GR-0012563,PO-0015450,2026-02-16,200
GR-0012564,PO-0015451,2025-08-22,500
GR-0012565,PO-0015453,2024-03-25,200
GR-0012566,PO-0015455,2026-04-01,500
GR-0012567,PO-0015459,2025-03-12,200
GR-0012568,PO-0015460,2024-08-19,50
GR-0012569,PO-0015461,2025-09-08,500
GR-0012570,PO-0015462,2024-08-14,186
GR-0012571,PO-0015463,2024-10-09,50
GR-0012572,PO-0015465,2026-02-08,50
GR-0012573,PO-0015468,2024-12-01,200
GR-0012574,PO-0015469,2026-01-10,500
GR-0012575,PO-0015470,2024-02-22,200
GR-0012576,PO-0015471,2025-03-15,200
GR-0012577,PO-0015472,2024-09-04,44
GR-0012578,PO-0015473,2025-05-06,100
GR-0012579,PO-0015474,2026-02-07,200
GR-0012580,PO-0015475,2026-05-28,500
GR-0012581,PO-0015476,2026-04-18,1000
GR-0012582,PO-0015477,2026-05-04,200
GR-0012583,PO-0015478,2024-06-05,1000
GR-0012584,PO-0015479,2025-03-20,1000
GR-0012585,PO-0015481,2025-04-30,50
GR-0012586,PO-0015482,2025-03-24,150
GR-0012587,PO-0015483,2025-03-22,448
GR-0012588,PO-0015486,2024-10-05,200
GR-0012589,PO-0015487,2025-01-03,1000
GR-0012590,PO-0015488,2025-11-15,100
GR-0012591,PO-0015489,2024-09-12,1000
GR-0012592,PO-0015490,2025-08-24,50
GR-0012593,PO-0015491,2026-02-24,500
GR-0012594,PO-0015492,2024-08-10,100
GR-0012595,PO-0015493,2024-09-17,200
GR-0012596,PO-0015494,2025-05-03,1000
GR-0012597,PO-0015496,2024-05-22,200
GR-0012598,PO-0015497,2026-06-06,200
GR-0012599,PO-0015498,2025-10-08,500
GR-0012600,PO-0015499,2024-08-16,100
GR-0012601,PO-0015501,2024-05-08,1000
GR-0012602,PO-0015504,2024-11-27,200
GR-0012603,PO-0015505,2025-08-16,42
GR-0012604,PO-0015506,2025-04-03,500
GR-0012605,PO-0015507,2025-02-18,200
GR-0012606,PO-0015508,2026-02-02,200
GR-0012607,PO-0015509,2024-07-25,200
GR-0012608,PO-0015510,2024-03-28,1000
GR-0012609,PO-0015511,2025-07-08,1000
GR-0012610,PO-0015512,2024-12-14,72
GR-0012611,PO-0015513,2024-08-30,423
GR-0012612,PO-0015514,2025-06-05,500
GR-0012613,PO-0015516,2025-01-03,500
GR-0012614,PO-0015517,2024-08-09,765
GR-0012615,PO-0015518,2024-02-18,408
GR-0012616,PO-0015519,2026-02-13,1000
GR-0012617,PO-0015520,2024-09-20,50
GR-0012618,PO-0015521,2026-05-02,500
GR-0012619,PO-0015522,2024-10-05,1000
GR-0012620,PO-0015524,2026-04-20,100
GR-0012621,PO-0015525,2024-05-02,500
GR-0012622,PO-0015526,2024-05-18,1000
GR-0012623,PO-0015527,2024-09-30,50
GR-0012624,PO-0015528,2025-08-28,500
GR-0012625,PO-0015529,2025-04-08,100
GR-0012626,PO-0015530,2025-04-14,200
GR-0012627,PO-0015531,2025-12-21,100
GR-0012628,PO-0015532,2025-12-03,100
GR-0012629,PO-0015533,2026-05-08,100
GR-0012630,PO-0015535,2026-03-27,200
GR-0012631,PO-0015536,2025-08-08,100
GR-0012632,PO-0015537,2026-06-09,200
GR-0012633,PO-0015538,2025-10-24,200
GR-0012634,PO-0015539,2025-01-18,500
GR-0012635,PO-0015541,2026-03-20,50
GR-0012636,PO-0015542,2024-02-22,50
GR-0012637,PO-0015545,2024-03-29,1000
GR-0012638,PO-0015546,2026-01-14,500
GR-0012639,PO-0015547,2026-04-10,1000
GR-0012640,PO-0015548,2025-07-22,200
GR-0012641,PO-0015549,2024-02-09,100
GR-0012642,PO-0015550,2025-07-06,100
GR-0012643,PO-0015551,2024-05-29,50
GR-0012644,PO-0015552,2024-05-11,100
GR-0012645,PO-0015553,2024-10-10,1000
GR-0012646,PO-0015554,2026-03-20,200
GR-0012647,PO-0015555,2025-02-10,100
GR-0012648,PO-0015556,2024-04-12,167
GR-0012649,PO-0015557,2024-08-09,50
GR-0012650,PO-0015558,2024-12-01,500
GR-0012651,PO-0015560,2025-11-28,1000
GR-0012652,PO-0015561,2026-03-18,50
GR-0012653,PO-0015562,2024-07-04,50
GR-0012654,PO-0015563,2024-09-14,200
GR-0012655,PO-0015565,2025-12-01,1000
GR-0012656,PO-0015566,2024-03-07,500
GR-0012657,PO-0015567,2025-12-19,931
GR-0012658,PO-0015568,2025-04-18,1000
GR-0012659,PO-0015569,2025-12-24,50
GR-0012660,PO-0015570,2025-05-23,168
GR-0012661,PO-0015571,2025-04-22,500
GR-0012662,PO-0015572,2026-04-25,200
GR-0012663,PO-0015574,2024-05-07,50
GR-0012664,PO-0015575,2025-12-15,50
GR-0012665,PO-0015576,2024-03-23,500
GR-0012666,PO-0015577,2025-08-22,200
GR-0012667,PO-0015578,2024-07-02,200
GR-0012668,PO-0015579,2026-03-28,500
GR-0012669,PO-0015580,2024-09-03,200
GR-0012670,PO-0015582,2025-02-08,200
GR-0012671,PO-0015583,2025-12-09,200
GR-0012672,PO-0015585,2025-05-05,50
GR-0012673,PO-0015586,2024-07-20,100
GR-0012674,PO-0015587,2024-06-28,100
GR-0012675,PO-0015588,2024-12-20,100
GR-0012676,PO-0015589,2025-04-22,1000
GR-0012677,PO-0015590,2026-02-08,100
GR-0012678,PO-0015591,2025-02-04,50
GR-0012679,PO-0015592,2024-04-10,1000
GR-0012680,PO-0015593,2026-01-29,500
GR-0012681,PO-0015595,2025-09-16,1000
GR-0012682,PO-0015596,2025-06-24,200
GR-0012683,PO-0015597,2024-03-05,200
GR-0012684,PO-0015598,2025-06-27,500
GR-0012685,PO-0015599,2026-06-01,1000
GR-0012686,PO-0015600,2025-01-15,200
GR-0012687,PO-0015601,2026-05-03,100
GR-0012688,PO-0015602,2024-08-28,500
GR-0012689,PO-0015603,2025-11-02,500
GR-0012690,PO-0015604,2024-07-31,500
GR-0012691,PO-0015605,2024-12-11,100
GR-0012692,PO-0015606,2024-04-04,50
GR-0012693,PO-0015607,2025-03-31,1000
GR-0012694,PO-0015608,2025-08-13,500
GR-0012695,PO-0015609,2025-09-23,50
GR-0012696,PO-0015610,2024-11-05,161
GR-0012697,PO-0015611,2026-01-16,200
GR-0012698,PO-0015612,2025-07-14,500
GR-0012699,PO-0015613,2024-03-21,200
GR-0012700,PO-0015615,2025-12-27,1000
GR-0012701,PO-0015616,2025-02-26,100
GR-0012702,PO-0015617,2025-08-09,1000
GR-0012703,PO-0015619,2025-03-04,500
GR-0012704,PO-0015620,2025-12-21,897
GR-0012705,PO-0015621,2024-03-27,200
GR-0012706,PO-0015623,2024-08-02,200
GR-0012707,PO-0015624,2026-05-27,500
GR-0012708,PO-0015625,2025-02-18,50
GR-0012709,PO-0015627,2024-12-01,100
GR-0012710,PO-0015628,2026-05-03,100
GR-0012711,PO-0015630,2026-05-08,844
GR-0012712,PO-0015631,2024-04-03,50
GR-0012713,PO-0015633,2024-05-18,50
GR-0012714,PO-0015634,2026-02-05,50
GR-0012715,PO-0015638,2024-02-29,500
GR-0012716,PO-0015639,2026-02-02,100
GR-0012717,PO-0015640,2024-05-03,100
GR-0012718,PO-0015641,2025-03-20,100
GR-0012719,PO-0015642,2025-07-15,200
GR-0012720,PO-0015643,2025-07-22,412
GR-0012721,PO-0015644,2024-08-17,43
GR-0012722,PO-0015645,2025-08-29,500
GR-0012723,PO-0015646,2026-01-26,1000
GR-0012724,PO-0015647,2024-03-03,200
GR-0012725,PO-0015648,2025-03-11,83
GR-0012726,PO-0015649,2025-05-26,500
GR-0012727,PO-0015650,2025-12-14,50
GR-0012728,PO-0015651,2024-12-04,100
GR-0012729,PO-0015652,2024-04-15,500
GR-0012730,PO-0015653,2025-02-01,200
GR-0012731,PO-0015654,2025-02-08,1000
GR-0012732,PO-0015655,2024-05-30,100
GR-0012733,PO-0015659,2026-05-04,50
GR-0012734,PO-0015660,2024-11-12,500
GR-0012735,PO-0015661,2026-03-01,500
GR-0012736,PO-0015662,2025-11-29,200
GR-0012737,PO-0015663,2026-03-09,100
GR-0012738,PO-0015664,2024-05-24,50
GR-0012739,PO-0015666,2024-11-25,50
GR-0012740,PO-0015667,2024-09-22,50
GR-0012741,PO-0015668,2025-09-26,500
GR-0012742,PO-0015672,2024-11-07,50
GR-0012743,PO-0015673,2025-01-22,1000
GR-0012744,PO-0015675,2025-01-24,1000
GR-0012745,PO-0015677,2024-11-20,1000
GR-0012746,PO-0015678,2025-12-18,50
GR-0012747,PO-0015680,2024-06-20,100
GR-0012748,PO-0015681,2025-03-11,50
GR-0012749,PO-0015682,2024-05-05,50
GR-0012750,PO-0015683,2025-04-25,50
GR-0012751,PO-0015684,2025-12-29,500
GR-0012752,PO-0015685,2026-01-06,44
GR-0012753,PO-0015686,2024-05-28,100
GR-0012754,PO-0015687,2024-09-09,50
GR-0012755,PO-0015688,2024-02-28,500
GR-0012756,PO-0015689,2024-04-12,500
GR-0012757,PO-0015691,2026-05-07,200
GR-0012758,PO-0015692,2024-05-02,50
GR-0012759,PO-0015693,2025-04-03,500
GR-0012760,PO-0015694,2025-07-05,1000
GR-0012761,PO-0015695,2024-07-03,50
GR-0012762,PO-0015696,2025-09-25,500
GR-0012763,PO-0015697,2026-05-11,50
GR-0012764,PO-0015698,2024-11-24,100
GR-0012765,PO-0015699,2024-10-04,1000
GR-0012766,PO-0015700,2024-06-28,100
GR-0012767,PO-0015701,2025-07-08,1000
GR-0012768,PO-0015702,2024-07-27,500
GR-0012769,PO-0015703,2025-01-21,200
GR-0012770,PO-0015704,2024-07-08,500
GR-0012771,PO-0015705,2024-03-19,200
GR-0012772,PO-0015706,2024-10-20,200
GR-0012773,PO-0015708,2025-09-04,200
GR-0012774,PO-0015709,2025-01-22,1000
GR-0012775,PO-0015710,2025-04-04,200
GR-0012776,PO-0015711,2026-02-07,500
GR-0012777,PO-0015712,2024-05-16,200
GR-0012778,PO-0015714,2026-04-08,200
GR-0012779,PO-0015715,2024-05-07,1000
GR-0012780,PO-0015716,2025-04-08,500
GR-0012781,PO-0015717,2025-04-21,200
GR-0012782,PO-0015718,2024-03-02,200
GR-0012783,PO-0015720,2024-10-18,500
GR-0012784,PO-0015721,2025-04-17,200
GR-0012785,PO-0015723,2024-12-22,200
GR-0012786,PO-0015724,2026-03-31,200
GR-0012787,PO-0015725,2026-02-27,500
GR-0012788,PO-0015726,2026-05-06,200
GR-0012789,PO-0015727,2025-12-10,200
GR-0012790,PO-0015728,2025-09-24,100
GR-0012791,PO-0015729,2024-06-19,50
GR-0012792,PO-0015730,2025-05-15,500
GR-0012793,PO-0015731,2025-04-15,42
GR-0012794,PO-0015732,2025-12-07,500
GR-0012795,PO-0015733,2026-02-24,100
GR-0012796,PO-0015734,2024-02-24,50
GR-0012797,PO-0015735,2025-03-06,1000
GR-0012798,PO-0015736,2024-12-23,200
GR-0012799,PO-0015737,2024-10-20,50
GR-0012800,PO-0015738,2025-05-28,200
GR-0012801,PO-0015739,2024-07-29,100
GR-0012802,PO-0015740,2025-03-13,500
GR-0012803,PO-0015741,2026-05-30,43
GR-0012804,PO-0015742,2024-09-24,500
GR-0012805,PO-0015743,2025-09-01,500
GR-0012806,PO-0015744,2025-08-13,50
GR-0012807,PO-0015745,2026-02-13,50
GR-0012808,PO-0015746,2024-08-02,38
GR-0012809,PO-0015747,2025-11-29,50
GR-0012810,PO-0015748,2026-02-02,100
GR-0012811,PO-0015749,2024-04-02,200
GR-0012812,PO-0015750,2025-10-31,100
GR-0012813,PO-0015751,2024-10-07,1000
GR-0012814,PO-0015752,2024-06-20,100
GR-0012815,PO-0015753,2025-04-23,100
GR-0012816,PO-0015754,2025-11-06,50
GR-0012817,PO-0015755,2025-05-01,500
GR-0012818,PO-0015756,2024-03-20,41
GR-0012819,PO-0015757,2025-12-21,100
GR-0012820,PO-0015758,2025-06-22,100
GR-0012821,PO-0015759,2025-11-06,500
GR-0012822,PO-0015761,2025-09-23,200
GR-0012823,PO-0015762,2026-04-15,500
GR-0012824,PO-0015763,2024-11-08,1000
GR-0012825,PO-0015765,2024-09-09,50
GR-0012826,PO-0015767,2025-11-11,50
GR-0012827,PO-0015768,2024-04-12,500
GR-0012828,PO-0015769,2025-12-31,50
GR-0012829,PO-0015770,2024-10-25,50
GR-0012830,PO-0015771,2025-07-21,200
GR-0012831,PO-0015772,2024-10-01,100
GR-0012832,PO-0015773,2024-10-26,500
GR-0012833,PO-0015774,2024-02-03,200
GR-0012834,PO-0015776,2026-03-22,1000
GR-0012835,PO-0015778,2024-06-13,200
GR-0012836,PO-0015779,2025-01-30,500
GR-0012837,PO-0015780,2024-09-07,50
GR-0012838,PO-0015781,2024-02-08,500
GR-0012839,PO-0015782,2026-03-16,1000
GR-0012840,PO-0015783,2025-03-05,200
GR-0012841,PO-0015784,2026-04-08,367
GR-0012842,PO-0015787,2026-02-26,50
GR-0012843,PO-0015788,2024-07-07,500
GR-0012844,PO-0015789,2025-12-20,414
GR-0012845,PO-0015790,2024-07-20,500
GR-0012846,PO-0015791,2024-12-02,50
GR-0012847,PO-0015792,2024-11-22,50
GR-0012848,PO-0015793,2025-10-14,50
GR-0012849,PO-0015794,2026-01-05,38
GR-0012850,PO-0015795,2024-03-12,100
GR-0012851,PO-0015796,2026-01-08,1000
GR-0012852,PO-0015797,2026-02-04,1000
GR-0012853,PO-0015800,2026-04-28,50
GR-0012854,PO-0015801,2025-05-20,50
GR-0012855,PO-0015803,2024-07-05,1000
GR-0012856,PO-0015806,2026-05-12,50
GR-0012857,PO-0015808,2024-06-30,500
GR-0012858,PO-0015809,2026-03-10,100
GR-0012859,PO-0015811,2025-08-24,1000
GR-0012860,PO-0015813,2024-09-14,500
GR-0012861,PO-0015815,2025-10-23,1000
GR-0012862,PO-0015816,2026-02-15,1000
GR-0012863,PO-0015817,2025-11-26,200
GR-0012864,PO-0015818,2024-07-21,500
GR-0012865,PO-0015819,2025-08-06,500
GR-0012866,PO-0015821,2024-11-20,1000
GR-0012867,PO-0015822,2024-06-04,500
GR-0012868,PO-0015823,2025-01-08,100
GR-0012869,PO-0015824,2026-01-13,500
GR-0012870,PO-0015825,2026-04-15,93
GR-0012871,PO-0015828,2026-02-14,1000
GR-0012872,PO-0015829,2025-11-06,200
GR-0012873,PO-0015830,2025-01-22,100
GR-0012874,PO-0015831,2026-03-08,50
GR-0012875,PO-0015832,2025-08-21,100
GR-0012876,PO-0015833,2024-07-21,50
GR-0012877,PO-0015835,2024-06-26,100
GR-0012878,PO-0015836,2024-02-14,1000
GR-0012879,PO-0015837,2025-05-26,1000
GR-0012880,PO-0015838,2024-05-14,50
GR-0012881,PO-0015839,2025-09-12,100
GR-0012882,PO-0015841,2024-12-10,39
GR-0012883,PO-0015842,2024-01-28,1000
GR-0012884,PO-0015843,2024-11-04,200
GR-0012885,PO-0015845,2025-01-07,50
GR-0012886,PO-0015846,2025-12-20,500
GR-0012887,PO-0015847,2025-10-08,50
GR-0012888,PO-0015848,2025-06-20,100
GR-0012889,PO-0015849,2026-03-02,200
GR-0012890,PO-0015850,2024-12-16,50
GR-0012891,PO-0015851,2025-06-29,100
GR-0012892,PO-0015852,2026-03-04,200
GR-0012893,PO-0015853,2025-02-08,181
GR-0012894,PO-0015854,2025-09-10,500
GR-0012895,PO-0015855,2025-02-08,100
GR-0012896,PO-0015856,2025-12-25,200
GR-0012897,PO-0015857,2025-10-28,1000
GR-0012898,PO-0015858,2025-03-12,50
GR-0012899,PO-0015859,2024-09-15,1000
GR-0012900,PO-0015860,2025-12-23,1000
GR-0012901,PO-0015861,2026-02-12,500
GR-0012902,PO-0015862,2024-09-07,100
GR-0012903,PO-0015863,2025-11-28,1000
GR-0012904,PO-0015864,2025-07-15,500
GR-0012905,PO-0015865,2025-09-10,200
GR-0012906,PO-0015866,2026-03-17,200
GR-0012907,PO-0015868,2026-01-26,200
GR-0012908,PO-0015869,2025-11-23,200
GR-0012909,PO-0015871,2025-09-06,1000
GR-0012910,PO-0015872,2026-03-20,100
GR-0012911,PO-0015874,2025-05-05,176
GR-0012912,PO-0015875,2024-07-19,500
GR-0012913,PO-0015876,2026-06-01,50
GR-0012914,PO-0015877,2024-07-17,50
GR-0012915,PO-0015878,2026-01-03,50
GR-0012916,PO-0015879,2024-11-22,500
GR-0012917,PO-0015880,2025-12-23,200
GR-0012918,PO-0015882,2024-07-06,1000
GR-0012919,PO-0015884,2024-07-02,1000
GR-0012920,PO-0015885,2024-08-08,163
GR-0012921,PO-0015886,2025-06-08,500
GR-0012922,PO-0015887,2024-04-16,500
GR-0012923,PO-0015888,2025-12-27,200
GR-0012924,PO-0015889,2025-03-21,50
GR-0012925,PO-0015890,2025-10-29,200
GR-0012926,PO-0015891,2025-04-02,500
GR-0012927,PO-0015893,2026-01-27,200
GR-0012928,PO-0015894,2024-03-23,100
GR-0012929,PO-0015895,2025-07-17,500
GR-0012930,PO-0015897,2024-07-08,1000
GR-0012931,PO-0015898,2025-01-12,1000
GR-0012932,PO-0015900,2025-06-28,1000
GR-0012933,PO-0015901,2025-07-18,500
GR-0012934,PO-0015902,2025-02-10,1000
GR-0012935,PO-0015903,2024-05-07,500
GR-0012936,PO-0015904,2025-10-21,200
GR-0012937,PO-0015905,2024-08-10,785
GR-0012938,PO-0015906,2025-02-05,1000
GR-0012939,PO-0015907,2026-05-21,200
GR-0012940,PO-0015908,2024-12-02,100
GR-0012941,PO-0015909,2024-08-03,1000
GR-0012942,PO-0015910,2024-09-06,1000
GR-0012943,PO-0015911,2025-11-11,100
GR-0012944,PO-0015912,2024-04-26,100
GR-0012945,PO-0015913,2025-05-20,1000
GR-0012946,PO-0015914,2025-09-17,100
GR-0012947,PO-0015917,2025-07-06,1000
GR-0012948,PO-0015918,2024-06-07,100
GR-0012949,PO-0015919,2026-01-25,100
GR-0012950,PO-0015920,2024-05-08,500
GR-0012951,PO-0015921,2025-05-28,1000
GR-0012952,PO-0015922,2025-05-23,100
GR-0012953,PO-0015923,2025-10-08,100
GR-0012954,PO-0015924,2024-11-13,100
GR-0012955,PO-0015925,2025-04-25,79
GR-0012956,PO-0015926,2024-10-17,1000
GR-0012957,PO-0015927,2025-09-23,200
GR-0012958,PO-0015928,2026-04-19,500
GR-0012959,PO-0015929,2025-08-07,200
GR-0012960,PO-0015930,2025-04-10,50
GR-0012961,PO-0015933,2026-02-21,500
GR-0012962,PO-0015934,2024-06-15,100
GR-0012963,PO-0015935,2024-07-09,100
GR-0012964,PO-0015936,2024-04-21,100
GR-0012965,PO-0015937,2024-09-12,100
GR-0012966,PO-0015938,2026-02-12,100
GR-0012967,PO-0015939,2024-07-21,500
GR-0012968,PO-0015941,2024-07-17,500
GR-0012969,PO-0015942,2025-11-25,1000
GR-0012970,PO-0015943,2025-06-14,1000
GR-0012971,PO-0015944,2024-10-29,1000
GR-0012972,PO-0015945,2026-03-11,50
GR-0012973,PO-0015946,2025-01-07,1000
GR-0012974,PO-0015949,2024-05-22,100
GR-0012975,PO-0015950,2025-06-09,1000
GR-0012976,PO-0015951,2024-04-30,100
GR-0012977,PO-0015952,2024-02-04,200
GR-0012978,PO-0015953,2025-07-20,100
GR-0012979,PO-0015954,2026-03-27,1000
GR-0012980,PO-0015955,2025-08-08,100
GR-0012981,PO-0015956,2025-04-03,100
GR-0012982,PO-0015957,2025-03-07,475
GR-0012983,PO-0015958,2024-12-07,100
GR-0012984,PO-0015960,2026-03-01,200
GR-0012985,PO-0015961,2025-11-01,500
GR-0012986,PO-0015964,2025-08-08,1000
GR-0012987,PO-0015965,2024-12-10,184
GR-0012988,PO-0015966,2026-04-09,500
GR-0012989,PO-0015968,2026-03-12,500
GR-0012990,PO-0015970,2025-10-02,100
GR-0012991,PO-0015972,2026-02-02,200
GR-0012992,PO-0015974,2024-11-04,500
GR-0012993,PO-0015975,2025-11-21,500
GR-0012994,PO-0015976,2025-07-21,100
GR-0012995,PO-0015977,2025-11-19,500
GR-0012996,PO-0015978,2024-08-20,1000
GR-0012997,PO-0015979,2025-11-21,100
GR-0012998,PO-0015980,2024-03-16,500
GR-0012999,PO-0015981,2025-10-23,100
GR-0013000,PO-0015982,2024-10-12,50
GR-0013001,PO-0015983,2026-03-15,500
GR-0013002,PO-0015984,2024-10-26,50
GR-0013003,PO-0015985,2024-04-16,457
GR-0013004,PO-0015987,2026-05-16,50
GR-0013005,PO-0015988,2026-01-30,500
GR-0013006,PO-0015989,2024-02-17,200
GR-0013007,PO-0015990,2025-05-20,200
GR-0013008,PO-0015991,2024-04-22,50
GR-0013009,PO-0015992,2024-12-17,50
GR-0013010,PO-0015993,2024-07-31,200
GR-0013011,PO-0015994,2025-12-16,200
GR-0013012,PO-0015995,2025-12-03,500
GR-0013013,PO-0015996,2026-05-19,100
GR-0013014,PO-0015997,2024-06-11,100
GR-0013015,PO-0015998,2025-08-06,100
GR-0013016,PO-0015999,2025-04-30,1000
GR-0013017,PO-0016000,2025-02-08,500
GR-0013018,PO-0016001,2026-02-21,200
GR-0013019,PO-0016002,2024-10-28,38
GR-0013020,PO-0016005,2025-01-01,100
GR-0013021,PO-0016006,2026-03-31,50
GR-0013022,PO-0016007,2025-12-01,50
GR-0013023,PO-0016009,2024-06-12,820
GR-0013024,PO-0016010,2025-08-18,100
GR-0013025,PO-0016011,2024-09-30,100
GR-0013026,PO-0016012,2024-08-21,200
GR-0013027,PO-0016013,2024-05-26,1000
GR-0013028,PO-0016014,2025-07-19,100
GR-0013029,PO-0016015,2024-10-04,50
GR-0013030,PO-0016016,2025-06-26,50
GR-0013031,PO-0016018,2025-01-01,200
GR-0013032,PO-0016019,2024-10-10,86
GR-0013033,PO-0016020,2025-10-03,500
GR-0013034,PO-0016021,2025-12-06,100
GR-0013035,PO-0016022,2026-03-18,500
GR-0013036,PO-0016023,2024-12-15,500
GR-0013037,PO-0016025,2025-11-24,1000
GR-0013038,PO-0016026,2025-04-10,50
GR-0013039,PO-0016029,2024-10-17,50
GR-0013040,PO-0016030,2026-01-22,158
GR-0013041,PO-0016031,2025-10-29,100
GR-0013042,PO-0016032,2025-07-16,1000
GR-0013043,PO-0016033,2025-08-23,200
GR-0013044,PO-0016034,2026-04-08,50
GR-0013045,PO-0016035,2024-02-19,200
GR-0013046,PO-0016037,2025-12-21,50
GR-0013047,PO-0016038,2024-04-27,200
GR-0013048,PO-0016039,2025-09-09,100
GR-0013049,PO-0016041,2024-07-27,200
GR-0013050,PO-0016042,2024-12-31,200
GR-0013051,PO-0016045,2026-02-09,100
GR-0013052,PO-0016046,2025-03-05,1000
GR-0013053,PO-0016047,2025-03-06,200
GR-0013054,PO-0016048,2024-08-05,1000
GR-0013055,PO-0016049,2024-12-14,50
GR-0013056,PO-0016050,2024-02-24,43
GR-0013057,PO-0016051,2025-08-08,50
GR-0013058,PO-0016053,2025-02-20,100
GR-0013059,PO-0016054,2024-12-29,200
GR-0013060,PO-0016055,2024-12-31,50
GR-0013061,PO-0016057,2026-02-02,500
GR-0013062,PO-0016058,2026-02-25,1000
GR-0013063,PO-0016059,2024-12-21,500
GR-0013064,PO-0016060,2024-09-03,50
GR-0013065,PO-0016061,2025-10-09,1000
GR-0013066,PO-0016062,2025-02-05,100
GR-0013067,PO-0016064,2025-09-13,500
GR-0013068,PO-0016065,2024-06-16,100
GR-0013069,PO-0016066,2024-10-12,987
GR-0013070,PO-0016069,2024-04-20,200
GR-0013071,PO-0016070,2025-03-17,42
GR-0013072,PO-0016071,2025-03-15,50
GR-0013073,PO-0016074,2025-12-15,500
GR-0013074,PO-0016076,2024-03-08,500
GR-0013075,PO-0016077,2025-11-13,500
GR-0013076,PO-0016078,2025-10-09,100
GR-0013077,PO-0016081,2024-07-24,500
GR-0013078,PO-0016084,2024-03-18,1000
GR-0013079,PO-0016085,2025-05-31,50
GR-0013080,PO-0016086,2026-04-28,500
GR-0013081,PO-0016088,2024-11-27,200
GR-0013082,PO-0016089,2025-10-07,50
GR-0013083,PO-0016090,2025-11-02,100
GR-0013084,PO-0016091,2025-08-07,500
GR-0013085,PO-0016092,2025-10-31,1000
GR-0013086,PO-0016093,2026-03-10,50
GR-0013087,PO-0016094,2025-04-22,1000
GR-0013088,PO-0016095,2024-12-23,500
GR-0013089,PO-0016096,2025-03-15,1000
GR-0013090,PO-0016097,2024-09-15,50
GR-0013091,PO-0016103,2025-10-28,1000
GR-0013092,PO-0016104,2026-04-04,1000
GR-0013093,PO-0016105,2024-02-28,500
GR-0013094,PO-0016106,2025-05-08,100
GR-0013095,PO-0016107,2025-08-09,50
GR-0013096,PO-0016108,2025-01-29,746
GR-0013097,PO-0016109,2026-05-19,100
GR-0013098,PO-0016110,2026-05-08,50
GR-0013099,PO-0016111,2026-04-01,100
GR-0013100,PO-0016112,2026-05-03,100
GR-0013101,PO-0016113,2025-10-05,200
GR-0013102,PO-0016114,2024-06-18,100
GR-0013103,PO-0016115,2025-04-30,1000
GR-0013104,PO-0016117,2024-03-10,200
GR-0013105,PO-0016118,2025-04-10,50
GR-0013106,PO-0016119,2024-09-05,50
GR-0013107,PO-0016120,2024-04-26,100
GR-0013108,PO-0016121,2025-09-01,500
GR-0013109,PO-0016122,2024-03-20,50
GR-0013110,PO-0016123,2025-05-26,200
GR-0013111,PO-0016124,2024-05-22,200
GR-0013112,PO-0016125,2026-04-23,50
GR-0013113,PO-0016126,2024-08-17,50
GR-0013114,PO-0016127,2026-04-10,50
GR-0013115,PO-0016128,2025-01-05,100
GR-0013116,PO-0016129,2026-05-17,200
GR-0013117,PO-0016130,2026-02-11,89
GR-0013118,PO-0016131,2024-05-02,1000
GR-0013119,PO-0016132,2026-03-11,200
GR-0013120,PO-0016133,2026-04-04,500
GR-0013121,PO-0016134,2025-02-02,500
GR-0013122,PO-0016135,2026-03-20,50
GR-0013123,PO-0016136,2024-04-24,500
GR-0013124,PO-0016137,2025-09-22,1000
GR-0013125,PO-0016138,2025-01-02,500
GR-0013126,PO-0016139,2026-03-04,50
GR-0013127,PO-0016140,2024-10-27,50
GR-0013128,PO-0016141,2024-09-20,200
GR-0013129,PO-0016142,2025-07-10,50
GR-0013130,PO-0016143,2025-05-08,200
GR-0013131,PO-0016144,2026-01-01,200
GR-0013132,PO-0016146,2026-04-26,50
GR-0013133,PO-0016147,2024-09-10,500
GR-0013134,PO-0016148,2025-02-19,50
GR-0013135,PO-0016149,2025-07-14,100
GR-0013136,PO-0016150,2024-07-26,1000
GR-0013137,PO-0016151,2025-12-22,50
GR-0013138,PO-0016152,2024-07-26,50
GR-0013139,PO-0016153,2025-08-16,100
GR-0013140,PO-0016154,2026-02-01,50
GR-0013141,PO-0016155,2026-04-16,500
GR-0013142,PO-0016156,2024-04-22,200
GR-0013143,PO-0016157,2025-12-07,500
GR-0013144,PO-0016158,2026-01-24,500
GR-0013145,PO-0016159,2024-12-16,1000
GR-0013146,PO-0016160,2026-02-03,200
GR-0013147,PO-0016161,2024-05-22,50
GR-0013148,PO-0016162,2024-11-06,1000
GR-0013149,PO-0016163,2026-04-15,200
GR-0013150,PO-0016164,2024-05-07,200
GR-0013151,PO-0016165,2024-07-24,100
GR-0013152,PO-0016166,2024-06-10,100
GR-0013153,PO-0016167,2024-09-08,834
GR-0013154,PO-0016168,2024-04-21,200
GR-0013155,PO-0016169,2024-12-07,100
GR-0013156,PO-0016170,2025-10-10,948
GR-0013157,PO-0016171,2024-10-23,100
GR-0013158,PO-0016172,2024-09-18,50
GR-0013159,PO-0016174,2024-04-01,100
GR-0013160,PO-0016175,2024-08-28,500
GR-0013161,PO-0016176,2024-04-21,500
GR-0013162,PO-0016177,2025-04-19,100
GR-0013163,PO-0016178,2024-09-20,100
GR-0013164,PO-0016180,2025-01-12,200
GR-0013165,PO-0016181,2026-06-11,500
GR-0013166,PO-0016182,2025-08-18,50
GR-0013167,PO-0016183,2025-08-25,500
GR-0013168,PO-0016185,2024-05-27,100
GR-0013169,PO-0016186,2024-04-06,500
GR-0013170,PO-0016187,2025-09-12,500
GR-0013171,PO-0016188,2026-05-13,200
GR-0013172,PO-0016190,2024-01-29,1000
GR-0013173,PO-0016191,2025-07-27,1000
GR-0013174,PO-0016192,2024-10-30,1000
GR-0013175,PO-0016194,2025-10-29,50
GR-0013176,PO-0016195,2025-04-25,200
GR-0013177,PO-0016196,2026-02-17,500
GR-0013178,PO-0016197,2024-05-06,1000
GR-0013179,PO-0016199,2025-06-03,1000
GR-0013180,PO-0016200,2024-03-12,500
GR-0013181,PO-0016201,2024-12-02,100
GR-0013182,PO-0016202,2026-03-18,200
GR-0013183,PO-0016203,2024-03-19,500
GR-0013184,PO-0016204,2025-09-06,50
GR-0013185,PO-0016206,2026-02-11,200
GR-0013186,PO-0016207,2026-01-05,1000
GR-0013187,PO-0016209,2026-04-29,1000
GR-0013188,PO-0016212,2024-11-28,100
GR-0013189,PO-0016215,2024-07-01,1000
GR-0013190,PO-0016216,2024-11-21,50
GR-0013191,PO-0016217,2025-12-26,50
GR-0013192,PO-0016218,2025-02-26,200
GR-0013193,PO-0016219,2025-12-14,100
GR-0013194,PO-0016220,2026-04-01,405
GR-0013195,PO-0016222,2024-04-19,200
GR-0013196,PO-0016223,2025-11-26,500
GR-0013197,PO-0016224,2024-05-05,50
GR-0013198,PO-0016225,2025-02-14,100
GR-0013199,PO-0016226,2025-10-01,200
GR-0013200,PO-0016227,2025-04-15,200
GR-0013201,PO-0016228,2024-08-07,500
GR-0013202,PO-0016229,2026-02-16,100
GR-0013203,PO-0016230,2024-07-14,500
GR-0013204,PO-0016231,2024-09-22,50
GR-0013205,PO-0016232,2025-03-17,1000
GR-0013206,PO-0016233,2024-09-05,100
GR-0013207,PO-0016234,2024-04-02,50
GR-0013208,PO-0016235,2025-07-28,200
GR-0013209,PO-0016236,2025-10-06,50
GR-0013210,PO-0016237,2024-03-25,200
GR-0013211,PO-0016238,2026-01-20,500
GR-0013212,PO-0016241,2024-05-14,1000
GR-0013213,PO-0016242,2026-01-01,200
GR-0013214,PO-0016243,2025-07-09,50
GR-0013215,PO-0016244,2025-05-20,50
GR-0013216,PO-0016245,2026-03-15,500
GR-0013217,PO-0016246,2025-03-27,1000
GR-0013218,PO-0016247,2024-05-25,200
GR-0013219,PO-0016249,2025-02-08,50
GR-0013220,PO-0016250,2024-08-06,500
GR-0013221,PO-0016252,2024-08-16,1000
GR-0013222,PO-0016253,2024-12-31,500
GR-0013223,PO-0016254,2024-11-15,100
GR-0013224,PO-0016255,2025-05-25,200
GR-0013225,PO-0016256,2024-02-22,500
GR-0013226,PO-0016257,2026-02-14,1000
GR-0013227,PO-0016258,2024-12-25,200
GR-0013228,PO-0016259,2024-06-23,100
GR-0013229,PO-0016260,2026-06-20,100
GR-0013230,PO-0016261,2024-10-01,93
GR-0013231,PO-0016263,2025-05-25,44
GR-0013232,PO-0016265,2024-06-10,200
GR-0013233,PO-0016266,2025-02-07,100
GR-0013234,PO-0016268,2025-06-08,1000
GR-0013235,PO-0016269,2026-01-18,50
GR-0013236,PO-0016270,2025-05-21,50
GR-0013237,PO-0016271,2024-02-08,500
GR-0013238,PO-0016272,2024-04-11,500
GR-0013239,PO-0016273,2024-12-24,100
GR-0013240,PO-0016274,2024-07-08,500
GR-0013241,PO-0016275,2025-04-15,1000
GR-0013242,PO-0016276,2024-05-25,50
GR-0013243,PO-0016277,2024-04-20,100
GR-0013244,PO-0016278,2025-09-16,500
GR-0013245,PO-0016280,2025-10-05,100
GR-0013246,PO-0016281,2025-08-13,500
GR-0013247,PO-0016282,2025-10-09,200
GR-0013248,PO-0016283,2026-06-13,500
GR-0013249,PO-0016284,2024-05-08,500
GR-0013250,PO-0016285,2025-07-26,50
GR-0013251,PO-0016286,2025-10-02,100
GR-0013252,PO-0016287,2024-05-28,100
GR-0013253,PO-0016288,2024-07-17,200
GR-0013254,PO-0016289,2026-02-13,1000
GR-0013255,PO-0016291,2024-03-14,500
GR-0013256,PO-0016292,2025-12-28,500
GR-0013257,PO-0016294,2025-09-24,100
GR-0013258,PO-0016295,2025-11-26,1000
GR-0013259,PO-0016296,2026-01-27,1000
GR-0013260,PO-0016297,2025-12-17,100
GR-0013261,PO-0016298,2024-12-20,500
GR-0013262,PO-0016300,2025-12-03,50
GR-0013263,PO-0016301,2025-01-14,100
GR-0013264,PO-0016302,2024-05-22,200
GR-0013265,PO-0016304,2025-02-26,1000
GR-0013266,PO-0016307,2025-04-11,500
GR-0013267,PO-0016308,2025-06-03,84
GR-0013268,PO-0016309,2025-01-27,1000
GR-0013269,PO-0016310,2024-08-21,50
GR-0013270,PO-0016311,2025-08-08,200
GR-0013271,PO-0016312,2024-03-25,500
GR-0013272,PO-0016313,2024-02-25,1000
GR-0013273,PO-0016314,2025-10-15,50
GR-0013274,PO-0016315,2024-12-25,500
GR-0013275,PO-0016316,2025-07-07,1000
GR-0013276,PO-0016317,2026-04-25,500
GR-0013277,PO-0016319,2024-12-07,100
GR-0013278,PO-0016320,2024-08-16,468
GR-0013279,PO-0016321,2026-03-16,1000
GR-0013280,PO-0016322,2024-03-20,500
GR-0013281,PO-0016323,2024-03-30,500
GR-0013282,PO-0016324,2024-03-08,200
GR-0013283,PO-0016325,2024-03-05,100
GR-0013284,PO-0016326,2025-07-16,100
GR-0013285,PO-0016327,2024-09-04,500
GR-0013286,PO-0016328,2026-03-04,1000
GR-0013287,PO-0016329,2025-05-13,100
GR-0013288,PO-0016330,2024-06-07,100
GR-0013289,PO-0016332,2025-05-16,200
GR-0013290,PO-0016333,2025-04-29,1000
GR-0013291,PO-0016334,2024-08-15,832
GR-0013292,PO-0016335,2024-07-26,100
GR-0013293,PO-0016336,2024-02-26,100
GR-0013294,PO-0016337,2025-06-17,50
GR-0013295,PO-0016339,2025-07-08,50
GR-0013296,PO-0016340,2024-03-24,200
GR-0013297,PO-0016342,2025-04-09,200
GR-0013298,PO-0016343,2024-08-03,200
GR-0013299,PO-0016344,2024-06-18,87
GR-0013300,PO-0016345,2026-02-18,200
GR-0013301,PO-0016346,2025-04-07,1000
GR-0013302,PO-0016347,2025-06-26,50
GR-0013303,PO-0016348,2026-03-26,200
GR-0013304,PO-0016349,2025-09-29,200
GR-0013305,PO-0016352,2024-09-10,43
GR-0013306,PO-0016353,2025-02-26,200
GR-0013307,PO-0016354,2025-06-27,500
GR-0013308,PO-0016356,2025-04-17,50
GR-0013309,PO-0016357,2025-05-26,200
GR-0013310,PO-0016358,2024-04-15,200
GR-0013311,PO-0016359,2026-02-10,200
GR-0013312,PO-0016360,2025-06-05,500
GR-0000001,PO-0000001,2026-02-25,50
GR-0000002,PO-0000002,2026-02-11,200
GR-0000003,PO-0000004,2025-11-18,100
GR-0000004,PO-0000006,2025-01-01,1000
GR-0000005,PO-0000007,2026-02-24,100
GR-0000006,PO-0000008,2025-04-11,500
GR-0000007,PO-0000009,2025-07-08,500
GR-0000008,PO-0000010,2025-10-01,100
GR-0000009,PO-0000011,2024-12-23,200
GR-0000010,PO-0000013,2025-12-09,50
GR-0000011,PO-0000015,2025-10-14,500
GR-0000012,PO-0000016,2024-03-03,1000
GR-0000013,PO-0000017,2026-03-16,50
GR-0000014,PO-0000018,2024-03-16,100
GR-0000015,PO-0000019,2026-03-25,151
GR-0000016,PO-0000020,2024-03-24,467
GR-0000017,PO-0000021,2025-11-28,200
GR-0000018,PO-0000022,2026-01-08,100
GR-0000019,PO-0000023,2026-04-05,100
GR-0000020,PO-0000026,2025-06-23,1000
GR-0000021,PO-0000027,2024-12-14,50
GR-0000022,PO-0000028,2025-10-19,100
GR-0000023,PO-0000029,2024-06-23,1000
GR-0000024,PO-0000030,2024-11-19,50
GR-0000025,PO-0000031,2025-10-27,200
GR-0000026,PO-0000032,2025-12-07,1000
GR-0000027,PO-0000033,2024-02-29,50
GR-0000028,PO-0000034,2025-04-22,1000
GR-0000029,PO-0000035,2025-11-19,200
GR-0000030,PO-0000036,2024-07-04,500
GR-0000031,PO-0000037,2024-12-16,200
GR-0000032,PO-0000038,2024-06-04,200
GR-0000033,PO-0000039,2024-05-07,50
GR-0000034,PO-0000041,2024-12-31,100
GR-0000035,PO-0000042,2024-11-21,500
GR-0000036,PO-0000043,2024-03-16,50
GR-0000037,PO-0000044,2025-06-13,200
GR-0000038,PO-0000045,2025-03-19,200
GR-0000039,PO-0000046,2025-09-04,179
GR-0000040,PO-0000047,2024-06-18,50
GR-0000041,PO-0000048,2026-03-11,100
GR-0000042,PO-0000049,2026-05-06,500
GR-0000043,PO-0000050,2025-01-13,1000
GR-0000044,PO-0000051,2026-06-03,1000
GR-0000045,PO-0000053,2024-11-28,50
GR-0000046,PO-0000054,2026-01-20,50
GR-0000047,PO-0000055,2026-04-07,500
GR-0000048,PO-0000056,2025-04-15,200
GR-0000049,PO-0000058,2026-01-19,50
GR-0000050,PO-0000059,2024-11-24,100
GR-0000051,PO-0000060,2026-04-06,200
GR-0000052,PO-0000061,2026-04-25,200
GR-0000053,PO-0000063,2024-11-17,200
GR-0000054,PO-0000064,2026-05-30,100
GR-0000055,PO-0000065,2025-05-14,200
GR-0000056,PO-0000066,2024-06-03,50
GR-0000057,PO-0000067,2025-08-10,100
GR-0000058,PO-0000069,2025-03-13,396
GR-0000059,PO-0000070,2024-04-09,50
GR-0000060,PO-0000072,2025-02-15,500
GR-0000061,PO-0000073,2024-03-14,50
GR-0000062,PO-0000074,2025-08-13,1000
GR-0000063,PO-0000075,2024-10-24,100
GR-0000064,PO-0000076,2026-01-30,200
GR-0000065,PO-0000077,2025-09-30,500
GR-0000066,PO-0000079,2024-10-18,393
GR-0000067,PO-0000080,2025-08-29,50
GR-0000068,PO-0000082,2026-04-26,161
GR-0000069,PO-0000083,2024-09-18,100
GR-0000070,PO-0000084,2026-04-08,1000
GR-0000071,PO-0000086,2025-08-12,500
GR-0000072,PO-0000087,2024-09-03,1000
GR-0000073,PO-0000088,2024-05-28,100
GR-0000074,PO-0000089,2025-07-07,500
GR-0000075,PO-0000090,2026-02-11,50
GR-0000076,PO-0000091,2026-01-29,50
GR-0000077,PO-0000092,2024-03-27,200
GR-0000078,PO-0000093,2025-01-29,500
GR-0000079,PO-0000094,2026-01-25,1000
GR-0000080,PO-0000095,2026-02-17,83
GR-0000081,PO-0000096,2025-08-27,500
GR-0000082,PO-0000097,2026-03-16,50
GR-0000083,PO-0000098,2024-09-17,100
GR-0000084,PO-0000099,2026-03-05,50
GR-0000085,PO-0000100,2024-04-14,100
GR-0000086,PO-0000101,2026-04-02,170
GR-0000087,PO-0000102,2024-12-23,200
GR-0000088,PO-0000103,2025-07-29,500
GR-0000089,PO-0000104,2026-04-02,1000
GR-0000090,PO-0000105,2024-09-24,100
GR-0000091,PO-0000107,2025-07-16,100
GR-0000092,PO-0000108,2024-04-23,1000
GR-0000093,PO-0000109,2025-11-04,1000
GR-0000094,PO-0000111,2024-12-07,50
GR-0000095,PO-0000113,2025-09-26,100
GR-0000096,PO-0000114,2025-02-02,200
GR-0000097,PO-0000115,2026-05-08,500
GR-0000098,PO-0000116,2026-03-07,100
GR-0000099,PO-0000117,2025-04-14,200
GR-0000100,PO-0000118,2026-01-23,177
GR-0000101,PO-0000119,2025-06-16,100
GR-0000102,PO-0000120,2025-11-10,50
GR-0000103,PO-0000121,2024-04-08,50
GR-0000104,PO-0000122,2025-05-25,192
GR-0000105,PO-0000123,2025-06-18,50
GR-0000106,PO-0000124,2024-02-19,1000
GR-0000107,PO-0000125,2024-05-20,50
GR-0000108,PO-0000128,2024-12-09,50
GR-0000109,PO-0000129,2025-03-27,500
GR-0000110,PO-0000130,2025-12-06,200
GR-0000111,PO-0000131,2024-02-25,100
GR-0000112,PO-0000133,2025-11-18,50
GR-0000113,PO-0000134,2025-10-14,100
GR-0000114,PO-0000135,2025-09-02,500
GR-0000115,PO-0000137,2024-05-16,500
GR-0000116,PO-0000138,2025-01-13,50
GR-0000117,PO-0000140,2024-07-28,1000
GR-0000118,PO-0000141,2024-11-18,100
GR-0000119,PO-0000142,2025-01-11,200
GR-0000120,PO-0000143,2024-04-30,100
GR-0000121,PO-0000144,2024-02-15,50
GR-0000122,PO-0000145,2025-03-30,500
GR-0000123,PO-0000146,2025-09-13,1000
GR-0000124,PO-0000147,2024-07-10,500
GR-0000125,PO-0000148,2024-10-28,100
GR-0000126,PO-0000149,2025-03-01,200
GR-0000127,PO-0000150,2025-01-13,500
GR-0000128,PO-0000153,2025-01-03,500
GR-0000129,PO-0000155,2025-12-20,1000
GR-0000130,PO-0000156,2024-04-09,500
GR-0000131,PO-0000157,2025-12-04,100
GR-0000132,PO-0000160,2026-05-05,1000
GR-0000133,PO-0000161,2025-12-18,200
GR-0000134,PO-0000162,2025-01-20,500
GR-0000135,PO-0000163,2025-06-28,1000
GR-0000136,PO-0000166,2026-03-05,100
GR-0000137,PO-0000167,2025-06-23,200
GR-0000138,PO-0000168,2024-05-13,50
GR-0000139,PO-0000169,2026-02-14,100
GR-0000140,PO-0000170,2025-11-04,100
GR-0000141,PO-0000171,2025-10-06,100
GR-0000142,PO-0000172,2026-06-01,50
GR-0000143,PO-0000173,2024-12-28,100
GR-0000144,PO-0000174,2025-03-18,1000
GR-0000145,PO-0000175,2025-11-15,100
GR-0000146,PO-0000176,2024-11-29,50
GR-0000147,PO-0000177,2025-07-05,500
GR-0000148,PO-0000178,2025-11-21,100
GR-0000149,PO-0000179,2025-05-29,1000
GR-0000150,PO-0000180,2025-07-19,500
GR-0000151,PO-0000181,2025-06-11,100
GR-0000152,PO-0000182,2024-11-28,100
GR-0000153,PO-0000183,2025-08-02,1000
GR-0000154,PO-0000187,2025-04-07,50
GR-0000155,PO-0000189,2025-11-14,500
GR-0000156,PO-0000190,2025-08-19,156
GR-0000157,PO-0000192,2026-05-19,50
GR-0000158,PO-0000193,2024-06-27,100
GR-0000159,PO-0000194,2025-12-07,500
GR-0000160,PO-0000195,2026-05-15,50
GR-0000161,PO-0000196,2025-04-28,500
GR-0000162,PO-0000199,2025-06-03,200
GR-0000163,PO-0000200,2025-09-01,500
GR-0000164,PO-0000202,2025-04-14,500
GR-0000165,PO-0000203,2024-06-17,200
GR-0000166,PO-0000204,2025-12-17,100
GR-0000167,PO-0000205,2024-09-26,500
GR-0000168,PO-0000206,2025-07-23,500
GR-0000169,PO-0000207,2026-02-05,100
GR-0000170,PO-0000208,2024-11-22,100
GR-0000171,PO-0000209,2025-12-28,100
GR-0000172,PO-0000212,2024-04-29,100
GR-0000173,PO-0000213,2024-11-29,100
GR-0000174,PO-0000214,2026-03-30,50
GR-0000175,PO-0000215,2025-10-09,1000
GR-0000176,PO-0000216,2025-06-15,500
GR-0000177,PO-0000218,2025-03-02,721
GR-0000178,PO-0000219,2024-04-13,50
GR-0000179,PO-0000220,2025-06-13,200
GR-0000180,PO-0000221,2025-08-15,1000
GR-0000181,PO-0000222,2026-04-22,100
GR-0000182,PO-0000223,2024-11-27,500
GR-0000183,PO-0000224,2025-04-06,50
GR-0000184,PO-0000225,2024-02-26,85
GR-0000185,PO-0000226,2024-11-11,100
GR-0000186,PO-0000227,2025-01-09,500
GR-0000187,PO-0000228,2025-11-18,50
GR-0000188,PO-0000230,2026-03-06,50
GR-0000189,PO-0000231,2024-09-21,50
GR-0000190,PO-0000232,2026-05-12,500
GR-0000191,PO-0000233,2024-10-18,50
GR-0000192,PO-0000234,2024-03-17,500
GR-0000193,PO-0000235,2025-01-24,50
GR-0000194,PO-0000237,2026-04-29,100
GR-0000195,PO-0000238,2024-02-09,500
GR-0000196,PO-0000239,2024-02-02,500
GR-0000197,PO-0000240,2024-09-14,500
GR-0000198,PO-0000241,2025-06-30,362
GR-0000199,PO-0000242,2025-06-28,100
GR-0000200,PO-0000243,2024-09-28,200
GR-0000201,PO-0000244,2026-02-13,200
GR-0000202,PO-0000245,2024-05-12,100
GR-0000203,PO-0000247,2025-06-02,200
GR-0000204,PO-0000248,2026-02-08,1000
GR-0000205,PO-0000250,2025-06-24,50
GR-0000206,PO-0000251,2025-09-19,1000
GR-0000207,PO-0000252,2024-06-21,50
GR-0000208,PO-0000253,2025-11-19,50
GR-0000209,PO-0000255,2026-05-05,71
GR-0000210,PO-0000256,2025-05-10,500
GR-0000211,PO-0000257,2024-09-05,100
GR-0000212,PO-0000258,2024-12-11,500
GR-0000213,PO-0000259,2025-02-15,85
GR-0000214,PO-0000260,2025-02-11,200
GR-0000215,PO-0000261,2025-06-14,200
GR-0000216,PO-0000262,2024-11-05,50
GR-0000217,PO-0000263,2024-09-15,100
GR-0000218,PO-0000265,2025-02-26,100
GR-0000219,PO-0000266,2025-01-23,1000
GR-0000220,PO-0000267,2026-05-26,500
GR-0000221,PO-0000268,2024-10-20,1000
GR-0000222,PO-0000270,2024-04-04,50
GR-0000223,PO-0000272,2026-01-19,500
GR-0000224,PO-0000273,2026-05-16,450
GR-0000225,PO-0000274,2026-04-03,200
GR-0000226,PO-0000276,2025-03-31,980
GR-0000227,PO-0000277,2025-11-20,1000
GR-0000228,PO-0000278,2024-07-05,50
GR-0000229,PO-0000279,2025-05-08,50
GR-0000230,PO-0000280,2024-03-19,500
GR-0000231,PO-0000281,2025-07-06,500
GR-0000232,PO-0000282,2025-12-14,100
GR-0000233,PO-0000283,2024-03-07,200
GR-0000234,PO-0000285,2026-01-18,50
GR-0000235,PO-0000286,2024-07-29,50
GR-0000236,PO-0000287,2025-08-04,200
GR-0000237,PO-0000288,2025-08-28,1000
GR-0000238,PO-0000289,2025-11-27,1000
GR-0000239,PO-0000290,2024-12-15,50
GR-0000240,PO-0000291,2024-04-24,1000
GR-0000241,PO-0000292,2025-05-18,50
GR-0000242,PO-0000293,2026-02-01,50
GR-0000243,PO-0000294,2025-09-23,100
GR-0000244,PO-0000295,2025-08-25,100
GR-0000245,PO-0000296,2024-03-20,1000
GR-0000246,PO-0000298,2024-08-19,82
GR-0000247,PO-0000299,2024-07-17,1000
GR-0000248,PO-0000301,2025-05-29,50
GR-0000249,PO-0000302,2024-05-08,500
GR-0000250,PO-0000303,2025-08-18,50
GR-0000251,PO-0000304,2024-11-10,500
GR-0000252,PO-0000305,2025-10-12,500
GR-0000253,PO-0000307,2024-02-21,200
GR-0000254,PO-0000308,2024-09-28,100
GR-0000255,PO-0000309,2024-10-30,500
GR-0000256,PO-0000311,2025-08-01,100
GR-0000257,PO-0000312,2025-07-13,1000
GR-0000258,PO-0000313,2024-04-15,200
GR-0000259,PO-0000314,2025-03-18,41
GR-0000260,PO-0000315,2025-01-29,200
GR-0000261,PO-0000316,2024-05-09,200
GR-0000262,PO-0000317,2025-11-24,100
GR-0000263,PO-0000318,2026-04-30,50
GR-0000264,PO-0000319,2026-05-12,200
GR-0000265,PO-0000320,2024-12-31,500
GR-0000266,PO-0000322,2025-08-23,1000
GR-0000267,PO-0000323,2024-12-28,200
GR-0000268,PO-0000324,2024-09-06,100
GR-0000269,PO-0000325,2025-03-19,200
GR-0000270,PO-0000326,2025-03-01,468
GR-0000271,PO-0000327,2026-02-09,100
GR-0000272,PO-0000328,2024-08-16,1000
GR-0000273,PO-0000329,2026-02-07,1000
GR-0000274,PO-0000330,2024-09-10,200
GR-0000275,PO-0000332,2024-04-16,1000
GR-0000276,PO-0000333,2025-03-07,1000
GR-0000277,PO-0000334,2024-09-11,200
GR-0000278,PO-0000335,2024-07-12,50
GR-0000279,PO-0000336,2024-04-18,50
GR-0000280,PO-0000337,2026-04-03,50
GR-0000281,PO-0000338,2025-05-13,500
GR-0000282,PO-0000339,2025-07-17,100
GR-0000283,PO-0000340,2026-01-16,200
GR-0000284,PO-0000341,2024-11-25,200
GR-0000285,PO-0000342,2026-01-20,96
GR-0000286,PO-0000344,2026-02-09,50
GR-0000287,PO-0000345,2026-04-20,50
GR-0000288,PO-0000346,2025-12-13,50
GR-0000289,PO-0000347,2025-05-04,500
GR-0000290,PO-0000348,2024-12-26,500
GR-0000291,PO-0000349,2026-01-16,100
GR-0000292,PO-0000350,2025-06-15,100
GR-0000293,PO-0000351,2025-01-15,397
GR-0000294,PO-0000353,2026-01-09,500
GR-0000295,PO-0000356,2024-11-20,500
GR-0000296,PO-0000357,2024-12-17,500
GR-0000297,PO-0000358,2024-02-01,100
GR-0000298,PO-0000359,2024-05-15,200
GR-0000299,PO-0000360,2024-11-27,500
GR-0000300,PO-0000363,2026-04-25,1000
GR-0000301,PO-0000366,2025-04-13,500
GR-0000302,PO-0000367,2026-03-16,953
GR-0000303,PO-0000368,2025-07-19,1000
GR-0000304,PO-0000370,2024-04-02,50
GR-0000305,PO-0000371,2024-07-03,50
GR-0000306,PO-0000372,2025-12-14,500
GR-0000307,PO-0000375,2025-12-18,50
GR-0000308,PO-0000378,2026-05-22,50
GR-0000309,PO-0000379,2025-11-05,1000
GR-0000310,PO-0000380,2024-02-06,200
GR-0000311,PO-0000381,2025-08-10,200
GR-0000312,PO-0000382,2025-04-12,50
GR-0000313,PO-0000383,2024-08-28,500
GR-0000314,PO-0000384,2026-01-11,1000
GR-0000315,PO-0000386,2025-07-14,50
GR-0000316,PO-0000387,2026-01-07,1000
GR-0000317,PO-0000391,2025-05-30,100
GR-0000318,PO-0000392,2025-01-06,1000
GR-0000319,PO-0000394,2026-01-26,100
GR-0000320,PO-0000396,2025-03-23,1000
GR-0000321,PO-0000397,2024-06-06,50
GR-0000322,PO-0000398,2026-01-01,200
GR-0000323,PO-0000399,2026-03-05,1000
GR-0000324,PO-0000400,2026-03-12,1000
GR-0000325,PO-0000403,2024-02-25,200
GR-0000326,PO-0000404,2026-02-06,200
GR-0000327,PO-0000405,2026-02-26,100
GR-0000328,PO-0000406,2024-06-03,500
GR-0000329,PO-0000407,2025-09-13,174
GR-0000330,PO-0000408,2025-11-16,1000
GR-0000331,PO-0000409,2025-02-23,50
GR-0000332,PO-0000410,2024-07-23,500
GR-0000333,PO-0000411,2025-12-01,200
GR-0000334,PO-0000412,2026-06-08,50
GR-0000335,PO-0000413,2025-10-28,1000
GR-0000336,PO-0000414,2025-03-16,200
GR-0000337,PO-0000415,2025-03-17,1000
GR-0000338,PO-0000416,2024-04-29,50
GR-0000339,PO-0000417,2025-10-26,50
GR-0000340,PO-0000418,2025-07-27,500
GR-0000341,PO-0000419,2024-02-11,500
GR-0000342,PO-0000421,2025-03-21,500
GR-0000343,PO-0000422,2024-06-27,1000
GR-0000344,PO-0000423,2025-02-17,1000
GR-0000345,PO-0000424,2024-11-04,500
GR-0000346,PO-0000425,2025-02-20,1000
GR-0000347,PO-0000427,2025-09-09,1000
GR-0000348,PO-0000428,2024-12-27,100
GR-0000349,PO-0000429,2025-12-06,1000
GR-0000350,PO-0000431,2025-08-31,500
GR-0000351,PO-0000432,2024-04-30,100
GR-0000352,PO-0000433,2024-11-23,1000
GR-0000353,PO-0000434,2025-10-31,149
GR-0000354,PO-0000435,2024-10-29,100
GR-0000355,PO-0000437,2025-05-20,200
GR-0000356,PO-0000439,2024-11-05,50
GR-0000357,PO-0000440,2024-03-12,1000
GR-0000358,PO-0000441,2025-05-18,100
GR-0000359,PO-0000442,2024-11-29,100
GR-0000360,PO-0000443,2025-12-20,100
GR-0000361,PO-0000444,2025-08-17,100
GR-0000362,PO-0000445,2024-10-17,200
GR-0000363,PO-0000448,2026-06-15,200
GR-0000364,PO-0000449,2025-09-20,50
GR-0000365,PO-0000450,2025-03-21,200
GR-0000366,PO-0000451,2025-05-06,100
GR-0000367,PO-0000452,2024-08-16,100
GR-0000368,PO-0000453,2024-06-13,500
GR-0000369,PO-0000454,2025-04-03,50
GR-0000370,PO-0000455,2024-07-22,50
GR-0000371,PO-0000456,2025-10-01,762
GR-0000372,PO-0000457,2025-05-25,500
GR-0000373,PO-0000458,2026-05-13,87
GR-0000374,PO-0000459,2024-10-11,500
GR-0000375,PO-0000460,2026-01-12,500
GR-0000376,PO-0000461,2025-07-12,50
GR-0000377,PO-0000463,2026-01-13,500
GR-0000378,PO-0000464,2026-04-10,500
GR-0000379,PO-0000465,2025-08-30,50
GR-0000380,PO-0000466,2025-08-08,500
GR-0000381,PO-0000467,2025-09-03,1000
GR-0000382,PO-0000468,2024-06-01,100
GR-0000383,PO-0000469,2025-04-15,1000
GR-0000384,PO-0000470,2025-05-26,100
GR-0000385,PO-0000471,2025-09-18,200
GR-0000386,PO-0000472,2025-04-24,100
GR-0000387,PO-0000474,2026-04-23,50
GR-0000388,PO-0000475,2024-04-08,878
GR-0000389,PO-0000476,2024-12-06,1000
GR-0000390,PO-0000477,2026-05-08,1000
GR-0000391,PO-0000478,2026-01-12,72
GR-0000392,PO-0000479,2026-05-03,500
GR-0000393,PO-0000483,2025-04-13,1000
GR-0000394,PO-0000485,2026-05-21,1000
GR-0000395,PO-0000488,2025-06-11,50
GR-0000396,PO-0000489,2025-04-17,200
GR-0000397,PO-0000490,2024-12-05,50
GR-0000398,PO-0000492,2024-08-11,100
GR-0000399,PO-0000493,2024-08-22,100
GR-0000400,PO-0000494,2026-01-10,500
GR-0000401,PO-0000495,2025-05-24,200
GR-0000402,PO-0000496,2024-09-02,1000
GR-0000403,PO-0000497,2025-07-28,500
GR-0000404,PO-0000498,2025-04-23,50
GR-0000405,PO-0000499,2025-11-28,100
GR-0000406,PO-0000500,2024-09-27,200
GR-0000407,PO-0000501,2025-03-24,100
GR-0000408,PO-0000502,2024-07-08,1000
GR-0000409,PO-0000504,2024-07-04,100
GR-0000410,PO-0000505,2025-07-23,1000
GR-0000411,PO-0000506,2025-09-25,50
GR-0000412,PO-0000507,2024-05-20,500
GR-0000413,PO-0000508,2026-04-28,200
GR-0000414,PO-0000509,2025-09-24,1000
GR-0000415,PO-0000510,2025-08-01,500
GR-0000416,PO-0000511,2024-08-14,200
GR-0000417,PO-0000512,2024-05-04,100
GR-0000418,PO-0000513,2024-10-16,500
GR-0000419,PO-0000514,2025-05-23,500
GR-0000420,PO-0000515,2026-02-06,50
GR-0000421,PO-0000516,2025-08-03,50
GR-0000422,PO-0000517,2024-04-11,500
GR-0000423,PO-0000518,2024-06-27,100
GR-0000424,PO-0000521,2025-07-24,100
GR-0000425,PO-0000522,2025-04-09,1000
GR-0000426,PO-0000523,2025-04-14,200
GR-0000427,PO-0000524,2025-07-24,83
GR-0000428,PO-0000525,2026-04-18,500
GR-0000429,PO-0000526,2025-03-09,100
GR-0000430,PO-0000527,2026-06-22,500
GR-0000431,PO-0000528,2026-03-21,1000
GR-0000432,PO-0000529,2024-08-30,50
GR-0000433,PO-0000530,2025-05-04,141
GR-0000434,PO-0000531,2024-11-06,200
GR-0000435,PO-0000532,2024-07-10,41
GR-0000436,PO-0000533,2024-12-18,50
GR-0000437,PO-0000534,2025-03-24,50
GR-0000438,PO-0000536,2026-03-12,50
GR-0000439,PO-0000538,2024-07-17,50
GR-0000440,PO-0000540,2025-12-04,500
GR-0000441,PO-0000541,2025-03-22,100
GR-0000442,PO-0000542,2026-03-28,50
GR-0000443,PO-0000543,2026-04-04,50
GR-0000444,PO-0000544,2024-11-29,1000
GR-0000445,PO-0000545,2026-02-24,100
GR-0000446,PO-0000546,2025-05-14,1000
GR-0000447,PO-0000547,2025-08-28,200
GR-0000448,PO-0000548,2024-03-31,1000
GR-0000449,PO-0000549,2025-05-06,50
GR-0000450,PO-0000550,2026-03-26,1000
GR-0000451,PO-0000551,2026-05-28,500
GR-0000452,PO-0000552,2025-12-03,200
GR-0000453,PO-0000553,2024-08-02,50
GR-0000454,PO-0000554,2025-06-19,1000
GR-0000455,PO-0000555,2025-10-14,50
GR-0000456,PO-0000556,2026-04-13,50
GR-0000457,PO-0000557,2026-04-12,50
GR-0000458,PO-0000558,2025-08-05,50
GR-0000459,PO-0000559,2025-07-07,100
GR-0000460,PO-0000560,2025-11-23,1000
GR-0000461,PO-0000561,2024-07-08,100
GR-0000462,PO-0000563,2025-01-28,500
GR-0000463,PO-0000564,2024-10-02,1000
GR-0000464,PO-0000565,2025-05-30,500
GR-0000465,PO-0000568,2024-12-08,50
GR-0000466,PO-0000569,2025-09-24,100
GR-0000467,PO-0000570,2025-02-02,1000
GR-0000468,PO-0000571,2026-03-16,50
GR-0000469,PO-0000572,2026-01-22,1000
GR-0000470,PO-0000574,2025-01-24,500
GR-0000471,PO-0000576,2026-04-23,500
GR-0000472,PO-0000577,2024-09-04,100
GR-0000473,PO-0000578,2026-03-15,1000
GR-0000474,PO-0000579,2024-05-14,500
GR-0000475,PO-0000580,2025-04-04,1000
GR-0000476,PO-0000581,2025-11-10,1000
GR-0000477,PO-0000582,2024-10-21,50
GR-0000478,PO-0000583,2025-04-21,200
GR-0000479,PO-0000584,2026-04-05,200
GR-0000480,PO-0000585,2024-03-17,100
GR-0000481,PO-0000586,2024-06-18,50
GR-0000482,PO-0000587,2026-01-18,50
GR-0000483,PO-0000588,2025-08-20,100
GR-0000484,PO-0000589,2026-01-13,50
GR-0000485,PO-0000590,2024-08-03,50
GR-0000486,PO-0000591,2024-05-01,500
GR-0000487,PO-0000592,2024-05-30,50
GR-0000488,PO-0000593,2024-05-05,200
GR-0000489,PO-0000594,2025-07-10,500
GR-0000490,PO-0000595,2025-04-07,100
GR-0000491,PO-0000596,2024-10-18,987
GR-0000492,PO-0000597,2024-11-05,100
GR-0000493,PO-0000598,2026-02-08,500
GR-0000494,PO-0000600,2024-12-18,500
GR-0000495,PO-0000603,2026-03-22,100
GR-0000496,PO-0000604,2024-06-17,100
GR-0000497,PO-0000606,2025-05-19,175
GR-0000498,PO-0000607,2025-09-06,1000
GR-0000499,PO-0000608,2024-04-08,500
GR-0000500,PO-0000609,2025-07-11,500
GR-0000501,PO-0000611,2026-03-13,100
GR-0000502,PO-0000613,2025-04-26,500
GR-0000503,PO-0000614,2024-12-29,500
GR-0000504,PO-0000615,2025-06-25,50
GR-0000505,PO-0000616,2025-07-17,1000
GR-0000506,PO-0000617,2024-08-20,200
GR-0000507,PO-0000618,2025-05-22,100
GR-0000508,PO-0000619,2025-05-18,50
GR-0000509,PO-0000620,2025-08-03,100
GR-0000510,PO-0000621,2025-04-26,50
GR-0000511,PO-0000622,2026-01-27,50
GR-0000512,PO-0000623,2026-04-14,1000
GR-0000513,PO-0000625,2025-11-23,100
GR-0000514,PO-0000626,2026-03-22,500
GR-0000515,PO-0000627,2024-01-17,1000
GR-0000516,PO-0000628,2025-06-23,100
GR-0000517,PO-0000629,2024-04-15,1000
GR-0000518,PO-0000630,2024-04-10,100
GR-0000519,PO-0000631,2025-11-25,1000
GR-0000520,PO-0000632,2024-07-16,200
GR-0000521,PO-0000633,2024-08-21,500
GR-0000522,PO-0000634,2026-05-07,50
GR-0000523,PO-0000635,2024-07-06,50
GR-0000524,PO-0000637,2024-04-09,500
GR-0000525,PO-0000638,2024-12-05,500
GR-0000526,PO-0000639,2025-10-19,1000
GR-0000527,PO-0000641,2024-05-29,50
GR-0000528,PO-0000642,2025-04-01,50
GR-0000529,PO-0000643,2025-12-12,100
GR-0000530,PO-0000644,2024-02-17,50
GR-0000531,PO-0000645,2024-02-19,100
GR-0000532,PO-0000646,2025-11-01,100
GR-0000533,PO-0000647,2025-01-17,500
GR-0000534,PO-0000648,2025-12-09,200
GR-0000535,PO-0000649,2026-05-11,200
GR-0000536,PO-0000650,2024-07-24,1000
GR-0000537,PO-0000651,2025-01-02,200
GR-0000538,PO-0000652,2024-10-02,1000
GR-0000539,PO-0000653,2024-08-12,50
GR-0000540,PO-0000654,2026-02-11,1000
GR-0000541,PO-0000655,2026-05-26,1000
GR-0000542,PO-0000656,2024-06-10,50
GR-0000543,PO-0000658,2025-07-06,200
GR-0000544,PO-0000659,2024-11-09,1000
GR-0000545,PO-0000660,2024-07-14,200
GR-0000546,PO-0000661,2025-01-13,200
GR-0000547,PO-0000662,2024-07-29,50
GR-0000548,PO-0000663,2024-04-14,50
GR-0000549,PO-0000664,2025-10-23,1000
GR-0000550,PO-0000665,2026-02-07,1000
GR-0000551,PO-0000666,2024-06-11,50
GR-0000552,PO-0000667,2026-03-14,500
GR-0000553,PO-0000668,2024-10-05,200
GR-0000554,PO-0000669,2025-07-07,50
GR-0000555,PO-0000670,2024-11-24,200
GR-0000556,PO-0000671,2025-08-12,50
GR-0000557,PO-0000672,2024-10-15,1000
GR-0000558,PO-0000673,2025-09-27,500
GR-0000559,PO-0000674,2025-12-27,100
GR-0000560,PO-0000675,2025-10-11,1000
GR-0000561,PO-0000676,2024-12-16,500
GR-0000562,PO-0000677,2025-11-03,50
GR-0000563,PO-0000678,2025-11-07,50
GR-0000564,PO-0000679,2024-08-27,100
GR-0000565,PO-0000680,2024-12-15,500
GR-0000566,PO-0000683,2026-01-18,1000
GR-0000567,PO-0000684,2024-09-29,500
GR-0000568,PO-0000685,2024-08-23,100
GR-0000569,PO-0000686,2025-04-18,100
GR-0000570,PO-0000688,2024-04-07,100
GR-0000571,PO-0000689,2025-09-23,500
GR-0000572,PO-0000690,2024-08-18,500
GR-0000573,PO-0000691,2026-02-20,1000
GR-0000574,PO-0000692,2026-01-12,200
GR-0000575,PO-0000694,2026-04-25,200
GR-0000576,PO-0000695,2025-12-27,50
GR-0000577,PO-0000696,2024-03-24,200
GR-0000578,PO-0000698,2024-12-13,100
GR-0000579,PO-0000699,2026-04-04,1000
GR-0000580,PO-0000700,2026-05-09,1000
GR-0000581,PO-0000701,2026-04-29,200
GR-0000582,PO-0000702,2024-07-18,1000
GR-0000583,PO-0000703,2024-10-05,100
GR-0000584,PO-0000704,2025-10-22,100
GR-0000585,PO-0000705,2024-10-01,500
GR-0000586,PO-0000706,2026-03-06,50
GR-0000587,PO-0000707,2026-02-20,1000
GR-0000588,PO-0000711,2025-02-18,500
GR-0000589,PO-0000712,2024-10-12,50
GR-0000590,PO-0000713,2025-10-18,79
GR-0000591,PO-0000714,2026-01-13,50
GR-0000592,PO-0000715,2026-02-17,200
GR-0000593,PO-0000717,2024-06-21,50
GR-0000594,PO-0000718,2024-06-12,88
GR-0000595,PO-0000719,2026-04-20,500
GR-0000596,PO-0000720,2026-04-25,50
GR-0000597,PO-0000722,2025-10-05,500
GR-0000598,PO-0000723,2024-05-28,500
GR-0000599,PO-0000724,2026-03-05,200
GR-0000600,PO-0000725,2025-11-22,500
GR-0000601,PO-0000726,2024-02-10,1000
GR-0000602,PO-0000727,2025-08-22,100
GR-0000603,PO-0000729,2026-01-03,200
GR-0000604,PO-0000730,2024-04-25,500
GR-0000605,PO-0000731,2024-03-15,500
GR-0000606,PO-0000732,2024-05-14,500
GR-0000607,PO-0000733,2025-10-13,100
GR-0000608,PO-0000734,2024-03-15,50
GR-0000609,PO-0000735,2024-05-24,100
GR-0000610,PO-0000736,2026-03-06,1000
GR-0000611,PO-0000737,2026-01-02,50
GR-0000612,PO-0000739,2025-05-10,1000
GR-0000613,PO-0000740,2024-05-19,500
GR-0000614,PO-0000743,2026-03-11,50
GR-0000615,PO-0000744,2026-03-16,500
GR-0000616,PO-0000745,2024-04-23,1000
GR-0000617,PO-0000746,2024-02-22,50
GR-0000618,PO-0000747,2025-06-17,100
GR-0000619,PO-0000748,2024-10-18,88
GR-0000620,PO-0000749,2025-02-14,500
GR-0000621,PO-0000750,2024-04-15,1000
GR-0000622,PO-0000751,2024-09-02,200
GR-0000623,PO-0000752,2025-06-14,100
GR-0000624,PO-0000753,2024-12-29,1000
GR-0000625,PO-0000754,2024-04-09,1000
GR-0000626,PO-0000755,2025-05-17,1000
GR-0000627,PO-0000756,2024-09-08,50
GR-0000628,PO-0000757,2024-04-14,500
GR-0000629,PO-0000758,2025-11-04,500
GR-0000630,PO-0000759,2024-08-11,200
GR-0000631,PO-0000760,2024-04-30,500
GR-0000632,PO-0000761,2025-11-13,100
GR-0000633,PO-0000763,2025-10-17,500
GR-0000634,PO-0000764,2025-04-01,964
GR-0000635,PO-0000765,2025-03-25,50
GR-0000636,PO-0000766,2026-05-19,50
GR-0000637,PO-0000769,2025-05-21,166
GR-0000638,PO-0000770,2026-02-05,500
GR-0000639,PO-0000772,2025-03-16,200
GR-0000640,PO-0000773,2026-04-29,100
GR-0000641,PO-0000775,2025-02-27,50
GR-0000642,PO-0000776,2026-02-06,50
GR-0000643,PO-0000777,2024-10-08,760
GR-0000644,PO-0000778,2026-04-06,100
GR-0000645,PO-0000779,2024-11-28,50
GR-0000646,PO-0000781,2025-11-25,200
GR-0000647,PO-0000782,2024-08-02,500
GR-0000648,PO-0000783,2024-11-02,50
GR-0000649,PO-0000785,2024-06-02,500
GR-0000650,PO-0000786,2025-06-29,200
GR-0000651,PO-0000787,2025-05-25,1000
GR-0000652,PO-0000788,2024-07-26,200
GR-0000653,PO-0000789,2024-07-08,200
GR-0000654,PO-0000790,2024-07-16,86
GR-0000655,PO-0000791,2024-10-30,200
GR-0000656,PO-0000796,2025-06-20,200
GR-0000657,PO-0000797,2025-09-08,100
GR-0000658,PO-0000798,2024-03-21,100
GR-0000659,PO-0000799,2024-09-07,500
GR-0000660,PO-0000800,2024-11-19,100
GR-0000661,PO-0000801,2024-05-15,1000
GR-0000662,PO-0000802,2025-02-18,500
GR-0000663,PO-0000803,2024-02-10,200
GR-0000664,PO-0000804,2026-02-26,500
GR-0000665,PO-0000805,2026-03-10,500
GR-0000666,PO-0000807,2026-03-04,500
GR-0000667,PO-0000808,2024-08-03,1000
GR-0000668,PO-0000809,2025-08-21,500
GR-0000669,PO-0000810,2025-07-10,1000
GR-0000670,PO-0000811,2025-12-01,500
GR-0000671,PO-0000812,2025-06-13,100
GR-0000672,PO-0000813,2025-10-03,500
GR-0000673,PO-0000814,2026-01-01,50
GR-0000674,PO-0000816,2025-01-11,100
GR-0000675,PO-0000817,2024-03-12,200
GR-0000676,PO-0000818,2024-05-05,1000
GR-0000677,PO-0000819,2026-05-09,200
GR-0000678,PO-0000820,2024-02-14,100
GR-0000679,PO-0000821,2024-07-21,50
GR-0000680,PO-0000822,2025-07-21,1000
GR-0000681,PO-0000823,2025-05-23,50
GR-0000682,PO-0000825,2025-08-05,200
GR-0000683,PO-0000827,2026-01-06,100
GR-0000684,PO-0000828,2024-05-07,50
GR-0000685,PO-0000829,2024-02-26,1000
GR-0000686,PO-0000830,2026-04-05,50
GR-0000687,PO-0000831,2024-07-23,200
GR-0000688,PO-0000832,2024-07-08,1000
GR-0000689,PO-0000833,2024-05-25,1000
GR-0000690,PO-0000836,2025-01-22,1000
GR-0000691,PO-0000837,2025-02-25,500
GR-0000692,PO-0000838,2025-08-09,100
GR-0000693,PO-0000839,2024-03-28,50
GR-0000694,PO-0000843,2026-01-20,50
GR-0000695,PO-0000844,2024-07-10,359
GR-0000696,PO-0000846,2024-09-17,500
GR-0000697,PO-0000847,2025-09-17,200
GR-0000698,PO-0000848,2025-06-06,1000
GR-0000699,PO-0000849,2025-06-10,500
GR-0000700,PO-0000851,2025-09-28,200
GR-0000701,PO-0000852,2025-12-25,1000
GR-0000702,PO-0000853,2025-08-09,200
GR-0000703,PO-0000855,2025-03-08,500
GR-0000704,PO-0000856,2024-11-27,100
GR-0000705,PO-0000857,2026-04-06,50
GR-0000706,PO-0000858,2024-07-25,1000
GR-0000707,PO-0000859,2025-10-06,200
GR-0000708,PO-0000860,2025-01-20,1000
GR-0000709,PO-0000862,2025-02-07,50
GR-0000710,PO-0000863,2024-11-23,50
GR-0000711,PO-0000864,2025-12-27,500
GR-0000712,PO-0000865,2025-02-08,1000
GR-0000713,PO-0000866,2026-01-13,100
GR-0000714,PO-0000867,2025-04-16,100
GR-0000715,PO-0000868,2024-09-11,200
GR-0000716,PO-0000869,2026-02-10,1000
GR-0000717,PO-0000870,2025-05-10,500
GR-0000718,PO-0000871,2025-11-30,1000
GR-0000719,PO-0000872,2025-05-11,1000
GR-0000720,PO-0000873,2025-11-19,500
GR-0000721,PO-0000874,2025-04-30,1000
GR-0000722,PO-0000875,2025-12-20,200
GR-0000723,PO-0000876,2025-10-29,100
GR-0000724,PO-0000877,2025-04-14,100
GR-0000725,PO-0000878,2025-06-11,500
GR-0000726,PO-0000879,2024-02-09,200
GR-0000727,PO-0000880,2024-03-22,500
GR-0000728,PO-0000881,2025-03-09,200
GR-0000729,PO-0000882,2024-06-15,100
GR-0000730,PO-0000883,2025-08-04,200
GR-0000731,PO-0000884,2026-05-24,200
GR-0000732,PO-0000885,2024-10-05,100
GR-0000733,PO-0000886,2024-11-03,1000
GR-0000734,PO-0000888,2025-02-27,500
GR-0000735,PO-0000889,2024-03-10,50
GR-0000736,PO-0000890,2025-01-29,50
GR-0000737,PO-0000891,2025-04-01,200
GR-0000738,PO-0000893,2025-11-28,500
GR-0000739,PO-0000894,2025-06-06,500
GR-0000740,PO-0000895,2026-05-31,100
GR-0000741,PO-0000896,2026-02-04,1000
GR-0000742,PO-0000897,2025-05-09,100
GR-0000743,PO-0000898,2024-05-09,50
GR-0000744,PO-0000899,2026-01-17,500
GR-0000745,PO-0000900,2024-05-29,200
GR-0000746,PO-0000903,2025-11-16,757
GR-0000747,PO-0000904,2024-07-10,50
GR-0000748,PO-0000905,2024-06-02,50
GR-0000749,PO-0000906,2026-06-27,500
GR-0000750,PO-0000907,2026-03-12,500
GR-0000751,PO-0000908,2026-06-15,200
GR-0000752,PO-0000909,2024-09-26,1000
GR-0000753,PO-0000910,2025-05-21,50
GR-0000754,PO-0000911,2025-03-23,500
GR-0000755,PO-0000914,2026-01-25,50
GR-0000756,PO-0000915,2025-08-29,50
GR-0000757,PO-0000916,2025-06-09,100
GR-0000758,PO-0000917,2025-06-23,200
GR-0000759,PO-0000918,2025-10-15,200
GR-0000760,PO-0000919,2025-09-01,500
GR-0000761,PO-0000920,2025-05-10,200
GR-0000762,PO-0000921,2025-01-31,1000
GR-0000763,PO-0000922,2024-06-29,200
GR-0000764,PO-0000924,2025-07-15,1000
GR-0000765,PO-0000926,2024-11-27,50
GR-0000766,PO-0000927,2025-06-03,500
GR-0000767,PO-0000928,2024-12-23,50
GR-0000768,PO-0000930,2024-11-25,200
GR-0000769,PO-0000931,2025-02-18,50
GR-0000770,PO-0000932,2024-08-04,500
GR-0000771,PO-0000933,2024-07-24,50
GR-0000772,PO-0000934,2024-05-27,200
GR-0000773,PO-0000935,2025-05-25,500
GR-0000774,PO-0000936,2024-07-28,500
GR-0000775,PO-0000937,2026-01-11,100
GR-0000776,PO-0000938,2024-12-12,500
GR-0000777,PO-0000939,2024-06-14,200
GR-0000778,PO-0000940,2025-07-04,50
GR-0000779,PO-0000941,2025-09-21,200
GR-0000780,PO-0000942,2024-08-16,100
GR-0000781,PO-0000943,2024-12-21,200
GR-0000782,PO-0000945,2025-12-14,50
GR-0000783,PO-0000946,2024-07-02,500
GR-0000784,PO-0000947,2025-11-10,1000
GR-0000785,PO-0000948,2026-04-20,200
GR-0000786,PO-0000949,2024-03-22,100
GR-0000787,PO-0000950,2026-05-02,1000
GR-0000788,PO-0000952,2024-03-15,500
GR-0000789,PO-0000953,2024-03-13,200
GR-0000790,PO-0000955,2025-05-16,500
GR-0000791,PO-0000956,2026-05-24,500
GR-0000792,PO-0000959,2025-05-20,500
GR-0000793,PO-0000960,2025-05-06,100
GR-0000794,PO-0000961,2025-11-07,500
GR-0000795,PO-0000962,2025-12-27,200
GR-0000796,PO-0000963,2024-04-10,500
GR-0000797,PO-0000965,2024-11-29,100
GR-0000798,PO-0000966,2024-07-16,1000
GR-0000799,PO-0000967,2024-09-21,50
GR-0000800,PO-0000969,2025-07-14,826
GR-0000801,PO-0000971,2025-10-24,50
GR-0000802,PO-0000972,2024-07-27,200
GR-0000803,PO-0000973,2024-07-12,200
GR-0000804,PO-0000974,2024-02-14,100
GR-0000805,PO-0000975,2024-04-30,200
GR-0000806,PO-0000976,2025-08-15,500
GR-0000807,PO-0000977,2025-06-01,1000
GR-0000808,PO-0000978,2024-04-11,50
GR-0000809,PO-0000979,2024-04-16,500
GR-0000810,PO-0000984,2024-06-29,500
GR-0000811,PO-0000985,2025-11-25,500
GR-0000812,PO-0000986,2024-05-14,50
GR-0000813,PO-0000987,2025-07-10,1000
GR-0000814,PO-0000989,2025-09-16,200
GR-0000815,PO-0000990,2024-05-31,50
GR-0000816,PO-0000991,2025-04-22,200
GR-0000817,PO-0000992,2026-05-24,1000
GR-0000818,PO-0000993,2024-12-19,200
GR-0000819,PO-0000994,2026-02-16,500
GR-0000820,PO-0000995,2025-05-29,50
GR-0000821,PO-0000997,2024-08-22,500
GR-0000822,PO-0000999,2025-06-21,500
GR-0000823,PO-0001001,2025-07-30,50
GR-0000824,PO-0001002,2025-10-19,500
GR-0000825,PO-0001004,2024-12-18,394
GR-0000826,PO-0001005,2024-08-23,100
GR-0000827,PO-0001006,2024-04-23,50
GR-0000828,PO-0001007,2026-01-23,1000
GR-0000829,PO-0001008,2025-04-22,500
GR-0000830,PO-0001009,2024-10-21,500
GR-0000831,PO-0001010,2026-02-17,200
GR-0000832,PO-0001011,2024-11-27,1000
GR-0000833,PO-0001012,2025-07-30,1000
GR-0000834,PO-0001013,2024-05-21,1000
GR-0000835,PO-0001014,2026-06-01,1000
GR-0000836,PO-0001015,2025-01-30,500
GR-0000837,PO-0001016,2024-10-07,50
GR-0000838,PO-0001018,2024-07-28,50
GR-0000839,PO-0001019,2024-12-21,480
GR-0000840,PO-0001020,2024-09-02,100
GR-0000841,PO-0001022,2024-04-01,200
GR-0000842,PO-0001024,2024-06-06,100
GR-0000843,PO-0001025,2025-03-26,500
GR-0000844,PO-0001026,2026-04-22,100
GR-0000845,PO-0001028,2024-11-14,100
GR-0000846,PO-0001029,2025-01-11,100
GR-0000847,PO-0001030,2025-08-15,1000
GR-0000848,PO-0001031,2025-03-31,100
GR-0000849,PO-0001035,2024-02-22,100
GR-0000850,PO-0001036,2025-09-07,500
GR-0000851,PO-0001037,2025-11-27,50
GR-0000852,PO-0001038,2026-05-05,1000
GR-0000853,PO-0001039,2024-01-25,50
GR-0000854,PO-0001040,2025-12-16,200
GR-0000855,PO-0001042,2024-03-23,177
GR-0000856,PO-0001043,2024-11-28,1000
GR-0000857,PO-0001044,2025-09-19,1000
GR-0000858,PO-0001045,2024-09-22,1000
GR-0000859,PO-0001046,2026-01-28,1000
GR-0000860,PO-0001048,2025-04-20,500
GR-0000861,PO-0001051,2025-05-15,200
GR-0000862,PO-0001053,2024-09-06,100
GR-0000863,PO-0001054,2025-06-07,500
GR-0000864,PO-0001056,2026-05-29,200
GR-0000865,PO-0001057,2025-10-30,500
GR-0000866,PO-0001059,2024-04-05,100
GR-0000867,PO-0001060,2025-11-05,500
GR-0000868,PO-0001061,2025-10-21,500
GR-0000869,PO-0001062,2025-05-31,500
GR-0000870,PO-0001063,2026-05-04,50
GR-0000871,PO-0001064,2024-02-06,1000
GR-0000872,PO-0001065,2024-10-29,200
GR-0000873,PO-0001066,2024-06-18,50
GR-0000874,PO-0001067,2025-10-14,1000
GR-0000875,PO-0001069,2025-09-24,100
GR-0000876,PO-0001070,2024-08-26,100
GR-0000877,PO-0001071,2026-01-01,500
GR-0000878,PO-0001072,2024-12-17,100
GR-0000879,PO-0001073,2024-08-26,50
GR-0000880,PO-0001074,2026-05-25,200
GR-0000881,PO-0001075,2025-01-29,50
GR-0000882,PO-0001076,2026-03-16,200
GR-0000883,PO-0001077,2024-08-21,200
GR-0000884,PO-0001078,2024-05-07,50
GR-0000885,PO-0001079,2025-01-31,98
GR-0000886,PO-0001080,2025-05-08,50
GR-0000887,PO-0001081,2024-08-27,1000
GR-0000888,PO-0001082,2026-03-12,1000
GR-0000889,PO-0001083,2025-01-10,95
GR-0000890,PO-0001084,2026-03-02,50
GR-0000891,PO-0001085,2025-06-19,500
GR-0000892,PO-0001086,2026-02-01,167
GR-0000893,PO-0001087,2025-03-04,1000
GR-0000894,PO-0001089,2024-07-30,200
GR-0000895,PO-0001090,2025-05-15,1000
GR-0000896,PO-0001091,2025-04-06,500
GR-0000897,PO-0001092,2024-08-06,500
GR-0000898,PO-0001093,2025-08-16,50
GR-0000899,PO-0001094,2025-02-16,50
GR-0000900,PO-0001095,2026-01-07,200
GR-0000901,PO-0001097,2026-04-29,200
GR-0000902,PO-0001098,2025-11-29,50
GR-0000903,PO-0001099,2025-03-16,100
GR-0000904,PO-0001100,2025-05-22,500
GR-0000905,PO-0001101,2026-03-07,500
GR-0000906,PO-0001102,2024-12-04,50
GR-0000907,PO-0001103,2025-04-12,500
GR-0000908,PO-0001105,2024-12-17,1000
GR-0000909,PO-0001107,2025-07-17,500
GR-0000910,PO-0001108,2024-08-01,50
GR-0000911,PO-0001109,2025-06-05,50
GR-0000912,PO-0001110,2025-07-22,50
GR-0000913,PO-0001111,2025-03-09,500
GR-0000914,PO-0001112,2024-05-31,100
GR-0000915,PO-0001114,2024-08-29,1000
GR-0000916,PO-0001115,2025-11-12,100
GR-0000917,PO-0001116,2025-06-06,1000
GR-0000918,PO-0001117,2026-05-07,200
GR-0000919,PO-0001119,2025-04-25,500
GR-0000920,PO-0001120,2024-09-25,100
GR-0000921,PO-0001122,2026-04-06,1000
GR-0000922,PO-0001123,2025-05-20,100
GR-0000923,PO-0001124,2025-12-02,500
GR-0000924,PO-0001125,2026-02-10,100
GR-0000925,PO-0001126,2024-05-06,1000
GR-0000926,PO-0001127,2024-07-16,50
GR-0000927,PO-0001128,2025-03-23,100
GR-0000928,PO-0001130,2024-09-14,500
GR-0000929,PO-0001131,2025-12-15,50
GR-0000930,PO-0001132,2024-09-04,100
GR-0000931,PO-0001133,2024-02-15,50
GR-0000932,PO-0001134,2024-08-05,100
GR-0000933,PO-0001135,2025-08-29,100
GR-0000934,PO-0001136,2025-01-23,200
GR-0000935,PO-0001137,2024-09-27,500
GR-0000936,PO-0001138,2025-04-20,181
GR-0000937,PO-0001141,2024-06-11,200
GR-0000938,PO-0001142,2025-01-17,50
GR-0000939,PO-0001143,2026-03-21,100
GR-0000940,PO-0001144,2024-12-01,100
GR-0000941,PO-0001145,2024-06-12,200
GR-0000942,PO-0001146,2025-09-27,500
GR-0000943,PO-0001148,2026-05-21,200
GR-0000944,PO-0001149,2025-12-18,100
GR-0000945,PO-0001150,2025-07-07,143
GR-0000946,PO-0001151,2024-08-27,100
GR-0000947,PO-0001152,2024-09-15,1000
GR-0000948,PO-0001153,2025-10-19,75
GR-0000949,PO-0001154,2024-04-10,200
GR-0000950,PO-0001155,2024-06-23,500
GR-0000951,PO-0001156,2024-11-18,1000
GR-0000952,PO-0001157,2025-02-08,1000
GR-0000953,PO-0001159,2024-02-03,1000
GR-0000954,PO-0001160,2025-03-08,500
GR-0000955,PO-0001161,2024-03-28,50
GR-0000956,PO-0001162,2026-02-28,200
GR-0000957,PO-0001164,2024-09-20,100
GR-0000958,PO-0001165,2025-12-11,100
GR-0000959,PO-0001166,2024-10-22,1000
GR-0000960,PO-0001169,2026-05-18,445
GR-0000961,PO-0001170,2025-09-14,200
GR-0000962,PO-0001171,2026-04-26,200
GR-0000963,PO-0001172,2025-02-25,200
GR-0000964,PO-0001173,2025-07-27,500
GR-0000965,PO-0001174,2024-08-13,100
GR-0000966,PO-0001175,2024-09-07,50
GR-0000967,PO-0001176,2025-05-14,1000
GR-0000968,PO-0001177,2025-01-04,50
GR-0000969,PO-0001178,2024-02-12,50
GR-0000970,PO-0001179,2025-07-01,38
GR-0000971,PO-0001180,2025-06-14,200
GR-0000972,PO-0001181,2025-01-31,500
GR-0000973,PO-0001182,2026-05-13,35
GR-0000974,PO-0001184,2026-06-03,100
GR-0000975,PO-0001185,2025-06-25,500
GR-0000976,PO-0001187,2024-12-08,500
GR-0000977,PO-0001189,2025-11-24,50
GR-0000978,PO-0001190,2026-05-07,1000
GR-0000979,PO-0001191,2025-09-09,500
GR-0000980,PO-0001194,2024-11-25,89
GR-0000981,PO-0001195,2024-07-06,1000
GR-0000982,PO-0001196,2026-04-02,1000
GR-0000983,PO-0001197,2026-03-16,500
GR-0000984,PO-0001198,2024-05-25,200
GR-0000985,PO-0001199,2026-03-20,50
GR-0000986,PO-0001200,2024-04-28,792
GR-0000987,PO-0001201,2026-04-24,100
GR-0000988,PO-0001202,2025-01-14,100
GR-0000989,PO-0001203,2025-05-19,100
GR-0000990,PO-0001204,2024-12-24,200
GR-0000991,PO-0001205,2025-09-30,500
GR-0000992,PO-0001206,2024-07-16,100
GR-0000993,PO-0001209,2024-07-11,50
GR-0000994,PO-0001210,2024-03-28,903
GR-0000995,PO-0001211,2025-03-27,50
GR-0000996,PO-0001212,2024-11-23,500
GR-0000997,PO-0001213,2024-11-17,100
GR-0000998,PO-0001217,2025-01-14,1000
GR-0000999,PO-0001218,2024-03-08,50
GR-0001000,PO-0001219,2026-03-09,50
GR-0001001,PO-0001220,2025-12-03,500
GR-0001002,PO-0001222,2024-11-17,50
GR-0001003,PO-0001223,2026-01-26,500
GR-0001004,PO-0001224,2024-08-21,500
GR-0001005,PO-0001225,2026-04-17,1000
GR-0001006,PO-0001227,2024-08-11,1000
GR-0001007,PO-0001228,2024-06-28,50
GR-0001008,PO-0001229,2024-04-09,50
GR-0001009,PO-0001230,2026-01-01,50
GR-0001010,PO-0001231,2025-05-06,100
GR-0001011,PO-0001232,2025-10-08,1000
GR-0001012,PO-0001234,2025-08-06,100
GR-0001013,PO-0001235,2024-05-10,1000
GR-0001014,PO-0001237,2025-07-30,90
GR-0001015,PO-0001238,2026-01-18,200
GR-0001016,PO-0001240,2024-05-06,200
GR-0001017,PO-0001241,2024-12-21,50
GR-0001018,PO-0001243,2025-03-03,50
GR-0001019,PO-0001244,2025-09-24,500
GR-0001020,PO-0001245,2024-03-24,100
GR-0001021,PO-0001246,2026-01-08,1000
GR-0001022,PO-0001247,2025-07-23,100
GR-0001023,PO-0001248,2024-03-24,200
GR-0001024,PO-0001249,2026-04-22,500
GR-0005121,PO-0006276,2025-10-08,1000
GR-0005122,PO-0006277,2025-10-25,500
GR-0005123,PO-0006278,2024-04-17,500
GR-0005124,PO-0006279,2025-11-23,100
GR-0005125,PO-0006282,2025-07-12,500
GR-0005126,PO-0006283,2026-04-05,50
GR-0005127,PO-0006284,2024-09-14,1000
GR-0005128,PO-0006285,2024-04-22,100
GR-0005129,PO-0006286,2026-05-09,1000
GR-0005130,PO-0006287,2025-04-28,200
GR-0005131,PO-0006288,2024-03-10,763
GR-0005132,PO-0006289,2024-03-20,464
GR-0005133,PO-0006290,2025-02-05,46
GR-0005134,PO-0006291,2024-04-05,200
GR-0005135,PO-0006292,2025-12-19,200
GR-0005136,PO-0006293,2025-10-29,100
GR-0005137,PO-0006294,2024-07-31,1000
GR-0005138,PO-0006295,2025-02-09,200
GR-0005139,PO-0006296,2024-04-16,79
GR-0005140,PO-0006298,2024-02-22,50
GR-0005141,PO-0006299,2026-05-11,50
GR-0005142,PO-0006300,2024-02-08,100
GR-0005143,PO-0006301,2024-11-28,42
GR-0005144,PO-0006302,2025-12-24,200
GR-0005145,PO-0006304,2025-01-05,1000
GR-0005146,PO-0006305,2024-12-10,826
GR-0005147,PO-0006306,2026-04-05,93
GR-0005148,PO-0006308,2025-09-28,500
GR-0005149,PO-0006309,2025-11-27,500
GR-0005150,PO-0006310,2024-10-18,500
GR-0005151,PO-0006311,2024-07-16,1000
GR-0005152,PO-0006312,2026-02-08,50
GR-0005153,PO-0006313,2025-04-10,200
GR-0005154,PO-0006314,2025-12-11,50
GR-0005155,PO-0006315,2025-08-30,500
GR-0005156,PO-0006316,2024-09-06,500
GR-0005157,PO-0006317,2025-01-29,100
GR-0005158,PO-0006318,2024-10-05,200
GR-0005159,PO-0006320,2024-07-05,100
GR-0005160,PO-0006321,2024-04-05,200
GR-0005161,PO-0006323,2025-01-03,100
GR-0005162,PO-0006324,2026-03-12,500
GR-0005163,PO-0006325,2025-04-02,100
GR-0005164,PO-0006326,2025-03-08,43
GR-0005165,PO-0006327,2025-08-29,50
GR-0005166,PO-0006328,2025-10-08,500
GR-0005167,PO-0006329,2025-07-24,1000
GR-0005168,PO-0006330,2026-05-14,1000
GR-0005169,PO-0006331,2025-09-28,500
GR-0005170,PO-0006332,2025-05-22,500
GR-0005171,PO-0006333,2024-07-11,100
GR-0005172,PO-0006334,2024-04-21,1000
GR-0005173,PO-0006336,2024-09-28,100
GR-0005174,PO-0006337,2025-09-30,50
GR-0005175,PO-0006338,2025-02-09,200
GR-0005176,PO-0006339,2024-12-31,100
GR-0005177,PO-0006340,2024-06-14,100
GR-0005178,PO-0006341,2025-03-18,200
GR-0005179,PO-0006343,2026-06-07,1000
GR-0005180,PO-0006344,2026-01-17,50
GR-0005181,PO-0006345,2025-07-02,200
GR-0005182,PO-0006347,2024-10-31,50
GR-0005183,PO-0006348,2026-05-19,1000
GR-0005184,PO-0006349,2025-09-05,500
GR-0005185,PO-0006350,2026-05-17,50
GR-0005186,PO-0006351,2025-10-24,493
GR-0005187,PO-0006352,2026-03-18,50
GR-0005188,PO-0006353,2025-04-13,200
GR-0005189,PO-0006354,2024-10-08,50
GR-0005190,PO-0006355,2025-05-31,500
GR-0005191,PO-0006356,2026-04-06,500
GR-0005192,PO-0006358,2025-07-15,200
GR-0005193,PO-0006359,2025-12-23,1000
GR-0005194,PO-0006360,2025-04-19,1000
GR-0005195,PO-0006361,2025-05-20,50
GR-0005196,PO-0006362,2024-03-24,100
GR-0005197,PO-0006363,2025-05-12,50
GR-0005198,PO-0006364,2025-09-30,910
GR-0005199,PO-0006365,2024-12-19,50
GR-0005200,PO-0006366,2025-08-27,50
GR-0005201,PO-0006367,2025-03-04,1000
GR-0005202,PO-0006368,2025-07-16,50
GR-0005203,PO-0006369,2025-01-22,500
GR-0005204,PO-0006370,2025-04-26,100
GR-0005205,PO-0006371,2026-05-11,50
GR-0005206,PO-0006373,2024-03-26,100
GR-0005207,PO-0006374,2025-10-17,1000
GR-0005208,PO-0006375,2024-07-11,100
GR-0005209,PO-0006376,2025-11-28,100
GR-0005210,PO-0006377,2025-03-06,39
GR-0005211,PO-0006378,2024-06-06,500
GR-0005212,PO-0006380,2024-09-15,200
GR-0005213,PO-0006381,2024-03-06,43
GR-0005214,PO-0006382,2024-07-01,500
GR-0005215,PO-0006383,2024-03-18,500
GR-0005216,PO-0006385,2024-09-21,500
GR-0005217,PO-0006386,2024-08-04,200
GR-0005218,PO-0006387,2024-09-07,100
GR-0005219,PO-0006388,2025-12-22,100
GR-0005220,PO-0006389,2025-04-01,100
GR-0005221,PO-0006390,2024-10-03,200
GR-0005222,PO-0006391,2025-08-05,1000
GR-0005223,PO-0006392,2024-06-09,200
GR-0005224,PO-0006393,2025-04-23,84
GR-0005225,PO-0006396,2025-10-20,1000
GR-0005226,PO-0006397,2025-02-26,200
GR-0005227,PO-0006398,2025-01-28,500
GR-0005228,PO-0006399,2025-09-28,1000
GR-0005229,PO-0006402,2024-12-07,200
GR-0005230,PO-0006403,2025-05-31,100
GR-0005231,PO-0006404,2024-04-17,500
GR-0005232,PO-0006405,2024-11-10,500
GR-0005233,PO-0006406,2024-10-19,50
GR-0005234,PO-0006407,2025-11-28,100
GR-0005235,PO-0006408,2026-02-18,200
GR-0005236,PO-0006409,2026-02-17,500
GR-0005237,PO-0006410,2024-05-29,50
GR-0005238,PO-0006411,2026-02-05,100
GR-0005239,PO-0006412,2024-02-07,500
GR-0005240,PO-0006413,2024-01-22,100
GR-0005241,PO-0006414,2024-06-24,181
GR-0005242,PO-0006415,2024-08-18,1000
GR-0005243,PO-0006416,2024-05-05,50
GR-0005244,PO-0006417,2024-07-12,500
GR-0005245,PO-0006418,2025-11-06,50
GR-0005246,PO-0006419,2024-07-10,500
GR-0005247,PO-0006420,2025-12-18,100
GR-0005248,PO-0006421,2025-03-27,500
GR-0005249,PO-0006422,2024-06-22,500
GR-0005250,PO-0006424,2025-10-28,200
GR-0005251,PO-0006425,2025-06-03,200
GR-0005252,PO-0006426,2024-09-07,500
GR-0005253,PO-0006427,2026-03-06,500
GR-0005254,PO-0006428,2025-01-08,100
GR-0005255,PO-0006429,2024-08-23,100
GR-0005256,PO-0006430,2025-06-04,500
GR-0005257,PO-0006431,2025-09-07,1000
GR-0005258,PO-0006432,2024-04-28,1000
GR-0005259,PO-0006433,2024-08-07,100
GR-0005260,PO-0006434,2025-12-16,1000
GR-0005261,PO-0006435,2025-02-15,200
GR-0005262,PO-0006436,2025-06-29,100
GR-0005263,PO-0006437,2024-03-12,500
GR-0005264,PO-0006438,2024-03-29,200
GR-0005265,PO-0006439,2024-08-11,100
GR-0005266,PO-0006442,2024-10-21,200
GR-0005267,PO-0006443,2024-11-05,50
GR-0005268,PO-0006444,2024-02-11,500
GR-0005269,PO-0006445,2025-08-12,1000
GR-0005270,PO-0006446,2024-03-20,1000
GR-0005271,PO-0006447,2026-05-02,100
GR-0005272,PO-0006448,2025-12-13,500
GR-0005273,PO-0006449,2024-08-08,1000
GR-0005274,PO-0006450,2026-01-02,500
GR-0005275,PO-0006451,2024-08-06,200
GR-0005276,PO-0006452,2025-07-14,1000
GR-0005277,PO-0006454,2024-06-17,1000
GR-0005278,PO-0006455,2025-01-24,200
GR-0005279,PO-0006456,2024-10-15,1000
GR-0005280,PO-0006457,2025-12-14,50
GR-0005281,PO-0006458,2024-11-07,500
GR-0005282,PO-0006459,2024-10-12,500
GR-0005283,PO-0006460,2024-10-18,500
GR-0005284,PO-0006461,2025-08-26,100
GR-0005285,PO-0006463,2025-09-04,50
GR-0005286,PO-0006465,2025-07-18,50
GR-0005287,PO-0006466,2025-02-15,500
GR-0005288,PO-0006468,2025-01-21,100
GR-0005289,PO-0006469,2026-04-20,500
GR-0005290,PO-0006470,2025-02-14,500
GR-0005291,PO-0006472,2024-07-29,50
GR-0005292,PO-0006474,2024-03-07,200
GR-0005293,PO-0006475,2024-03-21,1000
GR-0005294,PO-0006476,2025-04-01,500
GR-0005295,PO-0006477,2024-09-24,200
GR-0005296,PO-0006478,2024-10-18,42
GR-0005297,PO-0006480,2025-03-23,403
GR-0005298,PO-0006481,2025-05-06,500
GR-0005299,PO-0006482,2025-05-17,50
GR-0005300,PO-0006485,2025-11-18,1000
GR-0005301,PO-0006487,2024-05-10,50
GR-0005302,PO-0006489,2025-05-01,100
GR-0005303,PO-0006491,2024-11-15,50
GR-0005304,PO-0006492,2025-11-13,50
GR-0005305,PO-0006495,2024-04-27,500
GR-0005306,PO-0006496,2025-05-04,100
GR-0005307,PO-0006497,2025-11-23,50
GR-0005308,PO-0006498,2025-03-31,200
GR-0005309,PO-0006499,2025-12-11,200
GR-0005310,PO-0006502,2024-10-23,72
GR-0005311,PO-0006503,2024-10-02,500
GR-0005312,PO-0006504,2025-08-11,100
GR-0005313,PO-0006505,2024-12-15,100
GR-0005314,PO-0006506,2025-07-23,1000
GR-0005315,PO-0006507,2024-06-16,100
GR-0005316,PO-0006508,2024-11-07,364
GR-0005317,PO-0006509,2026-02-27,200
GR-0005318,PO-0006510,2024-05-19,48
GR-0005319,PO-0006511,2024-09-08,200
GR-0005320,PO-0006512,2025-05-29,1000
GR-0005321,PO-0006513,2025-04-20,1000
GR-0005322,PO-0006516,2024-12-07,500
GR-0005323,PO-0006518,2025-11-01,500
GR-0005324,PO-0006519,2025-02-24,100
GR-0005325,PO-0006520,2026-05-25,500
GR-0005326,PO-0006522,2025-07-31,200
GR-0005327,PO-0006523,2025-11-20,50
GR-0005328,PO-0006524,2024-02-28,1000
GR-0005329,PO-0006525,2025-08-11,182
GR-0005330,PO-0006526,2025-10-16,100
GR-0005331,PO-0006528,2026-04-18,500
GR-0005332,PO-0006529,2026-02-25,50
GR-0005333,PO-0006530,2024-06-16,50
GR-0005334,PO-0006532,2025-01-15,500
GR-0005335,PO-0006533,2026-01-29,100
GR-0005336,PO-0006535,2024-04-28,100
GR-0005337,PO-0006536,2024-07-29,100
GR-0005338,PO-0006537,2025-12-31,200
GR-0005339,PO-0006538,2025-04-07,1000
GR-0005340,PO-0006539,2026-01-24,892
GR-0005341,PO-0006540,2024-06-15,200
GR-0005342,PO-0006541,2025-02-11,200
GR-0005343,PO-0006542,2025-10-01,1000
GR-0005344,PO-0006543,2025-05-25,100
GR-0005345,PO-0006544,2026-04-24,50
GR-0005346,PO-0006545,2024-05-05,100
GR-0005347,PO-0006549,2026-05-28,200
GR-0005348,PO-0006551,2025-06-01,100
GR-0005349,PO-0006552,2024-03-21,1000
GR-0005350,PO-0006554,2024-08-26,366
GR-0005351,PO-0006555,2025-09-02,100
GR-0005352,PO-0006556,2025-05-23,50
GR-0005353,PO-0006557,2025-08-13,200
GR-0005354,PO-0006559,2026-03-03,100
GR-0005355,PO-0006560,2024-04-10,200
GR-0005356,PO-0006561,2025-06-20,50
GR-0005357,PO-0006562,2025-12-03,1000
GR-0005358,PO-0006563,2026-03-25,1000
GR-0005359,PO-0006564,2026-03-03,100
GR-0005360,PO-0006565,2025-06-04,500
GR-0005361,PO-0006566,2025-07-17,500
GR-0005362,PO-0006567,2024-12-30,100
GR-0005363,PO-0006568,2025-03-10,500
GR-0005364,PO-0006569,2024-09-20,50
GR-0005365,PO-0006571,2024-12-24,200
GR-0005366,PO-0006572,2024-11-08,50
GR-0005367,PO-0006573,2024-01-28,100
GR-0005368,PO-0006575,2025-02-18,1000
GR-0005369,PO-0006576,2024-07-29,200
GR-0005370,PO-0006577,2024-10-18,100
GR-0005371,PO-0006578,2025-04-17,200
GR-0005372,PO-0006579,2026-05-10,500
GR-0005373,PO-0006580,2024-08-12,50
GR-0005374,PO-0006582,2025-09-02,1000
GR-0005375,PO-0006583,2026-04-22,180
GR-0005376,PO-0006584,2026-04-17,50
GR-0005377,PO-0006585,2024-03-17,193
GR-0005378,PO-0006586,2025-12-11,200
GR-0005379,PO-0006587,2026-03-29,100
GR-0005380,PO-0006590,2024-12-21,50
GR-0005381,PO-0006591,2025-06-14,50
GR-0005382,PO-0006592,2025-08-04,200
GR-0005383,PO-0006593,2024-03-30,50
GR-0005384,PO-0006595,2025-01-28,85
GR-0005385,PO-0006596,2024-06-12,170
GR-0005386,PO-0006597,2025-05-14,732
GR-0005387,PO-0006598,2024-06-03,500
GR-0005388,PO-0006599,2024-12-22,1000
GR-0005389,PO-0006600,2025-05-09,50
GR-0005390,PO-0006602,2026-06-01,50
GR-0005391,PO-0006603,2026-06-04,100
GR-0005392,PO-0006604,2025-02-21,50
GR-0005393,PO-0006605,2025-09-13,500
GR-0005394,PO-0006606,2025-12-18,200
GR-0005395,PO-0006608,2025-04-26,87
GR-0005396,PO-0006609,2024-06-23,726
GR-0005397,PO-0006612,2025-12-18,200
GR-0005398,PO-0006613,2024-06-22,200
GR-0005399,PO-0006614,2024-03-04,500
GR-0005400,PO-0006616,2025-08-21,50
GR-0005401,PO-0006618,2024-06-29,500
GR-0005402,PO-0006619,2025-04-03,500
GR-0005403,PO-0006621,2025-02-14,200
GR-0005404,PO-0006622,2025-06-07,50
GR-0005405,PO-0006623,2024-12-31,1000
GR-0005406,PO-0006624,2025-10-03,500
GR-0005407,PO-0006626,2024-11-27,50
GR-0005408,PO-0006627,2026-02-28,38
GR-0005409,PO-0006628,2024-02-22,1000
GR-0005410,PO-0006629,2025-12-04,100
GR-0005411,PO-0006630,2025-07-30,200
GR-0005412,PO-0006631,2026-01-02,500
GR-0005413,PO-0006632,2024-02-18,200
GR-0005414,PO-0006634,2024-07-07,1000
GR-0005415,PO-0006635,2025-09-24,200
GR-0005416,PO-0006636,2024-06-26,500
GR-0005417,PO-0006637,2026-06-02,1000
GR-0005418,PO-0006638,2024-11-01,1000
GR-0005419,PO-0006640,2026-05-19,500
GR-0005420,PO-0006641,2025-08-04,200
GR-0005421,PO-0006642,2025-09-03,50
GR-0005422,PO-0006643,2025-06-06,100
GR-0005423,PO-0006644,2025-11-01,50
GR-0005424,PO-0006645,2024-04-15,500
GR-0005425,PO-0006646,2026-04-07,200
GR-0005426,PO-0006647,2024-07-20,500
GR-0005427,PO-0006648,2025-10-17,200
GR-0005428,PO-0006649,2025-10-20,50
GR-0005429,PO-0006650,2025-04-29,200
GR-0005430,PO-0006651,2024-05-12,200
GR-0005431,PO-0006652,2025-12-21,100
GR-0005432,PO-0006654,2025-12-24,500
GR-0005433,PO-0006655,2026-05-23,100
GR-0005434,PO-0006656,2024-07-13,1000
GR-0005435,PO-0006657,2024-10-12,200
GR-0005436,PO-0006658,2024-08-13,500
GR-0005437,PO-0006659,2025-10-05,100
GR-0005438,PO-0006660,2024-07-23,500
GR-0005439,PO-0006661,2025-11-28,200
GR-0005440,PO-0006662,2026-01-29,500
GR-0005441,PO-0006663,2025-07-10,1000
GR-0005442,PO-0006664,2025-05-13,100
GR-0005443,PO-0006665,2025-03-03,1000
GR-0005444,PO-0006667,2024-12-05,100
GR-0005445,PO-0006668,2024-09-30,50
GR-0005446,PO-0006669,2025-06-09,50
GR-0005447,PO-0006671,2025-03-27,200
GR-0005448,PO-0006672,2024-02-16,50
GR-0005449,PO-0006674,2025-01-17,1000
GR-0005450,PO-0006675,2025-06-01,50
GR-0005451,PO-0006676,2026-01-28,500
GR-0005452,PO-0006678,2024-07-28,49
GR-0005453,PO-0006679,2025-04-28,100
GR-0005454,PO-0006680,2024-04-28,200
GR-0005455,PO-0006682,2026-02-04,200
GR-0005456,PO-0006685,2024-09-29,200
GR-0005457,PO-0006686,2024-05-24,39
GR-0005458,PO-0006690,2025-03-14,1000
GR-0005459,PO-0006692,2025-04-30,500
GR-0005460,PO-0006693,2024-12-23,500
GR-0005461,PO-0006694,2025-04-11,200
GR-0005462,PO-0006695,2026-03-18,50
GR-0005463,PO-0006696,2024-05-16,1000
GR-0005464,PO-0006697,2025-02-23,43
GR-0005465,PO-0006698,2026-04-30,200
GR-0005466,PO-0006699,2024-12-14,50
GR-0005467,PO-0006700,2024-12-05,100
GR-0005468,PO-0006701,2024-02-24,1000
GR-0005469,PO-0006702,2024-12-16,50
GR-0005470,PO-0006704,2024-03-05,200
GR-0005471,PO-0006705,2025-07-20,50
GR-0005472,PO-0006706,2024-04-28,500
GR-0005473,PO-0006707,2024-09-05,500
GR-0005474,PO-0006708,2025-02-21,500
GR-0005475,PO-0006709,2025-05-03,50
GR-0005476,PO-0006710,2025-02-14,50
GR-0005477,PO-0006711,2025-06-08,1000
GR-0005478,PO-0006713,2026-04-19,50
GR-0005479,PO-0006714,2026-02-01,100
GR-0005480,PO-0006716,2026-04-09,91
GR-0005481,PO-0006717,2025-07-07,1000
GR-0005482,PO-0006718,2024-03-24,1000
GR-0005483,PO-0006719,2025-01-12,1000
GR-0005484,PO-0006721,2024-02-22,50
GR-0005485,PO-0006722,2026-04-23,100
GR-0005486,PO-0006723,2024-06-12,200
GR-0005487,PO-0006724,2025-11-20,100
GR-0005488,PO-0006725,2025-01-13,1000
GR-0005489,PO-0006727,2024-04-30,428
GR-0005490,PO-0006729,2026-04-06,200
GR-0005491,PO-0006730,2024-07-16,50
GR-0005492,PO-0006731,2025-03-18,1000
GR-0005493,PO-0006732,2026-06-06,100
GR-0005494,PO-0006734,2024-03-23,50
GR-0005495,PO-0006736,2026-01-30,1000
GR-0005496,PO-0006737,2025-12-19,500
GR-0005497,PO-0006738,2025-07-10,50
GR-0005498,PO-0006739,2024-11-07,200
GR-0005499,PO-0006740,2026-03-27,1000
GR-0005500,PO-0006741,2024-03-06,100
GR-0005501,PO-0006742,2024-02-28,50
GR-0005502,PO-0006743,2024-12-19,500
GR-0005503,PO-0006744,2026-04-17,50
GR-0005504,PO-0006745,2024-12-19,50
GR-0005505,PO-0006747,2024-05-01,200
GR-0005506,PO-0006748,2024-05-25,500
GR-0005507,PO-0006749,2025-02-07,50
GR-0005508,PO-0006750,2025-10-22,200
GR-0005509,PO-0006751,2024-05-18,100
GR-0005510,PO-0006752,2024-10-15,200
GR-0005511,PO-0006753,2024-08-30,100
GR-0005512,PO-0006754,2024-10-23,500
GR-0005513,PO-0006755,2025-08-14,80
GR-0005514,PO-0006756,2025-04-04,50
GR-0005515,PO-0006757,2024-08-13,500
GR-0005516,PO-0006761,2026-01-12,100
GR-0005517,PO-0006763,2025-02-07,500
GR-0005518,PO-0006764,2024-11-19,365
GR-0005519,PO-0006765,2025-11-02,1000
GR-0005520,PO-0006766,2024-06-02,100
GR-0005521,PO-0006767,2026-05-12,100
GR-0005522,PO-0006768,2026-03-17,100
GR-0005523,PO-0006769,2025-06-06,50
GR-0005524,PO-0006770,2025-03-17,500
GR-0005525,PO-0006771,2024-07-02,500
GR-0005526,PO-0006772,2024-08-09,420
GR-0005527,PO-0006775,2025-08-27,500
GR-0005528,PO-0006776,2024-03-08,370
GR-0005529,PO-0006777,2025-08-24,1000
GR-0005530,PO-0006779,2024-08-03,1000
GR-0005531,PO-0006780,2025-03-29,50
GR-0005532,PO-0006781,2024-03-12,100
GR-0005533,PO-0006782,2025-02-01,100
GR-0005534,PO-0006783,2024-05-08,500
GR-0005535,PO-0006785,2024-02-03,100
GR-0005536,PO-0006789,2025-07-15,100
GR-0005537,PO-0006791,2024-07-14,500
GR-0005538,PO-0006792,2026-02-15,500
GR-0005539,PO-0006793,2025-11-02,1000
GR-0005540,PO-0006794,2024-01-30,92
GR-0005541,PO-0006795,2024-10-29,500
GR-0005542,PO-0006796,2024-04-21,200
GR-0005543,PO-0006797,2024-05-28,100
GR-0005544,PO-0006798,2025-06-11,200
GR-0005545,PO-0006799,2024-10-24,200
GR-0005546,PO-0006800,2026-05-23,50
GR-0005547,PO-0006801,2024-07-08,50
GR-0005548,PO-0006802,2024-11-07,50
GR-0005549,PO-0006803,2025-03-14,100
GR-0005550,PO-0006804,2025-11-11,100
GR-0005551,PO-0006805,2024-10-29,200
GR-0005552,PO-0006806,2025-06-08,100
GR-0005553,PO-0006807,2024-03-03,500
GR-0005554,PO-0006808,2025-04-15,100
GR-0005555,PO-0006809,2025-11-11,100
GR-0005556,PO-0006810,2025-01-14,200
GR-0005557,PO-0006812,2024-09-15,200
GR-0005558,PO-0006813,2025-06-01,50
GR-0005559,PO-0006814,2024-07-13,500
GR-0005560,PO-0006815,2026-05-26,500
GR-0005561,PO-0006816,2025-09-07,500
GR-0005562,PO-0006817,2025-10-14,50
GR-0005563,PO-0006819,2024-10-25,50
GR-0005564,PO-0006820,2026-03-11,500
GR-0005565,PO-0006822,2024-08-19,100
GR-0005566,PO-0006823,2024-04-02,500
GR-0005567,PO-0006824,2025-01-31,500
GR-0005568,PO-0006826,2024-04-20,100
GR-0005569,PO-0006827,2024-03-05,50
GR-0005570,PO-0006828,2024-10-18,200
GR-0005571,PO-0006830,2026-01-26,200
GR-0005572,PO-0006832,2024-06-22,1000
GR-0005573,PO-0006833,2025-07-21,1000
GR-0005574,PO-0006834,2025-08-11,100
GR-0005575,PO-0006835,2024-07-21,1000
GR-0005576,PO-0006836,2025-03-20,200
GR-0005577,PO-0006838,2026-02-14,174
GR-0005578,PO-0006839,2025-02-15,500
GR-0005579,PO-0006842,2024-10-19,500
GR-0005580,PO-0006843,2024-09-19,200
GR-0005581,PO-0006844,2026-05-06,43
GR-0005582,PO-0006845,2025-09-03,1000
GR-0005583,PO-0006846,2024-05-27,714
GR-0005584,PO-0006847,2024-08-15,200
GR-0005585,PO-0006848,2025-05-23,1000
GR-0005586,PO-0006852,2024-04-14,500
GR-0005587,PO-0006854,2025-09-25,200
GR-0005588,PO-0006855,2024-11-22,200
GR-0005589,PO-0006856,2026-02-14,50
GR-0005590,PO-0006857,2025-11-11,100
GR-0005591,PO-0006859,2025-09-25,100
GR-0005592,PO-0006860,2025-05-03,50
GR-0005593,PO-0006861,2025-04-05,100
GR-0005594,PO-0006862,2026-03-25,100
GR-0005595,PO-0006863,2025-06-28,1000
GR-0005596,PO-0006864,2025-12-06,100
GR-0005597,PO-0006865,2025-01-21,100
GR-0005598,PO-0006866,2025-02-18,1000
GR-0005599,PO-0006869,2025-05-25,1000
GR-0005600,PO-0006870,2026-04-16,200
GR-0005601,PO-0006871,2025-05-30,160
GR-0005602,PO-0006872,2026-02-25,82
GR-0005603,PO-0006873,2024-10-04,50
GR-0005604,PO-0006874,2025-10-15,500
GR-0005605,PO-0006875,2024-04-01,100
GR-0005606,PO-0006876,2025-01-03,1000
GR-0005607,PO-0006877,2026-01-03,500
GR-0005608,PO-0006879,2024-08-05,50
GR-0005609,PO-0006880,2025-02-09,1000
GR-0005610,PO-0006881,2026-01-14,500
GR-0005611,PO-0006883,2025-10-22,500
GR-0005612,PO-0006884,2026-04-04,100
GR-0005613,PO-0006885,2024-12-23,500
GR-0005614,PO-0006886,2024-11-08,50
GR-0005615,PO-0006888,2026-03-07,487
GR-0005616,PO-0006889,2026-05-10,100
GR-0005617,PO-0006890,2025-05-01,100
GR-0005618,PO-0006891,2024-06-17,1000
GR-0005619,PO-0006892,2024-08-18,50
GR-0005620,PO-0006893,2024-10-28,200
GR-0005621,PO-0006894,2025-11-10,454
GR-0005622,PO-0006897,2025-11-18,200
GR-0005623,PO-0006898,2025-03-23,500
GR-0005624,PO-0006899,2024-12-15,50
GR-0005625,PO-0006900,2025-10-09,50
GR-0005626,PO-0006901,2025-05-05,100
GR-0005627,PO-0006903,2024-09-18,500
GR-0005628,PO-0006904,2024-08-06,1000
GR-0005629,PO-0006905,2025-12-01,500
GR-0005630,PO-0006906,2024-03-23,500
GR-0005631,PO-0006907,2025-03-01,1000
GR-0005632,PO-0006908,2024-06-02,50
GR-0005633,PO-0006909,2025-06-07,500
GR-0005634,PO-0006911,2026-01-15,50
GR-0005635,PO-0006912,2024-07-17,100
GR-0005636,PO-0006913,2025-07-06,200
GR-0005637,PO-0006914,2025-07-14,100
GR-0005638,PO-0006916,2024-10-26,1000
GR-0005639,PO-0006917,2024-02-25,1000
GR-0005640,PO-0006918,2024-02-16,50
GR-0005641,PO-0006920,2025-11-24,39
GR-0005642,PO-0006921,2024-07-23,1000
GR-0005643,PO-0006922,2025-10-15,50
GR-0005644,PO-0006923,2025-12-05,100
GR-0005645,PO-0006924,2025-09-01,500
GR-0005646,PO-0006925,2026-06-15,1000
GR-0005647,PO-0006926,2024-09-29,500
GR-0005648,PO-0006927,2025-05-09,200
GR-0005649,PO-0006928,2026-05-15,1000
GR-0005650,PO-0006930,2025-11-20,50
GR-0005651,PO-0006931,2025-10-17,50
GR-0005652,PO-0006933,2024-12-13,50
GR-0005653,PO-0006934,2024-06-03,50
GR-0005654,PO-0006936,2026-03-06,1000
GR-0005655,PO-0006937,2024-02-16,200
GR-0005656,PO-0006938,2025-05-26,100
GR-0005657,PO-0006939,2024-05-03,200
GR-0005658,PO-0006940,2025-10-05,500
GR-0005659,PO-0006941,2025-12-01,400
GR-0005660,PO-0006943,2025-10-23,1000
GR-0005661,PO-0006944,2024-09-22,100
GR-0005662,PO-0006945,2026-02-01,500
GR-0005663,PO-0006946,2024-07-22,500
GR-0005664,PO-0006947,2026-01-16,200
GR-0005665,PO-0006948,2025-11-27,50
GR-0005666,PO-0006950,2024-08-22,933
GR-0005667,PO-0006951,2024-07-27,100
GR-0005668,PO-0006952,2025-01-04,76
GR-0005669,PO-0006953,2024-09-16,200
GR-0005670,PO-0006955,2025-08-07,50
GR-0005671,PO-0006957,2026-03-21,200
GR-0005672,PO-0006959,2024-06-28,1000
GR-0005673,PO-0006960,2026-03-12,100
GR-0005674,PO-0006962,2026-02-25,100
GR-0005675,PO-0006963,2024-06-29,98
GR-0005676,PO-0006964,2024-02-20,50
GR-0005677,PO-0006966,2024-12-27,45
GR-0005678,PO-0006967,2025-07-27,1000
GR-0005679,PO-0006969,2025-08-07,500
GR-0005680,PO-0006971,2026-03-13,50
GR-0005681,PO-0006972,2024-09-27,1000
GR-0005682,PO-0006973,2025-11-06,500
GR-0005683,PO-0006974,2024-05-31,100
GR-0005684,PO-0006975,2024-08-31,200
GR-0005685,PO-0006976,2025-09-24,1000
GR-0005686,PO-0006978,2025-08-29,1000
GR-0005687,PO-0006980,2025-07-28,84
GR-0005688,PO-0006981,2025-03-02,50
GR-0005689,PO-0006982,2025-06-08,50
GR-0005690,PO-0006984,2025-11-21,50
GR-0005691,PO-0006985,2024-09-20,200
GR-0005692,PO-0006986,2025-08-17,1000
GR-0005693,PO-0006987,2025-07-23,50
GR-0005694,PO-0006988,2026-01-09,500
GR-0005695,PO-0006990,2025-07-26,200
GR-0005696,PO-0006991,2024-09-14,100
GR-0005697,PO-0006993,2026-04-12,50
GR-0005698,PO-0006994,2024-12-03,100
GR-0005699,PO-0006995,2025-01-20,500
GR-0005700,PO-0006996,2024-03-21,1000
GR-0005701,PO-0006997,2024-05-05,100
GR-0005702,PO-0006998,2024-03-04,100
GR-0005703,PO-0006999,2025-07-02,1000
GR-0005704,PO-0007000,2025-07-07,200
GR-0005705,PO-0007001,2024-12-30,1000
GR-0005706,PO-0007002,2024-07-03,500
GR-0005707,PO-0007003,2024-05-17,50
GR-0005708,PO-0007004,2025-05-30,1000
GR-0005709,PO-0007005,2025-03-22,100
GR-0005710,PO-0007007,2025-09-14,50
GR-0005711,PO-0007008,2024-11-05,500
GR-0005712,PO-0007010,2024-02-20,200
GR-0005713,PO-0007011,2024-02-10,500
GR-0005714,PO-0007012,2024-08-23,200
GR-0005715,PO-0007014,2024-11-25,1000
GR-0005716,PO-0007015,2024-05-04,200
GR-0005717,PO-0007016,2025-03-04,500
GR-0005718,PO-0007017,2024-11-30,50
GR-0005719,PO-0007018,2025-09-19,500
GR-0005720,PO-0007019,2025-08-05,200
GR-0005721,PO-0007020,2024-12-26,1000
GR-0005722,PO-0007021,2025-02-28,500
GR-0005723,PO-0007022,2024-10-07,50
GR-0005724,PO-0007024,2025-07-21,200
GR-0005725,PO-0007025,2024-05-05,1000
GR-0005726,PO-0007026,2025-02-15,140
GR-0005727,PO-0007027,2024-03-04,1000
GR-0005728,PO-0007028,2025-10-05,100
GR-0005729,PO-0007029,2026-04-26,50
GR-0005730,PO-0007031,2025-10-19,500
GR-0005731,PO-0007032,2025-09-12,500
GR-0005732,PO-0007034,2025-02-15,200
GR-0005733,PO-0007035,2024-10-02,200
GR-0005734,PO-0007036,2025-04-10,200
GR-0005735,PO-0007037,2025-01-29,200
GR-0005736,PO-0007038,2025-03-31,823
GR-0005737,PO-0007039,2024-06-30,500
GR-0005738,PO-0007040,2024-03-05,1000
GR-0005739,PO-0007041,2025-07-27,50
GR-0005740,PO-0007042,2024-01-26,500
GR-0005741,PO-0007043,2024-07-01,100
GR-0005742,PO-0007044,2024-11-03,50
GR-0005743,PO-0007045,2025-09-12,200
GR-0005744,PO-0007046,2025-05-24,1000
GR-0005745,PO-0007047,2025-08-08,50
GR-0005746,PO-0007048,2025-11-08,50
GR-0005747,PO-0007049,2024-06-28,1000
GR-0005748,PO-0007050,2026-04-12,500
GR-0005749,PO-0007051,2025-02-28,200
GR-0005750,PO-0007052,2025-01-24,50
GR-0005751,PO-0007053,2024-10-12,1000
GR-0005752,PO-0007054,2025-07-16,500
GR-0005753,PO-0007055,2026-03-29,50
GR-0005754,PO-0007057,2026-03-04,1000
GR-0005755,PO-0007059,2026-04-05,1000
GR-0005756,PO-0007060,2024-12-22,100
GR-0005757,PO-0007061,2026-01-28,1000
GR-0005758,PO-0007062,2025-03-30,500
GR-0005759,PO-0007064,2026-02-11,50
GR-0005760,PO-0007068,2024-12-27,100
GR-0005761,PO-0007069,2025-11-26,200
GR-0005762,PO-0007070,2025-07-05,500
GR-0005763,PO-0007071,2025-08-22,500
GR-0005764,PO-0007072,2024-09-16,500
GR-0005765,PO-0007073,2024-04-02,1000
GR-0005766,PO-0007074,2024-10-22,50
GR-0005767,PO-0007075,2025-03-24,1000
GR-0005768,PO-0007076,2025-08-11,50
GR-0005769,PO-0007077,2026-05-10,50
GR-0005770,PO-0007078,2025-05-06,100
GR-0005771,PO-0007080,2024-10-08,100
GR-0005772,PO-0007081,2026-03-24,1000
GR-0005773,PO-0007083,2024-02-25,500
GR-0005774,PO-0007086,2024-09-14,50
GR-0005775,PO-0007087,2025-09-14,100
GR-0005776,PO-0007088,2025-07-28,1000
GR-0005777,PO-0007089,2025-09-07,200
GR-0005778,PO-0007092,2026-01-14,1000
GR-0005779,PO-0007093,2025-03-02,100
GR-0005780,PO-0007094,2024-02-15,1000
GR-0005781,PO-0007095,2024-04-04,200
GR-0005782,PO-0007096,2024-07-02,788
GR-0005783,PO-0007097,2025-11-14,100
GR-0005784,PO-0007098,2025-12-19,50
GR-0005785,PO-0007099,2026-02-23,500
GR-0005786,PO-0007100,2026-02-01,500
GR-0005787,PO-0007101,2026-05-25,1000
GR-0005788,PO-0007102,2026-01-02,1000
GR-0005789,PO-0007103,2025-02-27,500
GR-0005790,PO-0007104,2025-05-22,1000
GR-0005791,PO-0007105,2025-10-26,50
GR-0005792,PO-0007106,2025-01-07,50
GR-0005793,PO-0007107,2024-08-11,1000
GR-0005794,PO-0007108,2025-11-20,1000
GR-0005795,PO-0007109,2024-06-26,100
GR-0005796,PO-0007110,2025-10-16,200
GR-0005797,PO-0007112,2024-08-13,50
GR-0005798,PO-0007113,2025-02-01,500
GR-0005799,PO-0007115,2025-03-01,500
GR-0005800,PO-0007116,2024-11-28,38
GR-0005801,PO-0007117,2024-05-23,100
GR-0005802,PO-0007118,2025-06-30,200
GR-0005803,PO-0007119,2025-09-01,500
GR-0005804,PO-0007121,2025-11-10,200
GR-0005805,PO-0007122,2025-09-18,50
GR-0005806,PO-0007124,2025-03-29,100
GR-0005807,PO-0007126,2024-11-10,200
GR-0005808,PO-0007127,2024-06-07,1000
GR-0005809,PO-0007129,2025-04-15,200
GR-0005810,PO-0007130,2024-02-17,200
GR-0005811,PO-0007131,2025-03-30,500
GR-0005812,PO-0007132,2026-04-21,1000
GR-0005813,PO-0007134,2026-02-12,500
GR-0005814,PO-0007135,2024-02-23,200
GR-0005815,PO-0007137,2026-02-24,500
GR-0005816,PO-0007139,2026-01-29,1000
GR-0005817,PO-0007140,2024-06-29,1000
GR-0005818,PO-0007142,2025-02-13,500
GR-0005819,PO-0007144,2025-12-25,500
GR-0005820,PO-0007145,2025-01-03,500
GR-0005821,PO-0007146,2024-05-19,50
GR-0005822,PO-0007147,2025-04-09,50
GR-0005823,PO-0007148,2025-03-01,50
GR-0005824,PO-0007149,2025-09-18,50
GR-0005825,PO-0007151,2025-01-29,500
GR-0005826,PO-0007152,2024-11-24,100
GR-0005827,PO-0007153,2025-07-21,100
GR-0005828,PO-0007154,2026-01-16,46
GR-0005829,PO-0007155,2025-07-28,500
GR-0005830,PO-0007157,2025-04-11,200
GR-0005831,PO-0007159,2024-03-29,100
GR-0005832,PO-0007160,2024-11-24,200
GR-0005833,PO-0007161,2026-05-09,100
GR-0005834,PO-0007162,2024-03-24,50
GR-0005835,PO-0007163,2025-08-19,500
GR-0005836,PO-0007164,2025-08-01,100
GR-0005837,PO-0007165,2026-04-05,50
GR-0005838,PO-0007166,2025-10-30,200
GR-0005839,PO-0007167,2024-06-25,100
GR-0005840,PO-0007168,2025-01-10,200
GR-0005841,PO-0007169,2024-03-01,1000
GR-0005842,PO-0007170,2024-11-14,200
GR-0005843,PO-0007171,2025-09-07,500
GR-0005844,PO-0007172,2026-03-14,1000
GR-0005845,PO-0007174,2026-03-31,500
GR-0005846,PO-0007175,2025-12-25,100
GR-0005847,PO-0007176,2024-12-11,1000
GR-0005848,PO-0007177,2025-05-21,100
GR-0005849,PO-0007178,2025-09-06,500
GR-0005850,PO-0007180,2024-09-30,1000
GR-0005851,PO-0007181,2025-05-04,1000
GR-0005852,PO-0007182,2025-10-19,50
GR-0005853,PO-0007183,2025-08-01,500
GR-0005854,PO-0007184,2025-12-08,1000
GR-0005855,PO-0007185,2025-03-16,500
GR-0005856,PO-0007186,2026-01-13,462
GR-0005857,PO-0007187,2025-07-26,500
GR-0005858,PO-0007188,2025-04-05,100
GR-0005859,PO-0007189,2024-06-08,100
GR-0005860,PO-0007190,2025-06-25,500
GR-0005861,PO-0007191,2026-05-06,200
GR-0005862,PO-0007193,2025-01-05,200
GR-0005863,PO-0007194,2024-03-24,1000
GR-0005864,PO-0007195,2025-07-10,100
GR-0005865,PO-0007196,2024-07-16,50
GR-0005866,PO-0007197,2025-03-24,874
GR-0005867,PO-0007198,2024-08-31,50
GR-0005868,PO-0007199,2024-12-04,500
GR-0005869,PO-0007201,2025-12-07,100
GR-0005870,PO-0007202,2026-05-06,100
GR-0005871,PO-0007203,2024-11-30,100
GR-0005872,PO-0007206,2026-03-12,200
GR-0005873,PO-0007207,2024-04-15,1000
GR-0005874,PO-0007208,2024-08-17,500
GR-0005875,PO-0007209,2025-01-26,200
GR-0005876,PO-0007211,2026-01-23,100
GR-0005877,PO-0007212,2026-05-05,1000
GR-0005878,PO-0007214,2026-06-01,200
GR-0005879,PO-0007215,2024-05-30,1000
GR-0005880,PO-0007217,2026-01-16,500
GR-0005881,PO-0007218,2024-10-24,50
GR-0005882,PO-0007220,2026-01-05,184
GR-0005883,PO-0007221,2026-01-31,200
GR-0005884,PO-0007223,2025-02-05,1000
GR-0005885,PO-0007224,2026-04-18,43
GR-0005886,PO-0007225,2024-10-27,100
GR-0005887,PO-0007227,2026-02-14,100
GR-0005888,PO-0007228,2024-02-17,200
GR-0005889,PO-0007229,2026-03-18,200
GR-0005890,PO-0007231,2025-02-18,200
GR-0005891,PO-0007233,2025-11-02,500
GR-0005892,PO-0007234,2025-09-15,100
GR-0005893,PO-0007235,2025-09-13,200
GR-0005894,PO-0007237,2025-12-06,1000
GR-0005895,PO-0007238,2024-10-20,1000
GR-0005896,PO-0007239,2026-05-04,200
GR-0005897,PO-0007240,2024-12-10,500
GR-0005898,PO-0007241,2025-04-03,100
GR-0005899,PO-0007243,2024-05-17,1000
GR-0005900,PO-0007244,2025-08-06,50
GR-0005901,PO-0007245,2024-07-01,50
GR-0005902,PO-0007246,2024-09-01,1000
GR-0005903,PO-0007248,2025-11-09,100
GR-0005904,PO-0007249,2025-12-04,500
GR-0005905,PO-0007250,2025-11-19,1000
GR-0005906,PO-0007252,2026-03-09,479
GR-0005907,PO-0007253,2025-11-26,500
GR-0005908,PO-0007254,2024-10-06,200
GR-0005909,PO-0007255,2026-01-11,50
GR-0005910,PO-0007256,2025-12-16,50
GR-0005911,PO-0007257,2024-08-24,100
GR-0005912,PO-0007258,2024-11-14,50
GR-0005913,PO-0007260,2025-03-16,50
GR-0005914,PO-0007263,2024-05-15,50
GR-0005915,PO-0007264,2025-12-14,100
GR-0005916,PO-0007265,2025-07-28,50
GR-0005917,PO-0007266,2025-07-06,200
GR-0005918,PO-0007267,2024-05-21,500
GR-0005919,PO-0007268,2025-10-30,500
GR-0005920,PO-0007269,2024-10-09,100
GR-0005921,PO-0007270,2025-10-19,200
GR-0005922,PO-0007271,2026-03-10,1000
GR-0005923,PO-0007272,2026-06-13,500
GR-0005924,PO-0007273,2025-07-26,50
GR-0005925,PO-0007274,2024-02-16,200
GR-0005926,PO-0007276,2025-01-11,200
GR-0005927,PO-0007277,2025-11-09,500
GR-0005928,PO-0007278,2024-04-27,50
GR-0005929,PO-0007279,2024-09-11,50
GR-0005930,PO-0007280,2025-02-11,100
GR-0005931,PO-0007282,2025-12-03,50
GR-0005932,PO-0007283,2026-03-13,200
GR-0005933,PO-0007286,2024-04-30,50
GR-0005934,PO-0007288,2024-09-06,168
GR-0005935,PO-0007289,2025-05-29,50
GR-0005936,PO-0007290,2025-04-28,200
GR-0005937,PO-0007291,2025-05-30,100
GR-0005938,PO-0007293,2024-08-01,200
GR-0005939,PO-0007294,2025-11-19,500
GR-0005940,PO-0007295,2025-12-01,444
GR-0005941,PO-0007296,2025-06-11,50
GR-0005942,PO-0007297,2025-12-23,500
GR-0005943,PO-0007298,2024-05-17,1000
GR-0005944,PO-0007299,2025-12-12,200
GR-0005945,PO-0007300,2025-03-26,50
GR-0005946,PO-0007301,2026-01-12,100
GR-0005947,PO-0007303,2026-05-26,1000
GR-0005948,PO-0007304,2025-06-30,50
GR-0005949,PO-0007305,2025-12-15,100
GR-0005950,PO-0007307,2026-06-06,1000
GR-0005951,PO-0007308,2026-01-12,1000
GR-0005952,PO-0007310,2024-04-30,500
GR-0005953,PO-0007311,2026-04-01,200
GR-0005954,PO-0007312,2024-06-10,500
GR-0005955,PO-0007313,2025-10-14,100
GR-0005956,PO-0007314,2025-08-03,200
GR-0005957,PO-0007316,2024-05-19,100
GR-0005958,PO-0007317,2025-02-18,500
GR-0005959,PO-0007319,2025-02-02,100
GR-0005960,PO-0007320,2026-04-04,50
GR-0005961,PO-0007321,2025-06-04,50
GR-0005962,PO-0007322,2025-05-18,50
GR-0005963,PO-0007323,2025-02-14,500
GR-0005964,PO-0007324,2025-08-22,500
GR-0005965,PO-0007325,2024-06-15,100
GR-0005966,PO-0007326,2025-08-07,100
GR-0005967,PO-0007327,2025-02-17,100
GR-0005968,PO-0007329,2024-12-26,50
GR-0005969,PO-0007330,2024-06-04,200
GR-0005970,PO-0007332,2025-11-18,50
GR-0005971,PO-0007333,2024-09-30,200
GR-0005972,PO-0007334,2025-04-24,451
GR-0005973,PO-0007336,2026-05-14,1000
GR-0005974,PO-0007337,2024-02-03,1000
GR-0005975,PO-0007338,2025-07-28,1000
GR-0005976,PO-0007339,2025-10-04,1000
GR-0005977,PO-0007340,2024-06-15,1000
GR-0005978,PO-0007341,2025-05-04,100
GR-0005979,PO-0007342,2025-01-01,500
GR-0005980,PO-0007344,2025-08-27,1000
GR-0005981,PO-0007345,2024-08-19,500
GR-0005982,PO-0007346,2026-04-08,100
GR-0005983,PO-0007348,2024-03-28,500
GR-0005984,PO-0007349,2025-11-09,500
GR-0005985,PO-0007351,2025-05-01,50
GR-0005986,PO-0007352,2026-05-12,1000
GR-0005987,PO-0007353,2025-04-11,100
GR-0005988,PO-0007354,2024-09-19,1000
GR-0005989,PO-0007355,2025-12-11,200
GR-0005990,PO-0007356,2024-09-09,100
GR-0005991,PO-0007357,2024-07-27,1000
GR-0005992,PO-0007358,2025-04-14,50
GR-0005993,PO-0007359,2025-06-05,200
GR-0005994,PO-0007361,2026-05-30,1000
GR-0005995,PO-0007362,2025-12-17,100
GR-0005996,PO-0007363,2026-01-11,36
GR-0005997,PO-0007365,2025-10-18,100
GR-0005998,PO-0007366,2024-10-22,50
GR-0005999,PO-0007370,2025-09-16,50
GR-0006000,PO-0007371,2026-04-15,200
GR-0006001,PO-0007372,2024-05-27,200
GR-0006002,PO-0007373,2024-02-10,1000
GR-0006003,PO-0007374,2024-05-16,200
GR-0006004,PO-0007375,2026-01-07,100
GR-0006005,PO-0007377,2024-06-09,1000
GR-0006006,PO-0007378,2026-04-06,500
GR-0006007,PO-0007380,2025-07-31,500
GR-0006008,PO-0007381,2025-08-15,100
GR-0006009,PO-0007383,2024-04-22,50
GR-0006010,PO-0007384,2026-01-17,50
GR-0006011,PO-0007385,2024-02-27,100
GR-0006012,PO-0007389,2026-02-27,200
GR-0006013,PO-0007390,2025-02-28,845
GR-0006014,PO-0007392,2024-05-14,100
GR-0006015,PO-0007393,2025-03-17,200
GR-0006016,PO-0007394,2024-10-23,1000
GR-0006017,PO-0007395,2026-01-15,200
GR-0006018,PO-0007397,2024-05-14,50
GR-0006019,PO-0007399,2025-11-30,892
GR-0006020,PO-0007400,2025-12-14,100
GR-0006021,PO-0007401,2026-02-24,50
GR-0006022,PO-0007402,2024-12-23,100
GR-0006023,PO-0007403,2025-09-29,1000
GR-0006024,PO-0007405,2025-11-02,170
GR-0006025,PO-0007406,2026-01-19,1000
GR-0006026,PO-0007408,2025-08-07,50
GR-0006027,PO-0007409,2025-11-14,200
GR-0006028,PO-0007411,2025-11-23,50
GR-0006029,PO-0007412,2025-06-06,193
GR-0006030,PO-0007413,2025-03-05,1000
GR-0006031,PO-0007415,2025-11-16,100
GR-0006032,PO-0007416,2024-06-12,1000
GR-0006033,PO-0007417,2024-05-25,100
GR-0006034,PO-0007418,2024-07-14,200
GR-0006035,PO-0007419,2025-01-24,200
GR-0006036,PO-0007420,2025-05-12,200
GR-0006037,PO-0007421,2025-09-24,100
GR-0006038,PO-0007422,2025-05-28,200
GR-0006039,PO-0007424,2026-04-07,500
GR-0006040,PO-0007426,2024-11-01,200
GR-0006041,PO-0007427,2025-10-02,1000
GR-0006042,PO-0007428,2026-02-22,50
GR-0006043,PO-0007429,2024-05-24,500
GR-0006044,PO-0007430,2026-02-27,200
GR-0006045,PO-0007431,2024-07-12,100
GR-0006046,PO-0007432,2026-01-26,200
GR-0006047,PO-0007434,2024-02-23,50
GR-0006048,PO-0007435,2024-08-05,100
GR-0006049,PO-0007437,2024-10-02,100
GR-0006050,PO-0007438,2025-07-13,100
GR-0006051,PO-0007439,2025-04-14,200
GR-0006052,PO-0007440,2025-06-29,100
GR-0006053,PO-0007442,2025-03-20,500
GR-0006054,PO-0007443,2024-02-14,50
GR-0006055,PO-0007444,2025-03-13,200
GR-0006056,PO-0007445,2025-03-18,200
GR-0006057,PO-0007446,2026-01-14,100
GR-0006058,PO-0007447,2024-10-27,50
GR-0006059,PO-0007448,2025-05-12,50
GR-0006060,PO-0007450,2024-04-11,100
GR-0006061,PO-0007451,2024-08-01,1000
GR-0006062,PO-0007453,2024-07-11,100
GR-0006063,PO-0007454,2024-02-21,100
GR-0006064,PO-0007456,2025-08-15,100
GR-0006065,PO-0007457,2025-06-14,1000
GR-0006066,PO-0007460,2025-07-07,200
GR-0006067,PO-0007461,2026-04-13,1000
GR-0006068,PO-0007462,2024-09-21,500
GR-0006069,PO-0007463,2025-11-17,500
GR-0006070,PO-0007465,2025-01-30,500
GR-0006071,PO-0007466,2026-03-31,100
GR-0006072,PO-0007468,2025-08-22,100
GR-0006073,PO-0007469,2024-11-01,500
GR-0006074,PO-0007470,2024-08-28,1000
GR-0006075,PO-0007471,2024-07-17,100
GR-0006076,PO-0007474,2024-05-10,100
GR-0006077,PO-0007475,2024-09-25,200
GR-0006078,PO-0007477,2025-11-07,200
GR-0006079,PO-0007478,2025-12-25,100
GR-0006080,PO-0007479,2025-08-25,100
GR-0006081,PO-0007480,2025-01-29,1000
GR-0006082,PO-0007481,2025-08-26,200
GR-0006083,PO-0007482,2025-07-02,100
GR-0006084,PO-0007483,2024-03-05,50
GR-0006085,PO-0007484,2025-09-09,500
GR-0006086,PO-0007485,2026-01-22,200
GR-0006087,PO-0007487,2025-01-19,50
GR-0006088,PO-0007488,2024-02-22,100
GR-0006089,PO-0007490,2026-04-16,50
GR-0006090,PO-0007492,2025-04-04,500
GR-0006091,PO-0007494,2025-01-03,1000
GR-0006092,PO-0007496,2024-02-13,500
GR-0006093,PO-0007497,2025-04-12,50
GR-0006094,PO-0007498,2024-09-06,500
GR-0006095,PO-0007499,2024-08-11,50
GR-0006096,PO-0007501,2025-01-16,100
GR-0006097,PO-0007502,2024-07-29,200
GR-0006098,PO-0007503,2025-06-13,50
GR-0006099,PO-0007504,2024-11-17,91
GR-0006100,PO-0007505,2025-08-12,50
GR-0006101,PO-0007507,2025-07-22,50
GR-0006102,PO-0007508,2025-06-24,200
GR-0006103,PO-0007509,2025-10-02,50
GR-0006104,PO-0007510,2025-12-22,50
GR-0006105,PO-0007511,2024-02-11,200
GR-0006106,PO-0007512,2024-04-18,100
GR-0006107,PO-0007513,2026-01-23,100
GR-0006108,PO-0007514,2025-07-13,1000
GR-0006109,PO-0007515,2026-03-09,500
GR-0006110,PO-0007516,2025-01-05,50
GR-0006111,PO-0007518,2024-03-10,73
GR-0006112,PO-0007519,2026-02-14,500
GR-0006113,PO-0007520,2024-09-12,200
GR-0006114,PO-0007522,2024-07-27,200
GR-0006115,PO-0007524,2024-07-19,50
GR-0006116,PO-0007525,2026-02-24,100
GR-0006117,PO-0007526,2026-05-04,46
GR-0006118,PO-0007527,2024-03-26,50
GR-0006119,PO-0007528,2025-11-12,904
GR-0006120,PO-0007529,2026-03-29,50
GR-0006121,PO-0007530,2024-08-06,1000
GR-0006122,PO-0007531,2024-08-12,1000
GR-0006123,PO-0007533,2025-11-11,100
GR-0006124,PO-0007534,2025-03-30,500
GR-0006125,PO-0007536,2024-11-26,1000
GR-0006126,PO-0007537,2026-03-15,100
GR-0006127,PO-0007538,2024-03-05,500
GR-0006128,PO-0007539,2024-04-17,50
GR-0006129,PO-0007540,2024-03-15,1000
GR-0006130,PO-0007542,2025-10-14,100
GR-0006131,PO-0007543,2025-02-21,50
GR-0006132,PO-0007544,2025-10-02,200
GR-0006133,PO-0007547,2025-09-11,200
GR-0006134,PO-0007549,2026-04-06,500
GR-0006135,PO-0007551,2025-02-28,500
GR-0006136,PO-0007552,2024-02-17,1000
GR-0006137,PO-0007553,2026-01-01,1000
GR-0006138,PO-0007554,2026-01-27,1000
GR-0006139,PO-0007555,2025-04-01,200
GR-0006140,PO-0007556,2024-10-20,100
GR-0006141,PO-0007557,2024-07-20,1000
GR-0006142,PO-0007558,2024-05-16,1000
GR-0006143,PO-0007559,2024-09-13,415
GR-0006144,PO-0007561,2025-06-14,494
GR-0006145,PO-0007562,2024-10-25,100
GR-0006146,PO-0007564,2024-12-18,50
GR-0006147,PO-0007565,2024-07-31,1000
GR-0006148,PO-0007569,2024-11-07,100
GR-0006149,PO-0007570,2024-07-14,50
GR-0006150,PO-0007571,2024-01-21,50
GR-0006151,PO-0007572,2025-06-24,100
GR-0006152,PO-0007573,2025-11-04,50
GR-0006153,PO-0007574,2026-05-13,200
GR-0006154,PO-0007576,2024-11-23,100
GR-0006155,PO-0007577,2026-02-28,50
GR-0006156,PO-0007578,2024-06-12,500
GR-0006157,PO-0007579,2024-06-30,500
GR-0006158,PO-0007580,2026-01-28,200
GR-0006159,PO-0007581,2024-12-27,500
GR-0006160,PO-0007582,2024-09-01,1000
GR-0006161,PO-0007583,2024-04-07,1000
GR-0006162,PO-0007584,2024-12-31,200
GR-0006163,PO-0007586,2026-03-07,50
GR-0006164,PO-0007587,2025-05-08,1000
GR-0006165,PO-0007588,2026-01-12,100
GR-0006166,PO-0007589,2024-07-05,500
GR-0006167,PO-0007590,2024-11-12,500
GR-0006168,PO-0007591,2024-05-17,500
GR-0006169,PO-0007592,2025-04-01,50
GR-0006170,PO-0007593,2025-05-21,1000
GR-0006171,PO-0007594,2025-03-26,200
GR-0006172,PO-0007595,2024-04-08,200
GR-0006173,PO-0007596,2025-08-29,1000
GR-0006174,PO-0007598,2025-10-30,1000
GR-0006175,PO-0007600,2025-12-27,1000
GR-0006176,PO-0007602,2025-10-17,50
GR-0006177,PO-0007603,2025-04-08,50
GR-0006178,PO-0007604,2024-11-04,200
GR-0006179,PO-0007605,2026-03-10,200
GR-0006180,PO-0007606,2024-06-04,200
GR-0006181,PO-0007607,2025-02-16,50
GR-0006182,PO-0007608,2025-09-22,200
GR-0006183,PO-0007609,2025-05-16,1000
GR-0006184,PO-0007610,2026-03-27,200
GR-0006185,PO-0007611,2026-02-03,50
GR-0006186,PO-0007612,2024-08-06,200
GR-0006187,PO-0007613,2026-06-07,500
GR-0006188,PO-0007615,2025-11-25,100
GR-0006189,PO-0007616,2024-06-23,500
GR-0006190,PO-0007617,2025-03-04,50
GR-0006191,PO-0007618,2025-03-13,200
GR-0006192,PO-0007619,2026-01-09,1000
GR-0006193,PO-0007620,2025-12-07,500
GR-0006194,PO-0007621,2025-06-19,500
GR-0006195,PO-0007622,2026-04-14,50
GR-0006196,PO-0007623,2024-06-02,1000
GR-0006197,PO-0007626,2025-05-16,200
GR-0006198,PO-0007628,2025-09-03,100
GR-0006199,PO-0007629,2025-04-03,200
GR-0006200,PO-0007631,2025-02-22,200
GR-0006201,PO-0007632,2026-04-17,50
GR-0006202,PO-0007633,2024-07-18,500
GR-0006203,PO-0007636,2026-03-23,1000
GR-0006204,PO-0007638,2025-08-13,200
GR-0006205,PO-0007640,2026-05-13,1000
GR-0006206,PO-0007641,2025-11-13,1000
GR-0006207,PO-0007643,2025-05-26,100
GR-0006208,PO-0007644,2025-05-26,1000
GR-0006209,PO-0007645,2024-07-11,50
GR-0006210,PO-0007646,2026-01-17,500
GR-0006211,PO-0007647,2024-05-03,1000
GR-0006212,PO-0007648,2024-08-15,200
GR-0006213,PO-0007649,2025-07-08,722
GR-0006214,PO-0007651,2024-08-10,96
GR-0006215,PO-0007653,2024-06-11,500
GR-0006216,PO-0007654,2024-07-02,200
GR-0006217,PO-0007656,2026-04-19,1000
GR-0006218,PO-0007657,2024-06-16,200
GR-0006219,PO-0007658,2025-01-08,200
GR-0006220,PO-0007659,2024-12-25,41
GR-0006221,PO-0007660,2025-04-25,500
GR-0006222,PO-0007662,2025-01-07,100
GR-0006223,PO-0007664,2025-02-10,100
GR-0006224,PO-0007665,2024-02-15,50
GR-0006225,PO-0007666,2025-01-27,1000
GR-0006226,PO-0007667,2025-04-29,500
GR-0006227,PO-0007668,2025-01-31,500
GR-0006228,PO-0007669,2026-05-04,100
GR-0006229,PO-0007672,2025-04-11,1000
GR-0006230,PO-0007673,2024-12-26,1000
GR-0006231,PO-0007674,2026-02-27,100
GR-0006232,PO-0007675,2026-04-27,50
GR-0006233,PO-0007677,2024-04-08,50
GR-0006234,PO-0007678,2025-01-26,50
GR-0006235,PO-0007679,2024-03-31,1000
GR-0006236,PO-0007680,2024-08-27,1000
GR-0006237,PO-0007683,2025-12-01,200
GR-0006238,PO-0007684,2024-04-20,500
GR-0006239,PO-0007687,2024-03-08,50
GR-0006240,PO-0007689,2024-10-16,100
GR-0006241,PO-0007690,2024-11-11,1000
GR-0006242,PO-0007692,2025-03-08,1000
GR-0006243,PO-0007693,2025-03-15,200
GR-0006244,PO-0007694,2025-09-01,200
GR-0006245,PO-0007695,2024-02-29,50
GR-0006246,PO-0007696,2024-10-02,500
GR-0006247,PO-0007697,2025-02-28,100
GR-0006248,PO-0007699,2024-08-21,141
GR-0006249,PO-0007702,2026-02-15,1000
GR-0006250,PO-0007703,2025-07-07,50
GR-0006251,PO-0007705,2025-12-27,500
GR-0006252,PO-0007706,2025-11-12,500
GR-0006253,PO-0007707,2024-04-28,1000
GR-0006254,PO-0007708,2025-10-01,50
GR-0006255,PO-0007709,2026-01-08,50
GR-0006256,PO-0007712,2024-10-27,100
GR-0006257,PO-0007713,2025-12-13,1000
GR-0006258,PO-0007714,2025-05-21,1000
GR-0006259,PO-0007715,2024-02-28,100
GR-0006260,PO-0007716,2025-08-06,1000
GR-0006261,PO-0007717,2024-08-26,50
GR-0006262,PO-0007718,2026-02-27,704
GR-0006263,PO-0007719,2026-03-22,50
GR-0006264,PO-0007721,2026-05-20,200
GR-0006265,PO-0007722,2026-03-19,100
GR-0006266,PO-0007723,2024-11-07,200
GR-0006267,PO-0007724,2025-03-25,89
GR-0006268,PO-0007725,2026-03-03,1000
GR-0006269,PO-0007726,2025-11-07,100
GR-0006270,PO-0007727,2024-05-15,50
GR-0006271,PO-0007728,2024-06-22,200
GR-0006272,PO-0007729,2025-04-02,50
GR-0006273,PO-0007730,2025-09-20,200
GR-0006274,PO-0007731,2026-01-14,100
GR-0006275,PO-0007732,2025-10-18,500
GR-0006276,PO-0007733,2024-09-29,812
GR-0006277,PO-0007734,2024-05-14,200
GR-0006278,PO-0007735,2025-05-27,200
GR-0006279,PO-0007736,2025-06-23,1000
GR-0006280,PO-0007737,2024-10-25,100
GR-0006281,PO-0007739,2024-08-30,48
GR-0006282,PO-0007742,2025-07-30,50
GR-0006283,PO-0007743,2025-01-18,200
GR-0006284,PO-0007744,2024-08-15,100
GR-0006285,PO-0007745,2025-12-02,100
GR-0006286,PO-0007746,2025-05-25,100
GR-0006287,PO-0007747,2026-02-09,200
GR-0006288,PO-0007748,2024-05-26,200
GR-0006289,PO-0007749,2025-03-07,100
GR-0006290,PO-0007750,2024-05-12,50
GR-0006291,PO-0007751,2024-08-05,50
GR-0006292,PO-0007752,2025-01-10,1000
GR-0006293,PO-0007753,2024-02-10,83
GR-0006294,PO-0007755,2024-07-23,200
GR-0006295,PO-0007756,2024-04-18,50
GR-0006296,PO-0007757,2025-03-20,500
GR-0006297,PO-0007758,2025-09-15,500
GR-0006298,PO-0007759,2025-06-15,200
GR-0006299,PO-0007760,2024-06-30,50
GR-0006300,PO-0007761,2026-03-09,200
GR-0006301,PO-0007762,2026-02-16,100
GR-0006302,PO-0007763,2024-10-18,82
GR-0006303,PO-0007766,2025-10-02,500
GR-0006304,PO-0007767,2024-04-19,50
GR-0006305,PO-0007768,2024-10-02,849
GR-0006306,PO-0007769,2024-08-30,500
GR-0006307,PO-0007770,2024-11-29,200
GR-0006308,PO-0007771,2025-04-19,50
GR-0006309,PO-0007772,2024-03-11,1000
GR-0006310,PO-0007773,2025-07-08,200
GR-0006311,PO-0007774,2025-06-22,200
GR-0006312,PO-0007775,2026-05-31,100
GR-0006313,PO-0007776,2025-08-29,500
GR-0006314,PO-0007777,2025-08-09,100
GR-0006315,PO-0007778,2026-06-08,500
GR-0006316,PO-0007780,2024-10-05,50
GR-0006317,PO-0007781,2024-12-13,500
GR-0006318,PO-0007782,2026-04-13,200
GR-0006319,PO-0007783,2026-02-11,500
GR-0006320,PO-0007784,2025-11-30,144
GR-0006321,PO-0007785,2024-05-27,200
GR-0006322,PO-0007786,2025-08-30,1000
GR-0006323,PO-0007787,2025-02-17,200
GR-0006324,PO-0007788,2025-05-10,200
GR-0006325,PO-0007790,2026-02-18,200
GR-0006326,PO-0007791,2024-06-25,50
GR-0006327,PO-0007792,2025-04-14,50
GR-0006328,PO-0007793,2024-05-31,200
GR-0006329,PO-0007794,2024-10-15,456
GR-0006330,PO-0007795,2025-03-05,1000
GR-0006331,PO-0007796,2025-04-02,200
GR-0006332,PO-0007797,2025-01-20,1000
GR-0006333,PO-0007798,2025-04-05,200
GR-0006334,PO-0007799,2024-07-30,50
GR-0006335,PO-0007802,2025-02-01,50
GR-0006336,PO-0007803,2025-09-18,500
GR-0006337,PO-0007804,2024-11-28,100
GR-0006338,PO-0007806,2024-08-15,100
GR-0006339,PO-0007807,2025-01-20,1000
GR-0006340,PO-0007808,2024-02-18,50
GR-0006341,PO-0007809,2025-05-27,1000
GR-0006342,PO-0007810,2024-03-26,100
GR-0006343,PO-0007811,2024-06-20,100
GR-0006344,PO-0007812,2024-03-19,200
GR-0006345,PO-0007813,2024-10-20,100
GR-0006346,PO-0007814,2024-05-08,100
GR-0006347,PO-0007815,2025-10-26,200
GR-0006348,PO-0007816,2024-06-04,200
GR-0006349,PO-0007817,2026-04-06,50
GR-0006350,PO-0007818,2025-11-19,200
GR-0006351,PO-0007819,2026-04-26,200
GR-0006352,PO-0007820,2024-12-15,50
GR-0006353,PO-0007823,2024-01-24,200
GR-0006354,PO-0007824,2025-03-01,200
GR-0006355,PO-0007825,2026-01-10,500
GR-0006356,PO-0007826,2024-08-22,200
GR-0006357,PO-0007827,2024-04-06,500
GR-0006358,PO-0007828,2025-01-19,100
GR-0006359,PO-0007829,2025-03-14,50
GR-0006360,PO-0007831,2025-05-14,500
GR-0006361,PO-0007832,2024-12-10,50
GR-0006362,PO-0007833,2024-06-09,200
GR-0006363,PO-0007834,2025-07-23,500
GR-0006364,PO-0007835,2025-01-13,100
GR-0006365,PO-0007836,2025-02-24,50
GR-0006366,PO-0007837,2025-10-16,100
GR-0006367,PO-0007838,2024-10-13,100
GR-0006368,PO-0007839,2024-09-22,1000
GR-0006369,PO-0007840,2026-01-09,1000
GR-0006370,PO-0007841,2024-06-25,1000
GR-0006371,PO-0007843,2024-09-16,100
GR-0006372,PO-0007844,2026-05-15,200
GR-0006373,PO-0007845,2024-04-23,1000
GR-0006374,PO-0007846,2024-03-23,200
GR-0006375,PO-0007848,2024-11-24,200
GR-0006376,PO-0007849,2026-04-11,100
GR-0006377,PO-0007851,2024-07-18,200
GR-0006378,PO-0007852,2025-09-16,500
GR-0006379,PO-0007853,2024-12-30,50
GR-0006380,PO-0007854,2024-05-11,100
GR-0006381,PO-0007855,2026-02-16,200
GR-0006382,PO-0007857,2025-07-21,50
GR-0006383,PO-0007858,2024-08-04,79
GR-0006384,PO-0007860,2025-09-05,1000
GR-0006385,PO-0007861,2025-04-19,500
GR-0006386,PO-0007862,2025-03-07,500
GR-0006387,PO-0007863,2024-09-05,500
GR-0006388,PO-0007864,2024-11-08,100
GR-0006389,PO-0007865,2024-10-22,100
GR-0006390,PO-0007866,2025-05-14,200
GR-0006391,PO-0007867,2024-08-14,200
GR-0006392,PO-0007868,2025-06-23,50
GR-0006393,PO-0007869,2024-09-28,200
GR-0006394,PO-0007870,2025-08-04,100
GR-0006395,PO-0007871,2024-09-14,100
GR-0006396,PO-0007873,2024-11-20,100
GR-0006397,PO-0007875,2024-09-05,100
GR-0006398,PO-0007877,2024-12-12,200
GR-0006399,PO-0007878,2026-01-08,100
GR-0006400,PO-0007879,2024-10-12,200
GR-0006401,PO-0007880,2024-12-04,183
GR-0006402,PO-0007882,2026-02-13,100
GR-0006403,PO-0007883,2024-11-28,200
GR-0006404,PO-0007884,2024-06-12,100
GR-0006405,PO-0007885,2025-05-05,50
GR-0006406,PO-0007886,2026-03-05,100
GR-0006407,PO-0007887,2025-06-10,50
GR-0006408,PO-0007888,2024-04-24,500
GR-0006409,PO-0007889,2025-12-11,473
GR-0006410,PO-0007890,2024-04-16,1000
GR-0006411,PO-0007892,2025-11-09,500
GR-0006412,PO-0007893,2024-02-10,50
GR-0006413,PO-0007895,2026-04-12,50
GR-0006414,PO-0007896,2024-11-13,50
GR-0006415,PO-0007897,2025-05-14,200
GR-0006416,PO-0007898,2024-10-06,100
GR-0006417,PO-0007899,2025-03-04,100
GR-0006418,PO-0007900,2026-03-26,1000
GR-0006419,PO-0007901,2025-10-24,427
GR-0006420,PO-0007902,2025-12-26,200
GR-0006421,PO-0007903,2025-06-11,500
GR-0006422,PO-0007904,2024-07-16,200
GR-0006423,PO-0007905,2026-01-24,500
GR-0006424,PO-0007906,2026-05-23,500
GR-0006425,PO-0007907,2026-04-01,200
GR-0006426,PO-0007908,2025-09-22,1000
GR-0006427,PO-0007909,2024-11-02,1000
GR-0006428,PO-0007910,2025-07-24,200
GR-0006429,PO-0007911,2024-08-12,1000
GR-0006430,PO-0007912,2024-04-04,141
GR-0006431,PO-0007913,2025-06-04,500
GR-0006432,PO-0007915,2024-06-26,352
GR-0006433,PO-0007916,2024-10-02,464
GR-0006434,PO-0007917,2025-04-27,1000
GR-0006435,PO-0007918,2024-02-06,1000
GR-0006436,PO-0007919,2024-12-13,39
GR-0006437,PO-0007920,2024-06-01,200
GR-0006438,PO-0007921,2025-08-15,100
GR-0006439,PO-0007922,2026-03-02,100
GR-0006440,PO-0007923,2024-04-18,200
GR-0006441,PO-0007924,2024-08-08,1000
GR-0006442,PO-0007925,2024-08-19,1000
GR-0006443,PO-0007926,2025-06-20,200
GR-0006444,PO-0007927,2024-09-11,100
GR-0006445,PO-0007928,2026-02-22,500
GR-0006446,PO-0007929,2025-09-05,100
GR-0006447,PO-0007930,2025-03-31,200
GR-0006448,PO-0007932,2024-06-02,500
GR-0006449,PO-0007933,2024-08-19,200
GR-0006450,PO-0007934,2026-01-03,500
GR-0006451,PO-0007935,2025-11-04,1000
GR-0006452,PO-0007936,2024-07-13,100
GR-0006453,PO-0007937,2025-12-31,1000
GR-0006454,PO-0007940,2025-06-15,50
GR-0006455,PO-0007942,2026-04-11,200
GR-0006456,PO-0007944,2026-02-08,90
GR-0006457,PO-0007945,2024-11-29,50
GR-0006458,PO-0007946,2024-04-13,500
GR-0006459,PO-0007947,2025-11-07,50
GR-0006460,PO-0007948,2025-08-07,500
GR-0006461,PO-0007949,2026-04-29,50
GR-0006462,PO-0007953,2024-12-03,1000
GR-0006463,PO-0007954,2024-10-03,1000
GR-0006464,PO-0007955,2024-06-04,200
GR-0006465,PO-0007956,2025-07-11,1000
GR-0006466,PO-0007957,2025-08-19,500
GR-0006467,PO-0007958,2026-02-01,500
GR-0006468,PO-0007959,2025-10-20,760
GR-0006469,PO-0007960,2025-12-28,200
GR-0006470,PO-0007961,2024-07-19,1000
GR-0006471,PO-0007963,2024-07-29,500
GR-0006472,PO-0007964,2026-03-23,100
GR-0006473,PO-0007965,2024-05-30,500
GR-0006474,PO-0007966,2025-06-02,200
GR-0006475,PO-0007968,2025-09-19,100
GR-0006476,PO-0007969,2025-09-02,100
GR-0006477,PO-0007970,2025-08-31,1000
GR-0006478,PO-0007971,2025-04-05,500
GR-0006479,PO-0007972,2026-05-10,100
GR-0006480,PO-0007973,2025-07-19,500
GR-0006481,PO-0007974,2025-06-22,357
GR-0006482,PO-0007975,2025-10-19,1000
GR-0006483,PO-0007976,2025-02-28,1000
GR-0006484,PO-0007977,2025-05-07,50
GR-0006485,PO-0007978,2025-06-25,1000
GR-0006486,PO-0007979,2025-03-06,50
GR-0006487,PO-0007980,2026-05-03,100
GR-0006488,PO-0007981,2024-02-14,100
GR-0006489,PO-0007982,2024-05-01,100
GR-0006490,PO-0007983,2024-11-30,188
GR-0006491,PO-0007984,2025-02-09,100
GR-0006492,PO-0007985,2025-05-13,50
GR-0006493,PO-0007986,2024-11-20,200
GR-0006494,PO-0007987,2024-10-07,200
GR-0006495,PO-0007988,2025-10-24,1000
GR-0006496,PO-0007989,2025-11-18,1000
GR-0006497,PO-0007991,2026-01-30,50
GR-0006498,PO-0007992,2024-04-10,50
GR-0006499,PO-0007993,2025-05-04,50
GR-0006500,PO-0007994,2024-11-16,200
GR-0006501,PO-0007996,2024-03-31,50
GR-0006502,PO-0007997,2024-12-17,200
GR-0006503,PO-0007998,2024-11-12,100
GR-0006504,PO-0007999,2025-10-22,500
GR-0006505,PO-0008000,2025-05-19,73
GR-0006506,PO-0008001,2025-09-20,100
GR-0006507,PO-0008003,2024-03-02,500
GR-0006508,PO-0008004,2024-07-29,1000
GR-0006509,PO-0008005,2024-12-24,200
GR-0006510,PO-0008006,2025-03-24,1000
GR-0006511,PO-0008007,2025-12-06,50
GR-0006512,PO-0008008,2024-03-05,1000
GR-0006513,PO-0008009,2024-08-19,100
GR-0006514,PO-0008010,2025-02-10,1000
GR-0006515,PO-0008011,2025-05-18,89
GR-0006516,PO-0008012,2024-08-11,500
GR-0006517,PO-0008013,2025-09-26,50
GR-0006518,PO-0008014,2024-05-24,1000
GR-0006519,PO-0008015,2026-01-22,50
GR-0006520,PO-0008016,2024-08-16,100
GR-0006521,PO-0008017,2025-05-07,50
GR-0006522,PO-0008018,2025-10-28,500
GR-0006523,PO-0008019,2025-11-11,50
GR-0006524,PO-0008021,2024-03-22,200
GR-0006525,PO-0008022,2024-12-22,50
GR-0006526,PO-0008023,2025-10-02,200
GR-0006527,PO-0008025,2024-02-05,50
GR-0006528,PO-0008026,2024-05-10,500
GR-0006529,PO-0008028,2024-09-28,500
GR-0006530,PO-0008029,2025-01-13,500
GR-0006531,PO-0008030,2025-06-30,100
GR-0006532,PO-0008031,2024-06-29,50
GR-0006533,PO-0008032,2026-01-13,500
GR-0006534,PO-0008033,2025-05-12,50
GR-0006535,PO-0008034,2024-06-05,100
GR-0006536,PO-0008035,2025-11-28,200
GR-0006537,PO-0008036,2024-06-19,50
GR-0006538,PO-0008037,2024-09-22,200
GR-0006539,PO-0008038,2026-05-24,1000
GR-0006540,PO-0008040,2025-02-08,200
GR-0006541,PO-0008041,2025-05-14,100
GR-0006542,PO-0008043,2024-05-30,500
GR-0006543,PO-0008044,2024-02-04,200
GR-0006544,PO-0008045,2026-04-28,200
GR-0006545,PO-0008046,2025-01-04,100
GR-0006546,PO-0008047,2024-11-22,500
GR-0006547,PO-0008048,2024-02-15,200
GR-0006548,PO-0008049,2024-05-25,100
GR-0006549,PO-0008050,2024-12-27,183
GR-0006550,PO-0008052,2024-06-25,100
GR-0006551,PO-0008053,2026-04-21,50
GR-0006552,PO-0008055,2024-07-24,50
GR-0006553,PO-0008056,2024-09-25,500
GR-0006554,PO-0008059,2024-04-26,50
GR-0006555,PO-0008060,2025-06-10,194
GR-0006556,PO-0008061,2024-04-14,1000
GR-0006557,PO-0008062,2024-04-25,50
GR-0006558,PO-0008063,2025-12-03,50
GR-0006559,PO-0008064,2025-10-17,200
GR-0006560,PO-0008065,2026-03-15,50
GR-0006561,PO-0008066,2026-03-07,200
GR-0006562,PO-0008067,2024-06-03,1000
GR-0006563,PO-0008068,2025-12-09,94
GR-0006564,PO-0008069,2024-01-31,833
GR-0006565,PO-0008070,2025-03-10,100
GR-0006566,PO-0008071,2025-07-14,100
GR-0006567,PO-0008074,2025-01-22,357
GR-0006568,PO-0008078,2025-03-01,1000
GR-0006569,PO-0008079,2024-08-19,50
GR-0006570,PO-0008081,2024-06-07,1000
GR-0006571,PO-0008082,2026-04-02,100
GR-0006572,PO-0008083,2024-07-17,200
GR-0006573,PO-0008084,2024-01-27,100
GR-0006574,PO-0008087,2025-12-13,50
GR-0006575,PO-0008089,2024-03-08,100
GR-0006576,PO-0008090,2024-06-05,200
GR-0006577,PO-0008092,2024-05-12,50
GR-0006578,PO-0008093,2026-01-19,200
GR-0006579,PO-0008094,2024-06-26,919
GR-0006580,PO-0008095,2024-12-03,500
GR-0006581,PO-0008096,2024-12-11,200
GR-0006582,PO-0008097,2026-03-01,200
GR-0006583,PO-0008098,2025-05-05,500
GR-0006584,PO-0008099,2025-02-23,50
GR-0006585,PO-0008101,2024-07-21,100
GR-0006586,PO-0008102,2024-06-24,200
GR-0006587,PO-0008103,2024-09-13,500
GR-0006588,PO-0008106,2024-04-14,50
GR-0006589,PO-0008107,2024-10-05,1000
GR-0006590,PO-0008108,2025-01-02,200
GR-0006591,PO-0008109,2026-01-06,200
GR-0006592,PO-0008110,2025-08-16,50
GR-0006593,PO-0008112,2025-11-06,100
GR-0006594,PO-0008113,2025-09-16,1000
GR-0006595,PO-0008115,2025-09-26,50
GR-0006596,PO-0008117,2025-08-19,170
GR-0006597,PO-0008119,2024-12-19,100
GR-0006598,PO-0008120,2025-07-24,1000
GR-0006599,PO-0008121,2024-09-07,100
GR-0006600,PO-0008122,2024-06-27,500
GR-0006601,PO-0008123,2024-02-28,100
GR-0006602,PO-0008124,2025-01-04,50
GR-0006603,PO-0008125,2024-04-22,200
GR-0006604,PO-0008126,2025-11-18,50
GR-0006605,PO-0008127,2025-10-22,500
GR-0006606,PO-0008128,2025-03-30,500
GR-0006607,PO-0008129,2026-01-28,100
GR-0006608,PO-0008130,2024-03-20,50
GR-0006609,PO-0008131,2024-10-25,500
GR-0006610,PO-0008132,2025-09-05,500
GR-0006611,PO-0008133,2024-06-05,500
GR-0006612,PO-0008135,2025-11-06,500
GR-0006613,PO-0008136,2024-04-09,50
GR-0006614,PO-0008137,2024-04-28,1000
GR-0006615,PO-0008138,2026-04-28,100
GR-0006616,PO-0008139,2026-03-15,100
GR-0006617,PO-0008141,2024-03-05,200
GR-0006618,PO-0008142,2024-04-01,500
GR-0006619,PO-0008145,2024-03-04,50
GR-0006620,PO-0008146,2024-10-15,100
GR-0006621,PO-0008147,2025-03-04,200
GR-0006622,PO-0008148,2024-06-06,500
GR-0006623,PO-0008149,2024-03-07,100
GR-0006624,PO-0008150,2024-02-28,100
GR-0006625,PO-0008151,2024-04-09,1000
GR-0006626,PO-0008152,2024-02-29,200
GR-0006627,PO-0008154,2026-03-23,100
GR-0006628,PO-0008155,2025-01-04,200
GR-0006629,PO-0008156,2024-08-29,100
GR-0006630,PO-0008157,2024-02-14,100
GR-0006631,PO-0008158,2026-04-23,500
GR-0006632,PO-0008159,2025-07-21,100
GR-0006633,PO-0008160,2025-11-12,500
GR-0006634,PO-0008161,2025-04-18,100
GR-0006635,PO-0008164,2024-10-01,500
GR-0006636,PO-0008165,2025-11-14,1000
GR-0006637,PO-0008166,2025-06-06,500
GR-0006638,PO-0008167,2024-08-30,200
GR-0006639,PO-0008169,2026-04-15,100
GR-0006640,PO-0008170,2024-10-26,1000
GR-0006641,PO-0008172,2024-12-13,200
GR-0006642,PO-0008173,2025-11-09,50
GR-0006643,PO-0008174,2025-08-23,152
GR-0006644,PO-0008175,2024-12-24,200
GR-0006645,PO-0008177,2026-04-03,1000
GR-0006646,PO-0008180,2026-01-22,1000
GR-0006647,PO-0008181,2025-06-13,500
GR-0006648,PO-0008183,2024-05-05,200
GR-0006649,PO-0008184,2024-08-21,50
GR-0006650,PO-0008185,2026-02-24,500
GR-0006651,PO-0008188,2025-11-04,100
GR-0006652,PO-0008189,2024-04-14,50
GR-0006653,PO-0008190,2024-02-17,100
GR-0006654,PO-0008191,2024-11-04,100
GR-0006655,PO-0008192,2025-12-08,1000
GR-0006656,PO-0008193,2026-02-26,100
GR-0006657,PO-0008194,2026-03-20,50
GR-0006658,PO-0008195,2024-04-05,165
GR-0006659,PO-0008196,2024-06-16,1000
GR-0006660,PO-0008197,2024-11-28,100
GR-0006661,PO-0008198,2026-03-13,50
GR-0006662,PO-0008199,2025-01-01,50
GR-0006663,PO-0008200,2025-09-12,1000
GR-0006664,PO-0008201,2025-11-22,200
GR-0006665,PO-0008202,2025-09-15,1000
GR-0006666,PO-0008203,2025-11-23,200
GR-0006667,PO-0008204,2025-10-17,1000
GR-0006668,PO-0008205,2025-01-31,100
GR-0006669,PO-0008206,2025-05-14,1000
GR-0006670,PO-0008207,2024-10-23,942
GR-0006671,PO-0008208,2026-02-15,100
GR-0006672,PO-0008209,2025-11-03,200
GR-0006673,PO-0008210,2026-01-02,100
GR-0006674,PO-0008212,2026-04-29,50
GR-0006675,PO-0008213,2024-09-19,200
GR-0006676,PO-0008214,2024-12-25,50
GR-0006677,PO-0008215,2025-06-28,1000
GR-0006678,PO-0008217,2025-07-28,1000
GR-0006679,PO-0008218,2025-07-25,100
GR-0006680,PO-0008220,2024-04-15,100
GR-0006681,PO-0008221,2025-04-26,1000
GR-0006682,PO-0008222,2024-12-25,50
GR-0006683,PO-0008223,2024-04-06,1000
GR-0006684,PO-0008224,2025-09-15,42
GR-0006685,PO-0008225,2025-02-23,1000
GR-0006686,PO-0008226,2024-09-23,50
GR-0006687,PO-0008228,2025-03-07,100
GR-0006688,PO-0008229,2026-03-10,500
GR-0006689,PO-0008231,2025-10-27,50
GR-0006690,PO-0008232,2026-02-28,100
GR-0006691,PO-0008233,2025-12-29,200
GR-0006692,PO-0008234,2024-02-07,500
GR-0006693,PO-0008235,2025-05-03,500
GR-0006694,PO-0008237,2024-08-18,50
GR-0006695,PO-0008238,2024-09-09,100
GR-0006696,PO-0008239,2026-05-27,377
GR-0006697,PO-0008240,2024-03-06,500
GR-0006698,PO-0008241,2025-02-25,50
GR-0006699,PO-0008242,2024-04-04,500
GR-0006700,PO-0008243,2026-04-01,200
GR-0006701,PO-0008244,2024-04-03,100
GR-0006702,PO-0008245,2024-11-30,1000
GR-0006703,PO-0008246,2024-04-14,50
GR-0006704,PO-0008247,2024-06-03,500
GR-0006705,PO-0008248,2024-08-27,1000
GR-0006706,PO-0008250,2025-06-11,1000
GR-0006707,PO-0008251,2024-03-26,500
GR-0006708,PO-0008252,2025-04-30,500
GR-0006709,PO-0008253,2024-07-01,200
GR-0006710,PO-0008255,2026-05-12,50
GR-0006711,PO-0008257,2024-10-14,50
GR-0006712,PO-0008258,2026-04-09,100
GR-0006713,PO-0008259,2025-05-08,200
GR-0006714,PO-0008260,2025-11-23,200
GR-0006715,PO-0008261,2025-05-29,50
GR-0006716,PO-0008262,2024-07-30,200
GR-0006717,PO-0008263,2024-11-05,500
GR-0006718,PO-0008264,2025-05-05,200
GR-0006719,PO-0008265,2024-12-12,200
GR-0006720,PO-0008267,2024-08-04,50
GR-0006721,PO-0008270,2024-04-20,100
GR-0006722,PO-0008271,2025-08-25,500
GR-0006723,PO-0008272,2025-12-16,100
GR-0006724,PO-0008273,2024-05-06,100
GR-0006725,PO-0008274,2026-03-26,100
GR-0006726,PO-0008276,2025-02-14,200
GR-0006727,PO-0008277,2025-03-18,413
GR-0006728,PO-0008278,2025-06-21,500
GR-0006729,PO-0008279,2025-12-19,1000
GR-0006730,PO-0008281,2026-01-06,200
GR-0006731,PO-0008282,2025-07-07,100
GR-0006732,PO-0008283,2026-04-24,50
GR-0006733,PO-0008284,2024-11-05,500
GR-0006734,PO-0008285,2025-07-07,801
GR-0006735,PO-0008286,2025-10-16,500
GR-0006736,PO-0008288,2025-04-21,43
GR-0006737,PO-0008289,2026-05-01,100
GR-0006738,PO-0008292,2025-07-08,500
GR-0006739,PO-0008293,2024-11-20,100
GR-0006740,PO-0008295,2024-11-08,50
GR-0006741,PO-0008297,2024-09-14,200
GR-0006742,PO-0008298,2025-11-25,856
GR-0006743,PO-0008299,2026-01-03,1000
GR-0006744,PO-0008300,2025-04-25,1000
GR-0006745,PO-0008301,2025-05-12,500
GR-0006746,PO-0008302,2025-11-28,200
GR-0006747,PO-0008303,2024-05-24,200
GR-0006748,PO-0008306,2024-07-17,50
GR-0006749,PO-0008308,2024-08-03,200
GR-0006750,PO-0008309,2026-05-03,500
GR-0006751,PO-0008310,2024-07-14,200
GR-0006752,PO-0008311,2026-05-19,500
GR-0006753,PO-0008313,2025-10-19,100
GR-0006754,PO-0008314,2024-06-26,50
GR-0006755,PO-0008315,2025-01-18,50
GR-0006756,PO-0008316,2026-01-25,50
GR-0006757,PO-0008317,2026-06-06,50
GR-0006758,PO-0008318,2025-02-17,100
GR-0006759,PO-0008320,2026-03-31,1000
GR-0006760,PO-0008321,2026-02-24,367
GR-0006761,PO-0008322,2025-08-28,1000
GR-0006762,PO-0008323,2025-02-03,442
GR-0006763,PO-0008324,2024-06-06,100
GR-0006764,PO-0008325,2024-08-24,350
GR-0006765,PO-0008326,2024-10-05,1000
GR-0006766,PO-0008327,2025-04-06,200
GR-0006767,PO-0008328,2026-03-25,1000
GR-0006768,PO-0008329,2026-01-28,200
GR-0006769,PO-0008330,2026-03-03,1000
GR-0006770,PO-0008331,2026-01-08,92
GR-0006771,PO-0008332,2025-02-22,200
GR-0006772,PO-0008333,2024-06-08,200
GR-0006773,PO-0008334,2024-06-05,100
GR-0006774,PO-0008335,2024-08-02,500
GR-0006775,PO-0008336,2026-02-15,50
GR-0006776,PO-0008337,2024-09-28,50
GR-0006777,PO-0008338,2025-04-26,100
GR-0006778,PO-0008340,2024-03-18,100
GR-0006779,PO-0008341,2025-12-03,500
GR-0006780,PO-0008342,2025-11-10,500
GR-0006781,PO-0008343,2024-10-07,1000
GR-0006782,PO-0008344,2025-08-01,1000
GR-0006783,PO-0008345,2026-04-06,1000
GR-0006784,PO-0008347,2025-01-01,100
GR-0006785,PO-0008348,2025-10-23,1000
GR-0006786,PO-0008349,2025-10-02,1000
GR-0006787,PO-0008350,2025-04-06,50
GR-0006788,PO-0008351,2025-10-13,200
GR-0006789,PO-0008352,2024-07-17,500
GR-0006790,PO-0008353,2025-05-16,500
GR-0006791,PO-0008354,2025-12-12,100
GR-0006792,PO-0008355,2025-11-18,1000
GR-0006793,PO-0008356,2025-09-27,100
GR-0006794,PO-0008357,2024-10-05,100
GR-0006795,PO-0008358,2024-11-16,1000
GR-0006796,PO-0008359,2025-10-03,50
GR-0006797,PO-0008360,2024-09-23,100
GR-0006798,PO-0008361,2025-05-19,500
GR-0006799,PO-0008362,2024-07-01,500
GR-0006800,PO-0008363,2026-01-29,200
GR-0006801,PO-0008364,2025-07-15,50
GR-0006802,PO-0008365,2026-01-26,1000
GR-0006803,PO-0008367,2024-10-16,1000
GR-0006804,PO-0008368,2025-03-07,200
GR-0006805,PO-0008369,2025-03-18,200
GR-0006806,PO-0008370,2025-10-31,500
GR-0006807,PO-0008371,2024-11-26,500
GR-0006808,PO-0008372,2024-01-21,100
GR-0006809,PO-0008373,2024-04-22,500
GR-0006810,PO-0008374,2025-04-21,1000
GR-0006811,PO-0008375,2024-05-02,200
GR-0006812,PO-0008376,2025-08-02,50
GR-0006813,PO-0008377,2024-02-10,50
GR-0006814,PO-0008382,2024-08-19,100
GR-0006815,PO-0008383,2025-10-27,200
GR-0006816,PO-0008384,2024-05-12,500
GR-0006817,PO-0008385,2024-10-07,1000
GR-0006818,PO-0008386,2026-03-21,500
GR-0006819,PO-0008387,2026-05-14,100
GR-0006820,PO-0008388,2024-12-06,50
GR-0006821,PO-0008390,2025-02-28,1000
GR-0006822,PO-0008391,2025-04-12,1000
GR-0006823,PO-0008392,2024-06-06,1000
GR-0006824,PO-0008393,2025-02-22,100
GR-0006825,PO-0008394,2025-09-06,100
GR-0006826,PO-0008395,2025-08-08,200
GR-0006827,PO-0008398,2026-05-20,500
GR-0006828,PO-0008399,2024-03-31,200
GR-0006829,PO-0008400,2024-12-24,500
GR-0006830,PO-0008403,2024-02-21,50
GR-0006831,PO-0008405,2025-04-11,402
GR-0006832,PO-0008406,2025-11-13,50
GR-0006833,PO-0008407,2025-04-25,500
GR-0006834,PO-0008408,2024-09-28,1000
GR-0006835,PO-0008410,2024-02-28,100
GR-0006836,PO-0008411,2026-05-26,50
GR-0006837,PO-0008413,2024-12-22,100
GR-0006838,PO-0008414,2024-03-08,100
GR-0006839,PO-0008415,2025-06-28,464
GR-0006840,PO-0008417,2024-07-01,100
GR-0006841,PO-0008418,2025-01-05,500
GR-0006842,PO-0008419,2026-04-16,200
GR-0006843,PO-0008420,2025-03-12,500
GR-0006844,PO-0008423,2026-02-27,100
GR-0006845,PO-0008424,2024-05-18,166
GR-0006846,PO-0008426,2025-11-24,200
GR-0006847,PO-0008429,2025-03-27,500
GR-0006848,PO-0008431,2024-06-27,500
GR-0006849,PO-0008432,2026-01-05,168
GR-0006850,PO-0008433,2025-01-25,1000
GR-0006851,PO-0008434,2025-12-15,100
GR-0006852,PO-0008435,2025-04-02,100
GR-0006853,PO-0008436,2025-11-09,50
GR-0006854,PO-0008437,2025-03-08,100
GR-0006855,PO-0008438,2026-03-13,100
GR-0006856,PO-0008439,2025-01-26,500
GR-0006857,PO-0008440,2024-07-07,500
GR-0006858,PO-0008441,2025-04-23,100
GR-0006859,PO-0008442,2024-05-06,500
GR-0006860,PO-0008443,2025-01-19,1000
GR-0006861,PO-0008444,2025-11-24,100
GR-0006862,PO-0008445,2024-03-02,1000
GR-0006863,PO-0008446,2024-09-10,1000
GR-0006864,PO-0008447,2025-04-30,500
GR-0006865,PO-0008448,2025-06-20,100
GR-0006866,PO-0008449,2024-11-15,147
GR-0006867,PO-0008450,2025-02-01,100
GR-0006868,PO-0008451,2026-03-14,50
GR-0006869,PO-0008452,2025-03-12,200
GR-0006870,PO-0008453,2025-01-27,100
GR-0006871,PO-0008456,2025-06-21,100
GR-0006872,PO-0008457,2024-08-12,200
GR-0006873,PO-0008458,2024-01-30,500
GR-0006874,PO-0008459,2024-05-26,200
GR-0006875,PO-0008460,2025-11-26,200
GR-0006876,PO-0008461,2025-05-02,100
GR-0006877,PO-0008462,2024-03-19,1000
GR-0006878,PO-0008464,2024-08-11,100
GR-0006879,PO-0008465,2025-04-20,50
GR-0006880,PO-0008466,2025-12-29,50
GR-0006881,PO-0008467,2024-05-28,1000
GR-0006882,PO-0008468,2024-08-01,500
GR-0006883,PO-0008469,2026-05-19,500
GR-0006884,PO-0008470,2024-04-04,200
GR-0006885,PO-0008471,2024-12-28,1000
GR-0006886,PO-0008472,2026-03-07,187
GR-0006887,PO-0008473,2024-09-16,1000
GR-0006888,PO-0008474,2025-01-24,1000
GR-0006889,PO-0008475,2025-03-10,50
GR-0006890,PO-0008476,2026-02-07,200
GR-0006891,PO-0008477,2024-12-19,50
GR-0006892,PO-0008480,2025-03-21,50
GR-0006893,PO-0008481,2025-12-16,100
GR-0006894,PO-0008482,2024-08-02,1000
GR-0006895,PO-0008483,2025-08-14,1000
GR-0006896,PO-0008484,2025-10-03,200
GR-0006897,PO-0008485,2024-05-30,100
GR-0006898,PO-0008486,2024-09-11,1000
GR-0006899,PO-0008487,2025-06-01,50
GR-0006900,PO-0008488,2025-11-28,1000
GR-0006901,PO-0008489,2026-04-24,200
GR-0006902,PO-0008490,2025-12-22,200
GR-0006903,PO-0008491,2026-01-12,100
GR-0006904,PO-0008492,2025-02-19,200
GR-0006905,PO-0008494,2024-08-12,50
GR-0006906,PO-0008496,2025-08-27,1000
GR-0006907,PO-0008497,2024-10-04,500
GR-0006908,PO-0008498,2024-03-01,50
GR-0006909,PO-0008499,2024-05-16,100
GR-0006910,PO-0008500,2025-10-08,1000
GR-0006911,PO-0008502,2025-03-14,100
GR-0006912,PO-0008503,2024-08-09,500
GR-0006913,PO-0008504,2025-10-09,500
GR-0006914,PO-0008505,2026-01-15,50
GR-0006915,PO-0008506,2025-04-12,1000
GR-0006916,PO-0008507,2026-04-23,200
GR-0006917,PO-0008508,2025-02-14,1000
GR-0006918,PO-0008509,2025-05-07,100
GR-0006919,PO-0008511,2026-03-05,500
GR-0006920,PO-0008513,2024-09-15,50
GR-0006921,PO-0008514,2025-10-25,50
GR-0006922,PO-0008515,2025-03-09,1000
GR-0006923,PO-0008517,2025-09-19,200
GR-0006924,PO-0008518,2025-12-26,50
GR-0006925,PO-0008519,2024-05-09,200
GR-0006926,PO-0008520,2025-05-27,100
GR-0006927,PO-0008521,2024-05-17,1000
GR-0006928,PO-0008522,2025-02-23,1000
GR-0006929,PO-0008523,2024-07-16,50
GR-0006930,PO-0008524,2026-01-22,1000
GR-0006931,PO-0008525,2026-02-17,200
GR-0006932,PO-0008527,2024-04-07,100
GR-0006933,PO-0008528,2025-08-17,951
GR-0006934,PO-0008530,2024-05-29,200
GR-0006935,PO-0008532,2025-05-11,50
GR-0006936,PO-0008533,2025-08-04,50
GR-0006937,PO-0008534,2026-03-04,1000
GR-0006938,PO-0008535,2025-01-27,50
GR-0006939,PO-0008536,2025-12-22,200
GR-0006940,PO-0008537,2026-04-20,500
GR-0006941,PO-0008538,2024-12-20,500
GR-0006942,PO-0008539,2024-11-16,200
GR-0006943,PO-0008540,2024-06-06,200
GR-0006944,PO-0008542,2026-01-09,500
GR-0006945,PO-0008543,2026-05-17,500
GR-0006946,PO-0008544,2024-06-22,200
GR-0006947,PO-0008545,2024-07-10,1000
GR-0006948,PO-0008546,2025-09-12,50
GR-0006949,PO-0008547,2026-06-03,200
GR-0006950,PO-0008549,2025-06-24,1000
GR-0006951,PO-0008550,2024-10-06,500
GR-0006952,PO-0008551,2024-04-16,500
GR-0006953,PO-0008552,2024-09-20,50
GR-0006954,PO-0008553,2024-11-15,500
GR-0006955,PO-0008554,2024-04-29,45
GR-0006956,PO-0008555,2024-12-03,100
GR-0006957,PO-0008556,2024-11-16,100
GR-0006958,PO-0008557,2024-12-27,1000
GR-0006959,PO-0008559,2025-02-08,500
GR-0006960,PO-0008560,2024-05-12,200
GR-0006961,PO-0008562,2024-09-21,200
GR-0006962,PO-0008563,2025-09-12,100
GR-0006963,PO-0008565,2025-01-28,100
GR-0006964,PO-0008566,2024-11-14,45
GR-0006965,PO-0008567,2025-01-16,200
GR-0006966,PO-0008568,2025-02-04,50
GR-0006967,PO-0008569,2024-09-02,200
GR-0006968,PO-0008570,2025-10-20,374
GR-0006969,PO-0008571,2026-02-04,50
GR-0006970,PO-0008572,2024-08-13,419
GR-0006971,PO-0008573,2025-05-29,200
GR-0006972,PO-0008575,2025-12-25,100
GR-0006973,PO-0008577,2026-05-21,500
GR-0006974,PO-0008578,2025-03-04,50
GR-0006975,PO-0008579,2025-01-13,50
GR-0006976,PO-0008580,2026-04-06,100
GR-0006977,PO-0008581,2024-07-10,416
GR-0006978,PO-0008582,2026-02-15,500
GR-0006979,PO-0008583,2025-02-06,500
GR-0006980,PO-0008584,2025-01-16,500
GR-0006981,PO-0008585,2026-05-03,50
GR-0006982,PO-0008586,2026-02-25,456
GR-0006983,PO-0008587,2024-08-28,50
GR-0006984,PO-0008588,2025-10-09,200
GR-0006985,PO-0008589,2026-01-10,100
GR-0006986,PO-0008590,2026-04-12,100
GR-0006987,PO-0008591,2025-09-21,1000
GR-0006988,PO-0008592,2025-10-25,1000
GR-0006989,PO-0008593,2025-08-14,500
GR-0006990,PO-0008594,2026-05-28,100
GR-0006991,PO-0008595,2024-08-28,100
GR-0006992,PO-0008596,2024-11-24,200
GR-0006993,PO-0008597,2024-11-28,100
GR-0006994,PO-0008598,2025-12-26,1000
GR-0006995,PO-0008599,2025-09-12,1000
GR-0006996,PO-0008600,2024-03-06,50
GR-0006997,PO-0008603,2025-10-31,494
GR-0006998,PO-0008605,2024-11-28,200
GR-0006999,PO-0008606,2024-07-11,1000
GR-0007000,PO-0008607,2024-10-26,50
GR-0007001,PO-0008608,2024-08-28,500
GR-0007002,PO-0008609,2025-12-19,500
GR-0007003,PO-0008610,2024-03-15,200
GR-0007004,PO-0008612,2025-10-12,200
GR-0007005,PO-0008613,2024-09-10,1000
GR-0007006,PO-0008614,2025-04-09,200
GR-0007007,PO-0008615,2024-10-24,500
GR-0007008,PO-0008618,2026-04-13,200
GR-0007009,PO-0008619,2024-04-03,50
GR-0007010,PO-0008622,2024-07-31,1000
GR-0007011,PO-0008623,2025-08-11,50
GR-0007012,PO-0008624,2026-05-04,500
GR-0007013,PO-0008625,2025-10-04,100
GR-0007014,PO-0008627,2024-04-04,1000
GR-0007015,PO-0008628,2025-12-06,500
GR-0007016,PO-0008629,2024-09-30,500
GR-0007017,PO-0008630,2024-08-11,1000
GR-0007018,PO-0008631,2024-08-10,200
GR-0007019,PO-0008632,2026-03-15,100
GR-0007020,PO-0008633,2024-12-04,100
GR-0007021,PO-0008634,2026-02-21,50
GR-0007022,PO-0008635,2024-09-20,100
GR-0007023,PO-0008636,2025-02-03,50
GR-0007024,PO-0008637,2024-05-06,500
GR-0007025,PO-0008638,2026-02-17,500
GR-0007026,PO-0008640,2025-07-02,100
GR-0007027,PO-0008641,2025-07-22,50
GR-0007028,PO-0008642,2024-04-07,168
GR-0007029,PO-0008643,2024-08-07,37
GR-0007030,PO-0008644,2025-09-08,43
GR-0007031,PO-0008645,2024-06-13,500
GR-0007032,PO-0008646,2024-04-07,385
GR-0007033,PO-0008647,2024-06-22,50
GR-0007034,PO-0008648,2024-10-13,50
GR-0007035,PO-0008649,2026-01-08,500
GR-0007036,PO-0008650,2025-03-17,200
GR-0007037,PO-0008651,2025-05-09,50
GR-0007038,PO-0008652,2024-03-25,500
GR-0007039,PO-0008653,2025-01-07,1000
GR-0007040,PO-0008654,2026-05-22,500
GR-0007041,PO-0008655,2025-05-30,500
GR-0007042,PO-0008656,2025-02-03,1000
GR-0007043,PO-0008657,2025-07-22,500
GR-0007044,PO-0008658,2026-03-25,37
GR-0007045,PO-0008659,2025-12-01,500
GR-0007046,PO-0008660,2026-01-16,100
GR-0007047,PO-0008661,2024-03-01,1000
GR-0007048,PO-0008662,2025-09-11,200
GR-0007049,PO-0008664,2024-12-24,500
GR-0007050,PO-0008665,2026-03-19,1000
GR-0007051,PO-0008666,2025-05-28,1000
GR-0007052,PO-0008668,2026-03-26,100
GR-0007053,PO-0008669,2025-08-05,100
GR-0007054,PO-0008670,2025-02-19,500
GR-0007055,PO-0008671,2025-05-05,200
GR-0007056,PO-0008672,2026-05-09,100
GR-0007057,PO-0008673,2026-01-06,1000
GR-0007058,PO-0008674,2024-05-01,100
GR-0007059,PO-0008675,2026-06-01,500
GR-0007060,PO-0008676,2024-03-29,200
GR-0007061,PO-0008677,2024-04-29,1000
GR-0007062,PO-0008679,2025-01-17,50
GR-0007063,PO-0008680,2024-09-02,1000
GR-0007064,PO-0008681,2024-03-02,50
GR-0007065,PO-0008682,2024-12-25,97
GR-0007066,PO-0008683,2024-03-14,200
GR-0007067,PO-0008684,2026-02-27,100
GR-0007068,PO-0008685,2025-05-30,100
GR-0007069,PO-0008686,2024-12-07,200
GR-0007070,PO-0008688,2025-09-08,200
GR-0007071,PO-0008689,2025-06-09,500
GR-0007072,PO-0008690,2025-09-09,1000
GR-0007073,PO-0008691,2025-11-17,1000
GR-0007074,PO-0008692,2024-02-06,1000
GR-0007075,PO-0008694,2025-05-27,500
GR-0007076,PO-0008695,2024-02-06,200
GR-0007077,PO-0008696,2025-01-06,200
GR-0007078,PO-0008697,2026-03-05,500
GR-0007079,PO-0008698,2025-04-30,100
GR-0007080,PO-0008699,2024-05-12,500
GR-0007081,PO-0008700,2024-09-20,1000
GR-0007082,PO-0008701,2026-02-05,416
GR-0007083,PO-0008702,2025-12-06,100
GR-0007084,PO-0008704,2025-01-30,500
GR-0007085,PO-0008705,2025-02-10,1000
GR-0007086,PO-0008706,2024-07-03,500
GR-0007087,PO-0008709,2025-04-21,200
GR-0007088,PO-0008710,2024-04-27,1000
GR-0007089,PO-0008711,2025-02-21,1000
GR-0007090,PO-0008712,2025-02-09,76
GR-0007091,PO-0008713,2024-04-21,1000
GR-0007092,PO-0008714,2025-08-23,500
GR-0007093,PO-0008715,2026-04-29,100
GR-0007094,PO-0008716,2025-08-08,937
GR-0007095,PO-0008718,2025-04-10,1000
GR-0007096,PO-0008719,2024-07-24,50
GR-0007097,PO-0008721,2024-07-24,100
GR-0007098,PO-0008722,2025-04-09,200
GR-0007099,PO-0008723,2024-11-10,50
GR-0007100,PO-0008724,2025-10-21,50
GR-0007101,PO-0008725,2025-04-27,200
GR-0007102,PO-0008726,2025-06-16,50
GR-0007103,PO-0008728,2025-01-10,200
GR-0007104,PO-0008729,2025-02-23,200
GR-0007105,PO-0008731,2025-01-02,50
GR-0007106,PO-0008732,2026-02-18,50
GR-0007107,PO-0008733,2024-06-26,38
GR-0007108,PO-0008734,2024-12-31,200
GR-0007109,PO-0008735,2025-12-03,100
GR-0007110,PO-0008736,2026-02-15,50
GR-0007111,PO-0008737,2025-10-06,200
GR-0007112,PO-0008738,2025-10-27,1000
GR-0007113,PO-0008739,2025-01-17,1000
GR-0007114,PO-0008740,2024-03-14,100
GR-0007115,PO-0008742,2024-02-20,1000
GR-0007116,PO-0008743,2024-03-31,500
GR-0007117,PO-0008746,2026-03-21,200
GR-0007118,PO-0008747,2026-04-15,83
GR-0007119,PO-0008748,2024-09-30,1000
GR-0007120,PO-0008749,2026-02-28,50
GR-0007121,PO-0008750,2025-07-14,200
GR-0007122,PO-0008751,2025-02-13,200
GR-0007123,PO-0008752,2025-08-10,500
GR-0007124,PO-0008753,2026-01-27,500
GR-0007125,PO-0008754,2025-07-26,200
GR-0007126,PO-0008755,2025-10-27,100
GR-0007127,PO-0008757,2025-11-25,200
GR-0007128,PO-0008758,2026-03-17,200
GR-0007129,PO-0008759,2026-03-22,200
GR-0007130,PO-0008760,2024-04-21,100
GR-0007131,PO-0008761,2025-06-21,1000
GR-0007132,PO-0008762,2024-05-15,200
GR-0007133,PO-0008763,2024-02-05,500
GR-0007134,PO-0008764,2025-12-15,100
GR-0007135,PO-0008765,2024-12-05,500
GR-0007136,PO-0008766,2026-05-09,500
GR-0007137,PO-0008767,2024-04-04,100
GR-0007138,PO-0008769,2024-11-02,200
GR-0007139,PO-0008771,2025-12-14,200
GR-0007140,PO-0008772,2025-01-15,50
GR-0007141,PO-0008773,2025-02-19,200
GR-0007142,PO-0008774,2025-07-07,970
GR-0007143,PO-0008775,2026-02-13,200
GR-0007144,PO-0008776,2025-10-18,50
GR-0007145,PO-0008777,2025-12-05,200
GR-0007146,PO-0008778,2024-12-21,50
GR-0007147,PO-0008781,2024-09-16,100
GR-0007148,PO-0008782,2024-03-29,1000
GR-0007149,PO-0008783,2025-05-20,50
GR-0007150,PO-0008784,2026-05-03,500
GR-0007151,PO-0008786,2025-08-25,50
GR-0007152,PO-0008787,2025-06-23,200
GR-0007153,PO-0008788,2024-08-08,50
GR-0007154,PO-0008789,2024-02-18,500
GR-0007155,PO-0008791,2025-12-21,175
GR-0007156,PO-0008792,2026-04-16,200
GR-0007157,PO-0008793,2025-05-03,500
GR-0007158,PO-0008794,2024-11-18,100
GR-0007159,PO-0008795,2025-12-24,50
GR-0007160,PO-0008796,2026-03-19,50
GR-0007161,PO-0008797,2024-08-20,100
GR-0007162,PO-0008798,2025-06-12,500
GR-0007163,PO-0008799,2024-08-31,100
GR-0007164,PO-0008801,2024-05-10,50
GR-0007165,PO-0008803,2025-07-09,500
GR-0007166,PO-0008804,2024-09-15,200
GR-0007167,PO-0008805,2025-03-08,981
GR-0007168,PO-0008806,2025-11-23,200

Statement ID: {BED8C231-6F1E-4113-89B5-06B0E6F09CC6} | Query hash: 0x3FCA1A9671005217 | Distributed request ID: {DAF07CE4-1EB9-4E54-9A8A-E6C6FF96B6B9}
