col_a,col_b,col_c,col_d,col_e,col_f,col_g,col_h,col_i
SHP-002626,W-08,FG-0045,2026-03-21,100,100,1,1,北日本
SHP-002627,W-09,FG-0033,2026-01-02,50,50,1,1,海外
SHP-002628,W-11,FG-0051,2024-09-29,50,50,0,1,東日本
SHP-002629,W-14,FG-0052,2024-09-18,100,100,1,1,北日本
SHP-002630,W-14,FG-0070,2025-05-28,20,17,1,0,西日本
SHP-002631,W-11,FG-0049,2025-10-29,100,100,0,1,東日本
SHP-002632,W-08,FG-0066,2024-11-28,10,10,1,1,海外
SHP-002633,W-20,FG-0073,2024-09-05,50,50,0,1,北日本
SHP-002634,W-24,FG-0019,2025-09-27,100,100,0,1,北日本
SHP-002635,W-07,FG-0053,2025-07-15,10,10,1,1,西日本
SHP-002636,W-05,FG-0055,2025-05-22,10,6,1,0,西日本
SHP-002637,W-03,FG-0044,2024-07-19,10,10,1,1,東日本
SHP-002638,W-17,FG-0010,2025-10-23,20,20,1,1,北日本
SHP-002639,W-07,FG-0032,2024-10-02,10,10,1,1,海外
SHP-002640,W-13,FG-0027,2024-09-13,50,50,1,1,東日本
SHP-002641,W-24,FG-0013,2025-09-13,100,100,0,1,西日本
SHP-002642,W-10,FG-0068,2025-06-02,10,10,0,1,東日本
SHP-002643,W-15,FG-0026,2024-06-29,20,20,1,1,西日本
SHP-002644,W-09,FG-0058,2025-01-10,10,10,1,1,海外
SHP-002645,W-05,FG-0033,2024-07-27,100,100,1,1,北日本
SHP-002646,W-04,FG-0026,2026-03-25,100,100,1,1,東日本
SHP-002647,W-03,FG-0063,2024-03-17,50,50,1,1,東日本
SHP-002648,W-02,FG-0035,2024-04-22,50,50,1,1,海外
SHP-002649,W-23,FG-0052,2025-11-29,10,10,1,1,東日本
SHP-002650,W-06,FG-0054,2025-04-19,50,50,1,1,西日本
SHP-002651,W-05,FG-0079,2025-04-23,10,10,1,1,西日本
SHP-002652,W-12,FG-0038,2025-04-21,10,10,1,1,海外
SHP-002653,W-10,FG-0014,2024-06-29,100,100,1,1,北日本
SHP-002654,W-24,FG-0066,2024-11-21,50,50,1,1,東日本
SHP-002655,W-19,FG-0014,2025-02-07,100,100,1,1,海外
SHP-002656,W-06,FG-0017,2024-09-22,100,100,1,1,北日本
SHP-002657,W-12,FG-0047,2025-01-27,10,10,1,1,東日本
SHP-002658,W-20,FG-0049,2024-11-08,20,20,1,1,東日本
SHP-002659,W-09,FG-0004,2024-11-15,50,50,1,1,海外
SHP-002660,W-11,FG-0029,2026-02-13,20,20,1,1,北日本
SHP-002661,W-05,FG-0040,2025-06-14,20,20,1,1,海外
SHP-002662,W-23,FG-0038,2025-03-13,50,50,1,1,東日本
SHP-002663,W-06,FG-0036,2025-03-21,50,50,1,1,西日本
SHP-002664,W-18,FG-0021,2024-11-10,50,50,1,1,北日本
SHP-002665,W-22,FG-0007,2024-02-27,50,50,1,1,北日本
SHP-002666,W-23,FG-0036,2024-01-12,10,10,1,1,東日本
SHP-002667,W-03,FG-0025,2026-03-25,50,50,1,1,西日本
SHP-002668,W-10,FG-0033,2025-04-15,50,50,1,1,海外
SHP-002669,W-01,FG-0056,2025-08-01,50,50,1,1,東日本
SHP-002670,W-24,FG-0063,2025-10-10,20,20,1,1,北日本
SHP-002671,W-10,FG-0069,2024-12-30,50,31,1,0,東日本
SHP-002672,W-16,FG-0028,2026-01-02,10,10,1,1,北日本
SHP-002673,W-23,FG-0027,2026-04-14,10,10,1,1,海外
SHP-002674,W-11,FG-0004,2025-03-16,10,10,1,1,北日本
SHP-002675,W-22,FG-0029,2024-06-19,100,100,1,1,北日本
SHP-002676,W-24,FG-0034,2024-03-25,100,100,1,1,東日本
SHP-002677,W-14,FG-0055,2026-04-29,100,100,1,1,西日本
SHP-002678,W-11,FG-0058,2024-02-19,10,10,1,1,北日本
SHP-002679,W-04,FG-0007,2024-09-13,50,50,1,1,海外
SHP-002680,W-17,FG-0038,2026-04-08,100,66,1,0,東日本
SHP-002681,W-07,FG-0021,2024-05-10,20,20,0,1,東日本
SHP-002682,W-23,FG-0026,2024-11-15,100,100,1,1,海外
SHP-002683,W-11,FG-0002,2025-05-26,20,13,0,0,東日本
SHP-002684,W-17,FG-0068,2025-03-14,100,100,1,1,東日本
SHP-002685,W-05,FG-0052,2025-09-28,50,50,1,1,北日本
SHP-002686,W-08,FG-0009,2024-04-20,10,10,0,1,東日本
SHP-002687,W-03,FG-0044,2025-07-11,100,100,1,1,東日本
SHP-002688,W-09,FG-0075,2024-04-12,10,10,1,1,北日本
SHP-002689,W-14,FG-0069,2024-05-11,50,50,1,1,東日本
SHP-002690,W-16,FG-0078,2025-11-08,20,15,1,0,海外
SHP-002691,W-07,FG-0058,2025-06-13,20,20,1,1,西日本
SHP-002692,W-07,FG-0012,2025-11-08,20,20,1,1,西日本
SHP-002693,W-12,FG-0034,2024-05-20,100,100,0,1,海外
SHP-002694,W-10,FG-0002,2025-07-22,50,50,1,1,西日本
SHP-002695,W-16,FG-0015,2025-12-12,100,100,1,1,北日本
SHP-002696,W-07,FG-0026,2025-01-13,20,20,1,1,海外
SHP-002697,W-17,FG-0046,2026-03-08,20,20,1,1,北日本
SHP-002698,W-01,FG-0059,2024-03-18,100,83,1,0,海外
SHP-002699,W-23,FG-0002,2025-11-15,100,100,1,1,東日本
SHP-002700,W-06,FG-0019,2024-06-23,10,10,1,1,海外
SHP-002701,W-21,FG-0024,2024-11-06,20,17,1,0,東日本
SHP-002702,W-04,FG-0033,2024-11-21,50,40,1,0,東日本
SHP-002703,W-24,FG-0022,2025-08-29,100,100,1,1,海外
SHP-002704,W-24,FG-0005,2025-10-22,10,7,0,0,北日本
SHP-002705,W-03,FG-0013,2024-08-16,10,10,1,1,東日本
SHP-002706,W-15,FG-0014,2026-03-29,20,20,1,1,東日本
SHP-002707,W-11,FG-0056,2025-08-21,10,10,1,1,海外
SHP-002708,W-05,FG-0029,2024-12-15,50,50,1,1,海外
SHP-002709,W-13,FG-0063,2024-03-23,10,10,1,1,北日本
SHP-002710,W-24,FG-0079,2024-04-02,20,20,1,1,東日本
SHP-002711,W-01,FG-0046,2026-02-06,50,50,1,1,西日本
SHP-002712,W-13,FG-0015,2026-04-24,10,10,1,1,西日本
SHP-002713,W-11,FG-0034,2025-08-20,10,10,1,1,東日本
SHP-002714,W-17,FG-0073,2025-11-14,50,50,1,1,東日本
SHP-002715,W-12,FG-0076,2024-10-03,100,100,1,1,東日本
SHP-002716,W-08,FG-0055,2025-12-31,100,100,1,1,北日本
SHP-002717,W-03,FG-0041,2024-08-29,100,65,1,0,海外
SHP-002718,W-20,FG-0017,2024-09-01,50,50,1,1,北日本
SHP-002719,W-11,FG-0056,2024-03-02,20,20,1,1,東日本
SHP-002720,W-08,FG-0058,2024-03-09,10,10,1,1,北日本
SHP-002721,W-06,FG-0026,2024-03-21,10,10,1,1,北日本
SHP-002722,W-23,FG-0065,2025-11-13,20,20,0,1,海外
SHP-002723,W-19,FG-0032,2024-11-25,100,100,1,1,北日本
SHP-002724,W-22,FG-0037,2025-08-03,10,10,1,1,海外
SHP-002725,W-19,FG-0043,2025-06-23,10,8,1,0,西日本
SHP-002726,W-10,FG-0076,2025-01-08,100,100,0,1,海外
SHP-002727,W-03,FG-0073,2024-07-26,20,20,1,1,西日本
SHP-002728,W-19,FG-0034,2024-01-25,100,100,1,1,海外
SHP-002729,W-18,FG-0040,2025-12-18,50,50,1,1,海外
SHP-002730,W-15,FG-0007,2024-03-12,50,50,1,1,東日本
SHP-002731,W-09,FG-0040,2025-10-23,10,7,1,0,海外
SHP-002732,W-13,FG-0056,2025-11-20,20,20,1,1,海外
SHP-002733,W-20,FG-0007,2024-08-05,20,20,1,1,西日本
SHP-002734,W-12,FG-0043,2026-03-20,100,100,1,1,西日本
SHP-002735,W-01,FG-0045,2024-06-28,100,100,1,1,北日本
SHP-002736,W-07,FG-0023,2026-01-15,10,10,0,1,東日本
SHP-002737,W-06,FG-0072,2025-05-04,50,50,1,1,西日本
SHP-002738,W-18,FG-0073,2025-11-08,50,44,0,0,北日本
SHP-002739,W-05,FG-0044,2025-07-12,50,50,1,1,東日本
SHP-002740,W-08,FG-0070,2025-01-10,20,20,1,1,西日本
SHP-002741,W-23,FG-0077,2024-09-26,100,100,1,1,東日本
SHP-002742,W-16,FG-0016,2025-05-04,50,50,1,1,西日本
SHP-002743,W-18,FG-0005,2024-08-23,100,100,1,1,北日本
SHP-002744,W-02,FG-0079,2024-01-25,10,10,1,1,北日本
SHP-002745,W-18,FG-0060,2024-11-08,100,70,1,0,北日本
SHP-002746,W-15,FG-0048,2026-03-14,50,50,1,1,海外
SHP-002747,W-20,FG-0028,2026-01-22,50,46,1,0,東日本
SHP-002748,W-06,FG-0031,2025-01-20,20,20,1,1,北日本
SHP-002749,W-18,FG-0063,2024-03-09,100,100,0,1,北日本
SHP-002750,W-19,FG-0039,2024-03-19,100,100,1,1,西日本
SHP-002751,W-13,FG-0010,2024-04-10,50,46,1,0,西日本
SHP-002752,W-02,FG-0048,2025-09-13,10,10,1,1,海外
SHP-002753,W-20,FG-0060,2024-12-07,50,50,0,1,西日本
SHP-002754,W-20,FG-0054,2025-12-06,100,100,1,1,東日本
SHP-002755,W-11,FG-0057,2026-02-18,20,20,1,1,東日本
SHP-002756,W-17,FG-0062,2025-07-07,100,60,1,0,北日本
SHP-002757,W-18,FG-0014,2026-02-24,10,10,1,1,海外
SHP-002758,W-06,FG-0037,2025-11-15,20,20,1,1,東日本
SHP-002759,W-07,FG-0039,2025-04-14,50,38,1,0,北日本
SHP-002760,W-11,FG-0021,2026-01-19,50,50,1,1,西日本
SHP-002761,W-03,FG-0013,2025-07-10,100,100,1,1,北日本
SHP-002762,W-19,FG-0021,2024-03-24,100,100,1,1,東日本
SHP-002763,W-16,FG-0047,2024-07-27,50,50,1,1,西日本
SHP-002764,W-20,FG-0040,2024-01-02,20,20,1,1,西日本
SHP-002765,W-06,FG-0010,2025-09-08,20,20,1,1,北日本
SHP-002766,W-02,FG-0062,2024-11-14,100,100,1,1,海外
SHP-002767,W-14,FG-0066,2024-08-28,10,10,1,1,東日本
SHP-002768,W-05,FG-0032,2024-07-12,20,20,1,1,東日本
SHP-002769,W-24,FG-0023,2024-10-06,10,10,0,1,西日本
SHP-002770,W-20,FG-0019,2024-01-26,10,10,1,1,北日本
SHP-002771,W-03,FG-0076,2024-05-24,50,50,1,1,海外
SHP-002772,W-12,FG-0080,2026-01-11,20,20,1,1,東日本
SHP-002773,W-18,FG-0071,2024-09-17,50,50,1,1,海外
SHP-002774,W-08,FG-0047,2024-11-01,100,100,1,1,東日本
SHP-002775,W-21,FG-0044,2026-01-02,100,100,1,1,東日本
SHP-002776,W-07,FG-0025,2024-07-09,50,50,1,1,西日本
SHP-002777,W-09,FG-0008,2024-09-16,20,20,1,1,西日本
SHP-002778,W-13,FG-0017,2024-09-03,50,50,1,1,西日本
SHP-002779,W-04,FG-0065,2024-11-02,50,50,1,1,東日本
SHP-002780,W-19,FG-0060,2024-01-19,100,100,0,1,海外
SHP-002781,W-13,FG-0051,2024-12-01,10,10,1,1,海外
SHP-002782,W-02,FG-0024,2025-12-24,100,100,0,1,北日本
SHP-002783,W-04,FG-0067,2024-11-23,20,20,1,1,海外
SHP-002784,W-16,FG-0063,2024-08-01,100,100,1,1,海外
SHP-002785,W-06,FG-0011,2024-11-08,20,20,0,1,海外
SHP-002786,W-13,FG-0068,2025-04-27,100,100,1,1,西日本
SHP-002787,W-23,FG-0038,2026-02-17,20,20,1,1,西日本
SHP-002788,W-10,FG-0030,2025-12-03,20,20,0,1,西日本
SHP-002789,W-03,FG-0035,2024-07-16,20,20,1,1,西日本
SHP-002790,W-15,FG-0071,2025-10-02,20,20,1,1,海外
SHP-002791,W-19,FG-0015,2024-06-26,20,20,1,1,東日本
SHP-002792,W-07,FG-0065,2025-03-30,100,100,1,1,西日本
SHP-002793,W-24,FG-0019,2025-10-20,10,10,1,1,海外
SHP-002794,W-05,FG-0042,2025-10-13,20,20,1,1,北日本
SHP-002795,W-21,FG-0050,2025-12-11,100,100,1,1,東日本
SHP-002796,W-15,FG-0022,2024-05-04,50,50,1,1,西日本
SHP-002797,W-05,FG-0064,2024-10-28,50,50,1,1,東日本
SHP-002798,W-24,FG-0004,2025-03-06,10,10,1,1,東日本
SHP-002799,W-08,FG-0014,2025-08-25,100,100,0,1,東日本
SHP-002800,W-16,FG-0043,2026-01-27,50,50,0,1,海外
SHP-002801,W-12,FG-0019,2026-03-07,50,50,1,1,海外
SHP-002802,W-22,FG-0073,2025-04-06,50,50,1,1,北日本
SHP-002803,W-12,FG-0017,2025-10-25,50,50,1,1,東日本
SHP-002804,W-16,FG-0045,2025-08-30,20,20,1,1,東日本
SHP-002805,W-23,FG-0036,2025-01-16,50,50,1,1,西日本
SHP-002806,W-07,FG-0072,2026-02-15,10,10,1,1,西日本
SHP-002807,W-15,FG-0002,2024-09-27,10,10,1,1,東日本
SHP-002808,W-09,FG-0048,2024-03-13,20,20,1,1,海外
SHP-002809,W-13,FG-0005,2024-12-17,100,100,1,1,東日本
SHP-002810,W-04,FG-0079,2024-06-11,10,10,1,1,西日本
SHP-002811,W-10,FG-0010,2024-04-15,10,10,1,1,海外
SHP-002812,W-05,FG-0017,2026-03-14,10,10,1,1,西日本
SHP-002813,W-16,FG-0026,2024-08-30,10,10,1,1,海外
SHP-002814,W-12,FG-0042,2024-11-05,20,20,1,1,北日本
SHP-002815,W-05,FG-0008,2025-11-11,50,50,1,1,東日本
SHP-002816,W-24,FG-0080,2024-01-03,50,50,1,1,北日本
SHP-002817,W-03,FG-0032,2025-08-03,10,10,1,1,西日本
SHP-002818,W-02,FG-0018,2024-04-20,20,20,1,1,北日本
SHP-002819,W-03,FG-0007,2025-10-28,20,20,1,1,海外
SHP-002820,W-13,FG-0037,2025-11-02,10,10,0,1,海外
SHP-002821,W-10,FG-0013,2024-08-26,20,20,1,1,西日本
SHP-002822,W-04,FG-0021,2024-12-23,100,100,1,1,北日本
SHP-002823,W-02,FG-0025,2024-11-08,50,50,1,1,海外
SHP-002824,W-24,FG-0045,2024-10-03,50,50,1,1,西日本
SHP-002825,W-21,FG-0037,2024-11-02,50,50,1,1,西日本
SHP-002826,W-16,FG-0068,2026-04-04,50,50,1,1,東日本
SHP-002827,W-22,FG-0058,2025-06-12,20,20,0,1,北日本
SHP-002828,W-07,FG-0054,2026-04-18,20,20,1,1,東日本
SHP-002829,W-05,FG-0014,2025-01-18,50,37,1,0,西日本
SHP-002830,W-09,FG-0078,2024-10-18,50,50,1,1,東日本
SHP-002831,W-16,FG-0005,2026-04-10,20,20,0,1,海外
SHP-002832,W-02,FG-0051,2025-03-27,50,50,1,1,北日本
SHP-002833,W-17,FG-0035,2025-09-01,10,10,1,1,海外
SHP-002834,W-08,FG-0074,2025-12-06,100,100,1,1,北日本
SHP-002835,W-14,FG-0052,2025-12-24,20,20,1,1,北日本
SHP-002836,W-06,FG-0041,2024-11-29,20,20,1,1,北日本
SHP-002837,W-21,FG-0070,2024-01-23,10,10,1,1,海外
SHP-002838,W-13,FG-0067,2025-05-13,100,100,1,1,西日本
SHP-002839,W-08,FG-0012,2025-04-02,20,20,1,1,北日本
SHP-002840,W-23,FG-0065,2026-02-02,10,10,0,1,北日本
SHP-002841,W-03,FG-0055,2026-02-26,100,100,1,1,海外
SHP-002842,W-04,FG-0065,2025-04-22,50,50,1,1,東日本
SHP-002843,W-08,FG-0021,2025-04-07,100,100,1,1,北日本
SHP-002844,W-23,FG-0062,2024-04-18,10,10,0,1,北日本
SHP-002845,W-02,FG-0029,2025-08-30,50,50,1,1,海外
SHP-002846,W-20,FG-0067,2024-11-14,10,10,1,1,北日本
SHP-002847,W-08,FG-0003,2026-04-01,20,12,1,0,西日本
SHP-002848,W-19,FG-0070,2026-03-30,20,20,1,1,海外
SHP-002849,W-15,FG-0073,2025-06-06,100,100,1,1,西日本
SHP-002850,W-22,FG-0073,2024-03-11,100,100,1,1,東日本
SHP-002851,W-07,FG-0031,2025-07-08,20,20,1,1,西日本
SHP-002852,W-01,FG-0073,2025-12-17,50,50,1,1,海外
SHP-002853,W-06,FG-0059,2025-07-23,50,50,1,1,西日本
SHP-002854,W-21,FG-0040,2024-12-30,10,10,1,1,北日本
SHP-002855,W-24,FG-0015,2024-12-20,50,50,1,1,西日本
SHP-002856,W-04,FG-0011,2024-11-15,50,38,1,0,東日本
SHP-002857,W-13,FG-0070,2026-04-15,10,8,1,0,西日本
SHP-002858,W-01,FG-0015,2025-02-03,100,100,0,1,北日本
SHP-002859,W-23,FG-0018,2025-06-16,20,20,1,1,西日本
SHP-002860,W-19,FG-0030,2025-03-26,50,50,1,1,西日本
SHP-002861,W-18,FG-0064,2024-07-03,20,14,1,0,北日本
SHP-002862,W-07,FG-0066,2026-02-07,10,10,1,1,海外
SHP-002863,W-21,FG-0008,2025-08-20,50,50,1,1,西日本
SHP-002864,W-11,FG-0074,2025-04-14,100,100,1,1,東日本
SHP-002865,W-07,FG-0043,2024-03-24,10,10,1,1,西日本
SHP-002866,W-10,FG-0031,2025-11-09,50,50,1,1,海外
SHP-002867,W-12,FG-0035,2026-03-16,50,50,1,1,海外
SHP-002868,W-24,FG-0036,2024-01-10,10,10,1,1,海外
SHP-002869,W-10,FG-0048,2025-09-17,50,50,1,1,北日本
SHP-002870,W-04,FG-0072,2025-02-19,10,10,0,1,東日本
SHP-002871,W-08,FG-0009,2024-12-03,20,20,0,1,北日本
SHP-002872,W-15,FG-0039,2024-09-09,10,10,1,1,西日本
SHP-002873,W-22,FG-0069,2025-07-01,100,100,1,1,海外
SHP-002874,W-13,FG-0067,2026-02-07,20,17,1,0,海外
SHP-002875,W-14,FG-0017,2025-09-24,10,10,1,1,東日本
SHP-002876,W-21,FG-0032,2026-01-19,50,50,1,1,東日本
SHP-002877,W-17,FG-0038,2025-11-09,20,20,1,1,東日本
SHP-002878,W-10,FG-0032,2025-08-09,100,100,0,1,北日本
SHP-002879,W-10,FG-0057,2025-08-23,100,100,1,1,東日本
SHP-002880,W-10,FG-0079,2025-08-04,20,20,1,1,東日本
SHP-002881,W-04,FG-0046,2024-03-29,100,100,1,1,海外
SHP-002882,W-11,FG-0064,2024-11-25,50,50,1,1,西日本
SHP-002883,W-20,FG-0058,2024-12-04,10,10,1,1,東日本
SHP-002884,W-17,FG-0064,2025-12-01,100,100,1,1,北日本
SHP-002885,W-20,FG-0039,2025-02-09,10,10,1,1,西日本
SHP-002886,W-02,FG-0028,2024-11-08,20,20,1,1,東日本
SHP-002887,W-02,FG-0005,2025-03-28,100,100,1,1,西日本
SHP-002888,W-14,FG-0035,2025-01-25,20,20,1,1,西日本
SHP-002889,W-11,FG-0021,2025-11-06,100,100,1,1,西日本
SHP-002890,W-24,FG-0065,2025-01-21,10,10,1,1,北日本
SHP-002891,W-10,FG-0020,2025-07-29,20,20,1,1,北日本
SHP-002892,W-13,FG-0010,2025-12-13,50,50,1,1,海外
SHP-002893,W-06,FG-0017,2024-02-03,50,50,1,1,北日本
SHP-002894,W-16,FG-0057,2026-03-15,100,100,1,1,北日本
SHP-002895,W-06,FG-0062,2025-11-26,20,20,1,1,海外
SHP-002896,W-07,FG-0079,2025-10-17,10,10,1,1,北日本
SHP-002897,W-05,FG-0066,2026-02-21,50,50,1,1,東日本
SHP-002898,W-10,FG-0023,2024-03-25,20,20,1,1,東日本
SHP-002899,W-09,FG-0029,2025-12-15,20,20,1,1,東日本
SHP-002900,W-04,FG-0063,2024-03-17,50,50,1,1,海外
SHP-002901,W-07,FG-0002,2024-07-17,10,10,0,1,海外
SHP-002902,W-09,FG-0008,2025-02-20,50,50,1,1,西日本
SHP-002903,W-12,FG-0054,2024-06-29,100,100,1,1,西日本
SHP-002904,W-13,FG-0027,2025-08-15,10,10,1,1,北日本
SHP-002905,W-03,FG-0066,2024-07-14,10,10,1,1,海外
SHP-002906,W-03,FG-0077,2024-01-22,100,100,0,1,東日本
SHP-002907,W-06,FG-0012,2025-07-03,50,50,1,1,西日本
SHP-002908,W-23,FG-0069,2024-08-30,10,10,1,1,海外
SHP-002909,W-16,FG-0048,2024-01-31,100,100,1,1,海外
SHP-002910,W-23,FG-0072,2024-06-28,50,50,0,1,西日本
SHP-002911,W-11,FG-0033,2025-02-09,100,100,1,1,東日本
SHP-002912,W-10,FG-0039,2024-12-21,50,50,1,1,東日本
SHP-002913,W-13,FG-0056,2025-12-25,100,100,1,1,東日本
SHP-002914,W-10,FG-0068,2024-06-25,20,20,1,1,北日本
SHP-002915,W-18,FG-0013,2026-04-03,50,50,1,1,海外
SHP-002916,W-13,FG-0049,2024-11-12,20,20,1,1,北日本
SHP-002917,W-15,FG-0024,2025-07-21,100,100,1,1,西日本
SHP-002918,W-18,FG-0075,2026-04-19,100,69,0,0,西日本
SHP-002919,W-24,FG-0077,2024-06-24,10,10,1,1,北日本
SHP-002920,W-19,FG-0033,2025-04-18,10,10,1,1,東日本
SHP-002921,W-24,FG-0010,2024-05-11,10,10,0,1,北日本
SHP-002922,W-03,FG-0013,2024-09-22,20,20,1,1,西日本
SHP-002923,W-13,FG-0010,2024-09-21,50,50,1,1,東日本
SHP-002924,W-04,FG-0030,2025-10-08,20,20,1,1,海外
SHP-002925,W-21,FG-0003,2026-03-16,20,20,1,1,西日本
SHP-002926,W-06,FG-0004,2024-09-12,100,100,1,1,海外
SHP-002927,W-09,FG-0073,2026-04-24,20,20,1,1,北日本
SHP-002928,W-17,FG-0021,2024-10-18,100,100,1,1,海外
SHP-002929,W-13,FG-0022,2024-11-20,50,50,1,1,西日本
SHP-002930,W-02,FG-0043,2024-04-18,100,100,1,1,北日本
SHP-002931,W-12,FG-0061,2024-01-20,50,45,1,0,海外
SHP-002932,W-24,FG-0006,2026-01-28,50,50,1,1,北日本
SHP-002933,W-13,FG-0025,2025-11-16,50,50,1,1,東日本
SHP-002934,W-10,FG-0004,2024-07-13,50,50,1,1,西日本
SHP-002935,W-01,FG-0008,2024-03-31,50,50,1,1,西日本
SHP-002936,W-19,FG-0059,2024-06-24,20,20,1,1,海外
SHP-002937,W-23,FG-0074,2024-12-24,20,20,1,1,海外
SHP-002938,W-01,FG-0027,2026-04-09,10,10,1,1,北日本
SHP-002939,W-13,FG-0006,2024-03-02,50,50,1,1,西日本
SHP-002940,W-11,FG-0010,2024-06-24,20,20,1,1,海外
SHP-002941,W-21,FG-0015,2024-08-03,20,20,0,1,北日本
SHP-002942,W-08,FG-0005,2025-04-23,100,100,1,1,東日本
SHP-002943,W-19,FG-0043,2024-12-24,10,10,1,1,海外
SHP-002944,W-19,FG-0045,2024-10-28,50,50,1,1,北日本
SHP-002945,W-02,FG-0043,2025-03-18,10,10,1,1,海外
SHP-002946,W-21,FG-0008,2025-08-05,20,20,1,1,海外
SHP-002947,W-01,FG-0008,2024-03-22,20,20,1,1,海外
SHP-002948,W-12,FG-0030,2024-08-15,10,10,1,1,西日本
SHP-002949,W-06,FG-0046,2026-01-19,10,10,1,1,北日本
SHP-002950,W-05,FG-0044,2024-05-07,20,20,0,1,東日本
SHP-002951,W-04,FG-0024,2025-09-30,100,100,1,1,西日本
SHP-002952,W-02,FG-0077,2025-06-27,100,100,1,1,海外
SHP-002953,W-21,FG-0018,2025-11-24,20,20,1,1,東日本
SHP-002954,W-05,FG-0076,2024-01-03,10,10,1,1,西日本
SHP-002955,W-03,FG-0028,2026-01-26,100,100,1,1,東日本
SHP-002956,W-04,FG-0044,2025-09-17,20,20,1,1,西日本
SHP-002957,W-16,FG-0060,2025-05-20,10,10,1,1,海外
SHP-002958,W-10,FG-0055,2024-03-03,100,100,1,1,西日本
SHP-002959,W-08,FG-0072,2024-03-16,10,10,1,1,西日本
SHP-002960,W-19,FG-0029,2025-10-07,50,50,1,1,東日本
SHP-002961,W-19,FG-0048,2024-10-05,20,20,1,1,海外
SHP-002962,W-18,FG-0049,2024-07-12,50,50,1,1,東日本
SHP-002963,W-20,FG-0053,2024-12-06,20,20,1,1,東日本
SHP-002964,W-15,FG-0033,2025-03-29,100,100,1,1,西日本
SHP-002965,W-03,FG-0009,2025-03-19,50,50,1,1,海外
SHP-002966,W-05,FG-0047,2025-05-21,50,50,0,1,北日本
SHP-002967,W-19,FG-0011,2024-08-10,100,100,1,1,東日本
SHP-002968,W-20,FG-0025,2024-10-28,20,20,0,1,東日本
SHP-002969,W-22,FG-0021,2025-01-02,20,20,1,1,海外
SHP-002970,W-17,FG-0003,2025-10-16,20,12,1,0,海外
SHP-002971,W-18,FG-0014,2025-10-06,100,100,1,1,東日本
SHP-002972,W-15,FG-0014,2025-03-31,10,10,1,1,東日本
SHP-002973,W-11,FG-0002,2024-03-03,100,100,1,1,西日本
SHP-002974,W-04,FG-0046,2024-05-05,50,50,0,1,東日本
SHP-002975,W-12,FG-0007,2026-02-03,100,100,1,1,北日本
SHP-002976,W-14,FG-0023,2024-08-14,10,10,1,1,東日本
SHP-002977,W-06,FG-0051,2026-04-10,10,10,1,1,北日本
SHP-002978,W-06,FG-0031,2024-11-23,100,100,1,1,海外
SHP-002979,W-05,FG-0018,2025-04-14,10,10,1,1,海外
SHP-002980,W-23,FG-0002,2024-07-18,100,100,0,1,北日本
SHP-002981,W-11,FG-0079,2024-08-01,20,16,1,0,北日本
SHP-002982,W-05,FG-0027,2025-10-22,20,20,1,1,西日本
SHP-002983,W-20,FG-0008,2025-02-04,20,20,1,1,海外
SHP-002984,W-02,FG-0008,2025-04-27,50,50,1,1,東日本
SHP-002985,W-13,FG-0043,2025-04-10,100,100,0,1,海外
SHP-002986,W-15,FG-0079,2025-10-13,20,20,0,1,海外
SHP-002987,W-19,FG-0076,2025-09-08,10,10,0,1,海外
SHP-002988,W-20,FG-0001,2024-03-07,10,10,1,1,東日本
SHP-002989,W-16,FG-0012,2024-07-09,20,20,1,1,北日本
SHP-002990,W-11,FG-0032,2025-10-21,20,20,0,1,海外
SHP-002991,W-19,FG-0030,2025-10-15,10,10,1,1,西日本
SHP-002992,W-17,FG-0001,2025-11-21,10,10,0,1,西日本
SHP-002993,W-19,FG-0073,2025-01-26,100,100,1,1,北日本
SHP-002994,W-19,FG-0067,2025-04-04,20,20,1,1,西日本
SHP-002995,W-04,FG-0055,2024-05-17,10,10,1,1,海外
SHP-002996,W-09,FG-0004,2026-02-01,50,50,1,1,北日本
SHP-002997,W-01,FG-0048,2025-06-04,10,10,1,1,西日本
SHP-002998,W-05,FG-0052,2026-02-14,10,10,1,1,海外
SHP-002999,W-15,FG-0050,2025-02-28,20,20,1,1,海外
SHP-003000,W-02,FG-0030,2025-02-20,50,50,1,1,東日本
SHP-003001,W-13,FG-0037,2026-03-22,50,34,1,0,東日本
SHP-003002,W-23,FG-0060,2025-07-02,50,50,1,1,北日本
SHP-003003,W-19,FG-0075,2024-09-10,20,20,1,1,北日本
SHP-003004,W-16,FG-0036,2025-11-30,50,50,1,1,海外
SHP-003005,W-06,FG-0037,2025-10-01,50,50,1,1,東日本
SHP-003006,W-24,FG-0064,2024-01-20,50,50,1,1,東日本
SHP-003007,W-08,FG-0079,2024-11-25,50,50,1,1,北日本
SHP-003008,W-02,FG-0019,2025-02-22,50,50,1,1,北日本
SHP-003009,W-05,FG-0068,2025-07-25,100,100,1,1,海外
SHP-003010,W-11,FG-0012,2026-03-19,50,50,1,1,北日本
SHP-003011,W-19,FG-0024,2025-03-25,50,50,1,1,東日本
SHP-003012,W-11,FG-0003,2024-03-17,50,50,1,1,北日本
SHP-003013,W-23,FG-0040,2024-06-07,50,50,1,1,海外
SHP-003014,W-24,FG-0062,2024-10-06,20,20,1,1,北日本
SHP-003015,W-10,FG-0048,2026-02-01,20,20,1,1,東日本
SHP-003016,W-17,FG-0005,2025-12-18,10,10,1,1,海外
SHP-003017,W-10,FG-0055,2024-02-24,20,20,1,1,東日本
SHP-003018,W-12,FG-0011,2025-09-08,100,100,1,1,東日本
SHP-003019,W-14,FG-0064,2025-03-07,10,10,1,1,西日本
SHP-003020,W-06,FG-0015,2025-11-20,10,10,1,1,北日本
SHP-003021,W-03,FG-0074,2025-08-04,10,10,1,1,北日本
SHP-003022,W-01,FG-0042,2025-05-10,50,50,1,1,西日本
SHP-003023,W-01,FG-0061,2025-07-10,50,50,0,1,北日本
SHP-003024,W-18,FG-0062,2025-11-28,10,10,1,1,東日本
SHP-003025,W-07,FG-0051,2024-06-06,20,20,1,1,東日本
SHP-003026,W-20,FG-0009,2024-08-17,20,20,1,1,西日本
SHP-003027,W-07,FG-0049,2025-07-10,50,50,1,1,西日本
SHP-003028,W-23,FG-0012,2024-06-27,10,10,1,1,東日本
SHP-003029,W-22,FG-0073,2024-07-27,50,47,1,0,西日本
SHP-003030,W-24,FG-0062,2024-06-13,50,50,1,1,海外
SHP-003031,W-22,FG-0023,2025-05-20,20,20,1,1,北日本
SHP-003032,W-22,FG-0042,2024-03-08,10,10,1,1,北日本
SHP-003033,W-15,FG-0044,2025-06-01,20,20,1,1,東日本
SHP-003034,W-24,FG-0017,2025-01-13,20,20,1,1,東日本
SHP-003035,W-02,FG-0028,2025-03-07,20,20,1,1,西日本
SHP-003036,W-09,FG-0004,2024-05-11,20,20,1,1,西日本
SHP-003037,W-07,FG-0066,2025-12-20,10,10,1,1,東日本
SHP-003038,W-20,FG-0074,2024-09-15,50,50,0,1,東日本
SHP-003039,W-06,FG-0049,2024-10-14,20,20,1,1,西日本
SHP-003040,W-24,FG-0048,2025-06-09,100,84,1,0,北日本
SHP-003041,W-02,FG-0075,2024-08-28,100,100,1,1,東日本
SHP-003042,W-02,FG-0012,2024-05-21,20,20,1,1,東日本
SHP-003043,W-15,FG-0036,2025-07-12,100,100,1,1,海外
SHP-003044,W-03,FG-0070,2025-02-05,10,10,1,1,北日本
SHP-003045,W-14,FG-0048,2024-03-20,20,20,1,1,海外
SHP-003046,W-14,FG-0024,2025-12-23,20,14,1,0,海外
SHP-003047,W-13,FG-0060,2024-11-05,20,20,1,1,東日本
SHP-003048,W-13,FG-0063,2024-04-07,100,100,1,1,東日本
SHP-003049,W-15,FG-0012,2024-06-19,100,75,1,0,西日本
SHP-003050,W-01,FG-0075,2024-12-27,10,10,1,1,海外
SHP-003051,W-07,FG-0013,2024-02-15,100,100,1,1,西日本
SHP-003052,W-09,FG-0024,2026-04-13,10,10,0,1,東日本
SHP-003053,W-03,FG-0075,2025-01-07,10,10,1,1,北日本
SHP-003054,W-21,FG-0067,2025-10-22,100,100,1,1,西日本
SHP-003055,W-20,FG-0026,2024-03-20,100,100,1,1,東日本
SHP-003056,W-14,FG-0045,2024-01-14,20,20,0,1,東日本
SHP-003057,W-10,FG-0028,2025-07-24,100,100,1,1,北日本
SHP-003058,W-23,FG-0021,2025-10-03,20,20,1,1,西日本
SHP-003059,W-05,FG-0050,2024-05-29,50,50,1,1,西日本
SHP-003060,W-23,FG-0061,2025-11-13,20,20,1,1,西日本
SHP-003061,W-16,FG-0067,2024-02-20,50,50,1,1,海外
SHP-003062,W-16,FG-0039,2026-01-11,50,50,1,1,北日本
SHP-003063,W-13,FG-0046,2024-08-19,10,10,1,1,西日本
SHP-003064,W-07,FG-0071,2025-06-09,10,10,1,1,東日本
SHP-003065,W-09,FG-0022,2024-03-21,20,12,1,0,西日本
SHP-003066,W-18,FG-0046,2025-08-21,10,10,1,1,北日本
SHP-003067,W-08,FG-0017,2025-06-26,100,100,0,1,海外
SHP-003068,W-05,FG-0080,2024-01-10,10,10,1,1,東日本
SHP-003069,W-14,FG-0013,2024-12-06,10,10,1,1,北日本
SHP-003070,W-16,FG-0038,2025-08-13,50,50,0,1,海外
SHP-003071,W-13,FG-0075,2025-12-03,10,10,0,1,西日本
SHP-003072,W-12,FG-0076,2025-08-21,20,20,0,1,北日本
SHP-003073,W-17,FG-0064,2025-08-05,10,10,1,1,海外
SHP-003074,W-13,FG-0043,2026-04-25,20,20,1,1,北日本
SHP-003075,W-09,FG-0065,2025-08-27,20,20,1,1,東日本
SHP-003076,W-01,FG-0055,2026-02-02,100,100,1,1,北日本
SHP-003077,W-03,FG-0070,2026-02-04,10,10,1,1,北日本
SHP-003078,W-05,FG-0071,2024-08-29,100,92,0,0,北日本
SHP-003079,W-01,FG-0080,2025-11-10,50,50,1,1,北日本
SHP-003080,W-14,FG-0072,2024-06-05,10,10,1,1,西日本
SHP-003081,W-10,FG-0027,2025-04-24,50,50,1,1,東日本
SHP-003082,W-11,FG-0021,2025-11-22,100,100,1,1,北日本
SHP-003083,W-17,FG-0060,2024-07-07,10,10,1,1,海外
SHP-003084,W-20,FG-0075,2024-12-16,10,10,1,1,東日本
SHP-003085,W-24,FG-0056,2025-10-08,20,20,1,1,西日本
SHP-003086,W-16,FG-0028,2026-03-20,20,20,1,1,東日本
SHP-003087,W-17,FG-0007,2024-02-28,10,10,1,1,西日本
SHP-003088,W-10,FG-0040,2025-11-22,10,10,1,1,西日本
SHP-003089,W-16,FG-0080,2025-04-28,10,10,1,1,海外
SHP-003090,W-21,FG-0077,2025-10-25,10,10,1,1,西日本
SHP-003091,W-19,FG-0063,2024-03-29,50,50,1,1,西日本
SHP-003092,W-23,FG-0077,2025-08-11,20,20,1,1,海外
SHP-003093,W-22,FG-0058,2026-03-01,10,10,1,1,北日本
SHP-003094,W-06,FG-0034,2025-10-17,50,50,1,1,西日本
SHP-003095,W-17,FG-0067,2024-09-03,50,50,1,1,北日本
SHP-003096,W-21,FG-0026,2024-04-01,20,20,1,1,海外
SHP-003097,W-01,FG-0024,2026-03-09,50,50,0,1,海外
SHP-003098,W-06,FG-0063,2025-11-06,10,10,1,1,西日本
SHP-003099,W-07,FG-0045,2024-08-03,50,50,1,1,北日本
SHP-003100,W-22,FG-0015,2024-10-15,50,50,1,1,北日本
SHP-003101,W-24,FG-0044,2025-08-12,50,50,0,1,西日本
SHP-003102,W-15,FG-0046,2024-10-19,100,100,1,1,海外
SHP-003103,W-20,FG-0010,2026-03-18,20,20,1,1,東日本
SHP-003104,W-21,FG-0023,2025-12-20,50,50,1,1,海外
SHP-003105,W-06,FG-0001,2024-09-12,100,70,1,0,東日本
SHP-003106,W-14,FG-0058,2025-06-08,20,20,1,1,東日本
SHP-003107,W-13,FG-0078,2024-09-23,50,50,1,1,東日本
SHP-003108,W-08,FG-0025,2024-02-02,50,50,1,1,海外
SHP-003109,W-13,FG-0023,2025-11-03,50,50,1,1,東日本
SHP-003110,W-24,FG-0007,2025-10-30,10,10,1,1,東日本
SHP-003111,W-22,FG-0048,2025-05-12,20,20,1,1,東日本
SHP-003112,W-19,FG-0054,2026-04-03,10,6,1,0,東日本
SHP-003113,W-06,FG-0040,2026-03-21,20,20,1,1,北日本
SHP-003114,W-06,FG-0038,2025-06-30,100,66,0,0,北日本
SHP-003115,W-11,FG-0055,2025-06-17,10,10,1,1,北日本
SHP-003116,W-15,FG-0041,2025-10-23,20,20,1,1,西日本
SHP-003117,W-12,FG-0014,2025-10-19,100,100,1,1,東日本
SHP-003118,W-12,FG-0055,2025-08-02,10,10,1,1,海外
SHP-003119,W-11,FG-0045,2024-01-06,10,10,1,1,海外
SHP-003120,W-12,FG-0032,2025-05-28,10,7,1,0,西日本
SHP-003121,W-02,FG-0005,2024-12-26,50,50,1,1,海外
SHP-003122,W-21,FG-0056,2025-10-16,20,20,1,1,西日本
SHP-003123,W-15,FG-0037,2025-05-02,50,50,1,1,東日本
SHP-003124,W-20,FG-0023,2024-01-26,20,12,1,0,海外
SHP-003125,W-13,FG-0014,2025-06-16,10,10,1,1,北日本
SHP-003126,W-11,FG-0063,2025-05-08,20,20,1,1,東日本
SHP-003127,W-10,FG-0077,2025-10-19,50,30,1,0,西日本
SHP-003128,W-19,FG-0002,2024-10-27,50,36,1,0,海外
SHP-003129,W-03,FG-0066,2025-04-06,100,100,1,1,東日本
SHP-003130,W-12,FG-0033,2025-04-03,100,100,1,1,東日本
SHP-003131,W-08,FG-0011,2025-01-21,10,8,1,0,西日本
SHP-003132,W-19,FG-0001,2024-07-20,50,50,1,1,西日本
SHP-003133,W-08,FG-0017,2025-02-19,10,10,1,1,西日本
SHP-003134,W-12,FG-0020,2024-05-25,20,20,1,1,海外
SHP-003135,W-18,FG-0042,2025-12-03,100,100,1,1,北日本
SHP-003136,W-17,FG-0060,2025-12-14,50,50,1,1,海外
SHP-003137,W-19,FG-0030,2025-07-30,20,20,1,1,西日本
SHP-003138,W-02,FG-0035,2024-01-30,50,50,1,1,海外
SHP-003139,W-05,FG-0032,2024-08-07,20,20,1,1,北日本
SHP-003140,W-10,FG-0063,2025-12-22,100,100,1,1,北日本
SHP-003141,W-23,FG-0080,2026-02-04,50,50,0,1,海外
SHP-003142,W-07,FG-0071,2024-11-05,100,100,1,1,北日本
SHP-003143,W-22,FG-0066,2025-05-03,50,50,1,1,海外
SHP-003144,W-11,FG-0019,2024-01-29,10,10,0,1,北日本
SHP-003145,W-21,FG-0074,2025-03-14,50,50,1,1,北日本
SHP-003146,W-12,FG-0057,2024-01-21,20,20,0,1,海外
SHP-003147,W-06,FG-0059,2025-07-24,50,50,1,1,海外
SHP-003148,W-18,FG-0022,2024-01-20,10,10,1,1,西日本
SHP-003149,W-01,FG-0046,2026-04-14,10,10,1,1,西日本
SHP-003150,W-01,FG-0025,2024-01-08,50,50,1,1,東日本
SHP-003151,W-02,FG-0011,2024-04-01,20,20,1,1,北日本
SHP-003152,W-24,FG-0039,2025-06-20,10,10,1,1,北日本
SHP-003153,W-05,FG-0055,2025-01-01,20,20,0,1,東日本
SHP-003154,W-10,FG-0055,2026-02-27,10,10,1,1,海外
SHP-003155,W-14,FG-0032,2025-08-05,10,10,1,1,西日本
SHP-003156,W-16,FG-0067,2025-08-07,50,50,1,1,海外
SHP-003157,W-18,FG-0018,2025-12-06,10,10,1,1,海外
SHP-003158,W-15,FG-0040,2024-03-23,100,100,1,1,西日本
SHP-003159,W-06,FG-0005,2025-01-28,10,10,0,1,海外
SHP-003160,W-22,FG-0040,2024-04-23,50,50,1,1,北日本
SHP-003161,W-22,FG-0078,2024-02-28,50,50,1,1,海外
SHP-003162,W-06,FG-0080,2024-12-10,10,10,1,1,北日本
SHP-003163,W-21,FG-0024,2024-09-23,20,20,1,1,東日本
SHP-003164,W-18,FG-0055,2026-02-25,10,10,1,1,西日本
SHP-003165,W-23,FG-0048,2025-03-14,100,100,1,1,海外
SHP-003166,W-01,FG-0050,2025-03-02,20,20,1,1,北日本
SHP-003167,W-09,FG-0059,2026-03-30,100,100,1,1,海外
SHP-003168,W-13,FG-0042,2024-03-02,100,100,1,1,東日本
SHP-003169,W-09,FG-0041,2024-05-15,20,20,1,1,海外
SHP-003170,W-03,FG-0080,2026-02-13,100,100,1,1,北日本
SHP-003171,W-08,FG-0034,2024-01-16,50,50,1,1,北日本
SHP-003172,W-06,FG-0014,2025-09-21,10,10,1,1,西日本
SHP-003173,W-07,FG-0031,2025-08-02,20,20,1,1,東日本
SHP-003174,W-01,FG-0045,2024-09-17,10,10,1,1,西日本
SHP-003175,W-23,FG-0020,2025-11-26,50,50,1,1,海外
SHP-003176,W-18,FG-0067,2024-02-11,10,10,0,1,北日本
SHP-003177,W-06,FG-0023,2024-09-24,100,72,1,0,海外
SHP-003178,W-23,FG-0016,2025-05-16,10,10,1,1,東日本
SHP-003179,W-07,FG-0021,2025-12-31,20,16,1,0,西日本
SHP-003180,W-03,FG-0076,2024-06-28,20,20,1,1,北日本
SHP-003181,W-12,FG-0013,2025-03-23,20,20,1,1,東日本
SHP-003182,W-10,FG-0003,2025-03-14,100,100,1,1,東日本
SHP-003183,W-20,FG-0046,2025-03-09,10,10,1,1,海外
SHP-003184,W-22,FG-0056,2024-02-03,50,50,1,1,北日本
SHP-003185,W-05,FG-0028,2025-06-05,50,50,1,1,北日本
SHP-003186,W-18,FG-0077,2025-06-01,50,50,1,1,東日本
SHP-003187,W-16,FG-0019,2024-05-19,100,100,0,1,海外
SHP-003188,W-20,FG-0035,2024-12-21,100,100,1,1,東日本
SHP-003189,W-10,FG-0013,2025-02-12,20,20,0,1,海外
SHP-003190,W-11,FG-0002,2024-04-07,50,50,0,1,北日本
SHP-003191,W-19,FG-0045,2025-05-27,50,50,1,1,北日本
SHP-003192,W-14,FG-0026,2024-07-11,100,68,1,0,北日本
SHP-003193,W-11,FG-0027,2024-01-06,10,10,1,1,東日本
SHP-003194,W-19,FG-0053,2024-04-10,50,50,1,1,東日本
SHP-003195,W-22,FG-0030,2024-01-29,20,20,1,1,海外
SHP-003196,W-06,FG-0001,2025-07-11,50,45,1,0,東日本
SHP-003197,W-15,FG-0001,2024-04-05,50,50,1,1,北日本
SHP-003198,W-21,FG-0006,2025-10-22,100,100,1,1,東日本
SHP-003199,W-18,FG-0038,2025-05-30,20,20,1,1,西日本
SHP-003200,W-03,FG-0075,2024-01-20,100,100,1,1,北日本
SHP-003201,W-16,FG-0035,2024-10-27,50,50,1,1,東日本
SHP-003202,W-22,FG-0041,2024-11-18,100,100,1,1,東日本
SHP-003203,W-03,FG-0013,2025-09-29,100,100,1,1,海外
SHP-003204,W-23,FG-0045,2024-10-02,20,20,1,1,東日本
SHP-003205,W-23,FG-0007,2026-01-27,10,6,1,0,北日本
SHP-003206,W-07,FG-0020,2025-07-19,50,50,1,1,西日本
SHP-003207,W-16,FG-0045,2024-03-25,50,50,1,1,西日本
SHP-003208,W-18,FG-0080,2025-11-27,20,20,0,1,西日本
SHP-003209,W-22,FG-0008,2026-04-29,50,50,1,1,西日本
SHP-003210,W-19,FG-0020,2025-07-11,100,100,1,1,北日本
SHP-003211,W-24,FG-0030,2025-06-14,100,100,1,1,海外
SHP-003212,W-04,FG-0005,2025-09-28,20,20,1,1,西日本
SHP-003213,W-05,FG-0040,2025-06-29,10,10,1,1,海外
SHP-003214,W-21,FG-0023,2025-08-20,10,10,1,1,東日本
SHP-003215,W-07,FG-0003,2026-04-27,50,50,1,1,北日本
SHP-003216,W-08,FG-0069,2025-09-25,100,100,1,1,西日本
SHP-003217,W-13,FG-0076,2025-06-26,100,67,1,0,北日本
SHP-003218,W-16,FG-0066,2024-08-18,10,10,1,1,海外
SHP-003219,W-21,FG-0065,2024-01-25,20,20,1,1,海外
SHP-003220,W-06,FG-0001,2024-01-14,50,50,1,1,西日本
SHP-003221,W-21,FG-0009,2024-03-23,50,50,1,1,西日本
SHP-003222,W-02,FG-0025,2026-03-10,50,50,0,1,海外
SHP-003223,W-14,FG-0010,2026-02-10,100,100,0,1,北日本
SHP-003224,W-19,FG-0055,2024-07-06,50,50,1,1,海外
SHP-003225,W-05,FG-0033,2025-12-04,20,20,1,1,北日本
SHP-003226,W-01,FG-0029,2024-09-20,50,50,1,1,西日本
SHP-003227,W-09,FG-0028,2024-03-19,20,20,1,1,東日本
SHP-003228,W-02,FG-0071,2024-08-20,50,50,0,1,北日本
SHP-003229,W-22,FG-0046,2026-02-10,10,10,1,1,海外
SHP-003230,W-04,FG-0025,2024-10-18,50,50,0,1,西日本
SHP-003231,W-04,FG-0030,2024-11-10,10,10,1,1,北日本
SHP-003232,W-16,FG-0006,2024-01-15,50,50,0,1,北日本
SHP-003233,W-21,FG-0056,2026-02-15,50,50,1,1,東日本
SHP-003234,W-04,FG-0062,2025-01-21,10,10,1,1,西日本
SHP-003235,W-21,FG-0035,2024-07-11,10,10,1,1,西日本
SHP-003236,W-21,FG-0018,2025-06-01,10,10,1,1,西日本
SHP-003237,W-24,FG-0040,2025-07-03,20,20,1,1,海外
SHP-003238,W-10,FG-0031,2024-08-12,50,50,1,1,海外
SHP-003239,W-13,FG-0024,2024-01-12,100,100,1,1,北日本
SHP-003240,W-06,FG-0016,2024-01-15,10,10,0,1,海外
SHP-003241,W-11,FG-0037,2025-03-07,50,50,1,1,海外
SHP-003242,W-01,FG-0038,2024-05-24,10,10,1,1,海外
SHP-003243,W-24,FG-0055,2025-05-14,20,20,0,1,北日本
SHP-003244,W-23,FG-0034,2025-11-13,20,20,1,1,北日本
SHP-003245,W-24,FG-0011,2024-02-13,50,50,1,1,東日本
SHP-003246,W-01,FG-0076,2025-11-06,20,20,1,1,北日本
SHP-003247,W-22,FG-0003,2024-07-29,50,50,1,1,東日本
SHP-003248,W-08,FG-0057,2025-04-14,10,10,1,1,西日本
SHP-003249,W-15,FG-0047,2025-03-27,20,20,1,1,北日本
SHP-003250,W-16,FG-0076,2025-04-01,20,20,1,1,西日本
SHP-003251,W-24,FG-0080,2025-01-11,10,10,1,1,北日本
SHP-003252,W-01,FG-0013,2026-01-04,20,20,0,1,東日本
SHP-003253,W-07,FG-0018,2025-11-29,50,50,1,1,海外
SHP-003254,W-21,FG-0006,2026-04-18,100,100,1,1,海外
SHP-003255,W-11,FG-0045,2026-02-02,10,10,1,1,東日本
SHP-003256,W-18,FG-0078,2024-05-02,100,63,0,0,海外
SHP-003257,W-02,FG-0022,2024-02-01,10,10,1,1,西日本
SHP-003258,W-10,FG-0034,2024-04-06,10,10,1,1,西日本
SHP-003259,W-21,FG-0019,2025-02-21,10,10,1,1,東日本
SHP-003260,W-01,FG-0080,2024-07-12,50,39,0,0,北日本
SHP-003261,W-19,FG-0051,2024-11-20,50,50,0,1,東日本
SHP-003262,W-17,FG-0008,2024-12-02,100,100,1,1,北日本
SHP-003263,W-01,FG-0066,2024-12-15,10,10,1,1,西日本
SHP-003264,W-22,FG-0066,2024-02-20,50,50,1,1,東日本
SHP-003265,W-13,FG-0003,2026-04-30,20,20,1,1,東日本
SHP-003266,W-18,FG-0049,2024-07-09,100,100,1,1,北日本
SHP-003267,W-05,FG-0057,2024-07-30,50,50,1,1,東日本
SHP-003268,W-01,FG-0041,2024-02-19,20,20,1,1,海外
SHP-003269,W-05,FG-0062,2026-02-22,10,10,1,1,西日本
SHP-003270,W-12,FG-0056,2025-10-06,10,10,1,1,西日本
SHP-003271,W-10,FG-0020,2024-08-01,100,100,1,1,東日本
SHP-003272,W-19,FG-0040,2025-10-02,10,10,0,1,東日本
SHP-003273,W-01,FG-0061,2025-05-02,20,20,1,1,西日本
SHP-003274,W-12,FG-0060,2024-01-31,10,10,1,1,北日本
SHP-003275,W-12,FG-0003,2025-05-18,20,20,1,1,海外
SHP-003276,W-12,FG-0012,2026-03-10,20,20,1,1,海外
SHP-003277,W-20,FG-0038,2024-04-13,20,20,1,1,西日本
SHP-003278,W-17,FG-0032,2024-03-21,10,10,1,1,西日本
SHP-003279,W-12,FG-0049,2024-02-17,50,50,1,1,東日本
SHP-003280,W-04,FG-0034,2025-02-23,100,100,1,1,西日本
SHP-003281,W-05,FG-0009,2025-02-13,50,50,1,1,北日本
SHP-003282,W-23,FG-0012,2024-10-23,20,20,1,1,海外
SHP-003283,W-05,FG-0066,2024-02-03,10,10,1,1,海外
SHP-003284,W-04,FG-0077,2024-07-14,50,50,1,1,北日本
SHP-003285,W-17,FG-0073,2025-06-12,50,50,1,1,海外
SHP-003286,W-20,FG-0023,2025-05-09,10,10,1,1,東日本
SHP-003287,W-11,FG-0033,2026-03-04,100,100,1,1,西日本
SHP-003288,W-09,FG-0079,2025-02-28,20,20,1,1,東日本
SHP-003289,W-05,FG-0077,2024-07-18,20,20,0,1,海外
SHP-003290,W-02,FG-0060,2024-04-16,100,100,1,1,北日本
SHP-003291,W-21,FG-0075,2025-02-08,50,50,1,1,海外
SHP-003292,W-05,FG-0038,2025-02-10,100,100,0,1,東日本
SHP-003293,W-12,FG-0053,2025-03-04,10,10,0,1,西日本
SHP-003294,W-21,FG-0057,2025-11-22,100,100,1,1,北日本
SHP-003295,W-08,FG-0057,2024-11-05,20,20,1,1,西日本
SHP-003296,W-05,FG-0071,2024-03-17,20,17,1,0,西日本
SHP-003297,W-03,FG-0072,2026-02-03,20,20,1,1,東日本
SHP-003298,W-14,FG-0008,2025-10-21,50,50,1,1,西日本
SHP-003299,W-22,FG-0036,2026-04-01,20,20,1,1,海外
SHP-003300,W-11,FG-0073,2024-12-30,10,10,1,1,西日本
SHP-003301,W-19,FG-0012,2024-12-27,100,100,1,1,北日本
SHP-003302,W-19,FG-0054,2025-01-15,50,50,1,1,海外
SHP-003303,W-24,FG-0047,2025-09-03,100,100,1,1,西日本
SHP-003304,W-23,FG-0032,2026-04-07,100,100,1,1,北日本
SHP-003305,W-01,FG-0073,2025-03-30,10,10,1,1,東日本
SHP-003306,W-18,FG-0029,2025-09-27,50,50,1,1,東日本
SHP-003307,W-04,FG-0076,2024-09-15,100,100,1,1,海外
SHP-003308,W-14,FG-0056,2025-11-06,100,100,1,1,海外
SHP-003309,W-12,FG-0012,2024-02-21,100,100,1,1,北日本
SHP-003310,W-22,FG-0060,2024-05-30,10,10,1,1,西日本
SHP-003311,W-24,FG-0053,2024-01-07,100,100,1,1,東日本
SHP-003312,W-21,FG-0021,2025-03-11,10,10,1,1,海外
SHP-003313,W-05,FG-0050,2025-08-28,10,10,0,1,北日本
SHP-003314,W-16,FG-0077,2025-10-12,20,20,1,1,海外
SHP-003315,W-20,FG-0045,2026-01-12,50,42,1,0,海外
SHP-003316,W-09,FG-0047,2026-01-06,50,50,1,1,東日本
SHP-003317,W-14,FG-0056,2024-10-21,10,10,1,1,北日本
SHP-003318,W-02,FG-0061,2025-06-08,50,50,1,1,東日本
SHP-003319,W-01,FG-0050,2025-07-14,20,20,1,1,北日本
SHP-003320,W-15,FG-0064,2024-11-26,100,100,1,1,東日本
SHP-003321,W-24,FG-0030,2025-07-16,50,50,1,1,海外
SHP-003322,W-04,FG-0002,2026-03-18,20,20,1,1,海外
SHP-003323,W-14,FG-0031,2024-02-18,100,100,0,1,北日本
SHP-003324,W-20,FG-0001,2026-04-19,20,20,1,1,西日本
SHP-003325,W-04,FG-0034,2024-10-06,20,20,0,1,海外
SHP-003326,W-09,FG-0004,2025-02-14,100,100,1,1,海外
SHP-003327,W-03,FG-0048,2024-08-09,100,100,1,1,北日本
SHP-003328,W-23,FG-0014,2025-07-01,20,20,1,1,西日本
SHP-003329,W-11,FG-0027,2024-07-03,20,20,1,1,海外
SHP-003330,W-06,FG-0076,2024-08-07,10,10,0,1,海外
SHP-003331,W-09,FG-0009,2025-07-19,20,20,1,1,東日本
SHP-003332,W-08,FG-0026,2026-03-15,100,79,1,0,北日本
SHP-003333,W-03,FG-0021,2024-06-19,50,50,1,1,海外
SHP-003334,W-20,FG-0064,2024-06-08,100,100,1,1,西日本
SHP-003335,W-09,FG-0076,2024-05-13,20,20,1,1,海外
SHP-003336,W-05,FG-0032,2025-10-13,100,100,1,1,北日本
SHP-003337,W-23,FG-0005,2025-04-01,100,100,1,1,西日本
SHP-003338,W-21,FG-0061,2024-04-24,10,10,1,1,東日本
SHP-003339,W-10,FG-0076,2024-09-22,10,10,1,1,北日本
SHP-003340,W-11,FG-0009,2024-09-15,10,10,0,1,海外
SHP-003341,W-21,FG-0064,2024-08-01,100,100,1,1,東日本
SHP-003342,W-20,FG-0041,2025-09-14,50,50,1,1,北日本
SHP-003343,W-23,FG-0009,2025-12-04,20,20,1,1,東日本
SHP-003344,W-10,FG-0019,2025-07-30,100,100,1,1,東日本
SHP-003345,W-20,FG-0073,2025-01-02,10,10,1,1,海外
SHP-003346,W-13,FG-0045,2025-10-26,100,100,0,1,北日本
SHP-003347,W-03,FG-0046,2024-01-24,10,10,1,1,東日本
SHP-003348,W-07,FG-0036,2024-12-02,10,6,0,0,北日本
SHP-003349,W-07,FG-0039,2025-01-03,20,20,0,1,東日本
SHP-003350,W-04,FG-0032,2024-05-10,100,100,1,1,東日本
SHP-003351,W-07,FG-0079,2024-03-07,10,10,0,1,西日本
SHP-003352,W-02,FG-0066,2024-07-19,20,20,1,1,海外
SHP-003353,W-08,FG-0046,2026-02-06,100,100,1,1,西日本
SHP-003354,W-19,FG-0061,2025-12-08,100,100,1,1,海外
SHP-003355,W-17,FG-0058,2024-01-19,100,80,1,0,西日本
SHP-003356,W-14,FG-0067,2024-08-06,20,20,1,1,東日本
SHP-003357,W-07,FG-0005,2024-01-08,10,10,1,1,海外
SHP-003358,W-23,FG-0065,2025-02-27,50,50,1,1,北日本
SHP-003359,W-08,FG-0078,2024-04-12,50,50,1,1,西日本
SHP-003360,W-18,FG-0048,2025-10-22,20,20,1,1,北日本
SHP-003361,W-19,FG-0051,2025-03-20,50,50,1,1,北日本
SHP-003362,W-17,FG-0002,2025-08-07,50,50,1,1,東日本
SHP-003363,W-24,FG-0030,2024-12-12,50,50,1,1,海外
SHP-003364,W-17,FG-0058,2024-08-19,20,20,1,1,東日本
SHP-003365,W-06,FG-0042,2025-11-25,100,79,0,0,海外
SHP-003366,W-01,FG-0056,2024-10-17,50,50,1,1,北日本
SHP-003367,W-15,FG-0001,2024-12-30,50,50,1,1,東日本
SHP-003368,W-07,FG-0025,2024-11-15,10,10,1,1,北日本
SHP-003369,W-06,FG-0055,2024-06-12,100,100,1,1,海外
SHP-003370,W-04,FG-0004,2026-04-16,10,10,1,1,海外
SHP-003371,W-08,FG-0048,2024-11-18,20,20,1,1,海外
SHP-003372,W-21,FG-0022,2024-07-13,10,10,1,1,東日本
SHP-003373,W-14,FG-0055,2024-12-06,50,50,1,1,西日本
SHP-003374,W-15,FG-0065,2024-04-12,50,50,1,1,海外
SHP-003375,W-01,FG-0041,2025-07-10,20,20,1,1,海外
SHP-003376,W-18,FG-0025,2024-03-17,10,6,1,0,東日本
SHP-003377,W-23,FG-0029,2024-07-30,100,100,0,1,東日本
SHP-003378,W-14,FG-0041,2025-02-01,100,100,1,1,東日本
SHP-003379,W-12,FG-0042,2024-06-27,10,10,1,1,海外
SHP-003380,W-05,FG-0062,2025-08-30,50,50,1,1,東日本
SHP-003381,W-12,FG-0031,2024-10-24,20,15,1,0,海外
SHP-003382,W-19,FG-0071,2025-08-21,10,10,1,1,西日本
SHP-003383,W-19,FG-0055,2024-04-07,100,100,1,1,海外
SHP-003384,W-02,FG-0046,2024-02-12,50,50,1,1,東日本
SHP-003385,W-23,FG-0003,2025-12-09,100,100,1,1,海外
SHP-003386,W-16,FG-0059,2025-12-09,100,100,0,1,北日本
SHP-003387,W-08,FG-0020,2024-11-21,10,10,1,1,海外
SHP-003388,W-17,FG-0018,2025-01-19,10,10,1,1,海外
SHP-003389,W-08,FG-0033,2024-02-23,10,10,1,1,北日本
SHP-003390,W-18,FG-0056,2024-03-16,100,100,1,1,北日本
SHP-003391,W-14,FG-0080,2024-10-10,10,10,1,1,東日本
SHP-003392,W-21,FG-0005,2024-08-12,20,20,1,1,東日本
SHP-003393,W-16,FG-0076,2025-12-25,20,20,0,1,海外
SHP-003394,W-11,FG-0014,2024-01-29,50,50,1,1,海外
SHP-003395,W-14,FG-0080,2024-06-24,100,100,1,1,海外
SHP-003396,W-06,FG-0033,2024-08-08,50,50,1,1,北日本
SHP-003397,W-06,FG-0061,2025-06-02,20,20,1,1,西日本
SHP-003398,W-16,FG-0075,2024-11-15,10,10,1,1,北日本
SHP-003399,W-03,FG-0058,2024-02-05,10,10,1,1,北日本
SHP-003400,W-24,FG-0003,2025-03-27,20,20,1,1,西日本
SHP-003401,W-22,FG-0020,2025-11-30,20,20,1,1,海外
SHP-003402,W-10,FG-0021,2024-05-28,20,20,1,1,海外
SHP-003403,W-20,FG-0018,2024-05-24,50,50,1,1,西日本
SHP-003404,W-24,FG-0049,2025-04-24,100,100,1,1,西日本
SHP-003405,W-16,FG-0062,2024-07-13,20,20,1,1,東日本
SHP-003406,W-01,FG-0077,2024-03-05,10,10,1,1,西日本
SHP-003407,W-18,FG-0074,2026-01-06,20,20,1,1,北日本
SHP-003408,W-20,FG-0011,2024-08-18,10,10,1,1,海外
SHP-003409,W-24,FG-0052,2025-07-12,100,100,1,1,北日本
SHP-003410,W-05,FG-0031,2024-01-11,50,50,1,1,北日本
SHP-003411,W-22,FG-0059,2025-10-23,20,20,1,1,西日本
SHP-003412,W-13,FG-0019,2025-05-30,20,20,1,1,北日本
SHP-003413,W-10,FG-0073,2024-12-27,10,10,1,1,西日本
SHP-003414,W-12,FG-0077,2025-03-09,50,50,1,1,海外
SHP-003415,W-16,FG-0044,2024-04-28,10,10,1,1,西日本
SHP-003416,W-10,FG-0031,2025-12-04,50,50,1,1,北日本
SHP-003417,W-14,FG-0042,2024-05-11,100,100,1,1,海外
SHP-003418,W-06,FG-0055,2024-01-25,20,20,1,1,北日本
SHP-003419,W-15,FG-0031,2024-03-25,10,10,1,1,北日本
SHP-003420,W-09,FG-0029,2025-09-16,100,100,1,1,東日本
SHP-003421,W-20,FG-0019,2024-05-04,10,10,1,1,海外
SHP-003422,W-22,FG-0016,2025-12-12,20,20,1,1,東日本
SHP-003423,W-12,FG-0039,2024-02-08,100,100,1,1,北日本
SHP-003424,W-02,FG-0080,2025-09-12,100,100,1,1,北日本
SHP-003425,W-14,FG-0048,2024-01-19,100,100,1,1,海外
SHP-003426,W-10,FG-0080,2024-03-15,10,10,1,1,海外
SHP-003427,W-12,FG-0004,2024-03-22,10,10,1,1,東日本
SHP-003428,W-08,FG-0056,2024-05-17,20,20,1,1,東日本
SHP-003429,W-19,FG-0049,2025-12-03,10,10,1,1,東日本
SHP-003430,W-13,FG-0009,2024-04-27,100,100,1,1,東日本
SHP-003431,W-12,FG-0071,2025-03-12,100,100,1,1,海外
SHP-003432,W-03,FG-0043,2025-07-03,100,100,1,1,北日本
SHP-003433,W-18,FG-0071,2024-05-01,10,10,1,1,東日本
SHP-003434,W-19,FG-0027,2026-01-15,100,100,1,1,東日本
SHP-003435,W-17,FG-0010,2025-10-21,20,20,1,1,北日本
SHP-003436,W-20,FG-0013,2025-05-15,50,50,0,1,海外
SHP-003437,W-20,FG-0031,2025-05-27,10,10,1,1,北日本
SHP-003438,W-19,FG-0033,2026-03-25,50,50,1,1,海外
SHP-003439,W-13,FG-0034,2025-03-17,20,20,0,1,東日本
SHP-003440,W-06,FG-0080,2024-04-29,50,50,1,1,北日本
SHP-003441,W-09,FG-0065,2024-09-16,20,20,1,1,北日本
SHP-003442,W-18,FG-0053,2025-04-17,50,50,1,1,東日本
SHP-003443,W-13,FG-0037,2025-11-24,100,100,1,1,北日本
SHP-003444,W-09,FG-0043,2024-11-09,50,50,1,1,海外
SHP-003445,W-07,FG-0067,2026-01-17,50,50,1,1,海外
SHP-003446,W-24,FG-0056,2026-03-15,50,50,0,1,西日本
SHP-003447,W-09,FG-0021,2025-11-13,20,20,1,1,海外
SHP-003448,W-17,FG-0054,2024-02-12,20,20,1,1,海外
SHP-003449,W-20,FG-0053,2026-04-15,100,100,1,1,東日本
SHP-003450,W-20,FG-0059,2024-07-13,100,100,0,1,東日本
SHP-003451,W-07,FG-0044,2024-11-08,10,10,1,1,北日本
SHP-003452,W-20,FG-0039,2024-09-10,20,20,1,1,西日本
SHP-003453,W-22,FG-0020,2025-03-15,20,20,1,1,東日本
SHP-003454,W-01,FG-0055,2025-08-14,20,20,1,1,北日本
SHP-003455,W-16,FG-0023,2025-05-04,50,50,1,1,西日本
SHP-003456,W-09,FG-0029,2025-06-16,20,20,1,1,西日本
SHP-003457,W-19,FG-0031,2024-05-04,10,10,1,1,北日本
SHP-003458,W-09,FG-0069,2025-05-26,10,10,1,1,東日本
SHP-003459,W-10,FG-0034,2026-02-25,50,50,1,1,東日本
SHP-003460,W-20,FG-0058,2026-04-01,100,100,1,1,東日本
SHP-003461,W-07,FG-0042,2025-09-21,50,50,1,1,東日本
SHP-003462,W-20,FG-0049,2026-01-30,10,9,1,0,西日本
SHP-003463,W-17,FG-0032,2025-08-30,10,10,1,1,海外
SHP-003464,W-19,FG-0070,2026-01-04,50,36,1,0,東日本
SHP-003465,W-06,FG-0003,2025-10-30,100,93,1,0,海外
SHP-003466,W-17,FG-0023,2025-03-04,100,76,1,0,海外
SHP-003467,W-18,FG-0067,2025-12-28,10,10,1,1,西日本
SHP-003468,W-17,FG-0016,2025-06-09,50,50,1,1,東日本
SHP-003469,W-14,FG-0074,2025-08-14,50,50,1,1,西日本
SHP-003470,W-15,FG-0028,2026-03-20,100,100,1,1,東日本
SHP-003471,W-17,FG-0036,2024-11-01,50,50,1,1,西日本
SHP-003472,W-24,FG-0034,2024-12-19,50,45,1,0,西日本
SHP-003473,W-05,FG-0053,2024-10-21,10,10,1,1,北日本
SHP-003474,W-17,FG-0056,2024-09-09,20,20,0,1,西日本
SHP-003475,W-16,FG-0045,2024-07-07,50,50,1,1,海外
SHP-003476,W-23,FG-0080,2024-12-14,100,82,1,0,東日本
SHP-003477,W-08,FG-0076,2024-02-02,10,10,0,1,海外
SHP-003478,W-10,FG-0025,2026-04-01,10,10,1,1,海外
SHP-003479,W-18,FG-0075,2024-12-12,50,50,1,1,西日本
SHP-003480,W-06,FG-0079,2025-07-22,50,50,1,1,海外
SHP-003481,W-12,FG-0049,2024-05-15,50,41,1,0,北日本
SHP-003482,W-23,FG-0005,2025-07-11,20,20,1,1,東日本
SHP-003483,W-14,FG-0003,2025-10-08,10,10,1,1,北日本
SHP-003484,W-15,FG-0009,2025-06-25,50,50,1,1,東日本
SHP-003485,W-07,FG-0059,2025-09-30,20,20,1,1,北日本
SHP-003486,W-03,FG-0049,2025-11-03,20,20,1,1,海外
SHP-003487,W-06,FG-0075,2026-01-18,20,20,1,1,海外
SHP-003488,W-22,FG-0067,2025-07-06,20,20,1,1,西日本
SHP-003489,W-07,FG-0029,2026-03-22,100,100,1,1,東日本
SHP-003490,W-21,FG-0033,2024-10-06,20,20,0,1,北日本
SHP-003491,W-21,FG-0065,2024-10-27,100,100,1,1,海外
SHP-003492,W-08,FG-0018,2024-06-08,10,10,0,1,海外
SHP-003493,W-16,FG-0053,2025-11-12,10,10,1,1,海外
SHP-003494,W-18,FG-0004,2024-08-11,100,100,1,1,海外
SHP-003495,W-17,FG-0052,2024-04-11,10,10,1,1,西日本
SHP-003496,W-20,FG-0020,2024-12-24,100,100,1,1,海外
SHP-003497,W-24,FG-0024,2025-10-27,50,50,1,1,西日本
SHP-003498,W-02,FG-0005,2024-06-07,20,20,1,1,北日本
SHP-003499,W-16,FG-0032,2024-12-15,50,50,0,1,東日本
SHP-003500,W-09,FG-0014,2024-07-09,50,50,1,1,北日本
SHP-007876,W-20,FG-0046,2024-07-26,100,100,1,1,東日本
SHP-007877,W-07,FG-0061,2025-03-31,50,50,1,1,海外
SHP-007878,W-19,FG-0045,2024-05-29,100,100,1,1,西日本
SHP-007879,W-20,FG-0039,2025-12-12,10,10,1,1,海外
SHP-007880,W-02,FG-0074,2026-01-09,50,50,1,1,北日本
SHP-007881,W-16,FG-0054,2024-04-26,50,50,1,1,東日本
SHP-007882,W-13,FG-0033,2025-08-27,100,74,1,0,北日本
SHP-007883,W-24,FG-0070,2025-12-29,50,50,1,1,海外
SHP-007884,W-13,FG-0059,2024-09-23,10,10,1,1,北日本
SHP-007885,W-21,FG-0029,2025-03-10,20,20,1,1,東日本
SHP-007886,W-14,FG-0010,2024-06-27,100,100,1,1,東日本
SHP-007887,W-15,FG-0033,2024-08-08,10,10,1,1,東日本
SHP-007888,W-13,FG-0002,2024-08-24,20,20,1,1,東日本
SHP-007889,W-24,FG-0055,2025-08-10,100,100,1,1,海外
SHP-007890,W-23,FG-0051,2026-04-08,100,100,0,1,北日本
SHP-007891,W-23,FG-0076,2024-04-13,20,20,1,1,海外
SHP-007892,W-08,FG-0069,2025-05-31,20,15,1,0,海外
SHP-007893,W-18,FG-0005,2025-12-05,10,10,1,1,西日本
SHP-007894,W-04,FG-0077,2024-05-15,50,50,1,1,北日本
SHP-007895,W-14,FG-0002,2025-12-06,50,50,1,1,東日本
SHP-007896,W-23,FG-0008,2026-02-03,10,10,1,1,海外
SHP-007897,W-18,FG-0027,2025-09-22,20,20,0,1,西日本
SHP-007898,W-23,FG-0021,2025-03-30,50,50,1,1,北日本
SHP-007899,W-01,FG-0057,2025-12-26,100,100,1,1,北日本
SHP-007900,W-18,FG-0076,2026-04-18,10,10,1,1,西日本
SHP-007901,W-16,FG-0052,2025-10-21,50,50,1,1,西日本
SHP-007902,W-17,FG-0046,2024-09-08,50,50,1,1,北日本
SHP-007903,W-09,FG-0078,2026-04-15,10,10,1,1,海外
SHP-007904,W-05,FG-0016,2025-01-13,100,100,1,1,海外
SHP-007905,W-11,FG-0046,2024-05-11,20,20,1,1,海外
SHP-007906,W-08,FG-0070,2025-04-12,100,100,1,1,北日本
SHP-007907,W-19,FG-0041,2024-04-25,10,10,1,1,北日本
SHP-007908,W-06,FG-0017,2026-02-04,20,20,0,1,海外
SHP-007909,W-19,FG-0001,2026-01-04,50,50,1,1,西日本
SHP-007910,W-12,FG-0064,2024-01-11,10,10,1,1,海外
SHP-007911,W-03,FG-0029,2024-01-12,20,18,1,0,海外
SHP-007912,W-18,FG-0030,2026-04-05,10,10,1,1,海外
SHP-007913,W-07,FG-0071,2024-05-27,20,20,1,1,海外
SHP-007914,W-08,FG-0048,2024-06-01,50,50,0,1,西日本
SHP-007915,W-17,FG-0055,2024-10-28,10,8,1,0,西日本
SHP-007916,W-14,FG-0009,2024-11-16,100,100,1,1,東日本
SHP-007917,W-04,FG-0073,2025-10-31,100,100,1,1,海外
SHP-007918,W-15,FG-0033,2025-12-08,100,100,1,1,海外
SHP-007919,W-12,FG-0025,2025-05-05,100,100,1,1,北日本
SHP-007920,W-13,FG-0054,2024-08-15,50,50,1,1,北日本
SHP-007921,W-06,FG-0018,2025-04-18,100,100,1,1,海外
SHP-007922,W-07,FG-0015,2025-01-26,100,100,1,1,北日本
SHP-007923,W-13,FG-0018,2024-08-29,100,100,0,1,西日本
SHP-007924,W-18,FG-0075,2024-03-01,50,50,1,1,海外
SHP-007925,W-10,FG-0077,2024-06-09,20,20,1,1,海外
SHP-007926,W-12,FG-0001,2024-09-04,20,20,0,1,北日本
SHP-007927,W-13,FG-0016,2024-10-13,20,20,1,1,北日本
SHP-007928,W-24,FG-0046,2024-10-15,10,10,1,1,北日本
SHP-007929,W-01,FG-0018,2025-08-27,10,10,1,1,東日本
SHP-007930,W-18,FG-0027,2025-05-04,10,8,1,0,西日本
SHP-007931,W-11,FG-0016,2025-04-03,50,36,1,0,東日本
SHP-007932,W-09,FG-0062,2025-01-29,20,20,1,1,東日本
SHP-007933,W-18,FG-0022,2024-03-01,50,50,1,1,西日本
SHP-007934,W-24,FG-0068,2024-10-18,10,10,1,1,北日本
SHP-007935,W-14,FG-0012,2025-04-12,100,100,1,1,東日本
SHP-007936,W-12,FG-0017,2024-06-27,10,10,1,1,北日本
SHP-007937,W-10,FG-0034,2024-12-08,100,100,1,1,東日本
SHP-007938,W-19,FG-0027,2025-06-13,100,100,1,1,東日本
SHP-007939,W-02,FG-0080,2026-03-05,100,100,1,1,海外
SHP-007940,W-04,FG-0028,2025-10-26,50,50,1,1,北日本
SHP-007941,W-05,FG-0032,2024-02-18,50,50,1,1,海外
SHP-007942,W-17,FG-0074,2025-03-15,100,100,1,1,北日本
SHP-007943,W-17,FG-0055,2025-05-29,10,10,1,1,東日本
SHP-007944,W-13,FG-0017,2026-03-10,50,50,1,1,西日本
SHP-007945,W-02,FG-0024,2024-02-09,10,10,1,1,海外
SHP-007946,W-10,FG-0050,2024-10-24,100,100,1,1,北日本
SHP-007947,W-22,FG-0075,2025-12-18,20,20,1,1,北日本
SHP-007948,W-02,FG-0027,2024-02-03,50,50,1,1,西日本
SHP-007949,W-03,FG-0050,2024-07-12,50,50,1,1,東日本
SHP-007950,W-20,FG-0005,2024-11-04,10,10,1,1,海外
SHP-007951,W-21,FG-0028,2025-03-09,20,20,0,1,海外
SHP-007952,W-21,FG-0011,2024-12-06,20,20,1,1,海外
SHP-007953,W-04,FG-0035,2024-12-07,50,50,1,1,東日本
SHP-007954,W-19,FG-0020,2026-02-23,100,100,1,1,西日本
SHP-007955,W-14,FG-0006,2024-10-31,50,50,1,1,東日本
SHP-007956,W-16,FG-0056,2025-08-21,50,50,1,1,海外
SHP-007957,W-03,FG-0026,2026-04-05,20,20,0,1,西日本
SHP-007958,W-10,FG-0074,2024-06-09,20,20,0,1,北日本
SHP-007959,W-06,FG-0004,2024-04-10,100,100,0,1,西日本
SHP-007960,W-01,FG-0053,2026-04-21,100,100,1,1,北日本
SHP-007961,W-05,FG-0001,2025-01-17,100,100,0,1,西日本
SHP-007962,W-15,FG-0062,2026-02-07,10,10,1,1,北日本
SHP-007963,W-15,FG-0007,2025-12-27,100,100,1,1,海外
SHP-007964,W-01,FG-0045,2024-03-03,10,10,0,1,西日本
SHP-007965,W-20,FG-0067,2024-02-23,10,10,0,1,西日本
SHP-007966,W-13,FG-0048,2024-09-04,20,20,1,1,西日本
SHP-007967,W-14,FG-0012,2024-05-08,100,100,0,1,北日本
SHP-007968,W-23,FG-0038,2024-09-24,20,20,1,1,海外
SHP-007969,W-05,FG-0048,2024-08-18,50,50,1,1,海外
SHP-007970,W-06,FG-0059,2024-02-27,100,81,1,0,北日本
SHP-007971,W-23,FG-0060,2025-11-26,100,100,1,1,海外
SHP-007972,W-17,FG-0068,2025-11-03,10,10,1,1,海外
SHP-007973,W-11,FG-0066,2025-02-22,100,100,1,1,西日本
SHP-007974,W-01,FG-0079,2024-05-06,10,10,1,1,東日本
SHP-007975,W-20,FG-0046,2024-01-21,100,100,1,1,北日本
SHP-007976,W-11,FG-0012,2025-10-13,50,50,1,1,東日本
SHP-007977,W-01,FG-0045,2024-03-06,20,20,1,1,東日本
SHP-007978,W-24,FG-0034,2024-11-19,50,38,1,0,海外
SHP-007979,W-03,FG-0027,2026-03-08,10,10,0,1,東日本
SHP-007980,W-03,FG-0062,2024-11-20,10,10,1,1,東日本
SHP-007981,W-05,FG-0061,2025-02-04,100,100,1,1,海外
SHP-007982,W-14,FG-0033,2025-03-28,20,20,1,1,西日本
SHP-007983,W-11,FG-0064,2024-03-31,50,50,0,1,東日本
SHP-007984,W-12,FG-0045,2024-06-21,10,10,1,1,西日本
SHP-007985,W-03,FG-0069,2025-05-19,50,50,1,1,海外
SHP-007986,W-17,FG-0003,2024-07-08,20,20,1,1,東日本
SHP-007987,W-15,FG-0049,2026-01-14,100,100,0,1,東日本
SHP-007988,W-18,FG-0035,2026-02-16,10,10,1,1,海外
SHP-007989,W-03,FG-0029,2026-03-30,20,20,1,1,北日本
SHP-007990,W-20,FG-0005,2025-09-03,20,20,1,1,西日本
SHP-007991,W-24,FG-0029,2024-05-05,10,10,1,1,海外
SHP-007992,W-03,FG-0030,2025-06-29,10,10,1,1,西日本
SHP-007993,W-02,FG-0042,2025-06-22,50,50,1,1,西日本
SHP-007994,W-01,FG-0047,2025-01-29,10,10,1,1,海外
SHP-007995,W-07,FG-0053,2024-12-24,10,10,0,1,東日本
SHP-007996,W-21,FG-0054,2026-01-21,50,50,1,1,北日本
SHP-007997,W-22,FG-0030,2025-09-24,100,100,1,1,北日本
SHP-007998,W-01,FG-0019,2026-04-28,100,100,1,1,東日本
SHP-007999,W-23,FG-0065,2025-03-08,50,50,1,1,海外
SHP-008000,W-13,FG-0057,2024-02-28,10,10,1,1,東日本
SHP-008001,W-14,FG-0003,2024-11-12,50,50,1,1,東日本
SHP-008002,W-01,FG-0044,2025-05-03,10,10,1,1,海外
SHP-008003,W-07,FG-0073,2025-05-22,50,50,1,1,西日本
SHP-008004,W-12,FG-0029,2024-10-12,50,50,1,1,東日本
SHP-008005,W-10,FG-0067,2024-10-25,100,100,1,1,東日本
SHP-008006,W-16,FG-0032,2024-01-05,20,20,1,1,東日本
SHP-008007,W-18,FG-0064,2024-05-04,10,10,1,1,東日本
SHP-008008,W-10,FG-0016,2026-03-07,50,50,0,1,西日本
SHP-008009,W-22,FG-0047,2025-12-30,50,50,1,1,海外
SHP-008010,W-06,FG-0055,2025-01-02,50,50,1,1,海外
SHP-008011,W-19,FG-0054,2026-02-03,50,50,1,1,北日本
SHP-008012,W-07,FG-0023,2024-09-21,100,100,1,1,北日本
SHP-008013,W-06,FG-0079,2025-07-08,100,100,1,1,西日本
SHP-008014,W-13,FG-0072,2024-10-23,100,100,1,1,東日本
SHP-008015,W-23,FG-0079,2024-07-27,20,20,1,1,東日本
SHP-008016,W-22,FG-0043,2026-04-02,50,50,1,1,西日本
SHP-008017,W-18,FG-0041,2025-09-01,10,10,1,1,北日本
SHP-008018,W-23,FG-0067,2025-09-03,20,20,1,1,西日本
SHP-008019,W-13,FG-0028,2025-06-30,20,20,1,1,海外
SHP-008020,W-06,FG-0023,2024-02-29,10,10,1,1,北日本
SHP-008021,W-18,FG-0013,2024-04-13,10,10,0,1,東日本
SHP-008022,W-02,FG-0051,2025-06-13,10,10,1,1,西日本
SHP-008023,W-02,FG-0062,2026-02-03,10,10,1,1,東日本
SHP-008024,W-23,FG-0070,2024-01-25,100,100,1,1,海外
SHP-008025,W-14,FG-0068,2025-11-20,10,10,0,1,北日本
SHP-008026,W-13,FG-0065,2024-07-29,100,100,1,1,東日本
SHP-008027,W-19,FG-0006,2024-07-12,10,10,1,1,西日本
SHP-008028,W-24,FG-0023,2025-03-30,20,20,1,1,海外
SHP-008029,W-01,FG-0004,2025-11-18,100,100,1,1,北日本
SHP-008030,W-15,FG-0003,2025-09-27,10,10,1,1,西日本
SHP-008031,W-05,FG-0002,2025-04-05,100,100,1,1,西日本
SHP-008032,W-23,FG-0025,2024-06-14,100,100,1,1,西日本
SHP-008033,W-22,FG-0029,2024-06-15,100,100,1,1,東日本
SHP-008034,W-24,FG-0029,2025-10-12,20,20,1,1,北日本
SHP-008035,W-08,FG-0071,2024-12-07,50,50,1,1,北日本
SHP-008036,W-13,FG-0017,2024-03-01,100,100,1,1,東日本
SHP-008037,W-11,FG-0045,2024-09-26,100,100,1,1,北日本
SHP-008038,W-21,FG-0039,2025-12-31,50,50,1,1,海外
SHP-008039,W-11,FG-0056,2024-07-30,20,20,1,1,北日本
SHP-008040,W-11,FG-0055,2024-04-19,100,100,1,1,海外
SHP-008041,W-22,FG-0016,2024-08-30,10,10,1,1,海外
SHP-008042,W-08,FG-0050,2026-04-15,50,50,1,1,海外
SHP-008043,W-16,FG-0003,2024-08-21,10,8,1,0,西日本
SHP-008044,W-21,FG-0021,2025-08-13,10,10,1,1,北日本
SHP-008045,W-12,FG-0050,2025-02-13,20,20,1,1,西日本
SHP-008046,W-19,FG-0046,2025-04-20,100,100,1,1,北日本
SHP-008047,W-13,FG-0043,2025-04-22,50,50,1,1,海外
SHP-008048,W-01,FG-0004,2025-12-26,20,13,1,0,東日本
SHP-008049,W-14,FG-0061,2025-09-23,100,100,0,1,北日本
SHP-008050,W-10,FG-0030,2024-12-03,100,100,1,1,西日本
SHP-008051,W-05,FG-0078,2025-02-13,50,50,1,1,東日本
SHP-008052,W-12,FG-0061,2025-01-12,50,50,1,1,北日本
SHP-008053,W-08,FG-0014,2024-12-13,20,20,1,1,西日本
SHP-008054,W-24,FG-0044,2026-01-13,10,10,1,1,東日本
SHP-008055,W-24,FG-0072,2024-09-03,50,50,0,1,海外
SHP-008056,W-01,FG-0002,2024-04-16,10,10,1,1,西日本
SHP-008057,W-15,FG-0078,2026-01-12,50,50,1,1,海外
SHP-008058,W-21,FG-0027,2025-04-17,50,50,0,1,東日本
SHP-008059,W-19,FG-0011,2025-12-18,20,20,0,1,西日本
SHP-008060,W-01,FG-0024,2025-12-31,100,100,1,1,北日本
SHP-008061,W-10,FG-0021,2024-10-25,50,50,1,1,西日本
SHP-008062,W-20,FG-0079,2024-03-26,10,10,1,1,西日本
SHP-008063,W-03,FG-0064,2024-04-12,10,10,1,1,北日本
SHP-008064,W-17,FG-0022,2024-03-10,10,10,1,1,北日本
SHP-008065,W-02,FG-0010,2024-06-07,20,20,1,1,西日本
SHP-008066,W-06,FG-0019,2025-11-20,10,10,0,1,北日本
SHP-008067,W-13,FG-0066,2024-02-09,20,20,1,1,西日本
SHP-008068,W-10,FG-0026,2025-02-28,100,100,0,1,西日本
SHP-008069,W-16,FG-0073,2026-04-18,20,20,1,1,東日本
SHP-008070,W-04,FG-0066,2026-03-03,10,10,1,1,西日本
SHP-008071,W-16,FG-0068,2025-05-18,100,100,1,1,北日本
SHP-008072,W-04,FG-0021,2025-09-26,100,100,1,1,東日本
SHP-008073,W-10,FG-0074,2025-10-15,100,100,1,1,海外
SHP-008074,W-23,FG-0038,2024-07-21,50,50,1,1,西日本
SHP-008075,W-17,FG-0042,2024-11-29,100,100,1,1,東日本
SHP-008076,W-24,FG-0020,2026-01-11,50,30,0,0,北日本
SHP-008077,W-13,FG-0016,2026-02-04,100,100,1,1,海外
SHP-008078,W-08,FG-0011,2024-08-30,20,16,1,0,北日本
SHP-008079,W-07,FG-0040,2024-04-14,100,100,1,1,北日本
SHP-008080,W-17,FG-0039,2025-11-30,50,50,1,1,東日本
SHP-008081,W-23,FG-0053,2024-07-03,10,6,0,0,西日本
SHP-008082,W-17,FG-0032,2024-07-05,50,50,1,1,北日本
SHP-008083,W-17,FG-0020,2025-05-30,50,50,1,1,西日本
SHP-008084,W-08,FG-0010,2025-02-28,10,10,0,1,北日本
SHP-008085,W-18,FG-0019,2025-06-18,20,20,1,1,東日本
SHP-008086,W-01,FG-0040,2025-02-18,10,10,1,1,北日本
SHP-008087,W-11,FG-0015,2025-06-01,20,20,1,1,東日本
SHP-008088,W-19,FG-0072,2025-07-25,100,100,1,1,西日本
SHP-008089,W-13,FG-0049,2024-04-17,50,50,1,1,海外
SHP-008090,W-04,FG-0054,2024-04-26,50,50,1,1,北日本
SHP-008091,W-02,FG-0014,2024-04-05,10,10,1,1,西日本
SHP-008092,W-11,FG-0054,2025-03-09,20,20,1,1,西日本
SHP-008093,W-05,FG-0007,2024-05-27,10,10,1,1,東日本
SHP-008094,W-01,FG-0068,2025-04-14,10,8,1,0,西日本
SHP-008095,W-12,FG-0031,2025-01-02,100,100,1,1,北日本
SHP-008096,W-19,FG-0036,2026-01-20,50,50,1,1,北日本
SHP-008097,W-12,FG-0044,2024-02-19,100,100,1,1,海外
SHP-008098,W-16,FG-0076,2025-03-20,50,50,1,1,海外
SHP-008099,W-14,FG-0055,2024-09-02,100,100,1,1,西日本
SHP-008100,W-10,FG-0008,2025-06-10,50,50,1,1,海外
SHP-008101,W-06,FG-0010,2024-02-04,50,50,1,1,西日本
SHP-008102,W-09,FG-0078,2025-11-20,50,42,1,0,西日本
SHP-008103,W-15,FG-0002,2024-06-16,10,10,0,1,東日本
SHP-008104,W-03,FG-0053,2024-04-08,100,100,1,1,西日本
SHP-008105,W-19,FG-0058,2024-09-22,10,10,0,1,海外
SHP-008106,W-23,FG-0046,2025-11-10,100,100,1,1,東日本
SHP-008107,W-02,FG-0017,2025-05-24,50,50,1,1,西日本
SHP-008108,W-13,FG-0016,2025-12-29,50,50,1,1,海外
SHP-008109,W-08,FG-0027,2026-02-20,20,20,0,1,西日本
SHP-008110,W-24,FG-0047,2024-10-11,100,100,1,1,東日本
SHP-008111,W-05,FG-0043,2025-08-29,100,100,1,1,北日本
SHP-008112,W-05,FG-0050,2024-12-11,50,50,1,1,西日本
SHP-008113,W-17,FG-0037,2025-11-29,20,20,0,1,西日本
SHP-008114,W-09,FG-0056,2025-08-29,10,10,1,1,北日本
SHP-008115,W-13,FG-0061,2024-03-08,50,50,1,1,北日本
SHP-008116,W-16,FG-0044,2024-09-03,50,50,1,1,西日本
SHP-008117,W-01,FG-0075,2024-08-31,100,100,1,1,北日本
SHP-008118,W-05,FG-0010,2024-07-28,50,50,0,1,海外
SHP-008119,W-12,FG-0059,2025-02-14,100,100,1,1,北日本
SHP-008120,W-20,FG-0065,2025-07-16,50,50,1,1,海外
SHP-008121,W-03,FG-0028,2024-01-13,10,10,1,1,海外
SHP-008122,W-06,FG-0036,2024-01-21,100,100,1,1,西日本
SHP-008123,W-05,FG-0055,2024-11-13,20,20,0,1,東日本
SHP-008124,W-09,FG-0058,2024-04-13,100,100,1,1,東日本
SHP-008125,W-16,FG-0004,2024-05-19,20,17,1,0,西日本
SHP-008126,W-23,FG-0029,2024-12-17,50,50,1,1,北日本
SHP-008127,W-10,FG-0006,2025-08-03,20,20,1,1,北日本
SHP-008128,W-17,FG-0078,2025-07-12,20,16,1,0,海外
SHP-008129,W-12,FG-0030,2024-08-14,50,50,1,1,西日本
SHP-008130,W-22,FG-0002,2025-07-02,10,10,1,1,北日本
SHP-008131,W-02,FG-0049,2025-05-18,100,100,1,1,西日本
SHP-008132,W-06,FG-0080,2024-01-04,20,20,1,1,海外
SHP-008133,W-06,FG-0063,2025-06-07,100,100,1,1,西日本
SHP-008134,W-15,FG-0059,2025-06-16,20,20,1,1,海外
SHP-008135,W-18,FG-0055,2025-01-29,20,20,1,1,西日本
SHP-008136,W-20,FG-0001,2026-03-26,50,50,1,1,海外
SHP-008137,W-22,FG-0070,2026-03-28,20,14,1,0,海外
SHP-008138,W-05,FG-0076,2024-06-06,100,100,0,1,東日本
SHP-008139,W-20,FG-0072,2024-02-03,10,10,1,1,海外
SHP-008140,W-23,FG-0009,2024-05-02,50,50,1,1,海外
SHP-008141,W-23,FG-0039,2024-12-30,100,100,1,1,東日本
SHP-008142,W-19,FG-0061,2025-08-13,100,100,1,1,西日本
SHP-008143,W-04,FG-0030,2024-07-17,50,50,1,1,西日本
SHP-008144,W-10,FG-0033,2025-01-29,20,20,1,1,北日本
SHP-008145,W-18,FG-0052,2024-03-17,20,20,1,1,海外
SHP-008146,W-01,FG-0056,2024-07-17,20,20,0,1,西日本
SHP-008147,W-04,FG-0052,2025-05-14,20,20,1,1,東日本
SHP-008148,W-13,FG-0080,2024-06-15,50,50,1,1,東日本
SHP-008149,W-15,FG-0031,2025-12-09,10,10,1,1,北日本
SHP-008150,W-21,FG-0061,2026-03-24,100,100,1,1,海外
SHP-008151,W-17,FG-0016,2024-05-22,100,100,1,1,東日本
SHP-008152,W-20,FG-0012,2024-07-28,10,10,1,1,西日本
SHP-008153,W-20,FG-0063,2025-10-14,10,10,1,1,東日本
SHP-008154,W-21,FG-0013,2025-11-13,50,50,1,1,西日本
SHP-008155,W-12,FG-0033,2024-12-04,10,10,1,1,東日本
SHP-008156,W-13,FG-0066,2025-12-13,10,10,1,1,北日本
SHP-008157,W-14,FG-0005,2024-03-24,100,100,1,1,北日本
SHP-008158,W-09,FG-0027,2026-02-23,100,100,1,1,北日本
SHP-008159,W-12,FG-0054,2025-06-07,50,50,1,1,北日本
SHP-008160,W-13,FG-0063,2026-03-21,50,50,1,1,北日本
SHP-008161,W-02,FG-0043,2025-08-30,20,20,1,1,北日本
SHP-008162,W-02,FG-0064,2025-08-23,100,100,1,1,東日本
SHP-008163,W-19,FG-0012,2024-12-05,20,20,1,1,東日本
SHP-008164,W-13,FG-0013,2025-02-05,10,10,0,1,西日本
SHP-008165,W-12,FG-0023,2025-11-26,10,8,0,0,西日本
SHP-008166,W-05,FG-0015,2025-10-25,10,10,1,1,北日本
SHP-008167,W-01,FG-0072,2026-03-19,10,10,0,1,海外
SHP-008168,W-08,FG-0076,2025-02-03,10,6,1,0,海外
SHP-008169,W-03,FG-0023,2024-03-28,100,100,1,1,西日本
SHP-008170,W-03,FG-0059,2025-04-05,10,10,1,1,東日本
SHP-008171,W-10,FG-0060,2026-03-23,10,10,1,1,北日本
SHP-008172,W-06,FG-0058,2025-03-14,100,100,1,1,東日本
SHP-008173,W-07,FG-0005,2025-09-22,100,100,0,1,北日本
SHP-008174,W-17,FG-0015,2026-02-18,20,20,1,1,東日本
SHP-008175,W-10,FG-0035,2024-05-12,100,100,1,1,西日本
SHP-008176,W-24,FG-0065,2026-04-16,100,100,1,1,東日本
SHP-008177,W-07,FG-0043,2025-03-12,20,20,1,1,海外
SHP-008178,W-11,FG-0067,2024-12-08,20,20,1,1,北日本
SHP-008179,W-17,FG-0032,2025-05-05,10,10,1,1,東日本
SHP-008180,W-11,FG-0009,2024-03-10,100,100,1,1,西日本
SHP-008181,W-23,FG-0004,2024-06-19,10,10,1,1,西日本
SHP-008182,W-16,FG-0033,2026-02-14,20,20,1,1,北日本
SHP-008183,W-23,FG-0043,2025-03-01,50,50,1,1,東日本
SHP-008184,W-10,FG-0054,2024-01-26,50,50,1,1,北日本
SHP-008185,W-11,FG-0018,2025-12-13,100,100,1,1,北日本
SHP-008186,W-09,FG-0031,2024-10-05,20,20,1,1,西日本
SHP-008187,W-22,FG-0035,2026-02-25,100,100,1,1,北日本
SHP-008188,W-01,FG-0026,2026-01-23,10,10,1,1,西日本
SHP-008189,W-11,FG-0076,2024-10-21,10,10,1,1,北日本
SHP-008190,W-24,FG-0045,2025-09-26,100,100,1,1,西日本
SHP-008191,W-14,FG-0077,2024-06-26,10,10,1,1,西日本
SHP-008192,W-14,FG-0077,2024-06-24,10,10,1,1,西日本
SHP-008193,W-08,FG-0079,2024-10-02,10,10,1,1,西日本
SHP-008194,W-22,FG-0003,2025-04-29,50,50,0,1,北日本
SHP-008195,W-10,FG-0045,2025-04-23,20,20,1,1,北日本
SHP-008196,W-10,FG-0051,2026-04-14,10,10,1,1,西日本
SHP-008197,W-19,FG-0042,2024-11-26,100,100,1,1,北日本
SHP-008198,W-02,FG-0041,2024-03-31,20,20,0,1,海外
SHP-008199,W-06,FG-0021,2025-02-25,50,50,1,1,東日本
SHP-008200,W-20,FG-0027,2025-08-30,50,50,0,1,東日本
SHP-008201,W-06,FG-0005,2024-04-19,10,10,1,1,西日本
SHP-008202,W-23,FG-0012,2025-06-24,20,20,1,1,東日本
SHP-008203,W-11,FG-0009,2025-02-19,10,7,1,0,海外
SHP-008204,W-10,FG-0048,2024-12-26,10,10,1,1,西日本
SHP-008205,W-22,FG-0045,2024-10-29,100,100,1,1,東日本
SHP-008206,W-14,FG-0014,2024-04-09,10,10,1,1,東日本
SHP-008207,W-07,FG-0002,2024-09-05,50,50,1,1,海外
SHP-008208,W-24,FG-0030,2024-01-04,100,100,1,1,東日本
SHP-008209,W-22,FG-0043,2026-03-30,50,50,1,1,北日本
SHP-008210,W-01,FG-0032,2024-10-08,10,10,1,1,海外
SHP-008211,W-10,FG-0078,2024-08-18,100,100,1,1,西日本
SHP-008212,W-18,FG-0012,2025-05-06,50,50,1,1,東日本
SHP-008213,W-06,FG-0076,2024-05-08,100,100,1,1,東日本
SHP-008214,W-12,FG-0014,2024-08-20,100,100,0,1,東日本
SHP-008215,W-08,FG-0038,2025-01-24,100,100,1,1,西日本
SHP-008216,W-05,FG-0007,2026-02-03,50,50,1,1,東日本
SHP-008217,W-22,FG-0027,2024-07-31,100,100,1,1,西日本
SHP-008218,W-19,FG-0034,2025-04-09,100,100,1,1,東日本
SHP-008219,W-09,FG-0077,2024-02-26,20,20,1,1,北日本
SHP-008220,W-08,FG-0076,2024-06-23,100,100,1,1,西日本
SHP-008221,W-09,FG-0062,2024-05-25,20,16,1,0,西日本
SHP-008222,W-02,FG-0070,2024-02-07,20,20,1,1,北日本
SHP-008223,W-02,FG-0022,2024-12-10,10,10,1,1,北日本
SHP-008224,W-18,FG-0070,2024-01-20,50,37,1,0,東日本
SHP-008225,W-16,FG-0032,2026-02-12,20,20,1,1,海外
SHP-008226,W-16,FG-0025,2026-01-24,100,100,0,1,西日本
SHP-008227,W-01,FG-0042,2024-01-12,20,20,1,1,西日本
SHP-008228,W-15,FG-0043,2025-12-18,10,10,1,1,海外
SHP-008229,W-06,FG-0002,2024-05-08,10,10,1,1,海外
SHP-008230,W-10,FG-0028,2025-08-16,50,50,1,1,海外
SHP-008231,W-16,FG-0057,2025-01-14,100,100,1,1,北日本
SHP-008232,W-11,FG-0016,2024-09-17,10,10,1,1,海外
SHP-008233,W-14,FG-0037,2025-03-29,100,100,1,1,海外
SHP-008234,W-16,FG-0053,2026-04-08,10,10,0,1,北日本
SHP-008235,W-07,FG-0020,2025-12-31,20,20,1,1,海外
SHP-008236,W-24,FG-0079,2024-11-07,50,50,1,1,西日本
SHP-008237,W-08,FG-0015,2025-07-10,100,100,1,1,海外
SHP-008238,W-06,FG-0078,2024-07-10,100,100,1,1,東日本
SHP-008239,W-01,FG-0051,2025-08-05,20,20,1,1,東日本
SHP-008240,W-24,FG-0036,2024-08-28,20,20,1,1,北日本
SHP-008241,W-04,FG-0045,2025-03-18,100,100,1,1,東日本
SHP-008242,W-06,FG-0017,2024-11-11,20,20,1,1,西日本
SHP-008243,W-08,FG-0001,2025-12-25,20,20,1,1,海外
SHP-008244,W-13,FG-0053,2024-08-10,10,10,1,1,西日本
SHP-008245,W-04,FG-0064,2025-01-19,50,50,1,1,東日本
SHP-008246,W-24,FG-0026,2025-07-24,10,10,1,1,東日本
SHP-008247,W-13,FG-0066,2025-11-22,10,10,1,1,東日本
SHP-008248,W-24,FG-0067,2025-05-09,50,50,1,1,東日本
SHP-008249,W-21,FG-0066,2025-12-31,100,100,0,1,海外
SHP-008250,W-02,FG-0071,2025-05-29,10,10,1,1,西日本
SHP-008251,W-15,FG-0076,2025-02-05,50,50,1,1,海外
SHP-008252,W-13,FG-0015,2024-10-18,20,20,1,1,北日本
SHP-008253,W-06,FG-0076,2025-07-27,10,10,1,1,東日本
SHP-008254,W-09,FG-0047,2024-08-14,10,10,1,1,西日本
SHP-008255,W-17,FG-0071,2025-06-01,100,100,1,1,北日本
SHP-008256,W-05,FG-0017,2025-02-18,100,100,1,1,西日本
SHP-008257,W-15,FG-0022,2025-01-15,10,10,1,1,海外
SHP-008258,W-09,FG-0032,2024-08-30,50,50,1,1,西日本
SHP-008259,W-22,FG-0048,2024-03-10,100,100,1,1,北日本
SHP-008260,W-17,FG-0008,2024-04-15,50,50,1,1,海外
SHP-008261,W-20,FG-0024,2024-08-21,20,20,1,1,北日本
SHP-008262,W-06,FG-0050,2025-02-19,50,50,1,1,北日本
SHP-008263,W-19,FG-0025,2025-10-05,100,100,1,1,北日本
SHP-008264,W-08,FG-0045,2024-07-20,10,10,1,1,西日本
SHP-008265,W-20,FG-0052,2026-03-16,100,100,1,1,北日本
SHP-008266,W-24,FG-0012,2024-08-29,100,100,1,1,海外
SHP-008267,W-21,FG-0050,2025-11-18,20,20,0,1,海外
SHP-008268,W-05,FG-0049,2024-01-17,100,100,1,1,東日本
SHP-008269,W-04,FG-0064,2025-12-10,100,100,1,1,北日本
SHP-008270,W-15,FG-0033,2024-05-21,10,10,1,1,海外
SHP-008271,W-22,FG-0068,2025-12-01,50,50,1,1,海外
SHP-008272,W-03,FG-0015,2025-12-30,20,20,1,1,北日本
SHP-008273,W-09,FG-0060,2025-07-23,100,100,1,1,西日本
SHP-008274,W-09,FG-0001,2024-02-25,20,20,1,1,北日本
SHP-008275,W-23,FG-0043,2024-05-08,100,100,1,1,海外
SHP-008276,W-02,FG-0076,2025-07-05,50,50,1,1,北日本
SHP-008277,W-17,FG-0059,2024-08-19,50,50,1,1,西日本
SHP-008278,W-15,FG-0011,2024-07-11,20,20,1,1,西日本
SHP-008279,W-13,FG-0025,2024-11-09,100,100,1,1,東日本
SHP-008280,W-22,FG-0008,2026-02-15,50,33,1,0,東日本
SHP-008281,W-13,FG-0044,2025-08-23,10,10,1,1,海外
SHP-008282,W-04,FG-0055,2025-06-16,10,10,1,1,東日本
SHP-008283,W-09,FG-0041,2024-04-26,50,50,1,1,東日本
SHP-008284,W-14,FG-0059,2026-04-11,10,10,1,1,西日本
SHP-008285,W-08,FG-0018,2025-10-05,10,10,0,1,西日本
SHP-008286,W-20,FG-0012,2024-10-27,50,50,1,1,海外
SHP-008287,W-21,FG-0031,2024-04-04,10,10,1,1,海外
SHP-008288,W-13,FG-0053,2024-04-12,10,10,1,1,海外
SHP-008289,W-01,FG-0008,2024-07-03,50,50,1,1,北日本
SHP-008290,W-04,FG-0058,2025-09-30,50,50,1,1,西日本
SHP-008291,W-09,FG-0035,2026-02-23,50,50,1,1,北日本
SHP-008292,W-23,FG-0026,2024-12-12,50,50,1,1,西日本
SHP-008293,W-17,FG-0013,2024-12-17,50,50,1,1,東日本
SHP-008294,W-15,FG-0052,2024-01-22,50,50,1,1,海外
SHP-008295,W-16,FG-0015,2025-05-19,50,50,1,1,北日本
SHP-008296,W-16,FG-0016,2024-03-18,50,50,1,1,東日本
SHP-008297,W-20,FG-0064,2025-05-05,100,100,0,1,海外
SHP-008298,W-04,FG-0011,2024-12-17,50,50,1,1,北日本
SHP-008299,W-19,FG-0027,2025-02-03,100,100,1,1,海外
SHP-008300,W-13,FG-0059,2026-04-25,20,20,1,1,東日本
SHP-008301,W-08,FG-0017,2024-07-16,20,20,1,1,西日本
SHP-008302,W-13,FG-0012,2024-07-04,10,10,1,1,東日本
SHP-008303,W-06,FG-0080,2026-04-03,20,20,1,1,東日本
SHP-008304,W-23,FG-0056,2024-06-14,50,50,1,1,西日本
SHP-008305,W-19,FG-0054,2024-03-24,20,20,0,1,北日本
SHP-008306,W-19,FG-0068,2025-02-26,100,100,1,1,東日本
SHP-008307,W-11,FG-0043,2026-04-05,50,50,1,1,東日本
SHP-008308,W-21,FG-0010,2024-09-28,50,50,1,1,西日本
SHP-008309,W-14,FG-0010,2025-04-16,50,50,1,1,東日本
SHP-008310,W-04,FG-0009,2026-01-04,50,50,1,1,北日本
SHP-008311,W-04,FG-0046,2025-09-24,10,10,0,1,海外
SHP-008312,W-07,FG-0067,2024-07-10,20,20,1,1,海外
SHP-008313,W-09,FG-0008,2025-11-07,10,6,1,0,西日本
SHP-008314,W-11,FG-0076,2025-01-05,10,10,1,1,北日本
SHP-008315,W-02,FG-0068,2024-03-27,20,20,1,1,北日本
SHP-008316,W-12,FG-0020,2024-08-14,10,10,1,1,北日本
SHP-008317,W-15,FG-0062,2024-08-19,50,50,1,1,東日本
SHP-008318,W-12,FG-0063,2025-03-28,100,71,1,0,海外
SHP-008319,W-24,FG-0007,2025-11-22,100,100,1,1,海外
SHP-008320,W-08,FG-0050,2026-04-09,100,100,1,1,海外
SHP-008321,W-12,FG-0073,2024-02-28,20,20,1,1,北日本
SHP-008322,W-07,FG-0067,2025-09-28,50,50,1,1,北日本
SHP-008323,W-24,FG-0027,2024-05-03,20,20,1,1,東日本
SHP-008324,W-05,FG-0070,2024-05-13,100,100,1,1,東日本
SHP-008325,W-04,FG-0065,2024-07-25,20,20,0,1,東日本
SHP-008326,W-18,FG-0076,2025-09-21,20,20,1,1,東日本
SHP-008327,W-22,FG-0057,2025-01-05,10,10,1,1,西日本
SHP-008328,W-13,FG-0023,2024-11-03,20,20,1,1,西日本
SHP-008329,W-05,FG-0028,2026-03-24,100,100,1,1,西日本
SHP-008330,W-17,FG-0046,2024-09-26,100,100,1,1,東日本
SHP-008331,W-01,FG-0003,2026-02-05,50,50,1,1,西日本
SHP-008332,W-13,FG-0063,2024-08-11,20,20,0,1,北日本
SHP-008333,W-10,FG-0074,2024-05-26,50,50,0,1,北日本
SHP-008334,W-08,FG-0069,2026-01-29,100,100,1,1,海外
SHP-008335,W-07,FG-0071,2024-02-14,10,10,0,1,海外
SHP-008336,W-01,FG-0007,2025-10-10,10,10,0,1,東日本
SHP-008337,W-03,FG-0010,2024-01-07,50,50,1,1,北日本
SHP-008338,W-09,FG-0023,2026-04-09,10,10,0,1,海外
SHP-008339,W-11,FG-0060,2026-02-22,10,10,1,1,北日本
SHP-008340,W-04,FG-0067,2026-01-05,10,10,0,1,西日本
SHP-008341,W-19,FG-0063,2025-09-29,100,100,1,1,北日本
SHP-008342,W-08,FG-0013,2025-10-30,10,10,1,1,東日本
SHP-008343,W-23,FG-0013,2025-06-12,20,20,1,1,西日本
SHP-008344,W-23,FG-0029,2024-01-13,50,50,1,1,北日本
SHP-008345,W-02,FG-0007,2024-03-23,50,50,1,1,東日本
SHP-008346,W-09,FG-0074,2026-01-29,100,100,1,1,東日本
SHP-008347,W-01,FG-0020,2024-11-19,100,100,0,1,東日本
SHP-008348,W-05,FG-0043,2025-12-31,50,32,1,0,海外
SHP-008349,W-23,FG-0042,2025-03-29,50,50,1,1,東日本
SHP-008350,W-23,FG-0032,2025-07-20,20,20,1,1,海外
SHP-008351,W-23,FG-0003,2025-03-01,50,50,1,1,東日本
SHP-008352,W-16,FG-0077,2024-10-29,10,8,1,0,西日本
SHP-008353,W-02,FG-0050,2026-04-02,20,17,1,0,海外
SHP-008354,W-15,FG-0060,2025-11-04,50,50,1,1,西日本
SHP-008355,W-01,FG-0038,2025-06-30,10,10,1,1,東日本
SHP-008356,W-16,FG-0010,2025-10-20,100,100,1,1,西日本
SHP-008357,W-05,FG-0022,2025-10-15,50,50,1,1,東日本
SHP-008358,W-02,FG-0067,2025-08-26,20,12,1,0,東日本
SHP-008359,W-03,FG-0011,2026-04-23,10,10,1,1,北日本
SHP-008360,W-09,FG-0040,2025-07-02,100,100,1,1,東日本
SHP-008361,W-22,FG-0056,2026-02-10,50,50,1,1,海外
SHP-008362,W-22,FG-0068,2024-12-24,50,50,0,1,海外
SHP-008363,W-23,FG-0030,2024-01-28,10,10,1,1,東日本
SHP-008364,W-18,FG-0055,2025-02-01,50,50,1,1,西日本
SHP-008365,W-03,FG-0046,2026-01-19,50,50,1,1,西日本
SHP-008366,W-18,FG-0058,2024-07-20,10,6,1,0,西日本
SHP-008367,W-03,FG-0051,2024-05-14,100,100,1,1,西日本
SHP-008368,W-07,FG-0003,2024-07-03,20,20,1,1,東日本
SHP-008369,W-23,FG-0023,2024-05-02,10,7,1,0,東日本
SHP-008370,W-19,FG-0064,2024-01-10,10,9,1,0,海外
SHP-008371,W-05,FG-0008,2025-10-01,20,20,1,1,西日本
SHP-008372,W-24,FG-0057,2026-01-16,10,10,1,1,北日本
SHP-008373,W-17,FG-0025,2024-12-27,100,100,1,1,西日本
SHP-008374,W-07,FG-0001,2025-01-03,20,20,1,1,海外
SHP-008375,W-15,FG-0027,2026-04-26,100,78,1,0,東日本
SHP-008376,W-17,FG-0036,2024-12-12,50,50,1,1,東日本
SHP-008377,W-04,FG-0066,2025-05-22,20,20,1,1,東日本
SHP-008378,W-02,FG-0079,2024-01-24,10,10,1,1,東日本
SHP-008379,W-02,FG-0062,2026-02-22,50,50,1,1,西日本
SHP-008380,W-07,FG-0061,2024-09-03,20,20,1,1,東日本
SHP-008381,W-02,FG-0046,2024-06-02,20,20,1,1,西日本
SHP-008382,W-20,FG-0043,2024-10-30,50,50,1,1,北日本
SHP-008383,W-01,FG-0048,2025-08-29,10,10,1,1,北日本
SHP-008384,W-06,FG-0017,2025-04-10,50,50,1,1,海外
SHP-008385,W-03,FG-0048,2025-06-25,50,50,1,1,東日本
SHP-008386,W-24,FG-0003,2024-12-01,10,9,1,0,北日本
SHP-008387,W-14,FG-0067,2024-05-29,50,50,1,1,北日本
SHP-008388,W-02,FG-0008,2025-09-15,20,20,1,1,北日本
SHP-008389,W-09,FG-0044,2025-08-27,50,50,1,1,西日本
SHP-008390,W-10,FG-0039,2024-02-23,20,20,1,1,西日本
SHP-008391,W-13,FG-0053,2024-07-07,20,20,1,1,西日本
SHP-008392,W-15,FG-0015,2025-01-30,10,9,1,0,西日本
SHP-008393,W-15,FG-0074,2025-09-30,20,20,1,1,北日本
SHP-008394,W-06,FG-0008,2025-09-21,50,50,1,1,海外
SHP-008395,W-02,FG-0050,2024-07-27,10,10,1,1,東日本
SHP-008396,W-06,FG-0078,2024-12-24,100,100,1,1,東日本
SHP-008397,W-12,FG-0025,2025-05-30,100,100,1,1,北日本
SHP-008398,W-16,FG-0024,2026-04-26,50,50,1,1,西日本
SHP-008399,W-17,FG-0068,2025-05-16,100,100,1,1,東日本
SHP-008400,W-12,FG-0006,2026-01-27,10,10,0,1,東日本
SHP-008401,W-10,FG-0064,2025-05-09,20,20,1,1,北日本
SHP-008402,W-16,FG-0027,2026-01-10,20,20,1,1,西日本
SHP-008403,W-08,FG-0075,2025-04-27,10,10,0,1,西日本
SHP-008404,W-08,FG-0002,2025-05-08,10,10,1,1,西日本
SHP-008405,W-23,FG-0011,2024-12-12,100,100,1,1,西日本
SHP-008406,W-06,FG-0059,2026-02-26,100,100,1,1,北日本
SHP-008407,W-22,FG-0080,2024-06-13,10,10,0,1,北日本
SHP-008408,W-24,FG-0062,2024-01-14,100,100,1,1,北日本
SHP-008409,W-16,FG-0047,2024-11-07,50,50,1,1,東日本
SHP-008410,W-14,FG-0020,2026-02-12,20,17,0,0,西日本
SHP-008411,W-22,FG-0064,2025-01-27,10,10,1,1,北日本
SHP-008412,W-13,FG-0042,2024-11-15,20,20,1,1,海外
SHP-008413,W-02,FG-0027,2025-05-30,100,100,1,1,海外
SHP-008414,W-13,FG-0036,2024-01-03,100,100,1,1,北日本
SHP-008415,W-14,FG-0037,2025-07-24,20,20,1,1,海外
SHP-008416,W-11,FG-0006,2024-01-03,10,10,1,1,北日本
SHP-008417,W-15,FG-0012,2024-12-27,10,10,1,1,海外
SHP-008418,W-18,FG-0025,2025-10-23,10,10,1,1,北日本
SHP-008419,W-08,FG-0059,2024-07-21,100,100,1,1,北日本
SHP-008420,W-12,FG-0042,2025-10-30,100,100,0,1,海外
SHP-008421,W-22,FG-0021,2025-01-02,100,100,1,1,東日本
SHP-008422,W-19,FG-0061,2024-02-14,20,20,1,1,海外
SHP-008423,W-03,FG-0055,2024-09-17,20,20,1,1,海外
SHP-008424,W-03,FG-0079,2025-11-15,20,20,1,1,西日本
SHP-008425,W-02,FG-0051,2025-07-16,100,100,1,1,西日本
SHP-008426,W-06,FG-0047,2024-05-21,100,100,1,1,東日本
SHP-008427,W-10,FG-0023,2025-04-25,50,50,1,1,東日本
SHP-008428,W-07,FG-0041,2025-09-20,100,91,1,0,海外
SHP-008429,W-01,FG-0072,2024-05-14,10,10,1,1,北日本
SHP-008430,W-11,FG-0032,2025-05-24,20,20,1,1,西日本
SHP-008431,W-03,FG-0034,2026-01-07,100,100,1,1,西日本
SHP-008432,W-04,FG-0016,2024-11-27,10,10,1,1,北日本
SHP-008433,W-19,FG-0043,2024-02-15,10,10,1,1,海外
SHP-008434,W-22,FG-0013,2024-06-14,100,100,1,1,東日本
SHP-008435,W-10,FG-0033,2025-03-06,50,50,1,1,東日本
SHP-008436,W-11,FG-0024,2025-06-13,10,6,0,0,北日本
SHP-008437,W-12,FG-0015,2025-02-04,20,20,0,1,海外
SHP-008438,W-15,FG-0035,2025-05-13,20,20,0,1,西日本
SHP-008439,W-15,FG-0076,2025-08-08,100,100,0,1,西日本
SHP-008440,W-06,FG-0003,2024-09-08,10,10,1,1,北日本
SHP-008441,W-03,FG-0049,2024-01-26,50,50,1,1,北日本
SHP-008442,W-20,FG-0010,2025-07-22,100,100,1,1,北日本
SHP-008443,W-02,FG-0021,2025-12-04,20,20,1,1,海外
SHP-008444,W-10,FG-0052,2026-04-14,20,20,0,1,東日本
SHP-008445,W-21,FG-0048,2026-04-19,20,20,1,1,東日本
SHP-008446,W-15,FG-0008,2024-02-18,20,20,1,1,海外
SHP-008447,W-19,FG-0009,2025-11-01,50,50,1,1,東日本
SHP-008448,W-18,FG-0052,2026-02-03,20,20,1,1,海外
SHP-008449,W-12,FG-0023,2025-01-01,10,10,1,1,北日本
SHP-008450,W-18,FG-0027,2024-11-24,50,50,1,1,北日本
SHP-008451,W-08,FG-0027,2025-08-20,20,20,1,1,西日本
SHP-008452,W-21,FG-0022,2025-03-22,20,20,1,1,東日本
SHP-008453,W-01,FG-0018,2025-08-31,10,10,1,1,東日本
SHP-008454,W-09,FG-0036,2025-11-04,20,20,1,1,西日本
SHP-008455,W-05,FG-0046,2025-02-21,100,100,1,1,北日本
SHP-008456,W-06,FG-0067,2025-01-06,10,10,1,1,東日本
SHP-008457,W-04,FG-0064,2024-06-01,10,10,1,1,西日本
SHP-008458,W-03,FG-0006,2025-05-05,20,20,0,1,北日本
SHP-008459,W-23,FG-0050,2025-06-06,100,100,1,1,海外
SHP-008460,W-24,FG-0077,2026-03-14,100,100,1,1,海外
SHP-008461,W-18,FG-0062,2024-11-13,20,20,1,1,西日本
SHP-008462,W-04,FG-0011,2025-01-06,20,20,1,1,北日本
SHP-008463,W-07,FG-0074,2025-01-28,20,16,1,0,西日本
SHP-008464,W-20,FG-0017,2025-04-01,100,100,0,1,北日本
SHP-008465,W-21,FG-0060,2024-06-10,20,20,1,1,東日本
SHP-008466,W-18,FG-0023,2025-10-19,50,50,1,1,東日本
SHP-008467,W-15,FG-0067,2025-10-11,20,20,0,1,海外
SHP-008468,W-23,FG-0013,2024-08-18,100,100,1,1,海外
SHP-008469,W-04,FG-0058,2024-04-04,20,20,1,1,東日本
SHP-008470,W-12,FG-0055,2025-02-25,10,10,1,1,海外
SHP-008471,W-22,FG-0040,2024-10-16,20,20,1,1,海外
SHP-008472,W-10,FG-0040,2024-06-26,10,10,0,1,西日本
SHP-008473,W-08,FG-0076,2026-01-14,50,50,1,1,西日本
SHP-008474,W-15,FG-0037,2025-01-07,10,10,1,1,海外
SHP-008475,W-08,FG-0043,2025-01-04,10,10,1,1,東日本
SHP-008476,W-09,FG-0027,2025-10-28,10,10,1,1,東日本
SHP-008477,W-16,FG-0007,2025-01-21,50,50,1,1,東日本
SHP-008478,W-10,FG-0005,2024-04-04,100,100,1,1,西日本
SHP-008479,W-09,FG-0011,2025-09-30,10,10,1,1,東日本
SHP-008480,W-15,FG-0018,2024-06-20,50,50,1,1,東日本
SHP-008481,W-11,FG-0017,2025-05-03,100,100,1,1,北日本
SHP-008482,W-24,FG-0036,2025-07-23,10,10,1,1,西日本
SHP-008483,W-07,FG-0010,2025-06-02,10,7,1,0,西日本
SHP-008484,W-01,FG-0019,2024-06-17,50,50,1,1,東日本
SHP-008485,W-13,FG-0033,2024-06-16,20,20,1,1,西日本
SHP-008486,W-05,FG-0048,2025-06-22,100,100,1,1,東日本
SHP-008487,W-18,FG-0072,2026-01-23,100,92,1,0,西日本
SHP-008488,W-22,FG-0061,2024-05-07,100,100,1,1,東日本
SHP-008489,W-22,FG-0074,2024-02-07,100,100,1,1,北日本
SHP-008490,W-06,FG-0007,2026-02-21,20,20,1,1,海外
SHP-008491,W-13,FG-0010,2025-03-12,10,10,1,1,西日本
SHP-008492,W-14,FG-0032,2024-07-19,20,20,1,1,東日本
SHP-008493,W-02,FG-0065,2024-06-27,20,20,1,1,西日本
SHP-008494,W-09,FG-0022,2025-01-23,20,20,1,1,北日本
SHP-008495,W-19,FG-0035,2025-02-17,100,100,1,1,北日本
SHP-008496,W-20,FG-0060,2024-11-29,50,50,1,1,海外
SHP-008497,W-13,FG-0067,2025-08-08,20,20,1,1,東日本
SHP-008498,W-14,FG-0048,2025-07-12,10,10,1,1,東日本
SHP-008499,W-04,FG-0040,2024-12-30,20,20,1,1,東日本
SHP-008500,W-12,FG-0022,2025-02-23,20,20,1,1,海外
SHP-008501,W-20,FG-0065,2026-02-20,20,20,1,1,東日本
SHP-008502,W-19,FG-0052,2024-09-07,100,100,0,1,西日本
SHP-008503,W-24,FG-0005,2025-09-08,10,10,1,1,東日本
SHP-008504,W-21,FG-0018,2025-12-09,20,20,1,1,東日本
SHP-008505,W-21,FG-0068,2025-03-09,50,50,0,1,北日本
SHP-008506,W-15,FG-0052,2025-10-07,10,10,1,1,東日本
SHP-008507,W-04,FG-0031,2025-03-19,50,50,1,1,東日本
SHP-008508,W-20,FG-0031,2026-02-07,10,10,1,1,西日本
SHP-008509,W-22,FG-0017,2025-05-08,10,10,1,1,西日本
SHP-008510,W-24,FG-0080,2024-01-15,100,100,1,1,西日本
SHP-008511,W-22,FG-0026,2025-03-09,50,50,1,1,北日本
SHP-008512,W-04,FG-0021,2025-08-18,20,20,1,1,北日本
SHP-008513,W-18,FG-0067,2025-09-12,20,20,1,1,海外
SHP-008514,W-22,FG-0010,2025-05-01,10,10,1,1,東日本
SHP-008515,W-20,FG-0070,2026-01-10,10,10,1,1,北日本
SHP-008516,W-16,FG-0010,2024-07-03,100,100,1,1,西日本
SHP-008517,W-07,FG-0039,2024-11-30,10,10,1,1,北日本
SHP-008518,W-15,FG-0011,2024-09-10,100,100,1,1,西日本
SHP-008519,W-18,FG-0002,2024-03-25,100,100,1,1,西日本
SHP-008520,W-09,FG-0030,2024-09-19,100,100,1,1,海外
SHP-008521,W-11,FG-0012,2025-09-08,100,100,1,1,西日本
SHP-008522,W-16,FG-0043,2025-08-09,50,50,1,1,北日本
SHP-008523,W-23,FG-0031,2024-09-16,50,50,1,1,海外
SHP-008524,W-05,FG-0009,2026-01-23,20,20,1,1,西日本
SHP-008525,W-09,FG-0067,2024-12-13,50,50,1,1,西日本
SHP-008526,W-19,FG-0072,2025-11-06,20,20,1,1,海外
SHP-008527,W-06,FG-0012,2024-09-27,50,50,1,1,北日本
SHP-008528,W-11,FG-0020,2024-04-13,50,50,1,1,西日本
SHP-008529,W-07,FG-0067,2024-03-02,20,20,1,1,西日本
SHP-008530,W-03,FG-0030,2025-03-29,20,20,1,1,北日本
SHP-008531,W-09,FG-0040,2025-05-05,50,50,1,1,北日本
SHP-008532,W-11,FG-0044,2025-01-30,20,20,1,1,北日本
SHP-008533,W-09,FG-0047,2025-01-14,50,50,1,1,海外
SHP-008534,W-21,FG-0031,2024-10-12,20,20,1,1,東日本
SHP-008535,W-22,FG-0046,2024-10-08,10,10,1,1,東日本
SHP-008536,W-08,FG-0052,2025-11-14,20,20,1,1,東日本
SHP-008537,W-02,FG-0069,2025-04-19,10,10,1,1,西日本
SHP-008538,W-14,FG-0030,2026-01-20,100,100,1,1,東日本
SHP-008539,W-16,FG-0053,2025-05-02,20,20,1,1,東日本
SHP-008540,W-21,FG-0013,2024-06-14,50,50,1,1,西日本
SHP-008541,W-23,FG-0010,2025-12-27,100,100,0,1,西日本
SHP-008542,W-22,FG-0065,2024-02-11,50,50,1,1,海外
SHP-008543,W-01,FG-0024,2025-05-19,50,50,0,1,北日本
SHP-008544,W-06,FG-0005,2024-10-29,10,10,1,1,東日本
SHP-008545,W-10,FG-0009,2024-01-03,10,10,1,1,海外
SHP-008546,W-23,FG-0037,2024-12-27,50,50,1,1,北日本
SHP-008547,W-01,FG-0024,2025-08-12,10,8,1,0,西日本
SHP-008548,W-03,FG-0059,2025-07-07,10,10,1,1,西日本
SHP-008549,W-17,FG-0011,2024-03-02,50,50,1,1,北日本
SHP-008550,W-04,FG-0026,2026-01-22,50,50,1,1,西日本
SHP-008551,W-01,FG-0025,2025-01-21,20,20,1,1,東日本
SHP-008552,W-18,FG-0037,2025-11-24,50,50,1,1,東日本
SHP-008553,W-01,FG-0054,2025-09-08,20,20,0,1,東日本
SHP-008554,W-18,FG-0020,2026-04-05,100,71,1,0,西日本
SHP-008555,W-18,FG-0026,2024-06-29,10,10,1,1,東日本
SHP-008556,W-11,FG-0058,2025-08-18,100,100,0,1,北日本
SHP-008557,W-20,FG-0016,2025-04-11,10,10,1,1,海外
SHP-008558,W-10,FG-0074,2024-10-27,50,50,1,1,北日本
SHP-008559,W-01,FG-0032,2025-01-17,100,100,1,1,東日本
SHP-008560,W-02,FG-0057,2024-03-14,100,100,1,1,北日本
SHP-008561,W-10,FG-0007,2026-01-18,10,10,1,1,西日本
SHP-008562,W-11,FG-0052,2024-03-06,10,10,1,1,東日本
SHP-008563,W-14,FG-0059,2025-06-17,50,50,1,1,西日本
SHP-008564,W-22,FG-0031,2024-02-26,20,20,1,1,西日本
SHP-008565,W-09,FG-0006,2025-11-02,10,10,1,1,西日本
SHP-008566,W-16,FG-0019,2025-05-19,100,100,1,1,海外
SHP-008567,W-16,FG-0035,2026-02-06,100,100,1,1,北日本
SHP-008568,W-05,FG-0080,2025-07-30,10,10,1,1,北日本
SHP-008569,W-04,FG-0077,2026-02-26,10,10,0,1,北日本
SHP-008570,W-23,FG-0041,2025-03-14,20,20,0,1,東日本
SHP-008571,W-22,FG-0009,2024-01-15,10,10,1,1,海外
SHP-008572,W-09,FG-0010,2024-04-09,20,15,1,0,西日本
SHP-008573,W-17,FG-0017,2025-08-10,10,10,1,1,東日本
SHP-008574,W-10,FG-0031,2026-01-15,50,50,1,1,北日本
SHP-008575,W-08,FG-0034,2025-03-29,50,50,1,1,北日本
SHP-008576,W-08,FG-0021,2025-03-24,50,50,1,1,東日本
SHP-008577,W-04,FG-0047,2025-09-12,20,20,1,1,東日本
SHP-008578,W-05,FG-0012,2024-10-06,50,50,1,1,西日本
SHP-008579,W-22,FG-0014,2026-01-07,50,38,1,0,海外
SHP-008580,W-13,FG-0020,2025-06-04,100,100,1,1,西日本
SHP-008581,W-07,FG-0053,2024-10-19,20,20,1,1,海外
SHP-008582,W-13,FG-0004,2024-05-21,100,100,1,1,北日本
SHP-008583,W-08,FG-0006,2026-02-06,10,10,1,1,海外
SHP-008584,W-04,FG-0027,2025-08-14,50,50,1,1,北日本
SHP-008585,W-06,FG-0051,2026-01-31,50,36,1,0,北日本
SHP-008586,W-05,FG-0048,2025-02-20,50,50,1,1,東日本
SHP-008587,W-12,FG-0003,2026-04-15,50,50,1,1,海外
SHP-008588,W-13,FG-0078,2025-09-15,50,50,1,1,東日本
SHP-008589,W-16,FG-0006,2025-01-17,100,100,1,1,西日本
SHP-008590,W-18,FG-0023,2024-07-13,20,20,1,1,海外
SHP-008591,W-14,FG-0059,2024-10-14,20,20,1,1,北日本
SHP-008592,W-18,FG-0056,2024-04-10,10,7,1,0,北日本
SHP-008593,W-12,FG-0013,2024-08-23,50,50,1,1,北日本
SHP-008594,W-17,FG-0070,2025-08-01,50,33,1,0,西日本
SHP-008595,W-08,FG-0027,2025-07-25,10,10,1,1,西日本
SHP-008596,W-01,FG-0060,2025-04-22,10,10,1,1,北日本
SHP-008597,W-10,FG-0063,2025-09-10,100,100,1,1,東日本
SHP-008598,W-03,FG-0055,2024-12-02,20,20,0,1,北日本
SHP-008599,W-03,FG-0024,2025-11-28,10,10,1,1,海外
SHP-008600,W-12,FG-0001,2025-04-15,100,100,1,1,海外
SHP-008601,W-02,FG-0076,2024-01-08,10,10,1,1,北日本
SHP-008602,W-10,FG-0050,2026-04-23,20,20,0,1,東日本
SHP-008603,W-03,FG-0052,2025-12-06,20,20,0,1,海外
SHP-008604,W-09,FG-0035,2024-04-05,50,50,1,1,北日本
SHP-008605,W-15,FG-0068,2025-01-19,20,20,1,1,北日本
SHP-008606,W-17,FG-0072,2025-01-07,100,100,1,1,東日本
SHP-008607,W-08,FG-0044,2025-01-01,10,10,1,1,海外
SHP-008608,W-12,FG-0068,2025-07-02,10,10,0,1,北日本
SHP-008609,W-06,FG-0027,2024-03-13,10,10,1,1,北日本
SHP-008610,W-23,FG-0001,2024-01-19,50,50,1,1,海外
SHP-008611,W-16,FG-0073,2025-11-16,20,20,1,1,東日本
SHP-008612,W-05,FG-0023,2024-02-11,100,100,1,1,東日本
SHP-008613,W-09,FG-0056,2025-08-22,10,10,1,1,海外
SHP-008614,W-19,FG-0009,2024-04-02,100,71,1,0,西日本
SHP-008615,W-16,FG-0077,2024-07-06,10,10,1,1,北日本
SHP-008616,W-05,FG-0007,2026-04-25,100,100,1,1,海外
SHP-008617,W-14,FG-0010,2024-01-18,10,10,1,1,海外
SHP-008618,W-15,FG-0015,2024-09-13,100,93,1,0,東日本
SHP-008619,W-10,FG-0034,2024-09-16,10,10,1,1,海外
SHP-008620,W-06,FG-0063,2024-01-05,20,20,1,1,北日本
SHP-008621,W-08,FG-0024,2024-02-19,50,42,1,0,海外
SHP-008622,W-16,FG-0029,2025-02-28,10,10,1,1,海外
SHP-008623,W-13,FG-0025,2024-04-30,50,50,1,1,東日本
SHP-008624,W-21,FG-0079,2025-03-12,50,50,0,1,海外
SHP-008625,W-20,FG-0070,2024-03-19,100,100,1,1,西日本
SHP-008626,W-03,FG-0054,2024-08-11,10,10,1,1,海外
SHP-008627,W-24,FG-0028,2025-08-18,10,10,1,1,海外
SHP-008628,W-24,FG-0012,2025-12-24,20,20,1,1,北日本
SHP-008629,W-04,FG-0048,2025-08-04,50,50,1,1,東日本
SHP-008630,W-07,FG-0058,2024-06-04,50,50,1,1,東日本
SHP-008631,W-21,FG-0078,2024-12-17,10,10,1,1,北日本
SHP-008632,W-16,FG-0004,2026-02-13,50,50,1,1,北日本
SHP-008633,W-24,FG-0039,2024-03-23,100,100,0,1,海外
SHP-008634,W-23,FG-0075,2024-09-23,100,100,1,1,北日本
SHP-008635,W-13,FG-0050,2025-10-10,100,100,1,1,北日本
SHP-008636,W-01,FG-0022,2024-02-21,20,20,1,1,北日本
SHP-008637,W-03,FG-0054,2026-02-24,50,50,1,1,西日本
SHP-008638,W-11,FG-0020,2026-01-01,100,100,1,1,西日本
SHP-008639,W-19,FG-0015,2025-02-08,50,50,1,1,北日本
SHP-008640,W-22,FG-0067,2024-09-08,100,100,0,1,北日本
SHP-008641,W-17,FG-0045,2025-11-19,10,10,1,1,西日本
SHP-008642,W-04,FG-0046,2024-12-04,50,50,0,1,西日本
SHP-008643,W-08,FG-0072,2024-10-17,50,50,0,1,東日本
SHP-008644,W-17,FG-0031,2024-06-02,50,50,1,1,西日本
SHP-008645,W-22,FG-0067,2025-07-13,20,20,1,1,海外
SHP-008646,W-23,FG-0001,2024-02-02,20,20,1,1,海外
SHP-008647,W-04,FG-0065,2024-07-25,10,10,1,1,北日本
SHP-008648,W-09,FG-0026,2024-05-13,100,100,1,1,北日本
SHP-008649,W-04,FG-0076,2025-07-14,100,100,1,1,東日本
SHP-008650,W-22,FG-0048,2025-08-31,10,10,1,1,海外
SHP-008651,W-17,FG-0066,2024-09-03,10,10,1,1,北日本
SHP-008652,W-23,FG-0071,2026-02-26,10,10,1,1,北日本
SHP-008653,W-17,FG-0022,2024-04-25,100,100,1,1,海外
SHP-008654,W-01,FG-0009,2026-04-27,100,100,1,1,東日本
SHP-008655,W-14,FG-0056,2024-12-14,50,50,1,1,海外
SHP-008656,W-06,FG-0027,2024-07-25,10,10,1,1,西日本
SHP-008657,W-20,FG-0076,2024-02-23,100,100,1,1,東日本
SHP-008658,W-05,FG-0064,2024-10-07,20,20,1,1,北日本
SHP-008659,W-22,FG-0046,2025-03-13,20,20,1,1,北日本
SHP-008660,W-11,FG-0038,2025-06-22,10,10,0,1,東日本
SHP-008661,W-10,FG-0022,2025-10-29,10,10,1,1,西日本
SHP-008662,W-20,FG-0055,2025-10-07,20,20,1,1,西日本
SHP-008663,W-14,FG-0053,2025-06-16,50,50,1,1,海外
SHP-008664,W-24,FG-0071,2024-01-09,50,50,1,1,東日本
SHP-008665,W-02,FG-0066,2024-06-02,10,10,1,1,東日本
SHP-008666,W-03,FG-0063,2024-09-06,20,20,1,1,海外
SHP-008667,W-23,FG-0020,2024-07-26,100,100,0,1,西日本
SHP-008668,W-15,FG-0028,2025-08-12,100,100,1,1,西日本
SHP-008669,W-03,FG-0003,2025-07-30,20,20,0,1,海外
SHP-008670,W-02,FG-0046,2025-09-21,10,10,1,1,北日本
SHP-008671,W-16,FG-0024,2024-11-13,10,10,1,1,東日本
SHP-008672,W-07,FG-0029,2025-04-17,10,10,1,1,西日本
SHP-008673,W-14,FG-0007,2024-09-16,10,10,1,1,海外
SHP-008674,W-01,FG-0027,2026-01-23,20,20,1,1,海外
SHP-008675,W-03,FG-0023,2026-01-21,10,10,1,1,海外
SHP-008676,W-17,FG-0006,2024-09-05,100,100,1,1,西日本
SHP-008677,W-16,FG-0042,2024-10-07,50,50,1,1,東日本
SHP-008678,W-23,FG-0055,2025-05-04,10,10,1,1,北日本
SHP-008679,W-20,FG-0011,2025-04-08,10,10,0,1,北日本
SHP-008680,W-19,FG-0063,2025-09-09,100,100,1,1,東日本
SHP-008681,W-03,FG-0012,2025-10-13,50,50,1,1,北日本
SHP-008682,W-03,FG-0001,2024-01-31,20,20,0,1,海外
SHP-008683,W-11,FG-0038,2025-07-26,100,100,1,1,海外
SHP-008684,W-02,FG-0075,2025-09-19,100,100,1,1,西日本
SHP-008685,W-09,FG-0057,2024-05-13,100,100,1,1,東日本
SHP-008686,W-06,FG-0049,2024-08-28,50,31,0,0,東日本
SHP-008687,W-16,FG-0014,2024-02-28,10,10,1,1,北日本
SHP-008688,W-14,FG-0002,2024-06-07,10,10,1,1,海外
SHP-008689,W-22,FG-0008,2025-02-11,100,100,1,1,北日本
SHP-008690,W-15,FG-0045,2025-06-09,20,20,1,1,東日本
SHP-008691,W-01,FG-0055,2025-11-08,20,20,1,1,北日本
SHP-008692,W-02,FG-0008,2024-05-14,20,20,1,1,西日本
SHP-008693,W-09,FG-0011,2024-04-16,50,50,1,1,東日本
SHP-008694,W-24,FG-0032,2024-08-12,20,20,1,1,西日本
SHP-008695,W-17,FG-0006,2026-01-02,100,100,0,1,北日本
SHP-008696,W-23,FG-0063,2025-08-04,100,90,1,0,北日本
SHP-008697,W-15,FG-0061,2025-11-24,100,100,0,1,海外
SHP-008698,W-01,FG-0041,2025-05-14,50,50,1,1,西日本
SHP-008699,W-23,FG-0078,2024-11-07,10,9,1,0,北日本
SHP-008700,W-12,FG-0060,2024-07-10,10,8,1,0,北日本
SHP-008701,W-18,FG-0010,2024-03-25,20,20,0,1,西日本
SHP-008702,W-10,FG-0035,2025-06-06,20,20,1,1,北日本
SHP-008703,W-18,FG-0066,2024-11-11,100,100,1,1,北日本
SHP-008704,W-21,FG-0079,2024-03-01,50,50,1,1,東日本
SHP-008705,W-14,FG-0059,2024-07-24,100,100,1,1,東日本
SHP-008706,W-05,FG-0027,2024-03-18,20,20,1,1,西日本
SHP-008707,W-21,FG-0001,2024-02-13,10,10,1,1,西日本
SHP-008708,W-09,FG-0014,2024-07-13,10,10,1,1,東日本
SHP-008709,W-17,FG-0048,2025-05-14,10,10,1,1,北日本
SHP-008710,W-14,FG-0017,2024-09-09,100,100,1,1,西日本
SHP-008711,W-12,FG-0044,2025-10-27,50,32,1,0,西日本
SHP-008712,W-22,FG-0076,2024-04-03,100,100,1,1,西日本
SHP-008713,W-21,FG-0019,2024-02-21,50,50,1,1,海外
SHP-008714,W-05,FG-0029,2024-01-25,100,100,1,1,海外
SHP-008715,W-11,FG-0005,2025-01-23,20,20,1,1,西日本
SHP-008716,W-20,FG-0039,2025-11-06,100,85,1,0,西日本
SHP-008717,W-01,FG-0065,2025-10-27,10,10,1,1,北日本
SHP-008718,W-13,FG-0067,2024-05-26,20,20,1,1,西日本
SHP-008719,W-09,FG-0008,2025-11-22,100,94,1,0,東日本
SHP-008720,W-16,FG-0048,2025-10-21,20,20,1,1,西日本
SHP-008721,W-17,FG-0014,2025-09-16,50,50,1,1,北日本
SHP-008722,W-21,FG-0066,2025-02-18,50,50,1,1,東日本
SHP-008723,W-05,FG-0056,2025-03-16,20,20,1,1,北日本
SHP-008724,W-10,FG-0068,2025-05-18,50,50,1,1,東日本
SHP-008725,W-05,FG-0079,2024-03-01,100,100,1,1,海外
SHP-008726,W-18,FG-0029,2024-06-03,50,50,0,1,東日本
SHP-008727,W-17,FG-0031,2026-02-20,10,10,1,1,海外
SHP-008728,W-19,FG-0066,2025-10-28,50,50,1,1,東日本
SHP-008729,W-23,FG-0078,2025-04-25,50,50,1,1,西日本
SHP-008730,W-06,FG-0009,2025-12-01,100,100,1,1,海外
SHP-008731,W-17,FG-0012,2026-02-15,100,100,1,1,西日本
SHP-008732,W-22,FG-0050,2026-03-22,20,20,1,1,海外
SHP-008733,W-03,FG-0003,2024-04-15,100,100,1,1,東日本
SHP-008734,W-23,FG-0057,2025-10-13,50,50,1,1,東日本
SHP-008735,W-17,FG-0034,2024-04-09,10,10,1,1,東日本
SHP-008736,W-03,FG-0013,2025-01-30,50,50,1,1,東日本
SHP-008737,W-05,FG-0041,2024-10-09,50,50,1,1,北日本
SHP-008738,W-04,FG-0027,2024-03-26,100,100,1,1,海外
SHP-008739,W-05,FG-0041,2024-01-03,20,20,1,1,西日本
SHP-008740,W-20,FG-0059,2025-09-07,50,50,1,1,北日本
SHP-008741,W-01,FG-0023,2024-10-03,50,50,1,1,西日本
SHP-008742,W-12,FG-0005,2026-03-17,20,20,1,1,東日本
SHP-008743,W-19,FG-0035,2025-09-01,20,20,1,1,東日本
SHP-008744,W-05,FG-0054,2024-12-04,50,50,1,1,海外
SHP-008745,W-08,FG-0020,2024-05-25,100,100,1,1,北日本
SHP-008746,W-02,FG-0040,2024-01-13,20,20,0,1,海外
SHP-008747,W-19,FG-0018,2024-09-22,10,10,1,1,北日本
SHP-008748,W-16,FG-0028,2024-08-06,10,10,1,1,西日本
SHP-008749,W-15,FG-0078,2024-06-11,20,20,1,1,海外
SHP-008750,W-22,FG-0008,2026-04-07,50,50,1,1,海外
SHP-005251,W-19,FG-0050,2026-03-09,50,50,1,1,東日本
SHP-005252,W-02,FG-0027,2024-01-03,50,50,0,1,西日本
SHP-005253,W-16,FG-0009,2025-07-27,50,50,1,1,東日本
SHP-005254,W-17,FG-0054,2026-04-18,20,20,1,1,北日本
SHP-005255,W-05,FG-0014,2026-03-20,50,50,1,1,北日本
SHP-005256,W-20,FG-0050,2024-02-02,10,10,0,1,西日本
SHP-005257,W-20,FG-0032,2025-11-05,20,20,1,1,北日本
SHP-005258,W-10,FG-0073,2024-07-12,10,10,1,1,海外
SHP-005259,W-06,FG-0059,2025-07-03,50,50,0,1,北日本
SHP-005260,W-02,FG-0023,2025-08-24,20,20,1,1,北日本
SHP-005261,W-16,FG-0025,2025-03-12,100,100,1,1,北日本
SHP-005262,W-12,FG-0055,2025-02-14,50,50,1,1,西日本
SHP-005263,W-02,FG-0028,2024-10-22,50,50,1,1,東日本
SHP-005264,W-12,FG-0041,2025-02-06,100,100,1,1,海外
SHP-005265,W-07,FG-0019,2025-01-08,50,50,1,1,北日本
SHP-005266,W-16,FG-0044,2024-01-07,10,10,1,1,西日本
SHP-005267,W-08,FG-0031,2025-08-24,10,10,1,1,東日本
SHP-005268,W-06,FG-0010,2024-09-03,50,50,1,1,北日本
SHP-005269,W-14,FG-0021,2026-01-06,10,10,0,1,海外
SHP-005270,W-18,FG-0060,2024-04-28,10,10,1,1,西日本
SHP-005271,W-16,FG-0019,2024-06-11,50,50,1,1,海外
SHP-005272,W-04,FG-0027,2026-01-07,10,10,1,1,東日本
SHP-005273,W-02,FG-0052,2024-04-05,10,10,1,1,北日本
SHP-005274,W-03,FG-0007,2024-08-29,50,50,1,1,海外
SHP-005275,W-17,FG-0046,2025-06-19,50,50,0,1,海外
SHP-005276,W-07,FG-0005,2026-02-02,10,10,1,1,海外
SHP-005277,W-05,FG-0063,2024-04-19,10,10,1,1,海外
SHP-005278,W-18,FG-0062,2025-05-25,50,50,1,1,西日本
SHP-005279,W-14,FG-0073,2025-05-28,100,100,1,1,北日本
SHP-005280,W-12,FG-0054,2025-11-25,10,10,1,1,海外
SHP-005281,W-23,FG-0053,2025-05-11,50,33,1,0,東日本
SHP-005282,W-02,FG-0008,2024-11-09,50,50,0,1,西日本
SHP-005283,W-02,FG-0047,2026-01-21,20,20,1,1,東日本
SHP-005284,W-14,FG-0077,2025-11-07,100,100,1,1,東日本
SHP-005285,W-13,FG-0041,2025-12-08,50,50,1,1,西日本
SHP-005286,W-23,FG-0024,2024-08-29,20,20,1,1,北日本
SHP-005287,W-03,FG-0031,2025-11-02,50,50,1,1,北日本
SHP-005288,W-16,FG-0048,2024-06-12,100,100,1,1,東日本
SHP-005289,W-18,FG-0078,2025-09-24,10,10,1,1,西日本
SHP-005290,W-10,FG-0026,2024-09-21,10,10,1,1,海外
SHP-005291,W-22,FG-0016,2024-03-15,50,50,1,1,東日本
SHP-005292,W-19,FG-0053,2024-11-29,50,50,1,1,北日本
SHP-005293,W-13,FG-0058,2025-11-13,50,50,1,1,東日本
SHP-005294,W-11,FG-0042,2024-07-17,50,50,1,1,東日本
SHP-005295,W-16,FG-0072,2024-05-05,20,20,1,1,西日本
SHP-005296,W-11,FG-0023,2024-11-09,10,10,1,1,北日本
SHP-005297,W-11,FG-0013,2026-02-26,10,10,1,1,海外
SHP-005298,W-10,FG-0065,2024-12-04,20,20,1,1,北日本
SHP-005299,W-05,FG-0043,2025-10-27,20,13,1,0,海外
SHP-005300,W-23,FG-0078,2025-02-23,10,10,1,1,北日本
SHP-005301,W-15,FG-0010,2026-02-13,50,50,1,1,北日本
SHP-005302,W-04,FG-0074,2024-05-04,100,100,1,1,海外
SHP-005303,W-19,FG-0045,2024-08-01,10,10,1,1,西日本
SHP-005304,W-09,FG-0029,2025-04-28,20,20,1,1,海外
SHP-005305,W-15,FG-0056,2025-04-21,50,50,1,1,北日本
SHP-005306,W-22,FG-0018,2025-06-11,10,10,1,1,海外
SHP-005307,W-21,FG-0061,2024-03-22,20,20,1,1,東日本
SHP-005308,W-02,FG-0004,2025-06-08,10,10,1,1,海外
SHP-005309,W-24,FG-0060,2024-11-05,10,10,1,1,東日本
SHP-005310,W-24,FG-0032,2024-01-30,20,20,1,1,東日本
SHP-005311,W-06,FG-0064,2024-09-01,50,50,1,1,北日本
SHP-005312,W-15,FG-0032,2026-04-19,100,100,1,1,北日本
SHP-005313,W-05,FG-0069,2025-06-28,100,100,1,1,北日本
SHP-005314,W-17,FG-0041,2024-11-27,50,50,1,1,東日本
SHP-005315,W-09,FG-0054,2024-06-15,10,10,1,1,東日本
SHP-005316,W-08,FG-0041,2024-05-13,20,20,1,1,西日本
SHP-005317,W-21,FG-0013,2025-03-25,20,20,1,1,西日本
SHP-005318,W-04,FG-0020,2025-09-17,100,100,1,1,東日本
SHP-005319,W-02,FG-0055,2024-07-17,10,10,1,1,海外
SHP-005320,W-24,FG-0056,2025-06-04,20,20,1,1,東日本
SHP-005321,W-07,FG-0064,2025-06-20,50,50,1,1,北日本
SHP-005322,W-24,FG-0013,2026-04-25,50,50,1,1,西日本
SHP-005323,W-13,FG-0005,2025-11-12,10,10,0,1,西日本
SHP-005324,W-11,FG-0070,2024-02-15,50,50,1,1,東日本
SHP-005325,W-07,FG-0038,2024-01-26,100,100,1,1,海外
SHP-005326,W-14,FG-0036,2025-10-23,50,50,1,1,北日本
SHP-005327,W-15,FG-0032,2024-12-10,100,100,1,1,海外
SHP-005328,W-15,FG-0011,2024-09-24,10,10,1,1,北日本
SHP-005329,W-04,FG-0068,2024-07-31,10,7,1,0,東日本
SHP-005330,W-04,FG-0080,2025-01-27,100,100,1,1,海外
SHP-005331,W-06,FG-0050,2025-01-20,50,50,1,1,北日本
SHP-005332,W-06,FG-0040,2024-10-04,20,20,1,1,東日本
SHP-005333,W-18,FG-0062,2024-02-24,50,50,1,1,東日本
SHP-005334,W-11,FG-0070,2024-05-20,20,20,1,1,西日本
SHP-005335,W-09,FG-0051,2024-07-24,100,100,1,1,北日本
SHP-005336,W-06,FG-0079,2025-04-06,50,42,1,0,海外
SHP-005337,W-09,FG-0041,2024-09-23,10,10,1,1,海外
SHP-005338,W-06,FG-0071,2024-04-22,50,50,1,1,東日本
SHP-005339,W-17,FG-0013,2025-03-13,10,10,1,1,海外
SHP-005340,W-15,FG-0061,2024-08-15,20,20,1,1,西日本
SHP-005341,W-04,FG-0045,2025-10-24,20,20,1,1,西日本
SHP-005342,W-07,FG-0052,2026-01-16,10,10,1,1,北日本
SHP-005343,W-20,FG-0068,2024-08-02,20,20,1,1,北日本
SHP-005344,W-11,FG-0010,2024-02-28,50,50,1,1,東日本
SHP-005345,W-10,FG-0057,2024-12-11,10,10,1,1,西日本
SHP-005346,W-16,FG-0019,2026-01-20,10,10,1,1,海外
SHP-005347,W-06,FG-0003,2025-12-22,50,50,1,1,西日本
SHP-005348,W-09,FG-0009,2025-07-21,10,10,1,1,西日本
SHP-005349,W-04,FG-0034,2025-02-16,20,20,1,1,東日本
SHP-005350,W-12,FG-0013,2024-12-06,50,50,1,1,東日本
SHP-005351,W-24,FG-0053,2025-09-02,100,100,0,1,北日本
SHP-005352,W-08,FG-0003,2025-09-23,10,10,1,1,東日本
SHP-005353,W-03,FG-0071,2024-07-02,20,20,1,1,海外
SHP-005354,W-04,FG-0057,2025-12-17,10,8,1,0,北日本
SHP-005355,W-09,FG-0070,2025-01-04,20,20,1,1,海外
SHP-005356,W-05,FG-0057,2025-02-05,100,100,1,1,海外
SHP-005357,W-02,FG-0074,2025-07-08,100,100,1,1,東日本
SHP-005358,W-13,FG-0011,2024-10-04,50,50,1,1,海外
SHP-005359,W-21,FG-0072,2025-04-28,20,20,1,1,西日本
SHP-005360,W-09,FG-0021,2025-01-11,10,10,1,1,東日本
SHP-005361,W-13,FG-0070,2024-02-09,100,100,1,1,西日本
SHP-005362,W-17,FG-0039,2026-01-26,50,46,1,0,東日本
SHP-005363,W-04,FG-0040,2025-11-25,10,10,1,1,東日本
SHP-005364,W-14,FG-0065,2025-12-16,20,20,1,1,海外
SHP-005365,W-01,FG-0028,2025-08-23,100,100,1,1,西日本
SHP-005366,W-22,FG-0023,2025-01-11,50,50,1,1,東日本
SHP-005367,W-15,FG-0002,2024-06-12,10,10,0,1,海外
SHP-005368,W-22,FG-0036,2025-06-03,50,50,1,1,海外
SHP-005369,W-18,FG-0049,2025-10-06,20,20,1,1,西日本
SHP-005370,W-24,FG-0057,2024-06-24,50,50,1,1,西日本
SHP-005371,W-18,FG-0056,2025-01-13,50,50,1,1,西日本
SHP-005372,W-01,FG-0002,2026-02-19,100,100,1,1,北日本
SHP-005373,W-15,FG-0004,2026-03-21,10,10,1,1,西日本
SHP-005374,W-03,FG-0002,2026-03-02,20,17,1,0,西日本
SHP-005375,W-08,FG-0014,2025-12-12,20,20,1,1,東日本
SHP-005376,W-09,FG-0014,2025-08-05,50,50,1,1,北日本
SHP-005377,W-04,FG-0018,2024-12-04,20,20,0,1,東日本
SHP-005378,W-11,FG-0012,2025-08-21,10,10,1,1,東日本
SHP-005379,W-16,FG-0059,2026-03-28,50,50,1,1,東日本
SHP-005380,W-06,FG-0028,2025-09-13,100,100,1,1,西日本
SHP-005381,W-14,FG-0024,2026-04-29,20,20,1,1,東日本
SHP-005382,W-23,FG-0053,2024-03-01,50,50,1,1,東日本
SHP-005383,W-08,FG-0031,2024-10-07,50,50,0,1,北日本
SHP-005384,W-15,FG-0015,2024-09-25,10,10,1,1,海外
SHP-005385,W-14,FG-0038,2025-01-09,20,20,1,1,北日本
SHP-005386,W-14,FG-0017,2026-04-22,20,20,1,1,西日本
SHP-005387,W-12,FG-0063,2025-05-20,10,10,0,1,西日本
SHP-005388,W-17,FG-0032,2025-04-03,100,100,1,1,東日本
SHP-005389,W-03,FG-0038,2024-11-26,50,50,1,1,北日本
SHP-005390,W-06,FG-0062,2025-08-21,10,10,1,1,西日本
SHP-005391,W-15,FG-0001,2024-08-20,20,20,1,1,東日本
SHP-005392,W-06,FG-0028,2024-07-27,50,50,1,1,西日本
SHP-005393,W-21,FG-0006,2024-02-07,100,100,1,1,西日本
SHP-005394,W-10,FG-0078,2025-11-12,10,10,1,1,東日本
SHP-005395,W-11,FG-0034,2025-07-16,10,10,0,1,北日本
SHP-005396,W-20,FG-0024,2024-10-03,50,50,0,1,東日本
SHP-005397,W-04,FG-0070,2024-04-19,10,10,1,1,東日本
SHP-005398,W-09,FG-0043,2025-02-04,100,100,1,1,海外
SHP-005399,W-15,FG-0077,2024-04-02,100,100,1,1,海外
SHP-005400,W-13,FG-0034,2025-05-23,100,79,1,0,北日本
SHP-005401,W-09,FG-0034,2024-10-06,50,50,1,1,海外
SHP-005402,W-16,FG-0068,2024-02-06,100,100,1,1,東日本
SHP-005403,W-19,FG-0058,2025-06-28,100,100,1,1,海外
SHP-005404,W-11,FG-0032,2024-01-21,100,100,1,1,東日本
SHP-005405,W-13,FG-0031,2026-02-26,10,10,1,1,西日本
SHP-005406,W-12,FG-0032,2025-02-14,10,10,1,1,海外
SHP-005407,W-06,FG-0057,2024-07-10,10,10,1,1,西日本
SHP-005408,W-20,FG-0073,2025-05-12,10,10,1,1,北日本
SHP-005409,W-15,FG-0038,2024-10-03,20,20,0,1,海外
SHP-005410,W-19,FG-0014,2026-03-21,20,20,1,1,西日本
SHP-005411,W-23,FG-0012,2026-01-29,50,50,1,1,北日本
SHP-005412,W-12,FG-0031,2026-04-24,100,100,1,1,海外
SHP-005413,W-24,FG-0067,2024-10-17,50,50,1,1,北日本
SHP-005414,W-18,FG-0007,2024-03-30,100,100,1,1,西日本
SHP-005415,W-13,FG-0052,2024-01-01,100,100,1,1,北日本
SHP-005416,W-06,FG-0049,2026-01-30,20,20,1,1,西日本
SHP-005417,W-07,FG-0048,2025-11-12,10,10,1,1,東日本
SHP-005418,W-03,FG-0016,2024-02-05,10,10,1,1,東日本
SHP-005419,W-15,FG-0014,2024-01-25,50,50,1,1,北日本
SHP-005420,W-10,FG-0011,2025-11-30,50,50,1,1,北日本
SHP-005421,W-01,FG-0024,2025-06-08,50,50,1,1,東日本
SHP-005422,W-16,FG-0054,2025-02-12,50,50,1,1,海外
SHP-005423,W-07,FG-0012,2026-01-05,50,50,1,1,東日本
SHP-005424,W-13,FG-0049,2024-12-18,20,20,1,1,西日本
SHP-005425,W-01,FG-0076,2025-04-28,50,45,1,0,東日本
SHP-005426,W-06,FG-0031,2025-05-06,20,20,1,1,北日本
SHP-005427,W-04,FG-0029,2024-04-16,20,20,0,1,海外
SHP-005428,W-04,FG-0012,2026-04-04,100,100,1,1,東日本
SHP-005429,W-11,FG-0038,2026-03-03,100,100,1,1,北日本
SHP-005430,W-23,FG-0063,2026-01-09,20,20,1,1,北日本
SHP-005431,W-03,FG-0019,2025-09-12,10,10,1,1,海外
SHP-005432,W-14,FG-0080,2024-04-05,20,20,1,1,西日本
SHP-005433,W-06,FG-0044,2025-04-05,50,50,1,1,西日本
SHP-005434,W-16,FG-0041,2025-10-07,50,50,1,1,海外
SHP-005435,W-16,FG-0010,2024-01-14,100,100,1,1,北日本
SHP-005436,W-13,FG-0039,2025-10-08,20,20,1,1,西日本
SHP-005437,W-09,FG-0025,2024-08-21,100,100,1,1,北日本
SHP-005438,W-01,FG-0042,2025-01-24,10,10,1,1,西日本
SHP-005439,W-07,FG-0042,2024-03-07,10,10,1,1,東日本
SHP-005440,W-19,FG-0064,2024-06-04,10,10,1,1,北日本
SHP-005441,W-05,FG-0065,2025-11-26,20,20,1,1,西日本
SHP-005442,W-18,FG-0046,2025-02-10,20,20,0,1,海外
SHP-005443,W-12,FG-0038,2024-03-29,50,50,1,1,北日本
SHP-005444,W-05,FG-0004,2026-02-06,20,20,1,1,東日本
SHP-005445,W-06,FG-0033,2024-08-26,50,50,1,1,海外
SHP-005446,W-10,FG-0036,2024-03-02,10,10,1,1,海外
SHP-005447,W-14,FG-0054,2025-04-28,50,50,1,1,東日本
SHP-005448,W-16,FG-0058,2025-01-17,100,100,1,1,海外
SHP-005449,W-03,FG-0017,2025-09-09,20,20,1,1,東日本
SHP-005450,W-07,FG-0044,2026-02-12,10,10,1,1,海外
SHP-005451,W-12,FG-0059,2025-06-08,10,10,1,1,西日本
SHP-005452,W-11,FG-0055,2025-05-22,50,50,1,1,北日本
SHP-005453,W-11,FG-0051,2024-07-13,20,18,1,0,北日本
SHP-005454,W-04,FG-0010,2024-02-25,10,10,1,1,東日本
SHP-005455,W-02,FG-0012,2025-09-20,20,20,1,1,東日本
SHP-005456,W-06,FG-0069,2025-08-20,10,10,1,1,北日本
SHP-005457,W-19,FG-0001,2025-11-19,50,50,1,1,西日本
SHP-005458,W-05,FG-0075,2025-11-05,10,10,1,1,東日本
SHP-005459,W-10,FG-0037,2024-04-26,50,46,1,0,東日本
SHP-005460,W-10,FG-0016,2026-02-16,50,50,1,1,西日本
SHP-005461,W-01,FG-0070,2024-12-30,50,50,1,1,東日本
SHP-005462,W-19,FG-0032,2024-09-21,100,84,1,0,海外
SHP-005463,W-20,FG-0014,2025-04-26,100,100,1,1,北日本
SHP-005464,W-17,FG-0002,2024-09-16,100,100,1,1,海外
SHP-005465,W-14,FG-0063,2024-03-14,10,10,1,1,海外
SHP-005466,W-09,FG-0019,2026-02-15,50,50,1,1,北日本
SHP-005467,W-02,FG-0076,2026-02-13,100,100,1,1,北日本
SHP-005468,W-10,FG-0007,2025-02-16,50,50,1,1,海外
SHP-005469,W-06,FG-0059,2026-01-07,100,100,1,1,北日本
SHP-005470,W-06,FG-0072,2025-05-10,100,100,0,1,西日本
SHP-005471,W-18,FG-0033,2024-12-19,100,76,1,0,海外
SHP-005472,W-16,FG-0052,2025-01-17,10,10,1,1,東日本
SHP-005473,W-04,FG-0031,2026-04-03,10,10,1,1,海外
SHP-005474,W-21,FG-0038,2024-06-02,20,20,1,1,海外
SHP-005475,W-03,FG-0016,2025-07-09,100,89,1,0,海外
SHP-005476,W-06,FG-0080,2025-02-24,100,100,0,1,北日本
SHP-005477,W-02,FG-0044,2025-05-12,20,20,1,1,北日本
SHP-005478,W-02,FG-0060,2024-04-26,20,20,1,1,東日本
SHP-005479,W-05,FG-0012,2025-06-14,10,10,1,1,西日本
SHP-005480,W-17,FG-0031,2025-01-10,10,10,1,1,北日本
SHP-005481,W-03,FG-0046,2025-03-11,20,20,1,1,海外
SHP-005482,W-12,FG-0052,2026-03-04,10,10,1,1,東日本
SHP-005483,W-14,FG-0023,2026-01-31,10,10,1,1,北日本
SHP-005484,W-16,FG-0006,2024-11-01,100,100,1,1,西日本
SHP-005485,W-09,FG-0038,2026-01-29,50,50,1,1,北日本
SHP-005486,W-13,FG-0016,2025-03-29,10,10,0,1,西日本
SHP-005487,W-16,FG-0040,2024-05-25,20,20,1,1,東日本
SHP-005488,W-17,FG-0061,2026-02-23,20,20,1,1,海外
SHP-005489,W-12,FG-0078,2026-01-24,20,20,1,1,海外
SHP-005490,W-17,FG-0020,2025-11-21,50,50,1,1,海外
SHP-005491,W-12,FG-0030,2024-08-12,20,20,0,1,北日本
SHP-005492,W-19,FG-0063,2024-01-13,10,10,1,1,西日本
SHP-005493,W-08,FG-0070,2026-04-13,20,20,1,1,北日本
SHP-005494,W-21,FG-0068,2024-07-03,50,50,1,1,東日本
SHP-005495,W-10,FG-0020,2026-04-04,10,6,1,0,西日本
SHP-005496,W-20,FG-0061,2024-02-15,50,50,1,1,北日本
SHP-005497,W-18,FG-0037,2025-07-15,50,50,1,1,北日本
SHP-005498,W-07,FG-0004,2024-06-23,100,100,1,1,海外
SHP-005499,W-22,FG-0024,2024-01-26,10,10,1,1,西日本
SHP-005500,W-10,FG-0065,2024-01-12,10,10,1,1,西日本
SHP-005501,W-08,FG-0072,2024-03-27,10,10,1,1,東日本
SHP-005502,W-22,FG-0027,2026-01-08,100,100,1,1,西日本
SHP-005503,W-09,FG-0012,2025-03-03,20,20,1,1,北日本
SHP-005504,W-06,FG-0012,2025-06-26,20,20,1,1,東日本
SHP-005505,W-08,FG-0079,2025-05-27,20,20,1,1,海外
SHP-005506,W-14,FG-0006,2025-04-24,50,50,1,1,海外
SHP-005507,W-04,FG-0053,2024-08-18,10,10,1,1,北日本
SHP-005508,W-22,FG-0041,2025-01-12,100,100,1,1,西日本
SHP-005509,W-14,FG-0038,2025-05-02,20,20,1,1,海外
SHP-005510,W-14,FG-0070,2025-08-08,100,100,1,1,東日本
SHP-005511,W-23,FG-0069,2024-07-11,50,50,1,1,西日本
SHP-005512,W-19,FG-0077,2024-01-28,10,10,1,1,北日本
SHP-005513,W-17,FG-0030,2024-11-02,10,10,1,1,東日本
SHP-005514,W-09,FG-0036,2026-03-25,20,20,1,1,海外
SHP-005515,W-08,FG-0033,2025-03-02,10,10,1,1,東日本
SHP-005516,W-11,FG-0071,2026-04-28,50,50,1,1,西日本
SHP-005517,W-08,FG-0035,2025-02-16,100,100,1,1,北日本
SHP-005518,W-06,FG-0051,2025-08-31,20,20,1,1,海外
SHP-005519,W-09,FG-0019,2025-04-05,100,100,1,1,北日本
SHP-005520,W-14,FG-0051,2025-08-18,50,50,1,1,西日本
SHP-005521,W-04,FG-0033,2024-01-29,100,68,1,0,北日本
SHP-005522,W-04,FG-0070,2024-12-30,100,100,1,1,海外
SHP-005523,W-15,FG-0042,2025-05-04,100,100,1,1,西日本
SHP-005524,W-20,FG-0035,2024-06-30,100,92,1,0,海外
SHP-005525,W-02,FG-0062,2024-08-21,10,10,1,1,北日本
SHP-005526,W-01,FG-0036,2024-04-16,50,50,1,1,西日本
SHP-005527,W-17,FG-0032,2024-01-06,10,10,1,1,東日本
SHP-005528,W-10,FG-0022,2025-08-21,100,100,1,1,東日本
SHP-005529,W-14,FG-0056,2025-07-12,20,20,1,1,北日本
SHP-005530,W-12,FG-0043,2024-04-25,20,20,1,1,海外
SHP-005531,W-24,FG-0048,2025-02-04,100,100,1,1,海外
SHP-005532,W-15,FG-0014,2024-02-26,20,20,1,1,海外
SHP-005533,W-09,FG-0076,2026-01-22,20,20,1,1,西日本
SHP-005534,W-16,FG-0050,2026-04-05,20,20,0,1,西日本
SHP-005535,W-20,FG-0061,2026-04-22,100,100,1,1,北日本
SHP-005536,W-05,FG-0038,2025-10-29,50,50,0,1,東日本
SHP-005537,W-10,FG-0060,2024-07-27,20,20,0,1,東日本
SHP-005538,W-20,FG-0019,2025-07-26,50,50,1,1,海外
SHP-005539,W-13,FG-0076,2026-03-03,10,9,1,0,東日本
SHP-005540,W-22,FG-0039,2025-10-30,10,10,1,1,東日本
SHP-005541,W-06,FG-0021,2024-09-10,20,20,1,1,西日本
SHP-005542,W-10,FG-0073,2025-10-25,100,100,1,1,西日本
SHP-005543,W-14,FG-0049,2026-03-18,50,50,1,1,北日本
SHP-005544,W-13,FG-0066,2025-08-15,50,50,1,1,北日本
SHP-005545,W-10,FG-0021,2026-02-12,20,20,0,1,東日本
SHP-005546,W-02,FG-0068,2026-02-06,50,50,1,1,西日本
SHP-005547,W-10,FG-0021,2025-10-27,10,10,1,1,北日本
SHP-005548,W-07,FG-0040,2024-05-28,50,50,1,1,海外
SHP-005549,W-13,FG-0029,2024-07-22,10,10,1,1,東日本
SHP-005550,W-02,FG-0057,2026-02-07,10,8,1,0,海外
SHP-005551,W-14,FG-0045,2024-07-27,50,50,1,1,東日本
SHP-005552,W-03,FG-0032,2025-01-29,10,10,1,1,東日本
SHP-005553,W-18,FG-0020,2024-10-21,50,50,1,1,海外
SHP-005554,W-05,FG-0058,2025-07-23,10,10,1,1,東日本
SHP-005555,W-18,FG-0060,2024-04-25,20,20,1,1,北日本
SHP-005556,W-13,FG-0007,2026-02-24,20,20,1,1,海外
SHP-005557,W-13,FG-0022,2026-02-08,100,100,1,1,海外
SHP-005558,W-17,FG-0063,2025-03-19,20,20,0,1,北日本
SHP-005559,W-04,FG-0004,2025-06-06,50,50,1,1,西日本
SHP-005560,W-11,FG-0061,2024-05-26,20,20,1,1,東日本
SHP-005561,W-24,FG-0027,2024-06-10,50,50,0,1,東日本
SHP-005562,W-18,FG-0028,2025-09-24,50,50,1,1,東日本
SHP-005563,W-12,FG-0012,2024-08-20,100,70,0,0,東日本
SHP-005564,W-05,FG-0068,2026-02-07,10,10,1,1,海外
SHP-005565,W-08,FG-0068,2024-05-02,100,92,0,0,西日本
SHP-005566,W-02,FG-0001,2024-11-26,100,100,1,1,北日本
SHP-005567,W-24,FG-0067,2025-07-01,100,100,1,1,西日本
SHP-005568,W-14,FG-0014,2025-05-31,10,10,1,1,西日本
SHP-005569,W-04,FG-0021,2024-08-18,20,20,1,1,西日本
SHP-005570,W-15,FG-0015,2024-09-04,20,20,1,1,北日本
SHP-005571,W-04,FG-0017,2025-10-01,100,100,0,1,北日本
SHP-005572,W-11,FG-0035,2026-04-16,50,50,1,1,東日本
SHP-005573,W-16,FG-0068,2025-10-16,100,100,1,1,西日本
SHP-005574,W-13,FG-0049,2025-04-19,20,20,1,1,西日本
SHP-005575,W-02,FG-0073,2024-12-26,100,80,1,0,海外
SHP-005576,W-01,FG-0064,2024-02-14,20,20,1,1,海外
SHP-005577,W-04,FG-0058,2024-12-22,100,100,1,1,海外
SHP-005578,W-21,FG-0042,2025-02-25,20,20,1,1,西日本
SHP-005579,W-19,FG-0001,2025-07-03,20,20,1,1,西日本
SHP-005580,W-03,FG-0048,2025-05-12,10,10,1,1,西日本
SHP-005581,W-01,FG-0052,2025-11-07,10,10,1,1,海外
SHP-005582,W-16,FG-0023,2024-02-22,20,20,1,1,北日本
SHP-005583,W-16,FG-0072,2025-05-17,10,10,1,1,海外
SHP-005584,W-23,FG-0065,2025-10-27,10,10,1,1,西日本
SHP-005585,W-11,FG-0060,2026-01-06,50,50,1,1,東日本
SHP-005586,W-05,FG-0058,2025-04-13,100,100,1,1,西日本
SHP-005587,W-03,FG-0020,2024-10-26,20,20,1,1,海外
SHP-005588,W-13,FG-0070,2025-01-30,10,10,1,1,東日本
SHP-005589,W-14,FG-0054,2024-11-09,100,100,1,1,北日本
SHP-005590,W-07,FG-0049,2025-01-20,50,50,1,1,西日本
SHP-005591,W-01,FG-0043,2024-12-02,10,10,1,1,北日本
SHP-005592,W-21,FG-0025,2025-04-02,20,20,1,1,西日本
SHP-005593,W-24,FG-0021,2024-05-01,100,100,0,1,西日本
SHP-005594,W-03,FG-0067,2024-05-07,10,10,1,1,海外
SHP-005595,W-18,FG-0065,2025-12-21,100,100,1,1,西日本
SHP-005596,W-19,FG-0030,2026-02-08,50,50,1,1,西日本
SHP-005597,W-12,FG-0014,2025-09-09,20,20,0,1,海外
SHP-005598,W-05,FG-0027,2025-01-22,10,10,1,1,北日本
SHP-005599,W-04,FG-0061,2025-02-19,50,50,1,1,北日本
SHP-005600,W-08,FG-0028,2025-09-22,10,10,1,1,西日本
SHP-005601,W-05,FG-0002,2026-01-21,10,10,1,1,海外
SHP-005602,W-05,FG-0049,2024-09-09,50,50,1,1,西日本
SHP-005603,W-18,FG-0020,2024-05-16,100,100,1,1,海外
SHP-005604,W-20,FG-0055,2024-10-06,100,100,1,1,海外
SHP-005605,W-15,FG-0001,2025-12-28,20,20,1,1,海外
SHP-005606,W-01,FG-0033,2024-09-27,10,10,1,1,東日本
SHP-005607,W-18,FG-0056,2026-03-07,100,100,1,1,海外
SHP-005608,W-21,FG-0069,2024-01-05,100,100,1,1,北日本
SHP-005609,W-03,FG-0045,2025-11-09,100,100,0,1,東日本
SHP-005610,W-15,FG-0047,2024-05-29,50,50,1,1,東日本
SHP-005611,W-14,FG-0043,2025-03-03,20,20,1,1,北日本
SHP-005612,W-17,FG-0073,2026-03-19,100,100,0,1,東日本
SHP-005613,W-22,FG-0031,2025-01-24,50,50,1,1,海外
SHP-005614,W-10,FG-0011,2026-02-24,10,10,1,1,東日本
SHP-005615,W-19,FG-0018,2025-08-03,50,50,1,1,西日本
SHP-005616,W-20,FG-0060,2025-01-09,100,61,1,0,東日本
SHP-005617,W-17,FG-0027,2025-10-13,100,100,1,1,西日本
SHP-005618,W-14,FG-0039,2025-06-10,100,100,1,1,東日本
SHP-005619,W-14,FG-0062,2025-06-10,50,43,1,0,海外
SHP-005620,W-24,FG-0030,2026-04-05,100,66,1,0,東日本
SHP-005621,W-20,FG-0029,2025-10-16,50,50,1,1,海外
SHP-005622,W-12,FG-0026,2025-10-18,10,10,1,1,北日本
SHP-005623,W-06,FG-0014,2025-02-02,50,50,1,1,海外
SHP-005624,W-08,FG-0047,2025-11-30,20,20,1,1,西日本
SHP-005625,W-09,FG-0062,2024-12-16,100,100,1,1,北日本
SHP-005626,W-13,FG-0007,2024-12-17,100,82,1,0,東日本
SHP-005627,W-04,FG-0044,2024-07-24,10,10,1,1,西日本
SHP-005628,W-06,FG-0069,2024-05-15,100,100,1,1,海外
SHP-005629,W-07,FG-0027,2026-02-15,20,15,1,0,北日本
SHP-005630,W-14,FG-0067,2026-04-05,20,14,1,0,北日本
SHP-005631,W-06,FG-0073,2024-06-26,100,100,1,1,東日本
SHP-005632,W-19,FG-0047,2026-04-29,10,10,1,1,北日本
SHP-005633,W-14,FG-0022,2025-08-23,100,100,1,1,東日本
SHP-005634,W-16,FG-0048,2026-03-22,100,100,1,1,東日本
SHP-005635,W-22,FG-0078,2024-07-12,20,20,0,1,海外
SHP-005636,W-07,FG-0062,2026-02-27,50,50,1,1,東日本
SHP-005637,W-20,FG-0028,2025-05-13,100,100,1,1,海外
SHP-005638,W-23,FG-0005,2026-01-01,20,20,1,1,東日本
SHP-005639,W-04,FG-0011,2024-09-28,20,20,1,1,東日本
SHP-005640,W-17,FG-0026,2025-09-10,100,100,1,1,北日本
SHP-005641,W-09,FG-0045,2024-01-14,20,20,1,1,東日本
SHP-005642,W-18,FG-0036,2024-10-14,10,10,1,1,北日本
SHP-005643,W-01,FG-0043,2025-09-29,100,100,1,1,北日本
SHP-005644,W-19,FG-0001,2024-05-01,100,100,0,1,海外
SHP-005645,W-24,FG-0012,2024-09-18,50,50,1,1,西日本
SHP-005646,W-16,FG-0006,2024-08-25,10,10,1,1,海外
SHP-005647,W-11,FG-0007,2025-12-30,20,20,1,1,北日本
SHP-005648,W-22,FG-0016,2025-08-17,50,50,1,1,北日本
SHP-005649,W-14,FG-0044,2025-10-07,100,100,1,1,東日本
SHP-005650,W-12,FG-0064,2025-08-26,20,20,1,1,海外
SHP-005651,W-02,FG-0047,2024-12-06,100,82,1,0,西日本
SHP-005652,W-22,FG-0072,2026-02-14,20,20,1,1,西日本
SHP-005653,W-07,FG-0007,2026-04-20,10,10,1,1,海外
SHP-005654,W-19,FG-0009,2024-08-26,100,100,0,1,東日本
SHP-005655,W-10,FG-0041,2024-11-06,10,10,1,1,西日本
SHP-005656,W-10,FG-0071,2025-12-23,10,10,1,1,海外
SHP-005657,W-22,FG-0030,2025-07-22,100,100,1,1,北日本
SHP-005658,W-18,FG-0045,2026-01-03,50,50,1,1,東日本
SHP-005659,W-21,FG-0068,2024-05-18,20,20,1,1,海外
SHP-005660,W-09,FG-0053,2025-06-28,50,50,1,1,東日本
SHP-005661,W-03,FG-0071,2024-06-26,10,10,1,1,西日本
SHP-005662,W-16,FG-0035,2026-03-27,20,20,1,1,西日本
SHP-005663,W-05,FG-0008,2025-07-12,50,50,1,1,海外
SHP-005664,W-11,FG-0024,2024-01-25,50,50,1,1,西日本
SHP-005665,W-18,FG-0015,2024-01-29,10,10,1,1,北日本
SHP-005666,W-20,FG-0078,2025-07-15,100,100,1,1,西日本
SHP-005667,W-24,FG-0066,2024-01-27,100,100,1,1,東日本
SHP-005668,W-15,FG-0033,2024-10-14,20,15,0,0,西日本
SHP-005669,W-11,FG-0036,2024-05-13,10,10,0,1,西日本
SHP-005670,W-01,FG-0076,2024-08-29,10,10,1,1,東日本
SHP-005671,W-10,FG-0034,2025-12-10,20,20,1,1,東日本
SHP-005672,W-20,FG-0067,2026-03-10,100,100,1,1,北日本
SHP-005673,W-12,FG-0020,2025-04-07,50,50,1,1,海外
SHP-005674,W-06,FG-0042,2026-04-18,10,10,1,1,西日本
SHP-005675,W-07,FG-0052,2025-05-14,20,20,1,1,西日本
SHP-005676,W-12,FG-0043,2024-06-06,100,100,0,1,西日本
SHP-005677,W-01,FG-0011,2024-11-01,50,50,1,1,東日本
SHP-005678,W-16,FG-0019,2026-04-02,10,10,1,1,東日本
SHP-005679,W-23,FG-0076,2025-12-21,50,50,1,1,北日本
SHP-005680,W-11,FG-0007,2025-12-28,10,10,1,1,西日本
SHP-005681,W-02,FG-0065,2025-04-30,10,10,0,1,東日本
SHP-005682,W-24,FG-0016,2025-05-07,50,50,1,1,北日本
SHP-005683,W-14,FG-0019,2025-01-01,50,50,1,1,海外
SHP-005684,W-01,FG-0007,2024-04-07,10,6,0,0,東日本
SHP-005685,W-08,FG-0006,2024-04-17,10,10,1,1,海外
SHP-005686,W-04,FG-0002,2026-03-03,50,50,1,1,東日本
SHP-005687,W-13,FG-0061,2024-03-16,50,45,0,0,西日本
SHP-005688,W-13,FG-0041,2025-07-11,20,20,1,1,海外
SHP-005689,W-10,FG-0060,2024-02-16,10,8,1,0,東日本
SHP-005690,W-17,FG-0001,2026-01-18,20,20,1,1,北日本
SHP-005691,W-18,FG-0050,2024-04-11,100,100,0,1,西日本
SHP-005692,W-04,FG-0053,2025-02-24,20,20,1,1,西日本
SHP-005693,W-16,FG-0031,2025-09-21,10,10,1,1,東日本
SHP-005694,W-20,FG-0045,2025-09-15,10,10,1,1,海外
SHP-005695,W-24,FG-0079,2024-07-12,50,50,1,1,西日本
SHP-005696,W-05,FG-0064,2025-10-07,10,10,1,1,西日本
SHP-005697,W-13,FG-0044,2024-11-14,10,10,1,1,東日本
SHP-005698,W-14,FG-0058,2024-09-28,20,20,1,1,海外
SHP-005699,W-20,FG-0050,2025-12-05,10,10,1,1,北日本
SHP-005700,W-20,FG-0006,2024-09-09,50,50,1,1,海外
SHP-005701,W-03,FG-0022,2024-11-09,20,14,1,0,北日本
SHP-005702,W-17,FG-0072,2024-03-25,20,20,1,1,海外
SHP-005703,W-04,FG-0014,2025-10-23,10,8,1,0,北日本
SHP-005704,W-18,FG-0045,2024-05-11,10,8,1,0,西日本
SHP-005705,W-23,FG-0050,2024-04-08,100,100,1,1,北日本
SHP-005706,W-07,FG-0042,2024-06-26,20,20,1,1,東日本
SHP-005707,W-22,FG-0079,2024-10-15,10,10,1,1,北日本
SHP-005708,W-04,FG-0006,2024-06-04,100,80,1,0,東日本
SHP-005709,W-01,FG-0009,2025-02-14,10,10,0,1,北日本
SHP-005710,W-06,FG-0038,2025-09-12,10,10,1,1,西日本
SHP-005711,W-04,FG-0040,2024-12-11,20,20,0,1,東日本
SHP-005712,W-05,FG-0059,2024-05-11,20,20,1,1,東日本
SHP-005713,W-04,FG-0010,2025-02-16,50,50,1,1,西日本
SHP-005714,W-23,FG-0054,2024-06-18,100,100,1,1,西日本
SHP-005715,W-06,FG-0058,2025-05-01,50,50,1,1,北日本
SHP-005716,W-06,FG-0032,2026-01-03,50,50,1,1,北日本
SHP-005717,W-12,FG-0005,2025-04-22,20,20,1,1,西日本
SHP-005718,W-04,FG-0042,2024-01-12,100,66,1,0,北日本
SHP-005719,W-04,FG-0023,2025-12-21,20,20,1,1,海外
SHP-005720,W-21,FG-0068,2024-03-23,100,100,1,1,西日本
SHP-005721,W-24,FG-0025,2025-07-08,20,20,1,1,西日本
SHP-005722,W-19,FG-0061,2025-03-04,20,20,1,1,北日本
SHP-005723,W-05,FG-0035,2024-10-24,100,100,0,1,北日本
SHP-005724,W-13,FG-0029,2024-06-21,50,50,1,1,海外
SHP-005725,W-22,FG-0030,2025-02-22,20,20,1,1,東日本
SHP-005726,W-16,FG-0030,2025-12-13,50,50,1,1,西日本
SHP-005727,W-24,FG-0055,2025-05-21,20,20,1,1,東日本
SHP-005728,W-02,FG-0056,2025-01-25,20,20,1,1,東日本
SHP-005729,W-07,FG-0079,2024-03-23,100,100,1,1,西日本
SHP-005730,W-06,FG-0002,2024-08-11,50,50,0,1,海外
SHP-005731,W-20,FG-0051,2025-03-22,50,50,1,1,北日本
SHP-005732,W-24,FG-0015,2025-06-19,20,20,1,1,西日本
SHP-005733,W-21,FG-0019,2025-05-06,20,20,1,1,海外
SHP-005734,W-04,FG-0024,2025-10-29,50,50,0,1,海外
SHP-005735,W-10,FG-0046,2025-04-12,100,90,1,0,東日本
SHP-005736,W-17,FG-0042,2024-10-28,100,73,1,0,西日本
SHP-005737,W-09,FG-0001,2025-06-10,100,100,1,1,西日本
SHP-005738,W-04,FG-0029,2024-09-30,20,13,1,0,北日本
SHP-005739,W-02,FG-0076,2025-09-29,50,50,1,1,北日本
SHP-005740,W-05,FG-0023,2025-04-23,100,100,1,1,海外
SHP-005741,W-23,FG-0015,2024-09-03,100,79,1,0,東日本
SHP-005742,W-13,FG-0041,2024-10-18,100,100,1,1,海外
SHP-005743,W-23,FG-0009,2025-01-08,100,100,1,1,西日本
SHP-005744,W-08,FG-0025,2025-01-27,10,10,1,1,海外
SHP-005745,W-20,FG-0067,2024-01-17,10,10,1,1,北日本
SHP-005746,W-09,FG-0073,2024-02-06,50,43,1,0,東日本
SHP-005747,W-01,FG-0074,2026-03-10,10,10,1,1,東日本
SHP-005748,W-17,FG-0066,2025-04-21,10,10,1,1,北日本
SHP-005749,W-17,FG-0080,2024-08-15,100,100,1,1,東日本
SHP-005750,W-11,FG-0047,2024-11-27,20,20,1,1,北日本
SHP-005751,W-09,FG-0028,2025-08-05,50,50,1,1,東日本
SHP-005752,W-15,FG-0026,2024-01-11,10,10,1,1,北日本
SHP-005753,W-15,FG-0051,2026-04-08,10,10,1,1,北日本
SHP-005754,W-24,FG-0005,2024-10-21,10,10,1,1,東日本
SHP-005755,W-12,FG-0056,2025-07-12,20,20,1,1,西日本
SHP-005756,W-12,FG-0037,2024-09-16,10,10,1,1,北日本
SHP-005757,W-20,FG-0030,2024-05-11,50,50,1,1,東日本
SHP-005758,W-03,FG-0004,2025-05-02,100,100,1,1,東日本
SHP-005759,W-08,FG-0074,2026-04-27,10,10,1,1,西日本
SHP-005760,W-10,FG-0011,2024-07-30,20,20,1,1,海外
SHP-005761,W-21,FG-0048,2024-06-05,100,100,1,1,東日本
SHP-005762,W-09,FG-0036,2025-08-06,100,100,1,1,東日本
SHP-005763,W-09,FG-0052,2026-01-07,100,100,1,1,海外
SHP-005764,W-14,FG-0062,2025-05-22,20,18,1,0,北日本
SHP-005765,W-21,FG-0066,2024-12-07,50,50,1,1,東日本
SHP-005766,W-02,FG-0030,2025-02-05,50,50,1,1,西日本
SHP-005767,W-24,FG-0012,2026-02-10,50,50,1,1,北日本
SHP-005768,W-09,FG-0069,2024-10-26,50,37,0,0,西日本
SHP-005769,W-08,FG-0038,2025-10-15,20,18,1,0,東日本
SHP-005770,W-01,FG-0054,2024-08-13,20,20,1,1,北日本
SHP-005771,W-23,FG-0036,2026-04-23,20,16,1,0,東日本
SHP-005772,W-17,FG-0021,2025-11-14,20,20,1,1,西日本
SHP-005773,W-01,FG-0007,2025-12-19,50,50,1,1,北日本
SHP-005774,W-16,FG-0023,2024-01-22,20,20,1,1,北日本
SHP-005775,W-09,FG-0064,2024-09-20,10,9,1,0,海外
SHP-005776,W-05,FG-0048,2025-12-19,10,10,1,1,西日本
SHP-005777,W-18,FG-0052,2025-09-14,100,100,1,1,北日本
SHP-005778,W-17,FG-0053,2026-01-11,100,100,1,1,海外
SHP-005779,W-20,FG-0064,2025-05-25,50,50,1,1,西日本
SHP-005780,W-01,FG-0042,2024-03-27,100,100,1,1,海外
SHP-005781,W-22,FG-0032,2026-03-01,100,100,1,1,北日本
SHP-005782,W-01,FG-0011,2025-04-08,20,20,0,1,東日本
SHP-005783,W-14,FG-0019,2025-02-13,100,100,1,1,北日本
SHP-005784,W-23,FG-0016,2025-03-08,50,50,1,1,東日本
SHP-005785,W-15,FG-0038,2024-02-25,20,14,1,0,西日本
SHP-005786,W-06,FG-0064,2025-01-08,50,50,1,1,北日本
SHP-005787,W-17,FG-0051,2026-03-29,20,20,1,1,西日本
SHP-005788,W-20,FG-0025,2024-11-22,10,10,1,1,西日本
SHP-005789,W-20,FG-0046,2025-08-19,20,20,0,1,海外
SHP-005790,W-19,FG-0066,2026-02-10,10,10,1,1,西日本
SHP-005791,W-19,FG-0021,2024-08-30,20,20,1,1,東日本
SHP-005792,W-24,FG-0076,2025-12-13,20,20,1,1,海外
SHP-005793,W-22,FG-0070,2024-12-10,100,100,1,1,西日本
SHP-005794,W-19,FG-0046,2024-04-17,50,50,1,1,北日本
SHP-005795,W-22,FG-0029,2025-02-04,20,20,1,1,海外
SHP-005796,W-23,FG-0016,2024-06-03,100,100,1,1,東日本
SHP-005797,W-11,FG-0053,2024-09-27,100,100,1,1,西日本
SHP-005798,W-13,FG-0018,2024-10-25,50,50,1,1,西日本
SHP-005799,W-17,FG-0007,2024-12-20,10,10,1,1,東日本
SHP-005800,W-13,FG-0073,2025-10-18,100,100,1,1,東日本
SHP-005801,W-17,FG-0046,2025-03-31,10,10,1,1,北日本
SHP-005802,W-22,FG-0064,2024-08-09,10,10,0,1,北日本
SHP-005803,W-17,FG-0025,2024-02-24,100,100,1,1,北日本
SHP-005804,W-12,FG-0041,2026-04-17,10,10,1,1,北日本
SHP-005805,W-06,FG-0029,2024-11-25,20,20,1,1,西日本
SHP-005806,W-03,FG-0062,2024-10-09,50,50,1,1,海外
SHP-005807,W-05,FG-0038,2024-11-19,50,50,1,1,海外
SHP-005808,W-05,FG-0039,2024-03-04,10,10,0,1,北日本
SHP-005809,W-01,FG-0012,2024-11-06,50,50,1,1,海外
SHP-005810,W-21,FG-0065,2025-03-24,20,20,1,1,海外
SHP-005811,W-12,FG-0036,2025-03-10,50,50,1,1,西日本
SHP-005812,W-01,FG-0023,2024-10-20,20,20,1,1,東日本
SHP-005813,W-16,FG-0074,2024-11-20,20,20,1,1,北日本
SHP-005814,W-21,FG-0023,2024-12-01,10,10,1,1,西日本
SHP-005815,W-06,FG-0006,2025-11-21,20,20,1,1,西日本
SHP-005816,W-04,FG-0080,2025-02-03,100,100,1,1,東日本
SHP-005817,W-11,FG-0008,2026-03-18,50,50,1,1,西日本
SHP-005818,W-18,FG-0055,2024-08-01,10,10,1,1,西日本
SHP-005819,W-05,FG-0070,2025-03-07,20,20,1,1,海外
SHP-005820,W-02,FG-0027,2024-06-25,20,20,1,1,西日本
SHP-005821,W-23,FG-0061,2024-09-27,20,20,1,1,西日本
SHP-005822,W-07,FG-0005,2024-12-12,20,20,1,1,北日本
SHP-005823,W-12,FG-0048,2025-09-07,100,80,1,0,北日本
SHP-005824,W-18,FG-0014,2025-10-18,100,100,1,1,北日本
SHP-005825,W-20,FG-0005,2024-12-16,10,10,1,1,西日本
SHP-005826,W-06,FG-0035,2025-02-15,50,50,0,1,東日本
SHP-005827,W-18,FG-0035,2025-07-10,10,10,1,1,北日本
SHP-005828,W-10,FG-0066,2025-11-18,100,100,0,1,北日本
SHP-005829,W-15,FG-0012,2025-03-22,100,100,1,1,西日本
SHP-005830,W-04,FG-0053,2025-04-22,10,10,1,1,東日本
SHP-005831,W-15,FG-0003,2026-04-24,20,13,1,0,北日本
SHP-005832,W-17,FG-0079,2024-12-10,10,10,1,1,海外
SHP-005833,W-17,FG-0034,2026-02-04,20,20,1,1,西日本
SHP-005834,W-24,FG-0010,2025-08-31,10,10,1,1,海外
SHP-005835,W-13,FG-0071,2025-10-18,20,20,1,1,北日本
SHP-005836,W-12,FG-0061,2024-01-06,100,100,1,1,西日本
SHP-005837,W-06,FG-0012,2024-08-07,50,50,1,1,東日本
SHP-005838,W-18,FG-0064,2024-07-09,10,10,0,1,北日本
SHP-005839,W-06,FG-0075,2024-07-10,20,20,1,1,東日本
SHP-005840,W-23,FG-0016,2025-07-28,100,100,1,1,北日本
SHP-005841,W-04,FG-0021,2025-06-10,20,12,0,0,海外
SHP-005842,W-13,FG-0059,2026-04-03,50,50,1,1,東日本
SHP-005843,W-12,FG-0059,2024-10-05,10,10,1,1,北日本
SHP-005844,W-05,FG-0047,2025-04-01,100,100,1,1,北日本
SHP-005845,W-21,FG-0015,2025-09-05,50,50,1,1,西日本
SHP-005846,W-22,FG-0050,2025-09-25,50,50,0,1,海外
SHP-005847,W-12,FG-0037,2026-02-12,20,20,1,1,西日本
SHP-005848,W-16,FG-0025,2024-09-27,10,10,1,1,海外
SHP-005849,W-21,FG-0031,2025-01-07,10,10,1,1,海外
SHP-005850,W-17,FG-0049,2025-02-08,100,100,1,1,西日本
SHP-005851,W-18,FG-0045,2024-06-12,20,20,1,1,北日本
SHP-005852,W-02,FG-0028,2025-09-27,20,20,0,1,西日本
SHP-005853,W-01,FG-0061,2024-03-28,100,100,1,1,海外
SHP-005854,W-18,FG-0056,2025-07-18,20,20,1,1,西日本
SHP-005855,W-04,FG-0002,2025-10-25,100,100,1,1,東日本
SHP-005856,W-06,FG-0060,2025-10-25,10,10,1,1,北日本
SHP-005857,W-02,FG-0013,2025-11-28,10,10,1,1,海外
SHP-005858,W-11,FG-0019,2026-03-08,10,10,1,1,東日本
SHP-005859,W-12,FG-0054,2025-11-21,20,20,1,1,西日本
SHP-005860,W-24,FG-0067,2025-06-10,20,20,1,1,西日本
SHP-005861,W-04,FG-0075,2024-11-30,50,50,1,1,北日本
SHP-005862,W-07,FG-0008,2024-09-08,20,20,1,1,海外
SHP-005863,W-13,FG-0060,2025-11-11,100,100,1,1,海外
SHP-005864,W-17,FG-0022,2024-02-28,100,100,0,1,海外
SHP-005865,W-12,FG-0005,2024-01-22,50,50,1,1,北日本
SHP-005866,W-08,FG-0032,2024-06-26,20,20,1,1,東日本
SHP-005867,W-11,FG-0043,2026-02-26,100,100,1,1,西日本
SHP-005868,W-10,FG-0071,2024-06-20,10,10,1,1,西日本
SHP-005869,W-19,FG-0031,2024-07-27,10,10,1,1,北日本
SHP-005870,W-24,FG-0058,2025-09-09,100,100,1,1,北日本
SHP-005871,W-21,FG-0054,2025-07-31,10,10,0,1,西日本
SHP-005872,W-01,FG-0078,2025-07-27,100,100,1,1,東日本
SHP-005873,W-17,FG-0038,2024-02-04,100,100,1,1,北日本
SHP-005874,W-24,FG-0019,2025-04-07,10,10,0,1,海外
SHP-005875,W-24,FG-0038,2025-07-10,100,100,0,1,北日本
SHP-005876,W-02,FG-0048,2024-01-19,20,20,1,1,西日本
SHP-005877,W-20,FG-0037,2024-06-14,10,10,1,1,東日本
SHP-005878,W-14,FG-0018,2024-05-10,50,50,0,1,海外
SHP-005879,W-22,FG-0043,2026-02-11,20,20,1,1,海外
SHP-005880,W-04,FG-0065,2025-05-07,50,50,1,1,北日本
SHP-005881,W-21,FG-0069,2024-10-24,20,20,1,1,北日本
SHP-005882,W-08,FG-0044,2025-08-12,20,20,1,1,西日本
SHP-005883,W-18,FG-0042,2025-04-05,100,100,1,1,海外
SHP-005884,W-05,FG-0020,2024-05-06,50,50,1,1,海外
SHP-005885,W-13,FG-0016,2024-03-27,10,10,1,1,東日本
SHP-005886,W-10,FG-0015,2026-02-01,20,13,1,0,東日本
SHP-005887,W-19,FG-0036,2024-01-06,10,10,1,1,北日本
SHP-005888,W-18,FG-0075,2025-05-20,50,50,1,1,東日本
SHP-005889,W-10,FG-0051,2025-05-01,100,100,0,1,北日本
SHP-005890,W-14,FG-0003,2024-09-13,100,100,0,1,西日本
SHP-005891,W-16,FG-0032,2024-02-26,50,50,1,1,東日本
SHP-005892,W-03,FG-0007,2025-08-27,50,50,0,1,北日本
SHP-005893,W-10,FG-0006,2024-12-07,20,20,1,1,東日本
SHP-005894,W-20,FG-0070,2024-09-17,10,10,1,1,北日本
SHP-005895,W-07,FG-0046,2025-04-10,100,100,1,1,東日本
SHP-005896,W-12,FG-0005,2024-12-02,50,30,1,0,西日本
SHP-005897,W-23,FG-0037,2024-03-27,10,10,0,1,北日本
SHP-005898,W-08,FG-0062,2024-04-17,50,35,1,0,北日本
SHP-005899,W-01,FG-0030,2026-01-26,20,14,1,0,海外
SHP-005900,W-21,FG-0063,2025-05-26,50,50,1,1,東日本
SHP-005901,W-20,FG-0042,2024-10-02,100,100,1,1,海外
SHP-005902,W-08,FG-0046,2024-05-24,10,10,1,1,北日本
SHP-005903,W-13,FG-0004,2024-05-17,20,20,1,1,北日本
SHP-005904,W-17,FG-0067,2025-08-22,50,50,1,1,東日本
SHP-005905,W-18,FG-0055,2024-03-22,20,20,1,1,西日本
SHP-005906,W-08,FG-0077,2024-03-05,100,100,1,1,海外
SHP-005907,W-17,FG-0026,2024-01-02,50,50,1,1,海外
SHP-005908,W-23,FG-0014,2024-10-04,20,20,1,1,北日本
SHP-005909,W-01,FG-0040,2024-11-25,100,100,1,1,東日本
SHP-005910,W-10,FG-0072,2024-03-11,10,10,1,1,海外
SHP-005911,W-07,FG-0056,2024-01-20,20,20,1,1,北日本
SHP-005912,W-07,FG-0018,2025-01-17,100,100,1,1,西日本
SHP-005913,W-24,FG-0024,2026-01-02,10,10,0,1,北日本
SHP-005914,W-13,FG-0042,2025-06-09,20,20,1,1,東日本
SHP-005915,W-16,FG-0002,2024-04-06,50,50,1,1,西日本
SHP-005916,W-11,FG-0057,2024-12-01,10,10,0,1,北日本
SHP-005917,W-08,FG-0029,2024-07-02,50,50,0,1,東日本
SHP-005918,W-14,FG-0009,2024-10-26,10,10,1,1,海外
SHP-005919,W-05,FG-0046,2024-05-18,100,100,1,1,北日本
SHP-005920,W-02,FG-0068,2025-04-01,20,20,1,1,東日本
SHP-005921,W-17,FG-0036,2024-06-10,50,50,1,1,海外
SHP-005922,W-13,FG-0058,2024-01-02,10,8,1,0,海外
SHP-005923,W-20,FG-0058,2026-04-09,100,100,1,1,西日本
SHP-005924,W-20,FG-0034,2024-11-18,20,20,1,1,東日本
SHP-005925,W-15,FG-0033,2024-08-17,10,8,0,0,東日本
SHP-005926,W-20,FG-0015,2024-08-24,100,100,1,1,西日本
SHP-005927,W-07,FG-0030,2024-04-17,100,100,1,1,東日本
SHP-005928,W-20,FG-0054,2024-01-11,100,100,1,1,東日本
SHP-005929,W-15,FG-0070,2024-09-20,100,100,1,1,西日本
SHP-005930,W-15,FG-0065,2025-04-08,50,50,1,1,北日本
SHP-005931,W-21,FG-0056,2025-11-05,100,100,0,1,北日本
SHP-005932,W-18,FG-0067,2025-01-26,10,10,1,1,東日本
SHP-005933,W-08,FG-0068,2024-07-04,20,20,1,1,海外
SHP-005934,W-24,FG-0050,2024-05-10,10,10,1,1,東日本
SHP-005935,W-15,FG-0047,2024-11-14,20,20,1,1,北日本
SHP-005936,W-12,FG-0079,2026-04-10,50,50,1,1,北日本
SHP-005937,W-21,FG-0054,2026-01-24,50,50,0,1,北日本
SHP-005938,W-09,FG-0012,2024-09-14,20,20,1,1,東日本
SHP-005939,W-10,FG-0040,2024-08-28,100,100,1,1,海外
SHP-005940,W-02,FG-0049,2026-04-27,100,100,1,1,東日本
SHP-005941,W-13,FG-0057,2025-06-24,50,50,1,1,海外
SHP-005942,W-01,FG-0032,2024-06-22,10,10,1,1,北日本
SHP-005943,W-24,FG-0076,2026-03-09,50,50,1,1,西日本
SHP-005944,W-19,FG-0062,2026-01-01,100,100,1,1,北日本
SHP-005945,W-23,FG-0004,2024-06-08,20,20,1,1,西日本
SHP-005946,W-22,FG-0018,2024-12-21,50,50,1,1,東日本
SHP-005947,W-17,FG-0049,2025-06-25,100,100,1,1,海外
SHP-005948,W-07,FG-0041,2024-09-30,100,100,1,1,東日本
SHP-005949,W-19,FG-0026,2025-04-15,50,50,0,1,北日本
SHP-005950,W-10,FG-0033,2024-09-15,50,50,1,1,西日本
SHP-005951,W-16,FG-0003,2025-01-25,100,100,1,1,東日本
SHP-005952,W-23,FG-0039,2026-02-23,20,20,1,1,北日本
SHP-005953,W-17,FG-0051,2025-12-16,100,100,1,1,北日本
SHP-005954,W-05,FG-0079,2025-12-01,20,20,1,1,海外
SHP-005955,W-12,FG-0047,2026-01-06,100,100,1,1,西日本
SHP-005956,W-04,FG-0038,2025-08-05,10,10,1,1,西日本
SHP-005957,W-22,FG-0002,2024-07-25,10,10,1,1,北日本
SHP-005958,W-05,FG-0036,2025-08-23,100,100,1,1,北日本
SHP-005959,W-08,FG-0065,2024-02-02,10,10,1,1,北日本
SHP-005960,W-24,FG-0033,2025-11-14,50,50,1,1,北日本
SHP-005961,W-07,FG-0012,2025-09-12,100,62,1,0,東日本
SHP-005962,W-13,FG-0006,2025-10-25,20,20,1,1,海外
SHP-005963,W-07,FG-0075,2025-11-11,20,20,1,1,西日本
SHP-005964,W-15,FG-0074,2024-01-08,50,50,1,1,東日本
SHP-005965,W-15,FG-0033,2025-01-16,10,10,0,1,北日本
SHP-005966,W-17,FG-0018,2026-02-28,50,44,1,0,西日本
SHP-005967,W-16,FG-0046,2024-05-27,20,20,1,1,東日本
SHP-005968,W-05,FG-0033,2025-01-10,50,50,1,1,北日本
SHP-005969,W-08,FG-0033,2025-02-05,10,10,1,1,北日本
SHP-005970,W-01,FG-0034,2025-01-14,10,10,1,1,西日本
SHP-005971,W-15,FG-0026,2024-07-03,20,20,1,1,西日本
SHP-005972,W-03,FG-0024,2025-06-24,50,50,1,1,西日本
SHP-005973,W-05,FG-0030,2025-08-31,100,100,1,1,北日本
SHP-005974,W-04,FG-0015,2024-03-09,20,20,1,1,海外
SHP-005975,W-24,FG-0060,2024-07-21,10,10,1,1,北日本
SHP-005976,W-12,FG-0003,2025-12-12,10,10,1,1,海外
SHP-005977,W-02,FG-0051,2024-09-22,20,20,1,1,西日本
SHP-005978,W-15,FG-0055,2024-10-05,10,10,1,1,海外
SHP-005979,W-05,FG-0014,2024-05-08,10,10,1,1,西日本
SHP-005980,W-11,FG-0059,2024-04-04,50,50,1,1,北日本
SHP-005981,W-16,FG-0077,2026-03-06,20,20,1,1,海外
SHP-005982,W-09,FG-0050,2024-04-30,10,10,0,1,北日本
SHP-005983,W-07,FG-0004,2024-10-02,20,20,1,1,東日本
SHP-005984,W-04,FG-0072,2024-05-03,50,50,1,1,西日本
SHP-005985,W-17,FG-0021,2026-04-13,20,20,1,1,海外
SHP-005986,W-08,FG-0038,2024-06-07,20,20,1,1,北日本
SHP-005987,W-10,FG-0054,2026-01-08,20,20,1,1,海外
SHP-005988,W-14,FG-0048,2025-10-29,10,10,1,1,東日本
SHP-005989,W-14,FG-0035,2026-04-07,100,100,1,1,北日本
SHP-005990,W-06,FG-0036,2025-12-08,100,100,1,1,北日本
SHP-005991,W-21,FG-0011,2026-02-12,50,50,1,1,東日本
SHP-005992,W-04,FG-0019,2025-07-27,20,20,1,1,海外
SHP-005993,W-08,FG-0032,2025-09-26,100,100,1,1,西日本
SHP-005994,W-12,FG-0077,2025-06-14,100,100,1,1,東日本
SHP-005995,W-03,FG-0007,2025-02-15,10,10,1,1,海外
SHP-005996,W-13,FG-0019,2024-06-05,100,100,1,1,西日本
SHP-005997,W-19,FG-0008,2025-10-28,10,10,1,1,海外
SHP-005998,W-17,FG-0008,2024-02-21,20,20,1,1,東日本
SHP-005999,W-02,FG-0067,2024-07-25,100,100,0,1,海外
SHP-006000,W-11,FG-0045,2025-08-08,20,20,1,1,北日本
SHP-006001,W-08,FG-0036,2024-12-02,50,50,1,1,西日本
SHP-006002,W-12,FG-0006,2025-11-19,10,10,1,1,海外
SHP-006003,W-22,FG-0037,2026-02-11,50,50,1,1,西日本
SHP-006004,W-05,FG-0010,2024-07-20,100,100,1,1,西日本
SHP-006005,W-06,FG-0038,2026-01-25,20,20,1,1,西日本
SHP-006006,W-02,FG-0002,2025-08-02,10,10,1,1,海外
SHP-006007,W-20,FG-0056,2026-03-15,100,100,1,1,西日本
SHP-006008,W-24,FG-0009,2024-12-27,50,50,1,1,海外
SHP-006009,W-10,FG-0004,2025-11-15,10,10,1,1,東日本
SHP-006010,W-24,FG-0008,2025-01-15,10,10,1,1,北日本
SHP-006011,W-14,FG-0011,2024-06-21,20,20,1,1,海外
SHP-006012,W-03,FG-0077,2025-05-08,100,100,1,1,西日本
SHP-006013,W-10,FG-0035,2024-02-02,50,50,1,1,西日本
SHP-006014,W-07,FG-0078,2026-01-27,10,10,1,1,海外
SHP-006015,W-06,FG-0015,2026-01-26,100,100,1,1,北日本
SHP-006016,W-14,FG-0052,2024-04-12,50,50,1,1,海外
SHP-006017,W-12,FG-0063,2024-04-01,20,20,1,1,北日本
SHP-006018,W-11,FG-0008,2024-10-30,20,20,0,1,東日本
SHP-006019,W-15,FG-0052,2025-08-11,100,100,1,1,海外
SHP-006020,W-23,FG-0030,2024-09-02,50,50,1,1,海外
SHP-006021,W-11,FG-0012,2024-08-05,10,10,1,1,北日本
SHP-006022,W-16,FG-0031,2025-09-27,100,91,1,0,西日本
SHP-006023,W-22,FG-0052,2026-03-02,10,8,1,0,東日本
SHP-006024,W-19,FG-0067,2025-12-28,50,50,1,1,西日本
SHP-006025,W-17,FG-0069,2024-01-29,20,20,1,1,北日本
SHP-006026,W-04,FG-0006,2024-04-08,20,20,1,1,西日本
SHP-006027,W-16,FG-0069,2025-12-10,100,100,1,1,東日本
SHP-006028,W-11,FG-0016,2024-12-07,100,100,1,1,海外
SHP-006029,W-17,FG-0007,2025-04-05,100,100,1,1,西日本
SHP-006030,W-04,FG-0056,2024-05-02,100,100,0,1,東日本
SHP-006031,W-14,FG-0040,2025-09-15,20,20,1,1,北日本
SHP-006032,W-02,FG-0033,2024-01-22,20,20,1,1,北日本
SHP-006033,W-20,FG-0014,2025-10-13,100,100,1,1,東日本
SHP-006034,W-18,FG-0051,2025-11-09,20,20,1,1,西日本
SHP-006035,W-19,FG-0030,2025-07-04,20,20,1,1,北日本
SHP-006036,W-17,FG-0061,2025-08-30,10,10,1,1,西日本
SHP-006037,W-05,FG-0024,2024-07-25,100,100,1,1,海外
SHP-006038,W-16,FG-0062,2025-06-19,50,50,1,1,東日本
SHP-006039,W-24,FG-0031,2025-08-19,100,100,0,1,西日本
SHP-006040,W-24,FG-0015,2025-09-27,20,18,1,0,東日本
SHP-006041,W-23,FG-0001,2024-07-01,10,10,1,1,海外
SHP-006042,W-14,FG-0034,2024-12-11,20,20,1,1,西日本
SHP-006043,W-13,FG-0065,2025-12-24,100,100,1,1,東日本
SHP-006044,W-24,FG-0069,2024-03-26,50,34,1,0,西日本
SHP-006045,W-07,FG-0058,2024-02-09,20,20,1,1,北日本
SHP-006046,W-17,FG-0036,2025-07-24,50,50,1,1,北日本
SHP-006047,W-23,FG-0040,2024-04-17,20,20,1,1,東日本
SHP-006048,W-01,FG-0010,2026-01-08,50,30,1,0,海外
SHP-006049,W-11,FG-0076,2026-01-02,10,10,1,1,海外
SHP-006050,W-18,FG-0067,2024-05-24,20,20,1,1,東日本
SHP-006051,W-11,FG-0054,2025-12-10,10,10,1,1,東日本
SHP-006052,W-12,FG-0068,2024-11-13,100,100,1,1,北日本
SHP-006053,W-18,FG-0012,2026-03-27,10,10,1,1,北日本
SHP-006054,W-23,FG-0007,2024-01-29,10,10,1,1,東日本
SHP-006055,W-04,FG-0003,2024-09-24,10,10,1,1,海外
SHP-006056,W-07,FG-0065,2024-10-17,50,50,1,1,北日本
SHP-006057,W-14,FG-0058,2024-11-27,50,50,1,1,西日本
SHP-006058,W-19,FG-0024,2024-05-16,50,33,0,0,東日本
SHP-006059,W-07,FG-0063,2025-07-22,10,10,1,1,東日本
SHP-006060,W-07,FG-0056,2026-03-03,50,50,0,1,北日本
SHP-006061,W-15,FG-0066,2024-07-13,20,20,0,1,西日本
SHP-006062,W-11,FG-0071,2026-02-13,20,20,1,1,海外
SHP-006063,W-13,FG-0038,2024-02-07,100,100,1,1,海外
SHP-006064,W-08,FG-0009,2024-04-24,20,20,1,1,東日本
SHP-006065,W-18,FG-0071,2025-03-08,20,14,1,0,海外
SHP-006066,W-08,FG-0008,2025-10-18,50,50,1,1,東日本
SHP-006067,W-13,FG-0031,2025-01-28,20,20,1,1,西日本
SHP-006068,W-11,FG-0049,2024-02-24,20,20,1,1,海外
SHP-006069,W-21,FG-0013,2024-07-14,100,100,1,1,北日本
SHP-006070,W-18,FG-0059,2026-03-14,100,100,1,1,東日本
SHP-006071,W-08,FG-0048,2025-08-07,50,50,1,1,西日本
SHP-006072,W-22,FG-0008,2024-08-11,20,20,1,1,北日本
SHP-006073,W-20,FG-0027,2026-04-14,20,20,1,1,西日本
SHP-006074,W-02,FG-0072,2026-02-01,20,20,1,1,西日本
SHP-006075,W-18,FG-0072,2026-01-08,20,20,1,1,西日本
SHP-006076,W-24,FG-0023,2025-05-30,10,10,1,1,西日本
SHP-006077,W-11,FG-0044,2025-03-26,100,100,1,1,東日本
SHP-006078,W-19,FG-0008,2024-07-12,20,20,0,1,海外
SHP-006079,W-22,FG-0011,2024-06-10,100,100,1,1,北日本
SHP-006080,W-17,FG-0009,2024-06-22,50,50,1,1,北日本
SHP-006081,W-02,FG-0055,2024-02-23,100,100,1,1,東日本
SHP-006082,W-22,FG-0048,2024-02-09,20,13,0,0,西日本
SHP-006083,W-12,FG-0063,2026-01-02,100,100,0,1,海外
SHP-006084,W-13,FG-0008,2024-07-22,20,20,0,1,東日本
SHP-006085,W-07,FG-0061,2025-03-07,20,20,1,1,西日本
SHP-006086,W-24,FG-0033,2025-04-03,10,10,1,1,西日本
SHP-006087,W-16,FG-0043,2025-09-30,50,50,1,1,北日本
SHP-006088,W-10,FG-0039,2025-06-15,100,100,1,1,西日本
SHP-006089,W-13,FG-0047,2024-07-15,50,41,1,0,海外
SHP-006090,W-14,FG-0004,2025-06-01,100,100,1,1,東日本
SHP-006091,W-22,FG-0078,2024-05-30,100,100,1,1,東日本
SHP-006092,W-02,FG-0010,2024-05-29,100,100,1,1,東日本
SHP-006093,W-12,FG-0075,2024-05-28,100,100,1,1,東日本
SHP-006094,W-10,FG-0040,2024-04-22,100,100,1,1,海外
SHP-006095,W-17,FG-0073,2024-06-12,20,20,1,1,海外
SHP-006096,W-10,FG-0003,2025-03-16,50,50,1,1,西日本
SHP-006097,W-13,FG-0002,2025-06-30,20,20,1,1,西日本
SHP-006098,W-02,FG-0074,2024-07-31,20,20,0,1,海外
SHP-006099,W-24,FG-0001,2024-06-26,10,10,1,1,海外
SHP-006100,W-11,FG-0020,2024-11-30,10,10,1,1,西日本
SHP-006101,W-03,FG-0075,2025-09-29,20,20,1,1,西日本
SHP-006102,W-01,FG-0021,2024-07-27,100,100,1,1,海外
SHP-006103,W-13,FG-0043,2024-11-13,100,100,1,1,東日本
SHP-006104,W-08,FG-0025,2025-10-20,50,50,1,1,北日本
SHP-006105,W-13,FG-0079,2024-12-23,10,10,0,1,海外
SHP-006106,W-11,FG-0059,2025-06-06,100,100,1,1,北日本
SHP-006107,W-19,FG-0062,2025-06-02,20,20,1,1,北日本
SHP-006108,W-23,FG-0053,2026-03-12,50,50,1,1,北日本
SHP-006109,W-11,FG-0031,2025-03-07,50,50,1,1,北日本
SHP-006110,W-13,FG-0005,2026-03-19,10,10,1,1,北日本
SHP-006111,W-21,FG-0029,2025-10-18,20,20,1,1,東日本
SHP-006112,W-05,FG-0006,2025-03-15,10,10,1,1,海外
SHP-006113,W-01,FG-0039,2026-03-26,50,50,0,1,北日本
SHP-006114,W-09,FG-0001,2024-02-11,100,100,1,1,西日本
SHP-006115,W-13,FG-0061,2025-05-09,100,100,1,1,東日本
SHP-006116,W-12,FG-0025,2026-02-21,50,50,1,1,海外
SHP-006117,W-03,FG-0067,2024-02-06,20,20,1,1,西日本
SHP-006118,W-06,FG-0042,2026-03-12,50,44,1,0,海外
SHP-006119,W-23,FG-0011,2024-08-10,10,10,1,1,北日本
SHP-006120,W-07,FG-0073,2025-12-14,100,100,1,1,西日本
SHP-006121,W-12,FG-0064,2025-04-04,10,10,1,1,北日本
SHP-006122,W-03,FG-0050,2025-06-15,10,10,1,1,西日本
SHP-006123,W-08,FG-0074,2024-06-03,10,10,1,1,海外
SHP-006124,W-09,FG-0008,2024-12-12,10,10,1,1,西日本
SHP-006125,W-02,FG-0003,2024-12-13,10,10,1,1,西日本
SHP-003501,W-20,FG-0048,2024-02-26,50,50,0,1,海外
SHP-003502,W-24,FG-0071,2024-07-15,100,100,1,1,東日本
SHP-003503,W-20,FG-0009,2024-04-28,20,12,1,0,海外
SHP-003504,W-03,FG-0028,2024-10-22,10,10,0,1,東日本
SHP-003505,W-03,FG-0044,2024-10-08,100,100,1,1,西日本
SHP-003506,W-22,FG-0038,2025-06-05,100,100,1,1,海外
SHP-003507,W-22,FG-0058,2024-08-10,100,100,1,1,海外
SHP-003508,W-14,FG-0005,2024-03-01,100,100,0,1,北日本
SHP-003509,W-11,FG-0022,2025-12-31,100,100,1,1,東日本
SHP-003510,W-19,FG-0058,2024-02-03,100,100,1,1,西日本
SHP-003511,W-08,FG-0038,2025-04-06,10,10,1,1,東日本
SHP-003512,W-02,FG-0003,2025-11-09,50,50,1,1,西日本
SHP-003513,W-02,FG-0019,2024-11-12,10,8,1,0,海外
SHP-003514,W-12,FG-0029,2025-03-09,20,20,1,1,西日本
SHP-003515,W-12,FG-0064,2024-11-24,100,100,1,1,海外
SHP-003516,W-12,FG-0020,2025-12-21,20,20,0,1,東日本
SHP-003517,W-12,FG-0074,2025-10-25,100,100,1,1,海外
SHP-003518,W-13,FG-0002,2026-03-26,20,20,1,1,海外
SHP-003519,W-19,FG-0040,2024-03-19,10,10,1,1,西日本
SHP-003520,W-12,FG-0018,2026-01-29,10,10,1,1,東日本
SHP-003521,W-20,FG-0021,2024-02-21,10,10,1,1,西日本
SHP-003522,W-14,FG-0023,2025-07-18,10,10,1,1,東日本
SHP-003523,W-15,FG-0043,2024-07-03,10,10,1,1,海外
SHP-003524,W-04,FG-0036,2024-02-24,100,100,1,1,北日本
SHP-003525,W-24,FG-0056,2025-07-17,100,84,1,0,東日本
SHP-003526,W-01,FG-0047,2026-03-08,10,10,1,1,北日本
SHP-003527,W-07,FG-0024,2024-08-19,10,10,1,1,北日本
SHP-003528,W-08,FG-0033,2025-03-13,100,100,1,1,海外
SHP-003529,W-02,FG-0018,2025-10-04,100,78,1,0,海外
SHP-003530,W-23,FG-0016,2025-09-16,20,20,0,1,西日本
SHP-003531,W-12,FG-0055,2025-11-04,100,100,0,1,北日本
SHP-003532,W-22,FG-0019,2025-12-31,50,50,1,1,東日本
SHP-003533,W-03,FG-0072,2025-11-04,50,50,1,1,西日本
SHP-003534,W-12,FG-0016,2025-10-01,100,100,1,1,北日本
SHP-003535,W-11,FG-0028,2025-12-26,10,9,1,0,海外
SHP-003536,W-14,FG-0055,2025-01-02,50,50,1,1,東日本
SHP-003537,W-15,FG-0074,2024-07-07,20,20,1,1,西日本
SHP-003538,W-07,FG-0049,2026-02-01,50,50,1,1,東日本
SHP-003539,W-12,FG-0075,2024-12-02,20,20,1,1,東日本
SHP-003540,W-22,FG-0060,2024-10-18,10,10,1,1,北日本
SHP-003541,W-14,FG-0047,2024-03-23,10,10,1,1,西日本
SHP-003542,W-09,FG-0055,2025-11-11,10,10,1,1,東日本
SHP-003543,W-09,FG-0060,2025-02-01,50,50,0,1,東日本
SHP-003544,W-21,FG-0041,2024-03-02,50,50,1,1,海外
SHP-003545,W-19,FG-0076,2025-12-29,50,50,1,1,海外
SHP-003546,W-07,FG-0031,2026-02-19,20,20,1,1,海外
SHP-003547,W-19,FG-0055,2025-03-20,100,100,1,1,海外
SHP-003548,W-15,FG-0067,2024-07-22,100,100,1,1,東日本
SHP-003549,W-22,FG-0057,2025-06-05,20,20,0,1,海外
SHP-003550,W-19,FG-0044,2025-04-11,10,10,1,1,東日本
SHP-003551,W-23,FG-0060,2026-02-26,20,20,1,1,東日本
SHP-003552,W-17,FG-0042,2025-07-27,100,100,1,1,北日本
SHP-003553,W-18,FG-0004,2024-10-25,20,20,1,1,海外
SHP-003554,W-13,FG-0072,2024-12-02,100,100,1,1,海外
SHP-003555,W-24,FG-0055,2025-07-20,10,8,1,0,西日本
SHP-003556,W-15,FG-0055,2025-09-13,20,20,1,1,海外
SHP-003557,W-23,FG-0061,2025-03-13,20,20,1,1,東日本
SHP-003558,W-03,FG-0030,2024-11-28,50,42,1,0,東日本
SHP-003559,W-05,FG-0033,2025-04-09,50,50,1,1,海外
SHP-003560,W-10,FG-0012,2025-06-06,10,10,1,1,東日本
SHP-003561,W-22,FG-0016,2026-04-14,50,50,1,1,海外
SHP-003562,W-13,FG-0013,2025-07-15,50,45,0,0,西日本
SHP-003563,W-10,FG-0037,2024-02-16,50,50,1,1,北日本
SHP-003564,W-16,FG-0001,2025-08-10,10,10,1,1,海外
SHP-003565,W-21,FG-0023,2025-01-30,10,10,1,1,海外
SHP-003566,W-04,FG-0025,2024-08-27,100,74,1,0,西日本
SHP-003567,W-17,FG-0076,2024-10-05,10,10,1,1,東日本
SHP-003568,W-16,FG-0004,2026-01-10,50,50,1,1,東日本
SHP-003569,W-10,FG-0021,2025-01-09,50,50,1,1,海外
SHP-003570,W-23,FG-0073,2026-01-04,10,10,1,1,海外
SHP-003571,W-22,FG-0025,2025-08-21,10,10,1,1,東日本
SHP-003572,W-22,FG-0074,2024-11-24,10,10,1,1,北日本
SHP-003573,W-03,FG-0063,2026-01-04,10,10,1,1,東日本
SHP-003574,W-01,FG-0053,2024-07-24,100,100,1,1,西日本
SHP-003575,W-21,FG-0040,2025-11-10,50,50,1,1,東日本
SHP-003576,W-18,FG-0023,2024-07-06,100,100,1,1,東日本
SHP-003577,W-16,FG-0022,2025-08-26,50,50,1,1,東日本
SHP-003578,W-14,FG-0023,2025-01-17,10,7,1,0,海外
SHP-003579,W-21,FG-0040,2026-04-29,20,20,1,1,東日本
SHP-003580,W-07,FG-0056,2025-02-15,20,15,1,0,西日本
SHP-003581,W-19,FG-0021,2024-07-28,50,50,1,1,北日本
SHP-003582,W-19,FG-0004,2025-02-01,10,10,1,1,東日本
SHP-003583,W-04,FG-0041,2024-07-28,100,100,0,1,東日本
SHP-003584,W-16,FG-0004,2025-06-29,50,50,1,1,海外
SHP-003585,W-04,FG-0072,2026-03-25,50,50,1,1,西日本
SHP-003586,W-06,FG-0068,2024-02-23,20,20,1,1,西日本
SHP-003587,W-05,FG-0035,2025-11-18,10,10,1,1,東日本
SHP-003588,W-14,FG-0009,2025-07-31,100,100,1,1,東日本
SHP-003589,W-04,FG-0033,2024-12-09,50,50,1,1,海外
SHP-003590,W-05,FG-0054,2026-01-25,10,6,1,0,北日本
SHP-003591,W-06,FG-0020,2025-03-20,20,20,1,1,海外
SHP-003592,W-06,FG-0058,2025-08-14,20,20,1,1,西日本
SHP-003593,W-09,FG-0025,2026-03-01,20,20,1,1,東日本
SHP-003594,W-10,FG-0054,2024-08-10,10,10,0,1,北日本
SHP-003595,W-23,FG-0005,2024-08-22,100,100,1,1,東日本
SHP-003596,W-08,FG-0055,2024-07-13,20,20,1,1,西日本
SHP-003597,W-07,FG-0077,2024-02-11,100,100,0,1,海外
SHP-003598,W-02,FG-0006,2025-11-18,10,7,1,0,海外
SHP-003599,W-22,FG-0026,2024-04-29,50,50,1,1,北日本
SHP-003600,W-03,FG-0020,2026-02-24,20,20,1,1,海外
SHP-003601,W-10,FG-0078,2024-10-12,50,50,1,1,北日本
SHP-003602,W-21,FG-0001,2024-12-29,20,20,1,1,東日本
SHP-003603,W-23,FG-0043,2025-02-13,100,93,1,0,北日本
SHP-003604,W-11,FG-0045,2024-09-27,50,50,1,1,海外
SHP-003605,W-15,FG-0017,2026-02-09,10,10,1,1,西日本
SHP-003606,W-16,FG-0068,2025-10-13,100,100,1,1,海外
SHP-003607,W-09,FG-0066,2024-05-27,10,8,1,0,北日本
SHP-003608,W-14,FG-0073,2026-02-20,10,10,1,1,海外
SHP-003609,W-03,FG-0018,2025-02-05,50,50,1,1,東日本
SHP-003610,W-03,FG-0018,2025-12-23,100,100,1,1,東日本
SHP-003611,W-17,FG-0064,2026-03-22,50,50,1,1,海外
SHP-003612,W-17,FG-0017,2026-04-11,20,20,1,1,北日本
SHP-003613,W-18,FG-0030,2024-02-23,20,20,1,1,東日本
SHP-003614,W-06,FG-0048,2024-09-09,100,100,0,1,西日本
SHP-003615,W-14,FG-0067,2025-08-27,10,10,1,1,北日本
SHP-003616,W-01,FG-0061,2025-07-01,10,10,1,1,北日本
SHP-003617,W-13,FG-0003,2026-04-30,20,20,1,1,海外
SHP-003618,W-17,FG-0016,2024-10-05,10,10,1,1,北日本
SHP-003619,W-09,FG-0076,2026-03-21,10,10,1,1,北日本
SHP-003620,W-24,FG-0013,2024-05-14,10,10,1,1,北日本
SHP-003621,W-01,FG-0046,2026-02-15,50,50,1,1,北日本
SHP-003622,W-05,FG-0038,2025-03-23,10,10,0,1,北日本
SHP-003623,W-16,FG-0055,2024-04-21,50,50,1,1,西日本
SHP-003624,W-07,FG-0051,2024-10-30,100,100,1,1,東日本
SHP-003625,W-13,FG-0039,2024-08-30,50,34,1,0,東日本
SHP-003626,W-06,FG-0012,2024-01-22,20,20,1,1,北日本
SHP-003627,W-16,FG-0010,2025-02-15,20,20,1,1,北日本
SHP-003628,W-13,FG-0039,2025-08-04,20,20,1,1,北日本
SHP-003629,W-15,FG-0040,2025-11-18,20,20,1,1,北日本
SHP-003630,W-15,FG-0008,2025-08-07,100,100,1,1,西日本
SHP-003631,W-18,FG-0080,2026-03-23,10,10,1,1,東日本
SHP-003632,W-18,FG-0061,2026-04-19,20,20,1,1,東日本
SHP-003633,W-24,FG-0065,2024-04-30,100,100,1,1,北日本
SHP-003634,W-05,FG-0050,2024-12-02,100,88,1,0,西日本
SHP-003635,W-11,FG-0039,2025-10-29,50,50,1,1,西日本
SHP-003636,W-14,FG-0021,2025-01-21,20,20,1,1,北日本
SHP-003637,W-03,FG-0005,2025-01-11,20,20,1,1,北日本
SHP-003638,W-07,FG-0025,2025-05-21,10,10,1,1,西日本
SHP-003639,W-13,FG-0077,2025-10-13,20,20,0,1,東日本
SHP-003640,W-20,FG-0008,2024-10-18,100,100,1,1,西日本
SHP-003641,W-18,FG-0067,2026-03-23,50,50,1,1,東日本
SHP-003642,W-17,FG-0041,2024-08-15,50,50,1,1,西日本
SHP-003643,W-17,FG-0015,2024-04-14,50,34,1,0,北日本
SHP-003644,W-23,FG-0029,2024-11-30,100,100,1,1,東日本
SHP-003645,W-18,FG-0014,2024-06-23,20,20,1,1,海外
SHP-003646,W-11,FG-0074,2025-03-22,100,100,1,1,海外
SHP-003647,W-07,FG-0035,2025-08-18,10,10,1,1,西日本
SHP-003648,W-20,FG-0049,2025-01-20,10,8,1,0,西日本
SHP-003649,W-17,FG-0011,2025-06-28,20,20,0,1,海外
SHP-003650,W-05,FG-0033,2026-01-10,20,20,1,1,北日本
SHP-003651,W-16,FG-0007,2024-07-17,10,10,1,1,西日本
SHP-003652,W-20,FG-0056,2025-06-04,100,100,0,1,海外
SHP-003653,W-04,FG-0012,2025-02-17,20,20,1,1,西日本
SHP-003654,W-21,FG-0059,2026-03-02,50,40,1,0,東日本
SHP-003655,W-22,FG-0016,2024-01-09,50,50,1,1,北日本
SHP-003656,W-02,FG-0010,2024-02-14,10,10,1,1,海外
SHP-003657,W-23,FG-0017,2024-11-09,10,10,1,1,海外
SHP-003658,W-08,FG-0054,2025-03-14,50,50,0,1,海外
SHP-003659,W-14,FG-0003,2025-06-14,100,100,1,1,東日本
SHP-003660,W-12,FG-0027,2025-10-23,100,100,1,1,東日本
SHP-003661,W-07,FG-0008,2025-09-09,10,10,1,1,西日本
SHP-003662,W-24,FG-0041,2024-09-04,20,20,1,1,東日本
SHP-003663,W-22,FG-0050,2025-09-16,10,10,1,1,西日本
SHP-003664,W-03,FG-0047,2025-06-28,10,10,1,1,北日本
SHP-003665,W-23,FG-0066,2024-01-24,100,67,1,0,東日本
SHP-003666,W-22,FG-0060,2024-08-13,50,50,1,1,海外
SHP-003667,W-18,FG-0039,2025-08-18,50,50,1,1,東日本
SHP-003668,W-24,FG-0048,2024-12-24,20,20,1,1,東日本
SHP-003669,W-18,FG-0060,2025-11-14,50,50,1,1,海外
SHP-003670,W-04,FG-0059,2024-06-09,100,100,1,1,北日本
SHP-003671,W-16,FG-0054,2025-12-02,20,20,1,1,北日本
SHP-003672,W-11,FG-0056,2025-06-06,20,20,1,1,海外
SHP-003673,W-01,FG-0056,2024-07-04,10,10,1,1,北日本
SHP-003674,W-08,FG-0003,2025-06-21,20,20,0,1,北日本
SHP-003675,W-09,FG-0052,2025-12-30,50,50,1,1,海外
SHP-003676,W-16,FG-0013,2024-01-03,100,100,1,1,西日本
SHP-003677,W-10,FG-0050,2025-05-10,50,50,1,1,海外
SHP-003678,W-24,FG-0025,2024-12-28,20,20,1,1,北日本
SHP-003679,W-22,FG-0005,2026-03-21,20,20,1,1,北日本
SHP-003680,W-12,FG-0075,2024-07-11,50,40,1,0,西日本
SHP-003681,W-15,FG-0015,2024-04-19,100,82,1,0,海外
SHP-003682,W-12,FG-0022,2024-02-17,100,100,1,1,海外
SHP-003683,W-16,FG-0017,2024-02-13,50,50,1,1,北日本
SHP-003684,W-14,FG-0006,2024-04-22,20,20,0,1,西日本
SHP-003685,W-14,FG-0009,2024-03-05,20,20,1,1,海外
SHP-003686,W-08,FG-0062,2025-04-15,20,20,1,1,海外
SHP-003687,W-17,FG-0023,2025-05-18,10,10,1,1,西日本
SHP-003688,W-14,FG-0041,2025-03-15,10,10,1,1,東日本
SHP-003689,W-20,FG-0025,2024-09-19,20,20,1,1,北日本
SHP-003690,W-07,FG-0064,2024-05-06,50,50,1,1,北日本
SHP-003691,W-18,FG-0010,2025-01-01,50,50,1,1,東日本
SHP-003692,W-14,FG-0039,2024-02-02,20,20,0,1,東日本
SHP-003693,W-14,FG-0033,2024-07-15,20,20,1,1,東日本
SHP-003694,W-15,FG-0023,2024-02-05,100,100,1,1,海外
SHP-003695,W-08,FG-0055,2024-01-14,50,50,1,1,東日本
SHP-003696,W-24,FG-0025,2025-07-27,20,20,1,1,北日本
SHP-003697,W-04,FG-0036,2024-03-24,10,10,0,1,西日本
SHP-003698,W-06,FG-0007,2024-11-27,10,10,1,1,西日本
SHP-003699,W-10,FG-0006,2024-08-17,20,20,1,1,海外
SHP-003700,W-04,FG-0024,2025-05-03,10,10,1,1,東日本
SHP-003701,W-22,FG-0057,2026-02-09,100,100,1,1,北日本
SHP-003702,W-18,FG-0050,2024-01-11,50,50,1,1,北日本
SHP-003703,W-17,FG-0040,2024-01-17,50,50,1,1,海外
SHP-003704,W-12,FG-0067,2025-01-03,100,100,1,1,海外
SHP-003705,W-24,FG-0010,2025-02-13,50,50,1,1,東日本
SHP-003706,W-12,FG-0046,2024-11-21,20,20,1,1,北日本
SHP-003707,W-18,FG-0035,2025-01-02,100,100,1,1,北日本
SHP-003708,W-06,FG-0078,2025-08-05,10,10,1,1,海外
SHP-003709,W-16,FG-0060,2024-08-19,100,82,1,0,海外
SHP-003710,W-23,FG-0013,2025-02-03,100,100,0,1,海外
SHP-003711,W-04,FG-0062,2024-09-01,20,20,1,1,海外
SHP-003712,W-22,FG-0037,2024-09-30,10,10,1,1,海外
SHP-003713,W-07,FG-0045,2025-02-24,100,100,0,1,西日本
SHP-003714,W-10,FG-0003,2025-04-03,100,67,1,0,海外
SHP-003715,W-07,FG-0028,2024-10-20,50,50,1,1,東日本
SHP-003716,W-21,FG-0004,2024-01-25,10,10,1,1,海外
SHP-003717,W-12,FG-0019,2025-07-23,100,100,1,1,海外
SHP-003718,W-06,FG-0031,2024-08-31,20,13,1,0,北日本
SHP-003719,W-10,FG-0057,2024-03-24,10,10,1,1,西日本
SHP-003720,W-09,FG-0064,2025-07-23,20,20,1,1,東日本
SHP-003721,W-23,FG-0029,2024-05-20,100,100,1,1,海外
SHP-003722,W-02,FG-0071,2026-03-04,100,100,1,1,西日本
SHP-003723,W-02,FG-0021,2025-06-10,100,100,1,1,西日本
SHP-003724,W-16,FG-0075,2024-05-14,50,50,1,1,東日本
SHP-003725,W-09,FG-0027,2024-03-26,100,100,1,1,海外
SHP-003726,W-08,FG-0008,2025-09-23,100,100,1,1,東日本
SHP-003727,W-05,FG-0014,2024-03-04,50,38,1,0,東日本
SHP-003728,W-22,FG-0001,2024-03-21,50,50,0,1,東日本
SHP-003729,W-16,FG-0004,2025-04-03,50,50,1,1,海外
SHP-003730,W-08,FG-0004,2025-11-29,10,10,1,1,北日本
SHP-003731,W-15,FG-0080,2024-12-27,20,20,1,1,北日本
SHP-003732,W-01,FG-0023,2024-04-28,20,20,1,1,東日本
SHP-003733,W-10,FG-0011,2024-11-08,10,10,1,1,西日本
SHP-003734,W-01,FG-0003,2024-01-22,100,100,1,1,海外
SHP-003735,W-12,FG-0020,2025-05-27,10,10,1,1,海外
SHP-003736,W-02,FG-0010,2025-07-05,100,100,1,1,西日本
SHP-003737,W-17,FG-0031,2024-05-13,50,50,0,1,西日本
SHP-003738,W-10,FG-0058,2025-01-17,10,10,1,1,北日本
SHP-003739,W-21,FG-0036,2025-11-27,100,100,1,1,海外
SHP-003740,W-04,FG-0067,2024-10-08,20,20,1,1,西日本
SHP-003741,W-08,FG-0004,2024-10-22,10,10,1,1,西日本
SHP-003742,W-12,FG-0079,2025-08-26,20,20,0,1,東日本
SHP-003743,W-17,FG-0004,2024-09-21,50,50,1,1,西日本
SHP-003744,W-08,FG-0032,2024-03-16,10,10,1,1,東日本
SHP-003745,W-05,FG-0064,2024-12-02,10,10,1,1,西日本
SHP-003746,W-16,FG-0024,2024-05-23,20,20,1,1,東日本
SHP-003747,W-22,FG-0003,2025-12-05,50,50,1,1,北日本
SHP-003748,W-09,FG-0040,2026-02-10,20,20,0,1,西日本
SHP-003749,W-22,FG-0050,2024-12-31,20,20,1,1,西日本
SHP-003750,W-19,FG-0034,2025-08-20,50,50,1,1,北日本
SHP-003751,W-09,FG-0043,2024-07-18,100,100,1,1,海外
SHP-003752,W-24,FG-0079,2025-06-29,10,10,1,1,東日本
SHP-003753,W-23,FG-0056,2024-08-17,20,20,1,1,東日本
SHP-003754,W-13,FG-0055,2026-04-18,100,100,1,1,西日本
SHP-003755,W-06,FG-0079,2024-09-16,20,20,1,1,東日本
SHP-003756,W-18,FG-0004,2024-05-14,100,100,1,1,北日本
SHP-003757,W-19,FG-0063,2024-06-05,100,100,1,1,西日本
SHP-003758,W-16,FG-0015,2024-06-19,10,10,1,1,東日本
SHP-003759,W-01,FG-0071,2025-09-01,100,100,1,1,北日本
SHP-003760,W-21,FG-0015,2026-04-11,50,50,1,1,西日本
SHP-003761,W-11,FG-0009,2025-04-21,50,50,1,1,西日本
SHP-003762,W-01,FG-0078,2025-04-27,10,10,1,1,北日本
SHP-003763,W-15,FG-0050,2026-03-23,10,10,1,1,北日本
SHP-003764,W-01,FG-0066,2026-03-14,10,10,1,1,東日本
SHP-003765,W-21,FG-0074,2024-05-25,20,20,1,1,北日本
SHP-003766,W-01,FG-0035,2025-04-07,10,10,1,1,海外
SHP-003767,W-19,FG-0068,2025-11-13,20,20,1,1,西日本
SHP-003768,W-19,FG-0038,2024-02-02,50,50,0,1,西日本
SHP-003769,W-17,FG-0019,2025-11-14,20,20,0,1,北日本
SHP-003770,W-08,FG-0064,2024-09-15,20,14,1,0,海外
SHP-003771,W-09,FG-0021,2024-08-15,20,20,1,1,海外
SHP-003772,W-10,FG-0008,2025-10-20,20,20,1,1,海外
SHP-003773,W-07,FG-0029,2026-01-31,20,20,1,1,西日本
SHP-003774,W-16,FG-0029,2025-11-15,20,20,1,1,海外
SHP-003775,W-19,FG-0023,2026-01-16,10,10,1,1,東日本
SHP-003776,W-09,FG-0050,2025-08-21,50,50,1,1,海外
SHP-003777,W-18,FG-0040,2024-08-06,100,100,0,1,東日本
SHP-003778,W-04,FG-0076,2025-11-13,50,50,1,1,海外
SHP-003779,W-16,FG-0017,2024-03-25,20,20,1,1,北日本
SHP-003780,W-16,FG-0017,2024-01-04,20,20,0,1,海外
SHP-003781,W-16,FG-0069,2024-02-22,50,50,1,1,海外
SHP-003782,W-24,FG-0024,2026-04-07,50,50,0,1,西日本
SHP-003783,W-17,FG-0006,2025-02-07,10,10,1,1,海外
SHP-003784,W-04,FG-0042,2024-05-17,100,91,1,0,海外
SHP-003785,W-01,FG-0012,2025-03-01,50,50,1,1,西日本
SHP-003786,W-07,FG-0017,2024-11-01,10,10,1,1,西日本
SHP-003787,W-10,FG-0080,2025-09-16,20,20,1,1,東日本
SHP-003788,W-10,FG-0042,2024-02-08,20,20,1,1,北日本
SHP-003789,W-03,FG-0008,2025-03-15,100,100,0,1,西日本
SHP-003790,W-14,FG-0045,2024-09-03,100,89,1,0,東日本
SHP-003791,W-12,FG-0023,2025-07-06,100,100,1,1,東日本
SHP-003792,W-22,FG-0060,2025-08-17,20,20,1,1,西日本
SHP-003793,W-23,FG-0066,2025-05-09,100,100,1,1,北日本
SHP-003794,W-05,FG-0038,2024-08-15,10,10,1,1,西日本
SHP-003795,W-17,FG-0067,2024-07-18,100,100,1,1,海外
SHP-003796,W-06,FG-0076,2025-01-11,50,50,0,1,海外
SHP-003797,W-10,FG-0053,2026-01-24,50,50,1,1,海外
SHP-003798,W-01,FG-0014,2025-08-06,20,20,1,1,海外
SHP-003799,W-09,FG-0009,2026-04-23,50,50,0,1,海外
SHP-003800,W-16,FG-0041,2026-01-12,20,20,1,1,東日本
SHP-003801,W-12,FG-0016,2024-06-29,50,50,1,1,西日本
SHP-003802,W-16,FG-0008,2025-11-26,20,20,1,1,海外
SHP-003803,W-01,FG-0018,2024-03-27,50,50,1,1,東日本
SHP-003804,W-16,FG-0025,2024-02-07,20,20,1,1,北日本
SHP-003805,W-23,FG-0065,2025-04-07,10,10,1,1,西日本
SHP-003806,W-19,FG-0057,2024-08-26,10,7,1,0,西日本
SHP-003807,W-15,FG-0030,2025-04-17,50,50,1,1,東日本
SHP-003808,W-04,FG-0052,2026-02-06,10,10,1,1,西日本
SHP-003809,W-19,FG-0014,2024-11-07,10,10,1,1,東日本
SHP-003810,W-11,FG-0022,2026-03-20,10,10,0,1,東日本
SHP-003811,W-23,FG-0052,2024-05-12,20,20,1,1,海外
SHP-003812,W-16,FG-0008,2026-01-25,50,50,1,1,北日本
SHP-003813,W-14,FG-0056,2025-06-28,100,100,1,1,海外
SHP-003814,W-18,FG-0020,2024-09-11,20,20,1,1,東日本
SHP-003815,W-17,FG-0025,2024-07-04,10,10,1,1,北日本
SHP-003816,W-05,FG-0008,2026-03-30,50,50,1,1,西日本
SHP-003817,W-13,FG-0016,2024-04-19,20,20,0,1,海外
SHP-003818,W-12,FG-0011,2024-04-15,50,50,1,1,西日本
SHP-003819,W-12,FG-0076,2025-12-11,10,10,1,1,東日本
SHP-003820,W-16,FG-0006,2024-09-13,100,100,1,1,東日本
SHP-003821,W-13,FG-0007,2024-08-05,100,100,1,1,海外
SHP-003822,W-15,FG-0046,2025-04-10,50,50,0,1,北日本
SHP-003823,W-24,FG-0015,2026-01-21,20,20,1,1,西日本
SHP-003824,W-04,FG-0058,2024-07-04,100,100,1,1,東日本
SHP-003825,W-05,FG-0051,2024-11-04,100,100,1,1,海外
SHP-003826,W-14,FG-0048,2026-04-03,20,20,1,1,西日本
SHP-003827,W-11,FG-0002,2026-01-27,50,50,1,1,海外
SHP-003828,W-02,FG-0038,2025-09-06,20,20,1,1,東日本
SHP-003829,W-23,FG-0038,2025-11-25,50,50,1,1,海外
SHP-003830,W-02,FG-0062,2025-02-10,20,20,0,1,北日本
SHP-003831,W-15,FG-0065,2024-10-12,100,100,1,1,東日本
SHP-003832,W-18,FG-0067,2025-01-29,10,8,1,0,北日本
SHP-003833,W-12,FG-0006,2025-11-24,100,100,1,1,海外
SHP-003834,W-11,FG-0006,2024-07-19,50,50,1,1,東日本
SHP-003835,W-19,FG-0047,2024-03-14,20,20,1,1,海外
SHP-003836,W-20,FG-0039,2025-08-30,20,20,1,1,西日本
SHP-003837,W-21,FG-0025,2025-02-09,10,10,1,1,北日本
SHP-003838,W-21,FG-0042,2025-03-21,20,20,1,1,西日本
SHP-003839,W-11,FG-0074,2024-05-04,20,20,0,1,西日本
SHP-003840,W-23,FG-0048,2025-03-24,10,10,1,1,東日本
SHP-003841,W-14,FG-0078,2024-09-25,50,50,1,1,東日本
SHP-003842,W-11,FG-0019,2024-08-02,20,20,1,1,海外
SHP-003843,W-18,FG-0045,2024-09-28,50,50,0,1,海外
SHP-003844,W-24,FG-0079,2025-04-09,10,10,1,1,海外
SHP-003845,W-15,FG-0079,2024-02-12,10,10,1,1,西日本
SHP-003846,W-01,FG-0026,2025-03-30,50,50,1,1,北日本
SHP-003847,W-12,FG-0026,2025-11-05,50,50,1,1,西日本
SHP-003848,W-20,FG-0058,2025-09-21,20,20,1,1,東日本
SHP-003849,W-13,FG-0048,2024-06-22,100,100,1,1,西日本
SHP-003850,W-14,FG-0047,2025-12-15,20,20,1,1,東日本
SHP-003851,W-19,FG-0059,2025-03-31,50,50,1,1,北日本
SHP-003852,W-08,FG-0047,2024-11-11,20,20,1,1,東日本
SHP-003853,W-14,FG-0080,2025-12-28,100,100,0,1,北日本
SHP-003854,W-10,FG-0006,2024-09-16,20,20,1,1,海外
SHP-003855,W-20,FG-0026,2025-09-14,50,50,0,1,海外
SHP-003856,W-21,FG-0056,2025-08-09,10,10,1,1,北日本
SHP-003857,W-19,FG-0053,2025-02-04,20,20,1,1,海外
SHP-003858,W-23,FG-0019,2025-07-18,10,10,1,1,北日本
SHP-003859,W-08,FG-0075,2025-03-09,20,20,1,1,東日本
SHP-003860,W-05,FG-0039,2025-07-27,50,50,1,1,西日本
SHP-003861,W-17,FG-0077,2025-09-17,10,10,1,1,海外
SHP-003862,W-15,FG-0039,2024-08-13,20,20,1,1,海外
SHP-003863,W-19,FG-0056,2024-10-23,20,20,1,1,西日本
SHP-003864,W-01,FG-0053,2025-03-21,20,20,1,1,西日本
SHP-003865,W-12,FG-0065,2025-01-23,20,20,1,1,西日本
SHP-003866,W-09,FG-0016,2025-04-25,100,100,1,1,東日本
SHP-003867,W-21,FG-0055,2024-09-11,100,100,1,1,北日本
SHP-003868,W-22,FG-0004,2025-07-15,20,20,1,1,北日本
SHP-003869,W-22,FG-0052,2024-02-25,100,100,1,1,東日本
SHP-003870,W-19,FG-0032,2024-12-12,50,50,1,1,海外
SHP-003871,W-07,FG-0036,2025-06-30,10,10,1,1,北日本
SHP-003872,W-06,FG-0056,2026-02-23,10,10,1,1,西日本
SHP-003873,W-05,FG-0047,2026-04-02,20,20,1,1,東日本
SHP-003874,W-21,FG-0013,2026-01-18,50,50,1,1,海外
SHP-003875,W-05,FG-0013,2026-01-14,20,20,1,1,西日本
SHP-003876,W-22,FG-0018,2026-01-20,100,100,0,1,海外
SHP-003877,W-18,FG-0051,2024-01-01,50,50,1,1,海外
SHP-003878,W-13,FG-0040,2025-03-06,50,50,1,1,西日本
SHP-003879,W-18,FG-0043,2024-08-28,100,100,1,1,東日本
SHP-003880,W-18,FG-0074,2026-04-21,20,20,1,1,西日本
SHP-003881,W-17,FG-0008,2024-08-01,50,50,1,1,東日本
SHP-003882,W-17,FG-0024,2024-03-21,100,100,1,1,海外
SHP-003883,W-06,FG-0017,2025-01-11,20,20,1,1,西日本
SHP-003884,W-12,FG-0065,2024-01-03,100,100,1,1,北日本
SHP-003885,W-05,FG-0017,2024-02-20,20,20,1,1,西日本
SHP-003886,W-02,FG-0048,2025-08-29,20,20,1,1,北日本
SHP-003887,W-01,FG-0080,2025-01-23,20,20,0,1,北日本
SHP-003888,W-09,FG-0010,2025-09-30,10,10,1,1,海外
SHP-003889,W-23,FG-0054,2024-05-26,20,20,0,1,東日本
SHP-003890,W-04,FG-0017,2024-08-31,100,100,1,1,東日本
SHP-003891,W-19,FG-0073,2025-12-14,50,50,1,1,海外
SHP-003892,W-02,FG-0019,2026-03-07,100,100,1,1,北日本
SHP-003893,W-24,FG-0055,2025-04-15,100,100,1,1,北日本
SHP-003894,W-24,FG-0066,2025-05-04,10,8,0,0,西日本
SHP-003895,W-23,FG-0006,2026-03-22,20,20,1,1,北日本
SHP-003896,W-17,FG-0069,2025-01-10,100,100,1,1,西日本
SHP-003897,W-17,FG-0004,2024-08-01,20,20,1,1,海外
SHP-003898,W-03,FG-0068,2025-12-17,100,100,1,1,東日本
SHP-003899,W-16,FG-0011,2025-11-20,50,50,0,1,西日本
SHP-003900,W-24,FG-0007,2024-01-22,20,20,0,1,北日本
SHP-003901,W-16,FG-0011,2025-07-19,100,100,0,1,北日本
SHP-003902,W-02,FG-0054,2024-10-31,50,50,1,1,東日本
SHP-003903,W-12,FG-0032,2026-01-28,50,50,1,1,西日本
SHP-003904,W-10,FG-0053,2025-03-07,100,100,1,1,西日本
SHP-003905,W-15,FG-0059,2025-08-18,10,10,1,1,西日本
SHP-003906,W-15,FG-0024,2025-05-10,100,100,0,1,北日本
SHP-003907,W-05,FG-0071,2025-09-25,100,100,1,1,東日本
SHP-003908,W-22,FG-0018,2025-10-15,10,10,1,1,東日本
SHP-003909,W-10,FG-0064,2025-09-10,50,50,0,1,海外
SHP-003910,W-22,FG-0079,2024-11-15,100,100,1,1,北日本
SHP-003911,W-02,FG-0057,2024-05-17,100,100,1,1,西日本
SHP-003912,W-06,FG-0069,2024-03-01,20,20,1,1,東日本
SHP-003913,W-10,FG-0029,2025-12-01,50,41,1,0,海外
SHP-003914,W-08,FG-0002,2026-04-18,50,50,1,1,海外
SHP-003915,W-01,FG-0052,2026-02-25,10,10,1,1,東日本
SHP-003916,W-15,FG-0046,2024-12-30,10,10,1,1,北日本
SHP-003917,W-24,FG-0015,2025-06-22,100,100,1,1,西日本
SHP-003918,W-21,FG-0021,2024-01-12,100,100,1,1,北日本
SHP-003919,W-02,FG-0045,2024-06-02,50,50,1,1,西日本
SHP-003920,W-01,FG-0017,2025-10-16,50,50,1,1,海外
SHP-003921,W-07,FG-0043,2024-09-20,10,10,1,1,西日本
SHP-003922,W-05,FG-0057,2025-08-29,20,20,1,1,海外
SHP-003923,W-13,FG-0008,2026-02-17,10,10,1,1,海外
SHP-003924,W-16,FG-0021,2026-03-10,100,100,1,1,東日本
SHP-003925,W-14,FG-0046,2025-04-26,10,10,1,1,東日本
SHP-003926,W-04,FG-0006,2025-03-23,50,50,1,1,海外
SHP-003927,W-18,FG-0060,2024-02-20,50,50,1,1,西日本
SHP-003928,W-19,FG-0045,2025-11-22,50,50,1,1,北日本
SHP-003929,W-12,FG-0024,2025-11-18,50,50,1,1,海外
SHP-003930,W-17,FG-0048,2024-01-10,20,20,1,1,東日本
SHP-003931,W-21,FG-0061,2026-03-19,100,100,1,1,海外
SHP-003932,W-10,FG-0065,2025-03-30,10,10,0,1,東日本
SHP-003933,W-21,FG-0023,2025-01-15,10,10,1,1,北日本
SHP-003934,W-07,FG-0040,2026-02-27,50,50,0,1,西日本
SHP-003935,W-21,FG-0026,2025-01-26,10,10,1,1,北日本
SHP-003936,W-03,FG-0049,2025-09-23,10,10,1,1,東日本
SHP-003937,W-17,FG-0080,2024-08-06,10,10,1,1,西日本
SHP-003938,W-10,FG-0038,2026-01-13,50,50,1,1,北日本
SHP-003939,W-19,FG-0007,2024-05-30,50,50,1,1,海外
SHP-003940,W-18,FG-0072,2026-01-04,100,100,1,1,海外
SHP-003941,W-03,FG-0080,2024-09-13,50,50,1,1,海外
SHP-003942,W-24,FG-0059,2025-08-07,20,20,1,1,海外
SHP-003943,W-12,FG-0075,2024-06-15,20,20,1,1,北日本
SHP-003944,W-12,FG-0064,2025-04-18,100,100,1,1,北日本
SHP-003945,W-02,FG-0009,2026-03-15,100,100,1,1,北日本
SHP-003946,W-07,FG-0021,2024-05-20,20,20,1,1,海外
SHP-003947,W-10,FG-0035,2024-08-11,20,20,1,1,海外
SHP-003948,W-19,FG-0040,2024-06-17,50,50,1,1,東日本
SHP-003949,W-01,FG-0017,2025-12-17,10,10,1,1,西日本
SHP-003950,W-06,FG-0072,2024-12-29,100,100,1,1,海外
SHP-003951,W-24,FG-0056,2024-09-03,10,10,1,1,東日本
SHP-003952,W-21,FG-0001,2025-04-16,50,50,0,1,西日本
SHP-003953,W-23,FG-0009,2025-12-26,20,20,1,1,東日本
SHP-003954,W-15,FG-0062,2024-06-27,50,50,1,1,海外
SHP-003955,W-07,FG-0043,2026-04-06,20,20,1,1,西日本
SHP-003956,W-02,FG-0053,2024-02-15,100,62,1,0,西日本
SHP-003957,W-01,FG-0041,2025-12-02,20,20,1,1,西日本
SHP-003958,W-12,FG-0067,2025-12-04,50,50,1,1,海外
SHP-003959,W-03,FG-0028,2026-01-12,100,100,1,1,海外
SHP-003960,W-17,FG-0024,2025-11-30,10,10,1,1,北日本
SHP-003961,W-20,FG-0070,2024-06-01,50,50,1,1,北日本
SHP-003962,W-22,FG-0006,2024-09-14,10,10,1,1,海外
SHP-003963,W-22,FG-0043,2025-04-19,10,10,1,1,東日本
SHP-003964,W-16,FG-0066,2025-02-13,50,50,1,1,北日本
SHP-003965,W-09,FG-0070,2024-12-20,50,50,0,1,西日本
SHP-003966,W-06,FG-0007,2024-10-15,100,100,1,1,北日本
SHP-003967,W-16,FG-0029,2026-04-20,100,100,1,1,西日本
SHP-003968,W-02,FG-0055,2025-02-27,100,100,1,1,海外
SHP-003969,W-16,FG-0038,2026-04-30,100,100,1,1,西日本
SHP-003970,W-17,FG-0035,2025-08-10,20,20,1,1,海外
SHP-003971,W-07,FG-0048,2026-03-09,10,10,1,1,東日本
SHP-003972,W-20,FG-0079,2026-04-03,100,100,1,1,東日本
SHP-003973,W-07,FG-0038,2026-02-27,100,100,1,1,東日本
SHP-003974,W-24,FG-0022,2025-11-24,10,10,1,1,東日本
SHP-003975,W-07,FG-0030,2024-09-24,50,50,1,1,西日本
SHP-003976,W-20,FG-0046,2025-04-03,50,50,1,1,西日本
SHP-003977,W-13,FG-0080,2024-09-22,100,100,1,1,北日本
SHP-003978,W-05,FG-0028,2024-03-29,100,100,1,1,北日本
SHP-003979,W-17,FG-0054,2025-09-07,50,50,1,1,北日本
SHP-003980,W-17,FG-0067,2025-11-16,100,100,1,1,海外
SHP-003981,W-06,FG-0078,2025-08-01,20,20,1,1,海外
SHP-003982,W-17,FG-0073,2026-04-26,100,100,1,1,海外
SHP-003983,W-15,FG-0068,2025-02-02,20,20,1,1,西日本
SHP-003984,W-11,FG-0028,2024-05-20,100,84,1,0,北日本
SHP-003985,W-12,FG-0053,2026-04-16,50,50,1,1,東日本
SHP-003986,W-17,FG-0051,2024-12-02,20,20,1,1,西日本
SHP-003987,W-24,FG-0045,2025-02-22,20,20,1,1,西日本
SHP-003988,W-12,FG-0048,2025-03-18,20,14,1,0,西日本
SHP-003989,W-02,FG-0003,2025-08-10,100,83,1,0,北日本
SHP-003990,W-02,FG-0061,2024-01-16,20,18,1,0,西日本
SHP-003991,W-09,FG-0016,2026-02-11,20,20,1,1,海外
SHP-003992,W-11,FG-0065,2026-03-25,20,20,1,1,海外
SHP-003993,W-19,FG-0013,2024-05-01,20,20,1,1,北日本
SHP-003994,W-10,FG-0056,2024-01-11,50,50,1,1,東日本
SHP-003995,W-15,FG-0027,2024-06-02,10,10,1,1,北日本
SHP-003996,W-13,FG-0017,2025-09-03,100,100,1,1,北日本
SHP-003997,W-17,FG-0051,2024-02-05,100,100,1,1,西日本
SHP-003998,W-23,FG-0044,2025-09-09,20,20,0,1,北日本
SHP-003999,W-03,FG-0009,2025-02-14,20,20,0,1,北日本
SHP-004000,W-08,FG-0042,2024-01-17,20,20,1,1,東日本
SHP-004001,W-23,FG-0051,2025-12-20,20,18,0,0,北日本
SHP-004002,W-02,FG-0067,2026-01-14,50,45,1,0,東日本
SHP-004003,W-11,FG-0060,2025-12-16,50,50,1,1,海外
SHP-004004,W-11,FG-0080,2024-03-15,100,100,1,1,西日本
SHP-004005,W-16,FG-0050,2026-04-12,10,10,0,1,東日本
SHP-004006,W-09,FG-0066,2025-05-22,50,50,0,1,海外
SHP-004007,W-02,FG-0045,2025-04-23,10,10,1,1,北日本
SHP-004008,W-19,FG-0076,2024-02-29,10,6,1,0,東日本
SHP-004009,W-15,FG-0012,2026-03-06,10,10,1,1,海外
SHP-004010,W-14,FG-0052,2025-01-09,100,100,0,1,北日本
SHP-004011,W-05,FG-0002,2025-05-03,20,20,1,1,西日本
SHP-004012,W-16,FG-0050,2024-11-01,10,10,1,1,海外
SHP-004013,W-16,FG-0060,2025-11-11,20,20,1,1,海外
SHP-004014,W-05,FG-0026,2024-08-24,20,20,1,1,東日本
SHP-004015,W-20,FG-0070,2025-12-27,10,10,1,1,海外
SHP-004016,W-13,FG-0005,2024-07-04,20,20,1,1,海外
SHP-004017,W-13,FG-0008,2026-01-11,50,50,1,1,東日本
SHP-004018,W-21,FG-0079,2024-06-09,100,100,1,1,東日本
SHP-004019,W-09,FG-0061,2024-01-01,10,10,1,1,東日本
SHP-004020,W-23,FG-0026,2025-06-16,100,100,0,1,東日本
SHP-004021,W-12,FG-0042,2024-07-13,10,10,1,1,北日本
SHP-004022,W-04,FG-0054,2024-12-23,50,50,1,1,東日本
SHP-004023,W-04,FG-0009,2025-04-12,100,100,1,1,海外
SHP-004024,W-02,FG-0077,2025-12-11,10,10,1,1,西日本
SHP-004025,W-20,FG-0043,2024-04-20,100,100,1,1,東日本
SHP-004026,W-03,FG-0016,2025-08-23,20,20,1,1,西日本
SHP-004027,W-17,FG-0077,2025-03-12,100,100,0,1,西日本
SHP-004028,W-02,FG-0071,2025-12-21,20,15,1,0,海外
SHP-004029,W-14,FG-0014,2025-01-23,10,8,1,0,北日本
SHP-004030,W-12,FG-0008,2025-01-04,100,100,1,1,西日本
SHP-004031,W-13,FG-0020,2024-01-22,20,20,1,1,西日本
SHP-004032,W-21,FG-0014,2026-03-30,50,45,0,0,海外
SHP-004033,W-01,FG-0034,2026-03-06,10,10,1,1,海外
SHP-004034,W-02,FG-0080,2024-06-24,10,10,1,1,北日本
SHP-004035,W-06,FG-0052,2024-10-06,10,10,1,1,北日本
SHP-004036,W-18,FG-0042,2024-09-20,100,100,1,1,東日本
SHP-004037,W-14,FG-0028,2025-11-07,20,20,0,1,西日本
SHP-004038,W-10,FG-0004,2025-08-16,20,20,1,1,西日本
SHP-004039,W-11,FG-0004,2024-12-09,100,100,1,1,北日本
SHP-004040,W-17,FG-0019,2025-08-23,20,20,1,1,東日本
SHP-004041,W-22,FG-0044,2025-12-23,100,100,0,1,西日本
SHP-004042,W-18,FG-0025,2025-01-11,50,50,1,1,海外
SHP-004043,W-20,FG-0004,2026-03-31,50,50,1,1,西日本
SHP-004044,W-21,FG-0024,2025-05-14,10,10,1,1,北日本
SHP-004045,W-22,FG-0047,2025-10-06,50,50,1,1,海外
SHP-004046,W-04,FG-0041,2026-02-05,100,100,1,1,北日本
SHP-004047,W-05,FG-0035,2025-06-28,20,20,1,1,北日本
SHP-004048,W-21,FG-0078,2025-01-19,50,50,0,1,海外
SHP-004049,W-16,FG-0069,2025-09-18,10,10,0,1,東日本
SHP-004050,W-07,FG-0035,2025-09-30,100,100,1,1,北日本
SHP-004051,W-14,FG-0052,2025-01-16,20,18,1,0,海外
SHP-004052,W-17,FG-0005,2025-07-29,20,20,1,1,東日本
SHP-004053,W-14,FG-0009,2026-01-27,10,10,1,1,北日本
SHP-004054,W-24,FG-0026,2024-01-29,50,50,1,1,西日本
SHP-004055,W-21,FG-0051,2024-12-31,100,100,1,1,海外
SHP-004056,W-17,FG-0068,2026-02-19,10,10,1,1,海外
SHP-004057,W-13,FG-0013,2024-09-14,20,13,1,0,西日本
SHP-004058,W-12,FG-0067,2025-09-01,50,50,0,1,東日本
SHP-004059,W-04,FG-0076,2025-03-13,20,20,1,1,東日本
SHP-004060,W-07,FG-0041,2025-09-06,100,71,1,0,西日本
SHP-004061,W-23,FG-0045,2025-03-08,100,100,1,1,西日本
SHP-004062,W-18,FG-0014,2026-02-26,20,20,1,1,西日本
SHP-004063,W-10,FG-0049,2025-10-12,100,100,1,1,西日本
SHP-004064,W-21,FG-0049,2026-01-11,10,10,1,1,西日本
SHP-004065,W-22,FG-0054,2024-06-08,10,10,1,1,東日本
SHP-004066,W-01,FG-0053,2025-12-13,10,10,1,1,西日本
SHP-004067,W-21,FG-0007,2025-02-17,50,50,1,1,北日本
SHP-004068,W-11,FG-0029,2024-07-04,50,50,1,1,西日本
SHP-004069,W-12,FG-0070,2024-09-30,20,20,1,1,海外
SHP-004070,W-24,FG-0042,2025-04-19,20,20,1,1,東日本
SHP-004071,W-04,FG-0009,2024-12-01,20,20,1,1,西日本
SHP-004072,W-09,FG-0036,2025-09-26,50,50,1,1,西日本
SHP-004073,W-02,FG-0001,2025-05-03,20,20,1,1,北日本
SHP-004074,W-17,FG-0066,2024-09-22,100,100,1,1,西日本
SHP-004075,W-05,FG-0028,2024-08-16,100,100,0,1,海外
SHP-004076,W-06,FG-0027,2025-09-30,10,10,0,1,西日本
SHP-004077,W-22,FG-0057,2026-03-12,10,10,1,1,東日本
SHP-004078,W-13,FG-0037,2026-03-28,50,50,1,1,東日本
SHP-004079,W-16,FG-0073,2024-04-09,20,20,1,1,海外
SHP-004080,W-02,FG-0040,2025-04-23,100,100,1,1,西日本
SHP-004081,W-02,FG-0069,2025-07-03,20,14,1,0,西日本
SHP-004082,W-18,FG-0033,2025-01-03,10,10,1,1,西日本
SHP-004083,W-20,FG-0058,2025-02-15,100,100,1,1,東日本
SHP-004084,W-08,FG-0023,2024-12-28,50,50,1,1,西日本
SHP-004085,W-16,FG-0013,2025-05-27,20,20,1,1,海外
SHP-004086,W-03,FG-0038,2026-02-10,10,10,1,1,海外
SHP-004087,W-08,FG-0037,2025-04-05,20,20,1,1,北日本
SHP-004088,W-02,FG-0079,2025-09-11,50,50,1,1,北日本
SHP-004089,W-12,FG-0011,2025-09-16,20,20,1,1,北日本
SHP-004090,W-22,FG-0013,2025-09-18,10,10,1,1,海外
SHP-004091,W-07,FG-0046,2024-07-07,100,100,1,1,西日本
SHP-004092,W-19,FG-0044,2024-06-27,10,6,1,0,北日本
SHP-004093,W-11,FG-0032,2025-06-09,20,20,1,1,西日本
SHP-004094,W-14,FG-0007,2024-02-20,20,20,1,1,東日本
SHP-004095,W-20,FG-0040,2025-03-06,100,100,1,1,海外
SHP-004096,W-01,FG-0072,2025-08-19,20,20,1,1,海外
SHP-004097,W-16,FG-0071,2024-05-13,10,10,1,1,北日本
SHP-004098,W-22,FG-0017,2024-02-25,50,50,1,1,北日本
SHP-004099,W-15,FG-0047,2026-04-02,50,50,0,1,西日本
SHP-004100,W-21,FG-0007,2025-10-23,50,50,1,1,北日本
SHP-004101,W-22,FG-0071,2024-02-29,10,10,1,1,北日本
SHP-004102,W-21,FG-0056,2026-03-21,20,15,1,0,海外
SHP-004103,W-11,FG-0060,2025-10-15,10,10,1,1,北日本
SHP-004104,W-13,FG-0017,2026-04-27,100,65,1,0,西日本
SHP-004105,W-02,FG-0020,2024-09-08,20,20,1,1,北日本
SHP-004106,W-05,FG-0052,2024-02-01,100,72,1,0,東日本
SHP-004107,W-13,FG-0049,2025-01-26,100,100,1,1,東日本
SHP-004108,W-14,FG-0014,2025-11-23,50,50,1,1,海外
SHP-004109,W-21,FG-0025,2024-09-01,50,50,1,1,北日本
SHP-004110,W-22,FG-0079,2024-02-01,20,20,1,1,東日本
SHP-004111,W-10,FG-0009,2025-03-16,20,20,1,1,東日本
SHP-004112,W-06,FG-0042,2025-05-02,100,100,1,1,海外
SHP-004113,W-17,FG-0021,2024-02-28,20,20,1,1,東日本
SHP-004114,W-14,FG-0078,2024-02-16,10,10,1,1,北日本
SHP-004115,W-02,FG-0027,2026-03-17,50,50,1,1,北日本
SHP-004116,W-18,FG-0038,2024-08-24,50,50,0,1,北日本
SHP-004117,W-06,FG-0014,2024-06-23,100,100,0,1,西日本
SHP-004118,W-11,FG-0001,2024-09-07,50,50,1,1,東日本
SHP-004119,W-16,FG-0033,2025-03-24,20,20,1,1,北日本
SHP-004120,W-09,FG-0026,2024-10-17,100,100,1,1,北日本
SHP-004121,W-16,FG-0077,2024-07-24,10,10,1,1,東日本
SHP-004122,W-12,FG-0070,2024-11-22,20,14,1,0,西日本
SHP-004123,W-01,FG-0047,2025-12-02,20,20,1,1,海外
SHP-004124,W-24,FG-0074,2026-02-04,100,100,1,1,西日本
SHP-004125,W-01,FG-0078,2024-02-01,100,100,0,1,海外
SHP-004126,W-09,FG-0052,2025-01-16,20,20,1,1,西日本
SHP-004127,W-22,FG-0079,2024-09-01,10,10,1,1,北日本
SHP-004128,W-10,FG-0038,2025-06-21,20,20,1,1,東日本
SHP-004129,W-09,FG-0001,2025-02-13,50,50,1,1,海外
SHP-004130,W-22,FG-0032,2025-06-20,20,20,0,1,海外
SHP-004131,W-05,FG-0053,2024-06-05,10,10,1,1,海外
SHP-004132,W-23,FG-0054,2024-10-17,10,10,1,1,東日本
SHP-004133,W-24,FG-0060,2025-07-12,50,50,1,1,東日本
SHP-004134,W-20,FG-0019,2025-11-05,10,10,1,1,海外
SHP-004135,W-06,FG-0024,2025-01-01,20,20,1,1,北日本
SHP-004136,W-22,FG-0051,2024-12-10,100,100,0,1,海外
SHP-004137,W-24,FG-0042,2025-02-08,100,100,1,1,北日本
SHP-004138,W-07,FG-0008,2024-05-14,50,50,1,1,西日本
SHP-004139,W-12,FG-0027,2024-10-11,100,100,1,1,東日本
SHP-004140,W-01,FG-0018,2024-09-14,20,20,1,1,北日本
SHP-004141,W-05,FG-0046,2024-06-19,100,100,1,1,西日本
SHP-004142,W-08,FG-0015,2024-03-15,100,100,1,1,東日本
SHP-004143,W-18,FG-0011,2025-04-28,50,50,1,1,西日本
SHP-004144,W-13,FG-0059,2024-02-01,100,100,1,1,西日本
SHP-004145,W-12,FG-0063,2024-05-29,10,10,1,1,西日本
SHP-004146,W-13,FG-0033,2026-04-04,10,10,1,1,西日本
SHP-004147,W-07,FG-0049,2024-10-18,50,50,1,1,北日本
SHP-004148,W-16,FG-0031,2024-02-18,20,20,1,1,東日本
SHP-004149,W-12,FG-0004,2025-02-20,50,50,1,1,北日本
SHP-004150,W-10,FG-0071,2025-01-06,50,50,1,1,西日本
SHP-004151,W-03,FG-0003,2025-09-06,100,100,1,1,海外
SHP-004152,W-04,FG-0049,2024-06-07,50,50,1,1,西日本
SHP-004153,W-22,FG-0073,2025-07-12,100,100,1,1,西日本
SHP-004154,W-17,FG-0064,2025-11-27,50,50,1,1,東日本
SHP-004155,W-22,FG-0028,2025-03-17,100,100,0,1,東日本
SHP-004156,W-21,FG-0032,2025-08-23,10,10,0,1,海外
SHP-004157,W-12,FG-0001,2025-08-23,100,100,1,1,北日本
SHP-004158,W-03,FG-0071,2024-08-13,20,20,1,1,北日本
SHP-004159,W-16,FG-0013,2025-01-14,10,10,1,1,東日本
SHP-004160,W-14,FG-0076,2025-07-21,50,50,1,1,海外
SHP-004161,W-16,FG-0021,2025-06-01,50,50,1,1,北日本
SHP-004162,W-02,FG-0052,2025-09-27,20,20,1,1,西日本
SHP-004163,W-15,FG-0016,2025-04-27,10,10,1,1,北日本
SHP-004164,W-13,FG-0071,2024-02-06,20,15,0,0,西日本
SHP-004165,W-09,FG-0076,2024-09-14,10,10,1,1,東日本
SHP-004166,W-03,FG-0033,2024-02-14,20,20,0,1,西日本
SHP-004167,W-04,FG-0012,2025-10-24,20,20,1,1,西日本
SHP-004168,W-17,FG-0038,2024-01-10,100,100,1,1,東日本
SHP-004169,W-14,FG-0072,2024-05-06,20,20,1,1,西日本
SHP-004170,W-05,FG-0071,2025-01-30,10,10,1,1,北日本
SHP-004171,W-02,FG-0004,2024-08-20,10,10,1,1,海外
SHP-004172,W-16,FG-0031,2024-09-12,100,100,1,1,東日本
SHP-004173,W-09,FG-0045,2026-01-09,20,20,1,1,東日本
SHP-004174,W-22,FG-0034,2024-12-20,10,10,1,1,海外
SHP-004175,W-14,FG-0057,2025-02-07,10,10,0,1,海外
SHP-004176,W-21,FG-0075,2025-10-27,20,17,1,0,海外
SHP-004177,W-20,FG-0019,2025-09-15,20,20,1,1,東日本
SHP-004178,W-08,FG-0073,2025-11-26,20,20,1,1,東日本
SHP-004179,W-02,FG-0016,2025-06-11,20,20,1,1,西日本
SHP-004180,W-22,FG-0017,2024-07-30,10,10,1,1,海外
SHP-004181,W-13,FG-0050,2024-06-20,20,20,1,1,東日本
SHP-004182,W-23,FG-0024,2024-06-28,20,20,1,1,海外
SHP-004183,W-14,FG-0025,2026-04-18,100,100,0,1,東日本
SHP-004184,W-20,FG-0032,2026-01-09,20,20,1,1,北日本
SHP-004185,W-06,FG-0054,2025-11-17,10,10,1,1,北日本
SHP-004186,W-05,FG-0077,2024-12-27,20,20,1,1,海外
SHP-004187,W-12,FG-0020,2026-03-27,20,20,1,1,東日本
SHP-004188,W-06,FG-0015,2025-08-19,20,20,1,1,東日本
SHP-004189,W-18,FG-0021,2024-12-18,10,10,0,1,西日本
SHP-004190,W-18,FG-0080,2024-05-17,20,20,1,1,西日本
SHP-004191,W-20,FG-0071,2024-12-28,50,50,0,1,西日本
SHP-004192,W-12,FG-0007,2024-03-02,50,50,0,1,西日本
SHP-004193,W-10,FG-0036,2026-01-04,100,100,1,1,北日本
SHP-004194,W-21,FG-0078,2024-05-07,10,10,1,1,西日本
SHP-004195,W-01,FG-0031,2025-12-29,100,61,1,0,北日本
SHP-004196,W-01,FG-0020,2025-06-18,20,20,1,1,海外
SHP-004197,W-20,FG-0066,2026-04-11,20,20,1,1,海外
SHP-004198,W-22,FG-0011,2024-08-14,20,20,0,1,海外
SHP-004199,W-06,FG-0015,2025-06-14,10,10,1,1,東日本
SHP-004200,W-04,FG-0059,2026-02-26,50,37,1,0,西日本
SHP-004201,W-08,FG-0045,2024-04-07,50,50,1,1,海外
SHP-004202,W-22,FG-0058,2025-04-12,100,100,1,1,西日本
SHP-004203,W-19,FG-0043,2024-10-29,20,20,0,1,海外
SHP-004204,W-24,FG-0007,2025-05-11,50,50,1,1,海外
SHP-004205,W-09,FG-0075,2026-04-27,50,50,1,1,海外
SHP-004206,W-03,FG-0010,2026-03-31,100,100,1,1,東日本
SHP-004207,W-22,FG-0018,2025-07-19,50,50,1,1,東日本
SHP-004208,W-06,FG-0004,2026-03-04,50,50,1,1,北日本
SHP-004209,W-21,FG-0034,2025-08-09,10,10,0,1,西日本
SHP-004210,W-16,FG-0060,2025-07-19,10,10,1,1,東日本
SHP-004211,W-11,FG-0030,2025-02-13,20,20,1,1,北日本
SHP-004212,W-15,FG-0042,2026-03-10,50,50,1,1,東日本
SHP-004213,W-09,FG-0044,2024-12-25,100,100,1,1,北日本
SHP-004214,W-18,FG-0059,2024-01-13,100,100,1,1,海外
SHP-004215,W-14,FG-0014,2025-04-07,10,10,1,1,北日本
SHP-004216,W-23,FG-0029,2025-04-21,50,50,1,1,西日本
SHP-004217,W-08,FG-0047,2025-08-07,20,20,1,1,北日本
SHP-004218,W-02,FG-0049,2024-11-30,20,20,1,1,北日本
SHP-004219,W-13,FG-0025,2024-08-04,100,100,1,1,海外
SHP-004220,W-13,FG-0049,2024-07-18,20,20,1,1,東日本
SHP-004221,W-20,FG-0071,2025-03-14,100,100,1,1,海外
SHP-004222,W-07,FG-0045,2024-09-08,50,50,1,1,西日本
SHP-004223,W-06,FG-0050,2024-08-16,10,8,1,0,海外
SHP-004224,W-01,FG-0008,2024-06-29,100,100,1,1,海外
SHP-004225,W-05,FG-0061,2026-02-06,20,20,1,1,海外
SHP-004226,W-12,FG-0036,2024-02-28,20,20,1,1,東日本
SHP-004227,W-03,FG-0043,2024-06-11,50,50,1,1,北日本
SHP-004228,W-24,FG-0059,2025-03-31,20,20,1,1,海外
SHP-004229,W-21,FG-0072,2024-11-13,10,10,1,1,北日本
SHP-004230,W-12,FG-0036,2025-12-05,50,35,1,0,海外
SHP-004231,W-13,FG-0078,2024-12-11,100,100,0,1,西日本
SHP-004232,W-06,FG-0038,2025-05-11,50,50,1,1,東日本
SHP-004233,W-16,FG-0036,2025-08-20,100,100,1,1,東日本
SHP-004234,W-07,FG-0050,2024-09-11,50,50,1,1,西日本
SHP-004235,W-23,FG-0014,2025-04-29,50,31,1,0,東日本
SHP-004236,W-09,FG-0019,2025-04-18,100,100,1,1,海外
SHP-004237,W-24,FG-0045,2024-04-28,10,10,1,1,東日本
SHP-004238,W-14,FG-0008,2025-12-24,10,10,1,1,北日本
SHP-004239,W-21,FG-0034,2024-12-01,50,50,1,1,東日本
SHP-004240,W-01,FG-0028,2024-06-06,50,50,1,1,東日本
SHP-004241,W-02,FG-0008,2026-02-13,50,50,1,1,西日本
SHP-004242,W-09,FG-0047,2025-03-28,100,100,1,1,北日本
SHP-004243,W-11,FG-0036,2025-07-15,100,100,0,1,東日本
SHP-004244,W-05,FG-0031,2025-07-19,10,10,1,1,西日本
SHP-004245,W-18,FG-0070,2025-09-19,100,100,1,1,東日本
SHP-004246,W-08,FG-0020,2024-06-17,20,20,1,1,北日本
SHP-004247,W-19,FG-0014,2024-10-01,100,100,1,1,東日本
SHP-004248,W-18,FG-0045,2025-08-18,50,50,1,1,海外
SHP-004249,W-14,FG-0026,2024-01-24,10,10,1,1,東日本
SHP-004250,W-15,FG-0037,2024-05-06,100,100,1,1,東日本
SHP-004251,W-14,FG-0060,2025-07-19,10,10,1,1,東日本
SHP-004252,W-04,FG-0079,2026-04-20,10,10,1,1,西日本
SHP-004253,W-07,FG-0063,2024-04-01,20,20,1,1,東日本
SHP-004254,W-16,FG-0040,2025-09-15,100,100,1,1,西日本
SHP-004255,W-16,FG-0015,2025-08-02,50,50,1,1,北日本
SHP-004256,W-09,FG-0070,2024-05-19,20,20,1,1,東日本
SHP-004257,W-22,FG-0051,2024-02-11,20,20,1,1,海外
SHP-004258,W-08,FG-0014,2024-10-31,10,10,0,1,北日本
SHP-004259,W-16,FG-0067,2025-03-16,20,20,1,1,西日本
SHP-004260,W-05,FG-0056,2025-11-26,50,36,1,0,海外
SHP-004261,W-15,FG-0011,2025-09-13,50,50,1,1,北日本
SHP-004262,W-09,FG-0048,2024-03-10,50,50,1,1,北日本
SHP-004263,W-15,FG-0050,2025-06-19,100,100,1,1,北日本
SHP-004264,W-15,FG-0005,2025-06-28,20,20,1,1,西日本
SHP-004265,W-09,FG-0001,2024-05-30,100,100,1,1,西日本
SHP-004266,W-12,FG-0006,2024-08-19,10,10,1,1,東日本
SHP-004267,W-03,FG-0043,2025-09-20,50,50,1,1,東日本
SHP-004268,W-03,FG-0079,2025-12-15,50,50,1,1,西日本
SHP-004269,W-03,FG-0007,2026-03-19,20,20,0,1,北日本
SHP-004270,W-22,FG-0037,2024-11-14,50,50,1,1,西日本
SHP-004271,W-05,FG-0021,2024-07-09,20,20,1,1,東日本
SHP-004272,W-21,FG-0017,2026-01-23,10,10,1,1,北日本
SHP-004273,W-20,FG-0067,2024-11-03,50,50,1,1,東日本
SHP-004274,W-24,FG-0051,2024-06-19,20,20,1,1,北日本
SHP-004275,W-03,FG-0064,2024-12-23,50,50,1,1,海外
SHP-004276,W-13,FG-0033,2024-04-14,10,10,1,1,東日本
SHP-004277,W-11,FG-0051,2025-04-23,10,10,1,1,海外
SHP-004278,W-20,FG-0038,2026-01-17,20,20,1,1,西日本
SHP-004279,W-06,FG-0054,2025-03-25,50,47,0,0,西日本
SHP-004280,W-01,FG-0001,2025-03-14,20,20,1,1,西日本
SHP-004281,W-18,FG-0015,2024-01-04,50,50,1,1,東日本
SHP-004282,W-20,FG-0026,2025-09-02,100,100,1,1,東日本
SHP-004283,W-19,FG-0041,2024-06-15,50,50,0,1,西日本
SHP-004284,W-02,FG-0053,2024-08-13,20,20,1,1,北日本
SHP-004285,W-08,FG-0035,2024-06-04,20,20,1,1,海外
SHP-004286,W-14,FG-0022,2024-03-19,50,50,1,1,海外
SHP-004287,W-21,FG-0021,2025-12-10,10,10,1,1,北日本
SHP-004288,W-01,FG-0016,2025-12-28,20,20,1,1,東日本
SHP-004289,W-14,FG-0063,2024-01-27,10,10,0,1,北日本
SHP-004290,W-02,FG-0055,2025-04-01,20,20,1,1,東日本
SHP-004291,W-23,FG-0072,2024-12-04,50,50,1,1,北日本
SHP-004292,W-07,FG-0029,2024-05-01,10,10,0,1,西日本
SHP-004293,W-11,FG-0056,2024-01-22,100,100,1,1,東日本
SHP-004294,W-07,FG-0031,2024-11-09,10,7,1,0,北日本
SHP-004295,W-15,FG-0021,2025-12-21,100,100,1,1,東日本
SHP-004296,W-01,FG-0041,2024-10-21,50,50,1,1,西日本
SHP-004297,W-14,FG-0004,2024-05-11,100,100,1,1,東日本
SHP-004298,W-08,FG-0021,2024-03-22,20,20,1,1,東日本
SHP-004299,W-08,FG-0058,2025-01-18,20,20,1,1,東日本
SHP-004300,W-08,FG-0078,2024-02-29,10,10,1,1,西日本
SHP-004301,W-08,FG-0063,2025-07-04,20,20,1,1,北日本
SHP-004302,W-17,FG-0079,2026-01-17,10,10,1,1,海外
SHP-004303,W-10,FG-0079,2024-04-14,10,10,1,1,北日本
SHP-004304,W-23,FG-0064,2024-04-17,10,10,1,1,東日本
SHP-004305,W-11,FG-0006,2025-08-17,100,91,1,0,海外
SHP-004306,W-05,FG-0074,2025-10-17,10,10,1,1,西日本
SHP-004307,W-13,FG-0013,2025-09-01,20,20,1,1,海外
SHP-004308,W-03,FG-0009,2026-04-01,100,100,1,1,西日本
SHP-004309,W-15,FG-0080,2024-06-24,50,50,1,1,海外
SHP-004310,W-11,FG-0057,2025-02-18,50,50,1,1,北日本
SHP-004311,W-14,FG-0004,2026-04-11,50,50,1,1,西日本
SHP-004312,W-12,FG-0063,2024-03-25,100,100,1,1,海外
SHP-004313,W-14,FG-0061,2024-08-29,50,50,1,1,北日本
SHP-004314,W-19,FG-0065,2026-04-24,50,50,0,1,海外
SHP-004315,W-15,FG-0009,2024-11-18,100,100,1,1,北日本
SHP-004316,W-11,FG-0075,2025-08-14,50,50,1,1,西日本
SHP-004317,W-09,FG-0071,2025-09-26,20,20,1,1,海外
SHP-004318,W-19,FG-0028,2026-02-25,50,50,1,1,海外
SHP-004319,W-19,FG-0057,2026-03-06,50,50,1,1,北日本
SHP-004320,W-16,FG-0079,2024-10-25,10,10,1,1,海外
SHP-004321,W-08,FG-0015,2026-02-05,100,100,0,1,北日本
SHP-004322,W-08,FG-0014,2024-03-01,20,20,1,1,東日本
SHP-004323,W-16,FG-0038,2025-05-17,10,10,0,1,西日本
SHP-004324,W-10,FG-0031,2024-04-26,10,10,1,1,東日本
SHP-004325,W-07,FG-0062,2025-01-24,10,10,1,1,北日本
SHP-004326,W-21,FG-0076,2025-07-24,50,50,1,1,西日本
SHP-004327,W-10,FG-0042,2025-01-19,100,100,1,1,西日本
SHP-004328,W-17,FG-0066,2025-11-16,20,20,1,1,東日本
SHP-004329,W-07,FG-0069,2025-03-28,100,100,1,1,西日本
SHP-004330,W-05,FG-0072,2026-04-10,10,10,1,1,海外
SHP-004331,W-14,FG-0079,2024-05-15,50,50,1,1,北日本
SHP-004332,W-10,FG-0003,2024-07-13,10,10,1,1,東日本
SHP-004333,W-03,FG-0025,2025-09-29,50,50,1,1,東日本
SHP-004334,W-14,FG-0020,2025-05-31,10,10,1,1,東日本
SHP-004335,W-21,FG-0027,2026-04-10,20,20,1,1,東日本
SHP-004336,W-15,FG-0071,2024-07-03,100,100,1,1,海外
SHP-004337,W-02,FG-0028,2024-07-09,50,50,1,1,西日本
SHP-004338,W-11,FG-0024,2024-07-25,100,100,1,1,東日本
SHP-004339,W-14,FG-0070,2024-05-24,20,20,1,1,東日本
SHP-004340,W-19,FG-0006,2025-05-05,20,20,1,1,北日本
SHP-004341,W-05,FG-0055,2024-04-05,50,50,1,1,東日本
SHP-004342,W-02,FG-0028,2025-08-31,50,50,1,1,海外
SHP-004343,W-14,FG-0058,2026-01-15,100,100,1,1,西日本
SHP-004344,W-22,FG-0019,2024-05-04,100,100,0,1,西日本
SHP-004345,W-12,FG-0074,2025-03-11,20,20,1,1,西日本
SHP-004346,W-05,FG-0070,2024-01-29,100,100,1,1,西日本
SHP-004347,W-05,FG-0068,2025-08-03,50,50,0,1,海外
SHP-004348,W-19,FG-0080,2025-02-12,10,10,1,1,東日本
SHP-004349,W-11,FG-0045,2025-10-09,50,50,1,1,西日本
SHP-004350,W-21,FG-0066,2025-05-16,50,50,1,1,東日本
SHP-004351,W-02,FG-0075,2024-12-17,100,100,0,1,西日本
SHP-004352,W-18,FG-0068,2024-12-30,50,50,1,1,西日本
SHP-004353,W-24,FG-0039,2024-03-15,50,50,0,1,東日本
SHP-004354,W-23,FG-0079,2024-10-06,10,10,1,1,西日本
SHP-004355,W-17,FG-0072,2026-03-05,50,50,1,1,西日本
SHP-004356,W-01,FG-0063,2025-04-03,20,20,1,1,東日本
SHP-004357,W-01,FG-0039,2026-01-12,50,50,1,1,北日本
SHP-004358,W-08,FG-0026,2026-03-10,10,10,1,1,東日本
SHP-004359,W-22,FG-0025,2025-08-11,50,50,1,1,海外
SHP-004360,W-15,FG-0013,2024-10-16,20,20,1,1,西日本
SHP-004361,W-14,FG-0066,2025-11-19,100,100,1,1,西日本
SHP-004362,W-14,FG-0076,2025-11-11,50,50,0,1,西日本
SHP-004363,W-09,FG-0066,2026-01-16,10,10,1,1,海外
SHP-004364,W-09,FG-0016,2024-05-18,20,20,1,1,海外
SHP-004365,W-01,FG-0023,2024-08-12,20,20,0,1,海外
SHP-004366,W-19,FG-0002,2025-05-06,20,20,1,1,北日本
SHP-004367,W-20,FG-0078,2025-09-09,10,10,1,1,海外
SHP-004368,W-09,FG-0047,2025-05-17,20,20,1,1,東日本
SHP-004369,W-23,FG-0017,2024-05-25,100,100,1,1,西日本
SHP-004370,W-02,FG-0063,2025-02-13,20,20,1,1,東日本
SHP-004371,W-03,FG-0022,2025-04-27,50,50,1,1,東日本
SHP-004372,W-04,FG-0073,2025-08-05,50,50,1,1,西日本
SHP-004373,W-16,FG-0079,2025-07-14,50,50,1,1,東日本
SHP-004374,W-21,FG-0019,2024-11-30,20,20,1,1,西日本
SHP-004375,W-02,FG-0078,2024-09-22,50,50,1,1,海外
SHP-012251,W-15,FG-0002,2024-11-03,50,50,1,1,東日本
SHP-012252,W-22,FG-0072,2025-11-09,10,6,1,0,北日本
SHP-012253,W-17,FG-0011,2024-11-30,10,10,1,1,東日本
SHP-012254,W-02,FG-0005,2025-05-15,10,10,1,1,東日本
SHP-012255,W-19,FG-0068,2024-11-19,50,50,0,1,西日本
SHP-012256,W-07,FG-0079,2025-08-16,50,50,0,1,西日本
SHP-012257,W-14,FG-0045,2025-07-12,20,20,1,1,西日本
SHP-012258,W-14,FG-0078,2025-04-30,100,100,1,1,東日本
SHP-012259,W-20,FG-0015,2025-04-21,100,100,1,1,海外
SHP-012260,W-21,FG-0045,2024-11-02,100,100,1,1,北日本
SHP-012261,W-11,FG-0066,2024-08-28,100,100,0,1,北日本
SHP-012262,W-16,FG-0072,2024-11-15,10,10,1,1,東日本
SHP-012263,W-21,FG-0005,2024-05-10,10,10,1,1,東日本
SHP-012264,W-04,FG-0018,2025-09-02,10,10,1,1,海外
SHP-012265,W-17,FG-0014,2025-02-09,50,50,1,1,北日本
SHP-012266,W-03,FG-0078,2024-09-13,100,100,1,1,西日本
SHP-012267,W-24,FG-0050,2025-12-08,100,100,0,1,海外
SHP-012268,W-01,FG-0054,2024-04-25,20,14,1,0,西日本
SHP-012269,W-05,FG-0045,2025-04-05,50,50,0,1,東日本
SHP-012270,W-08,FG-0052,2025-02-17,20,20,1,1,北日本
SHP-012271,W-13,FG-0059,2025-08-23,100,100,1,1,北日本
SHP-012272,W-12,FG-0036,2026-03-24,50,50,0,1,東日本
SHP-012273,W-19,FG-0013,2025-09-19,10,10,1,1,海外
SHP-012274,W-17,FG-0069,2024-08-06,20,13,1,0,西日本
SHP-012275,W-06,FG-0048,2025-07-06,10,10,1,1,東日本
SHP-012276,W-04,FG-0035,2025-11-27,100,100,1,1,北日本
SHP-012277,W-12,FG-0068,2024-05-30,50,50,1,1,海外
SHP-012278,W-12,FG-0029,2025-03-31,10,10,0,1,西日本
SHP-012279,W-11,FG-0054,2024-07-16,20,17,1,0,海外
SHP-012280,W-21,FG-0057,2024-09-21,20,20,0,1,海外
SHP-012281,W-17,FG-0001,2024-09-26,20,20,1,1,東日本
SHP-012282,W-12,FG-0033,2024-09-09,20,20,1,1,東日本
SHP-012283,W-12,FG-0058,2025-02-24,10,10,1,1,北日本
SHP-012284,W-24,FG-0079,2025-01-11,50,50,1,1,北日本
SHP-012285,W-05,FG-0048,2025-01-21,10,10,1,1,北日本
SHP-012286,W-01,FG-0060,2024-09-11,20,20,1,1,海外
SHP-012287,W-02,FG-0028,2025-08-22,50,50,1,1,海外
SHP-012288,W-17,FG-0023,2025-10-25,50,50,1,1,北日本
SHP-012289,W-17,FG-0014,2024-11-21,20,20,1,1,西日本
SHP-012290,W-13,FG-0063,2026-03-03,20,13,1,0,西日本
SHP-012291,W-14,FG-0004,2024-01-16,10,10,1,1,西日本
SHP-012292,W-09,FG-0076,2025-08-18,100,100,1,1,北日本
SHP-012293,W-13,FG-0050,2026-02-28,10,10,1,1,海外
SHP-012294,W-06,FG-0045,2025-02-15,10,10,1,1,東日本
SHP-012295,W-24,FG-0018,2025-01-27,20,13,1,0,海外
SHP-012296,W-19,FG-0008,2025-02-24,100,100,1,1,海外
SHP-012297,W-13,FG-0007,2025-11-21,10,10,0,1,西日本
SHP-012298,W-14,FG-0050,2024-08-20,10,10,1,1,北日本
SHP-012299,W-15,FG-0051,2025-01-27,50,50,1,1,西日本
SHP-012300,W-03,FG-0043,2025-03-22,50,50,1,1,海外
SHP-012301,W-15,FG-0064,2025-06-27,10,10,0,1,東日本
SHP-012302,W-24,FG-0055,2024-05-30,50,50,1,1,西日本
SHP-012303,W-12,FG-0028,2024-02-23,10,10,1,1,西日本
SHP-012304,W-12,FG-0014,2025-01-21,10,10,0,1,東日本
SHP-012305,W-16,FG-0065,2024-03-09,20,20,1,1,海外
SHP-012306,W-16,FG-0057,2025-06-29,100,100,1,1,東日本
SHP-012307,W-24,FG-0053,2025-10-01,100,100,1,1,海外
SHP-012308,W-23,FG-0030,2024-10-14,100,100,1,1,海外
SHP-012309,W-08,FG-0005,2024-07-01,10,10,1,1,東日本
SHP-012310,W-20,FG-0049,2025-03-16,100,100,1,1,東日本
SHP-012311,W-16,FG-0044,2025-09-20,20,20,1,1,西日本
SHP-012312,W-18,FG-0068,2024-06-14,20,20,1,1,北日本
SHP-012313,W-11,FG-0074,2024-05-04,100,91,1,0,北日本
SHP-012314,W-20,FG-0054,2024-06-25,10,10,1,1,海外
SHP-012315,W-07,FG-0050,2025-06-17,50,38,1,0,東日本
SHP-012316,W-12,FG-0029,2025-05-30,10,10,1,1,東日本
SHP-012317,W-17,FG-0064,2024-06-09,50,50,1,1,西日本
SHP-012318,W-15,FG-0058,2024-07-26,10,10,1,1,海外
SHP-012319,W-01,FG-0070,2025-04-04,10,10,1,1,海外
SHP-012320,W-11,FG-0043,2024-08-07,10,10,1,1,北日本
SHP-012321,W-09,FG-0067,2025-07-28,10,10,1,1,西日本
SHP-012322,W-24,FG-0011,2024-04-30,20,20,1,1,海外
SHP-012323,W-19,FG-0068,2024-10-17,100,100,1,1,北日本
SHP-012324,W-14,FG-0022,2024-08-17,50,50,1,1,海外
SHP-012325,W-13,FG-0003,2024-04-28,50,50,1,1,北日本
SHP-012326,W-15,FG-0070,2026-02-25,10,10,1,1,海外
SHP-012327,W-03,FG-0058,2026-01-12,10,10,1,1,西日本
SHP-012328,W-14,FG-0015,2025-04-07,50,50,1,1,海外
SHP-012329,W-13,FG-0021,2025-09-27,20,20,1,1,西日本
SHP-012330,W-19,FG-0028,2025-06-15,10,10,1,1,北日本
SHP-012331,W-22,FG-0079,2025-09-01,50,50,1,1,北日本
SHP-012332,W-14,FG-0054,2024-08-08,100,100,1,1,海外
SHP-012333,W-22,FG-0048,2025-09-30,50,50,1,1,北日本
SHP-012334,W-05,FG-0068,2024-09-08,50,50,1,1,北日本
SHP-012335,W-07,FG-0025,2025-02-03,50,50,1,1,東日本
SHP-012336,W-13,FG-0073,2025-10-27,50,50,1,1,海外
SHP-012337,W-24,FG-0033,2024-12-05,10,10,1,1,海外
SHP-012338,W-04,FG-0051,2025-01-19,10,10,1,1,東日本
SHP-012339,W-20,FG-0078,2025-01-10,20,20,1,1,西日本
SHP-012340,W-22,FG-0043,2024-10-14,20,20,1,1,東日本
SHP-012341,W-17,FG-0021,2024-05-26,10,10,1,1,海外
SHP-012342,W-10,FG-0024,2026-02-12,10,10,1,1,北日本
SHP-012343,W-10,FG-0076,2025-02-07,100,100,1,1,北日本
SHP-012344,W-21,FG-0023,2024-06-22,100,100,1,1,海外
SHP-012345,W-20,FG-0043,2024-06-23,100,100,1,1,西日本
SHP-012346,W-16,FG-0016,2024-11-17,20,20,1,1,北日本
SHP-012347,W-01,FG-0009,2025-09-03,50,34,1,0,海外
SHP-012348,W-19,FG-0025,2024-11-28,100,100,1,1,北日本
SHP-012349,W-16,FG-0017,2024-03-19,20,20,1,1,西日本
SHP-012350,W-19,FG-0024,2024-07-15,20,20,1,1,西日本
SHP-012351,W-21,FG-0069,2025-11-20,100,100,1,1,東日本
SHP-012352,W-24,FG-0058,2025-11-17,20,20,1,1,北日本
SHP-012353,W-05,FG-0055,2024-10-12,50,50,1,1,西日本
SHP-012354,W-05,FG-0066,2024-08-07,20,20,0,1,海外
SHP-012355,W-23,FG-0045,2025-02-28,20,13,0,0,東日本
SHP-012356,W-23,FG-0078,2025-11-14,20,20,1,1,海外
SHP-012357,W-15,FG-0051,2025-02-15,50,50,1,1,西日本
SHP-012358,W-12,FG-0035,2024-01-24,100,100,1,1,西日本
SHP-012359,W-01,FG-0059,2024-08-15,100,92,1,0,海外
SHP-012360,W-18,FG-0077,2024-08-14,10,10,1,1,海外
SHP-012361,W-16,FG-0046,2026-01-23,50,50,1,1,北日本
SHP-012362,W-12,FG-0027,2025-07-02,20,20,1,1,海外
SHP-012363,W-06,FG-0034,2025-11-14,100,100,0,1,東日本
SHP-012364,W-18,FG-0071,2025-11-08,10,10,0,1,西日本
SHP-012365,W-15,FG-0023,2026-04-26,50,50,1,1,北日本
SHP-012366,W-05,FG-0059,2025-02-17,50,50,1,1,北日本
SHP-012367,W-03,FG-0012,2024-10-02,100,100,1,1,北日本
SHP-012368,W-02,FG-0009,2025-06-22,20,20,1,1,東日本
SHP-012369,W-03,FG-0022,2025-10-22,20,12,1,0,東日本
SHP-012370,W-21,FG-0064,2025-09-14,100,100,1,1,東日本
SHP-012371,W-23,FG-0019,2024-03-24,20,20,1,1,東日本
SHP-012372,W-24,FG-0059,2024-06-26,20,12,1,0,東日本
SHP-012373,W-17,FG-0077,2025-09-02,50,50,1,1,東日本
SHP-012374,W-01,FG-0013,2024-08-07,100,100,1,1,海外
SHP-012375,W-14,FG-0004,2024-04-26,100,100,1,1,西日本
SHP-012376,W-24,FG-0049,2025-11-02,20,18,1,0,東日本
SHP-012377,W-13,FG-0061,2025-04-13,100,100,1,1,西日本
SHP-012378,W-02,FG-0041,2024-04-24,50,43,1,0,北日本
SHP-012379,W-16,FG-0005,2024-04-03,50,50,1,1,西日本
SHP-012380,W-24,FG-0033,2025-04-25,20,20,1,1,海外
SHP-012381,W-14,FG-0070,2024-03-28,20,20,1,1,北日本
SHP-012382,W-13,FG-0075,2024-08-31,10,10,1,1,北日本
SHP-012383,W-12,FG-0039,2025-08-15,50,36,1,0,東日本
SHP-012384,W-06,FG-0073,2025-04-16,20,20,1,1,東日本
SHP-012385,W-13,FG-0002,2024-04-12,50,50,1,1,北日本
SHP-012386,W-17,FG-0025,2025-11-01,100,100,1,1,西日本
SHP-012387,W-08,FG-0044,2025-03-20,10,10,1,1,北日本
SHP-012388,W-10,FG-0043,2025-08-11,10,10,1,1,西日本
SHP-012389,W-14,FG-0028,2026-03-07,100,100,1,1,西日本
SHP-012390,W-22,FG-0002,2025-04-30,100,100,1,1,北日本
SHP-012391,W-20,FG-0055,2024-11-23,100,100,1,1,海外
SHP-012392,W-13,FG-0036,2025-07-24,20,20,1,1,海外
SHP-012393,W-09,FG-0021,2025-11-17,100,100,1,1,東日本
SHP-012394,W-23,FG-0034,2025-12-22,20,20,1,1,北日本
SHP-012395,W-10,FG-0037,2026-03-21,100,100,1,1,東日本
SHP-012396,W-24,FG-0053,2024-11-11,50,50,0,1,東日本
SHP-012397,W-18,FG-0048,2024-08-13,50,38,1,0,北日本
SHP-012398,W-01,FG-0028,2026-01-29,100,100,1,1,西日本
SHP-012399,W-20,FG-0031,2024-06-04,100,100,1,1,海外
SHP-012400,W-07,FG-0051,2024-11-18,100,76,1,0,北日本
SHP-012401,W-20,FG-0057,2025-05-05,100,100,1,1,東日本
SHP-012402,W-07,FG-0032,2026-04-26,50,50,1,1,西日本
SHP-012403,W-11,FG-0009,2025-08-31,50,50,1,1,西日本
SHP-012404,W-15,FG-0051,2025-01-03,100,100,1,1,東日本
SHP-012405,W-18,FG-0005,2025-01-25,20,20,1,1,海外
SHP-012406,W-20,FG-0054,2026-02-12,10,10,1,1,北日本
SHP-012407,W-14,FG-0061,2024-12-07,50,50,1,1,東日本
SHP-012408,W-13,FG-0074,2025-01-01,10,10,1,1,北日本
SHP-012409,W-05,FG-0027,2025-09-04,10,10,1,1,西日本
SHP-012410,W-19,FG-0016,2024-10-06,50,50,1,1,海外
SHP-012411,W-06,FG-0044,2025-02-22,20,20,1,1,西日本
SHP-012412,W-16,FG-0046,2025-04-17,50,50,1,1,西日本
SHP-012413,W-06,FG-0062,2026-02-25,10,10,0,1,北日本
SHP-012414,W-24,FG-0006,2024-10-15,100,100,1,1,北日本
SHP-012415,W-14,FG-0021,2026-04-17,50,45,0,0,海外
SHP-012416,W-17,FG-0006,2025-01-08,10,10,0,1,東日本
SHP-012417,W-19,FG-0026,2024-10-18,100,100,1,1,東日本
SHP-012418,W-08,FG-0003,2024-01-26,50,50,1,1,東日本
SHP-012419,W-05,FG-0010,2026-02-25,100,100,1,1,西日本
SHP-012420,W-01,FG-0033,2024-03-14,50,50,1,1,北日本
SHP-012421,W-04,FG-0033,2025-04-05,50,39,0,0,北日本
SHP-012422,W-16,FG-0079,2025-02-08,20,20,1,1,海外
SHP-012423,W-13,FG-0046,2024-06-05,20,20,1,1,東日本
SHP-012424,W-08,FG-0065,2024-03-18,100,100,1,1,海外
SHP-012425,W-08,FG-0003,2025-08-14,100,100,0,1,海外
SHP-012426,W-11,FG-0032,2025-03-06,100,100,1,1,海外
SHP-012427,W-13,FG-0023,2024-04-05,10,10,1,1,西日本
SHP-012428,W-10,FG-0045,2024-09-06,100,100,1,1,西日本
SHP-012429,W-17,FG-0052,2025-02-14,20,20,1,1,北日本
SHP-012430,W-22,FG-0055,2025-09-03,10,10,1,1,東日本
SHP-012431,W-10,FG-0047,2024-06-15,20,20,1,1,西日本
SHP-012432,W-22,FG-0019,2025-11-14,10,10,1,1,北日本
SHP-012433,W-04,FG-0001,2026-03-31,20,20,1,1,東日本
SHP-012434,W-20,FG-0024,2024-03-28,50,50,1,1,東日本
SHP-012435,W-08,FG-0010,2024-11-14,100,100,1,1,北日本
SHP-012436,W-18,FG-0018,2026-04-04,20,20,1,1,東日本
SHP-012437,W-05,FG-0044,2024-01-08,20,20,1,1,北日本
SHP-012438,W-10,FG-0047,2026-04-13,100,100,1,1,東日本
SHP-012439,W-17,FG-0026,2025-04-12,10,8,0,0,西日本
SHP-012440,W-18,FG-0012,2025-07-18,100,100,1,1,海外
SHP-012441,W-20,FG-0010,2026-02-07,50,50,1,1,西日本
SHP-012442,W-14,FG-0076,2026-02-24,50,50,0,1,西日本
SHP-012443,W-13,FG-0031,2024-06-15,100,100,1,1,西日本
SHP-012444,W-17,FG-0023,2025-09-13,10,10,1,1,海外
SHP-012445,W-06,FG-0013,2024-04-23,10,10,1,1,海外
SHP-012446,W-12,FG-0080,2025-07-19,100,100,1,1,海外
SHP-012447,W-24,FG-0050,2024-03-14,10,10,1,1,海外
SHP-012448,W-13,FG-0009,2024-11-24,100,100,1,1,東日本
SHP-012449,W-12,FG-0045,2025-05-24,20,20,1,1,海外
SHP-012450,W-08,FG-0071,2025-02-16,50,50,1,1,東日本
SHP-012451,W-22,FG-0074,2025-03-02,20,20,1,1,東日本
SHP-012452,W-07,FG-0028,2024-06-19,100,100,1,1,西日本
SHP-012453,W-21,FG-0058,2025-10-18,20,20,1,1,海外
SHP-012454,W-15,FG-0048,2024-04-29,20,20,1,1,海外
SHP-012455,W-12,FG-0045,2024-03-14,10,10,1,1,北日本
SHP-012456,W-08,FG-0011,2024-09-21,10,10,0,1,海外
SHP-012457,W-22,FG-0050,2024-10-25,100,100,1,1,東日本
SHP-012458,W-04,FG-0078,2025-02-07,50,50,1,1,東日本
SHP-012459,W-20,FG-0021,2024-09-30,20,20,1,1,北日本
SHP-012460,W-15,FG-0026,2026-04-28,20,20,1,1,北日本
SHP-012461,W-24,FG-0020,2026-04-28,50,40,1,0,西日本
SHP-012462,W-12,FG-0031,2026-01-12,100,100,1,1,西日本
SHP-012463,W-20,FG-0077,2025-04-04,10,10,1,1,西日本
SHP-012464,W-05,FG-0057,2024-07-11,10,10,1,1,西日本
SHP-012465,W-01,FG-0056,2024-10-07,10,10,1,1,北日本
SHP-012466,W-10,FG-0001,2025-10-14,10,10,1,1,東日本
SHP-012467,W-14,FG-0063,2025-07-14,10,7,1,0,東日本
SHP-012468,W-12,FG-0028,2024-07-14,10,10,1,1,西日本
SHP-012469,W-16,FG-0001,2024-04-15,10,10,1,1,東日本
SHP-012470,W-07,FG-0063,2024-05-27,50,50,1,1,西日本
SHP-012471,W-24,FG-0063,2024-09-24,10,10,1,1,東日本
SHP-012472,W-20,FG-0036,2026-02-04,50,50,1,1,北日本
SHP-012473,W-13,FG-0061,2024-03-19,100,100,1,1,海外
SHP-012474,W-09,FG-0003,2024-05-13,50,50,1,1,海外
SHP-012475,W-03,FG-0049,2026-02-17,10,6,1,0,北日本
SHP-012476,W-05,FG-0003,2025-03-11,10,10,1,1,西日本
SHP-012477,W-14,FG-0067,2025-12-02,50,41,0,0,東日本
SHP-012478,W-14,FG-0080,2025-01-21,50,50,1,1,北日本
SHP-012479,W-24,FG-0009,2024-09-17,100,100,0,1,東日本
SHP-012480,W-10,FG-0065,2025-10-25,20,20,1,1,東日本
SHP-012481,W-03,FG-0037,2024-07-08,100,100,1,1,東日本
SHP-012482,W-08,FG-0035,2025-07-03,10,10,1,1,北日本
SHP-012483,W-18,FG-0001,2025-03-06,100,100,1,1,海外
SHP-012484,W-01,FG-0029,2025-10-11,50,50,1,1,海外
SHP-012485,W-17,FG-0001,2025-12-14,100,64,1,0,北日本
SHP-012486,W-14,FG-0041,2025-03-27,20,20,1,1,海外
SHP-012487,W-22,FG-0039,2025-08-14,50,50,1,1,西日本
SHP-012488,W-10,FG-0079,2025-05-17,100,100,0,1,北日本
SHP-012489,W-09,FG-0071,2024-02-01,10,10,1,1,海外
SHP-012490,W-04,FG-0001,2025-10-07,10,10,1,1,海外
SHP-012491,W-16,FG-0057,2025-10-10,100,100,1,1,北日本
SHP-012492,W-05,FG-0025,2024-11-27,100,91,1,0,西日本
SHP-012493,W-12,FG-0017,2025-11-18,20,20,1,1,西日本
SHP-012494,W-16,FG-0075,2026-03-25,50,37,1,0,海外
SHP-012495,W-01,FG-0011,2024-10-18,50,50,1,1,東日本
SHP-012496,W-19,FG-0055,2026-04-07,20,20,1,1,西日本
SHP-012497,W-23,FG-0007,2024-09-15,10,10,1,1,西日本
SHP-012498,W-18,FG-0046,2025-11-07,20,20,1,1,海外
SHP-012499,W-17,FG-0015,2024-06-17,100,100,1,1,西日本
SHP-012500,W-17,FG-0022,2024-11-01,100,100,1,1,東日本
SHP-012501,W-10,FG-0062,2024-05-05,100,100,1,1,西日本
SHP-012502,W-15,FG-0023,2025-05-02,10,10,1,1,西日本
SHP-012503,W-11,FG-0021,2026-01-30,100,100,1,1,東日本
SHP-012504,W-05,FG-0080,2024-04-14,50,50,1,1,西日本
SHP-012505,W-03,FG-0052,2026-03-26,20,20,1,1,海外
SHP-012506,W-02,FG-0041,2025-01-07,50,42,1,0,北日本
SHP-012507,W-03,FG-0006,2025-01-31,10,10,1,1,北日本
SHP-012508,W-07,FG-0056,2025-10-14,100,100,1,1,北日本
SHP-012509,W-22,FG-0028,2025-09-01,100,100,1,1,北日本
SHP-012510,W-18,FG-0022,2025-11-27,10,10,1,1,北日本
SHP-012511,W-17,FG-0076,2026-02-06,50,50,1,1,北日本
SHP-012512,W-12,FG-0024,2025-01-28,10,10,1,1,北日本
SHP-012513,W-17,FG-0005,2024-06-17,100,100,1,1,北日本
SHP-012514,W-17,FG-0010,2025-07-27,10,10,1,1,東日本
SHP-012515,W-13,FG-0033,2025-06-15,10,10,1,1,海外
SHP-012516,W-02,FG-0046,2024-07-15,10,10,1,1,海外
SHP-012517,W-09,FG-0038,2024-04-07,100,100,1,1,北日本
SHP-012518,W-16,FG-0019,2026-04-01,10,10,1,1,北日本
SHP-012519,W-18,FG-0039,2026-02-26,50,50,1,1,海外
SHP-012520,W-07,FG-0023,2025-01-08,100,100,1,1,海外
SHP-012521,W-06,FG-0016,2024-02-13,50,50,1,1,西日本
SHP-012522,W-05,FG-0079,2024-12-24,10,10,1,1,北日本
SHP-012523,W-24,FG-0004,2024-10-31,10,10,1,1,海外
SHP-012524,W-13,FG-0033,2024-06-02,20,20,1,1,西日本
SHP-012525,W-20,FG-0048,2025-10-09,50,50,1,1,西日本
SHP-012526,W-20,FG-0013,2024-11-07,100,100,1,1,西日本
SHP-012527,W-11,FG-0039,2024-03-13,20,20,1,1,東日本
SHP-012528,W-10,FG-0053,2024-04-13,100,100,1,1,東日本
SHP-012529,W-16,FG-0012,2025-09-02,100,82,1,0,東日本
SHP-012530,W-05,FG-0066,2024-02-06,50,50,1,1,西日本
SHP-012531,W-06,FG-0074,2025-08-28,50,50,1,1,北日本
SHP-012532,W-19,FG-0037,2025-06-28,100,100,1,1,海外
SHP-012533,W-07,FG-0065,2024-08-31,50,50,1,1,北日本
SHP-012534,W-24,FG-0076,2024-11-01,20,20,1,1,西日本
SHP-012535,W-18,FG-0056,2025-12-28,20,20,1,1,東日本
SHP-012536,W-12,FG-0080,2024-09-18,20,20,1,1,北日本
SHP-012537,W-13,FG-0005,2024-09-29,20,20,1,1,西日本
SHP-012538,W-06,FG-0032,2025-07-05,100,100,1,1,北日本
SHP-012539,W-18,FG-0044,2025-12-16,50,50,1,1,海外
SHP-012540,W-23,FG-0052,2026-04-20,10,10,1,1,北日本
SHP-012541,W-08,FG-0028,2024-11-05,50,50,1,1,海外
SHP-012542,W-23,FG-0015,2024-09-29,50,50,1,1,東日本
SHP-012543,W-02,FG-0004,2025-09-01,20,20,1,1,海外
SHP-012544,W-13,FG-0072,2024-11-20,100,100,1,1,海外
SHP-012545,W-22,FG-0009,2026-04-14,20,20,1,1,東日本
SHP-012546,W-10,FG-0059,2026-04-16,10,8,0,0,海外
SHP-012547,W-16,FG-0005,2024-05-09,10,10,1,1,東日本
SHP-012548,W-12,FG-0071,2026-04-17,100,100,1,1,海外
SHP-012549,W-10,FG-0018,2025-05-21,50,50,1,1,東日本
SHP-012550,W-23,FG-0038,2024-12-20,10,10,1,1,西日本
SHP-012551,W-05,FG-0021,2024-07-06,10,10,1,1,東日本
SHP-012552,W-13,FG-0072,2024-09-25,10,10,1,1,西日本
SHP-012553,W-07,FG-0053,2024-10-31,100,100,0,1,西日本
SHP-012554,W-08,FG-0079,2024-05-09,10,10,1,1,西日本
SHP-012555,W-09,FG-0030,2025-07-28,100,100,1,1,東日本
SHP-012556,W-23,FG-0032,2025-07-01,10,10,1,1,東日本
SHP-012557,W-21,FG-0052,2025-01-03,100,100,1,1,北日本
SHP-012558,W-24,FG-0041,2024-12-29,20,20,1,1,西日本
SHP-012559,W-14,FG-0059,2026-04-13,100,100,1,1,北日本
SHP-012560,W-22,FG-0026,2026-03-19,10,10,1,1,北日本
SHP-012561,W-15,FG-0002,2025-03-24,10,10,0,1,北日本
SHP-012562,W-17,FG-0030,2024-07-24,50,50,0,1,西日本
SHP-012563,W-20,FG-0004,2024-11-06,20,20,1,1,東日本
SHP-012564,W-05,FG-0071,2024-06-06,50,50,1,1,東日本
SHP-012565,W-20,FG-0027,2024-08-07,100,100,1,1,海外
SHP-012566,W-10,FG-0077,2025-04-30,100,100,1,1,西日本
SHP-012567,W-22,FG-0066,2025-04-25,20,18,1,0,西日本
SHP-012568,W-10,FG-0004,2024-05-04,100,100,1,1,海外
SHP-012569,W-18,FG-0027,2024-03-20,20,20,1,1,西日本
SHP-012570,W-03,FG-0050,2024-01-16,50,50,1,1,西日本
SHP-012571,W-14,FG-0044,2025-07-09,50,50,1,1,海外
SHP-012572,W-23,FG-0004,2025-04-20,50,50,0,1,海外
SHP-012573,W-08,FG-0069,2024-05-23,50,50,1,1,北日本
SHP-012574,W-23,FG-0028,2024-08-07,100,100,1,1,西日本
SHP-012575,W-13,FG-0051,2024-04-19,50,50,1,1,海外
SHP-012576,W-17,FG-0049,2025-11-23,10,10,1,1,海外
SHP-012577,W-01,FG-0048,2024-04-23,100,100,1,1,北日本
SHP-012578,W-18,FG-0075,2024-06-29,100,100,1,1,西日本
SHP-012579,W-23,FG-0015,2025-11-11,10,10,1,1,海外
SHP-012580,W-17,FG-0039,2024-02-25,100,100,1,1,海外
SHP-012581,W-20,FG-0030,2024-04-24,50,50,1,1,北日本
SHP-012582,W-17,FG-0008,2025-05-03,10,10,1,1,北日本
SHP-012583,W-08,FG-0072,2024-06-22,50,50,1,1,海外
SHP-012584,W-04,FG-0071,2024-07-31,50,32,1,0,北日本
SHP-012585,W-24,FG-0023,2025-12-23,50,50,1,1,北日本
SHP-012586,W-10,FG-0070,2026-04-23,100,100,1,1,西日本
SHP-012587,W-04,FG-0078,2024-03-18,100,100,1,1,東日本
SHP-012588,W-14,FG-0041,2025-06-12,10,6,1,0,北日本
SHP-012589,W-12,FG-0018,2025-11-24,20,20,1,1,西日本
SHP-012590,W-06,FG-0019,2024-01-14,20,20,1,1,西日本
SHP-012591,W-10,FG-0001,2025-05-18,50,50,1,1,北日本
SHP-012592,W-16,FG-0052,2026-03-31,100,100,1,1,海外
SHP-012593,W-13,FG-0006,2025-12-21,20,20,1,1,東日本
SHP-012594,W-19,FG-0048,2024-05-24,20,20,1,1,西日本
SHP-012595,W-15,FG-0001,2024-08-29,50,50,1,1,北日本
SHP-012596,W-17,FG-0034,2024-02-09,20,20,0,1,海外
SHP-012597,W-23,FG-0029,2025-12-29,100,100,1,1,西日本
SHP-012598,W-15,FG-0034,2024-07-04,50,50,0,1,海外
SHP-012599,W-16,FG-0063,2024-04-03,50,40,1,0,東日本
SHP-012600,W-02,FG-0033,2024-02-21,20,20,1,1,海外
SHP-012601,W-03,FG-0039,2025-04-29,20,20,1,1,西日本
SHP-012602,W-21,FG-0009,2025-03-29,50,50,1,1,西日本
SHP-012603,W-18,FG-0074,2025-11-21,50,50,0,1,北日本
SHP-012604,W-07,FG-0061,2025-05-28,10,10,1,1,北日本
SHP-012605,W-24,FG-0054,2025-12-03,50,50,1,1,海外
SHP-012606,W-06,FG-0075,2025-04-28,20,20,0,1,海外
SHP-012607,W-23,FG-0002,2024-03-14,20,20,1,1,北日本
SHP-012608,W-03,FG-0024,2026-02-08,50,50,0,1,西日本
SHP-012609,W-08,FG-0006,2024-06-26,100,100,1,1,東日本
SHP-012610,W-18,FG-0048,2024-02-06,100,100,1,1,東日本
SHP-012611,W-14,FG-0008,2025-01-10,50,50,1,1,海外
SHP-012612,W-06,FG-0038,2026-03-15,100,100,1,1,海外
SHP-012613,W-14,FG-0067,2025-07-06,20,20,1,1,北日本
SHP-012614,W-15,FG-0074,2024-08-11,50,50,0,1,北日本
SHP-012615,W-05,FG-0009,2025-02-28,50,50,1,1,西日本
SHP-012616,W-15,FG-0038,2024-06-03,20,20,1,1,東日本
SHP-012617,W-16,FG-0075,2026-01-31,10,10,1,1,西日本
SHP-012618,W-13,FG-0044,2024-12-03,10,10,1,1,海外
SHP-012619,W-03,FG-0001,2024-10-27,10,10,1,1,東日本
SHP-012620,W-08,FG-0053,2026-04-06,10,10,1,1,海外
SHP-012621,W-03,FG-0023,2024-07-19,100,100,1,1,北日本
SHP-012622,W-21,FG-0010,2024-12-19,20,20,1,1,海外
SHP-012623,W-10,FG-0018,2025-08-31,20,20,1,1,西日本
SHP-012624,W-16,FG-0079,2024-01-07,50,50,1,1,海外
SHP-012625,W-12,FG-0067,2025-12-02,100,100,1,1,北日本
SHP-012626,W-21,FG-0012,2024-02-28,50,50,1,1,海外
SHP-012627,W-06,FG-0079,2024-06-25,20,20,1,1,東日本
SHP-012628,W-01,FG-0018,2024-02-23,100,100,1,1,西日本
SHP-012629,W-16,FG-0011,2024-06-14,100,100,1,1,海外
SHP-012630,W-02,FG-0022,2025-04-11,20,20,1,1,北日本
SHP-012631,W-23,FG-0040,2025-07-15,100,100,1,1,北日本
SHP-012632,W-14,FG-0008,2024-11-29,50,50,1,1,東日本
SHP-012633,W-04,FG-0061,2024-12-16,50,50,1,1,東日本
SHP-012634,W-14,FG-0012,2024-02-07,100,100,1,1,西日本
SHP-012635,W-15,FG-0040,2026-04-12,10,10,0,1,海外
SHP-012636,W-07,FG-0049,2025-09-25,100,100,1,1,西日本
SHP-012637,W-11,FG-0059,2026-02-27,50,50,1,1,海外
SHP-012638,W-04,FG-0030,2025-07-15,50,50,0,1,北日本
SHP-012639,W-17,FG-0013,2024-01-01,10,10,1,1,北日本
SHP-012640,W-06,FG-0057,2024-06-14,50,50,1,1,西日本
SHP-012641,W-02,FG-0025,2026-01-17,20,20,1,1,海外
SHP-012642,W-01,FG-0008,2025-09-25,20,20,1,1,海外
SHP-012643,W-22,FG-0058,2024-03-31,20,20,1,1,北日本
SHP-012644,W-24,FG-0023,2024-07-07,50,50,1,1,西日本
SHP-012645,W-03,FG-0080,2024-12-19,50,50,1,1,西日本
SHP-012646,W-17,FG-0036,2025-04-07,100,100,1,1,北日本
SHP-012647,W-04,FG-0070,2026-04-08,50,50,1,1,海外
SHP-012648,W-21,FG-0009,2024-05-03,100,100,1,1,海外
SHP-012649,W-08,FG-0019,2024-05-18,100,100,1,1,海外
SHP-012650,W-01,FG-0078,2026-04-27,50,43,1,0,東日本
SHP-012651,W-08,FG-0067,2024-08-19,100,100,1,1,西日本
SHP-012652,W-20,FG-0064,2024-03-17,10,10,1,1,海外
SHP-012653,W-19,FG-0036,2025-08-12,20,17,1,0,北日本
SHP-012654,W-10,FG-0068,2025-02-20,50,50,1,1,北日本
SHP-012655,W-23,FG-0015,2026-04-21,50,50,1,1,北日本
SHP-012656,W-21,FG-0020,2026-01-03,20,20,0,1,東日本
SHP-012657,W-18,FG-0003,2025-04-18,10,10,1,1,海外
SHP-012658,W-04,FG-0014,2026-04-19,10,10,1,1,西日本
SHP-012659,W-21,FG-0002,2025-10-15,100,100,1,1,東日本
SHP-012660,W-16,FG-0005,2024-01-06,10,10,1,1,東日本
SHP-012661,W-05,FG-0051,2024-11-13,10,10,1,1,東日本
SHP-012662,W-13,FG-0040,2025-11-17,10,6,1,0,東日本
SHP-012663,W-19,FG-0001,2026-02-10,10,8,1,0,海外
SHP-012664,W-03,FG-0007,2024-04-07,100,92,1,0,東日本
SHP-012665,W-04,FG-0005,2024-09-19,50,50,0,1,東日本
SHP-012666,W-16,FG-0005,2025-12-19,10,10,1,1,東日本
SHP-012667,W-10,FG-0039,2025-08-08,100,100,0,1,北日本
SHP-012668,W-20,FG-0023,2025-10-29,20,20,0,1,東日本
SHP-012669,W-19,FG-0078,2026-04-09,50,50,1,1,北日本
SHP-012670,W-20,FG-0030,2025-08-10,10,10,0,1,海外
SHP-012671,W-18,FG-0047,2026-04-18,10,10,1,1,東日本
SHP-012672,W-03,FG-0006,2024-02-21,20,20,1,1,北日本
SHP-012673,W-16,FG-0004,2024-08-11,20,20,1,1,西日本
SHP-012674,W-01,FG-0038,2025-12-14,50,50,1,1,海外
SHP-012675,W-06,FG-0076,2024-09-20,100,100,1,1,海外
SHP-012676,W-07,FG-0021,2026-01-06,100,100,1,1,東日本
SHP-012677,W-03,FG-0003,2025-08-10,100,100,0,1,西日本
SHP-012678,W-07,FG-0009,2024-03-23,100,100,1,1,北日本
SHP-012679,W-19,FG-0061,2025-03-16,20,20,0,1,北日本
SHP-012680,W-22,FG-0052,2026-02-03,100,100,1,1,東日本
SHP-012681,W-01,FG-0014,2025-09-20,10,10,1,1,北日本
SHP-012682,W-10,FG-0021,2024-06-24,10,10,1,1,北日本
SHP-012683,W-15,FG-0056,2025-12-21,100,100,1,1,北日本
SHP-012684,W-13,FG-0013,2025-01-16,20,20,1,1,北日本
SHP-012685,W-19,FG-0003,2025-06-28,10,10,1,1,東日本
SHP-012686,W-12,FG-0024,2024-04-18,100,100,1,1,東日本
SHP-012687,W-12,FG-0062,2024-02-16,100,100,1,1,西日本
SHP-012688,W-11,FG-0046,2025-10-13,20,20,1,1,北日本
SHP-012689,W-01,FG-0016,2026-02-16,10,10,1,1,北日本
SHP-012690,W-07,FG-0030,2024-10-01,10,10,1,1,海外
SHP-012691,W-13,FG-0039,2025-08-31,50,50,1,1,東日本
SHP-012692,W-02,FG-0048,2025-04-28,100,100,1,1,西日本
SHP-012693,W-17,FG-0078,2025-02-13,100,100,1,1,西日本
SHP-012694,W-24,FG-0047,2024-05-06,20,20,1,1,西日本
SHP-012695,W-03,FG-0008,2025-01-12,10,10,1,1,西日本
SHP-012696,W-23,FG-0048,2024-02-28,10,10,1,1,海外
SHP-012697,W-24,FG-0005,2025-08-28,10,10,1,1,西日本
SHP-012698,W-22,FG-0058,2026-02-26,100,100,1,1,北日本
SHP-012699,W-11,FG-0036,2024-10-19,20,20,1,1,西日本
SHP-012700,W-14,FG-0070,2024-10-28,20,20,1,1,西日本
SHP-012701,W-18,FG-0069,2024-02-02,20,20,1,1,北日本
SHP-012702,W-17,FG-0040,2025-05-20,10,10,1,1,海外
SHP-012703,W-07,FG-0076,2026-04-10,50,50,1,1,東日本
SHP-012704,W-11,FG-0066,2024-09-15,50,50,1,1,北日本
SHP-012705,W-23,FG-0054,2024-02-17,100,100,0,1,海外
SHP-012706,W-23,FG-0001,2024-07-09,50,30,1,0,東日本
SHP-012707,W-14,FG-0008,2025-10-10,20,20,1,1,西日本
SHP-012708,W-06,FG-0074,2026-02-05,100,100,1,1,海外
SHP-012709,W-06,FG-0067,2025-06-12,20,20,1,1,西日本
SHP-012710,W-23,FG-0075,2026-02-20,50,39,1,0,北日本
SHP-012711,W-20,FG-0034,2024-04-21,50,50,1,1,海外
SHP-012712,W-14,FG-0035,2025-07-13,100,62,1,0,北日本
SHP-012713,W-04,FG-0024,2024-02-02,20,20,1,1,西日本
SHP-012714,W-21,FG-0042,2024-05-31,10,10,1,1,東日本
SHP-012715,W-11,FG-0031,2025-03-05,100,100,1,1,西日本
SHP-012716,W-07,FG-0055,2025-07-08,100,100,1,1,西日本
SHP-012717,W-17,FG-0039,2024-05-13,100,100,1,1,海外
SHP-012718,W-11,FG-0014,2025-06-01,100,100,1,1,東日本
SHP-012719,W-02,FG-0078,2026-04-10,10,10,1,1,北日本
SHP-012720,W-07,FG-0019,2025-08-21,50,50,1,1,北日本
SHP-012721,W-15,FG-0002,2024-01-21,100,100,1,1,海外
SHP-012722,W-11,FG-0040,2024-09-26,100,100,0,1,海外
SHP-012723,W-24,FG-0022,2024-07-26,50,50,1,1,北日本
SHP-012724,W-08,FG-0032,2025-12-21,100,100,1,1,北日本
SHP-012725,W-24,FG-0078,2025-05-25,10,10,1,1,西日本
SHP-012726,W-20,FG-0023,2025-02-10,10,10,1,1,海外
SHP-012727,W-04,FG-0078,2025-02-17,100,100,1,1,東日本
SHP-012728,W-05,FG-0049,2024-02-29,100,100,1,1,東日本
SHP-012729,W-05,FG-0004,2025-12-01,50,50,1,1,海外
SHP-012730,W-24,FG-0069,2026-02-08,10,10,1,1,海外
SHP-012731,W-11,FG-0050,2024-03-24,20,20,1,1,西日本
SHP-012732,W-13,FG-0053,2025-04-01,20,20,1,1,東日本
SHP-012733,W-18,FG-0003,2024-08-01,50,50,0,1,西日本
SHP-012734,W-13,FG-0027,2024-07-05,10,10,0,1,海外
SHP-012735,W-08,FG-0005,2025-01-06,50,50,0,1,西日本
SHP-012736,W-21,FG-0004,2024-11-27,100,100,0,1,北日本
SHP-012737,W-17,FG-0068,2024-04-12,10,10,1,1,海外
SHP-012738,W-17,FG-0019,2024-09-23,50,50,1,1,海外
SHP-012739,W-17,FG-0039,2025-08-17,20,20,0,1,海外
SHP-012740,W-18,FG-0015,2025-06-09,20,20,1,1,海外
SHP-012741,W-15,FG-0024,2026-02-22,50,50,1,1,西日本
SHP-012742,W-15,FG-0066,2025-11-30,10,10,1,1,西日本
SHP-012743,W-17,FG-0056,2025-07-13,10,10,1,1,北日本
SHP-012744,W-01,FG-0055,2025-06-21,20,20,1,1,海外
SHP-012745,W-08,FG-0031,2026-04-03,50,50,1,1,西日本
SHP-012746,W-22,FG-0061,2024-11-25,50,50,1,1,海外
SHP-012747,W-22,FG-0075,2026-03-07,100,100,1,1,東日本
SHP-012748,W-17,FG-0055,2024-03-18,50,50,1,1,海外
SHP-012749,W-16,FG-0053,2024-07-11,10,10,1,1,海外
SHP-012750,W-12,FG-0003,2025-11-13,10,10,1,1,北日本
SHP-012751,W-14,FG-0022,2025-05-14,100,70,1,0,海外
SHP-012752,W-20,FG-0080,2025-06-08,100,100,1,1,東日本
SHP-012753,W-09,FG-0050,2024-09-26,100,100,0,1,海外
SHP-012754,W-12,FG-0029,2025-11-24,100,100,1,1,東日本
SHP-012755,W-20,FG-0076,2024-04-29,100,100,1,1,海外
SHP-012756,W-05,FG-0020,2026-04-23,100,100,1,1,海外
SHP-012757,W-11,FG-0015,2024-05-04,20,18,1,0,東日本
SHP-012758,W-10,FG-0009,2026-01-31,10,10,1,1,西日本
SHP-012759,W-14,FG-0016,2024-08-04,10,7,1,0,西日本
SHP-012760,W-10,FG-0058,2025-05-19,50,50,1,1,海外
SHP-012761,W-06,FG-0069,2025-09-22,100,100,0,1,東日本
SHP-012762,W-10,FG-0064,2024-12-27,20,20,0,1,西日本
SHP-012763,W-12,FG-0018,2024-04-24,100,100,1,1,西日本
SHP-012764,W-02,FG-0016,2026-02-11,50,50,0,1,北日本
SHP-012765,W-16,FG-0027,2025-12-24,20,20,1,1,北日本
SHP-012766,W-16,FG-0045,2025-10-20,50,50,1,1,海外
SHP-012767,W-03,FG-0023,2024-02-10,10,10,1,1,東日本
SHP-012768,W-10,FG-0012,2024-06-19,20,20,1,1,北日本
SHP-012769,W-04,FG-0071,2024-04-29,10,10,0,1,北日本
SHP-012770,W-12,FG-0059,2024-03-01,50,50,1,1,西日本
SHP-012771,W-08,FG-0066,2026-01-04,20,20,1,1,海外
SHP-012772,W-16,FG-0025,2025-04-25,100,100,1,1,西日本
SHP-012773,W-22,FG-0076,2024-04-13,10,10,0,1,西日本
SHP-012774,W-22,FG-0040,2025-03-14,20,20,1,1,西日本
SHP-012775,W-21,FG-0023,2024-12-12,10,10,1,1,北日本
SHP-012776,W-01,FG-0048,2025-06-25,50,50,1,1,海外
SHP-012777,W-24,FG-0031,2024-01-28,100,100,1,1,海外
SHP-012778,W-01,FG-0005,2025-03-07,100,100,1,1,東日本
SHP-012779,W-01,FG-0051,2024-11-06,50,50,1,1,西日本
SHP-012780,W-22,FG-0059,2026-02-21,100,100,1,1,東日本
SHP-012781,W-24,FG-0069,2024-12-28,50,50,1,1,北日本
SHP-012782,W-23,FG-0054,2025-10-25,50,50,1,1,西日本
SHP-012783,W-20,FG-0051,2025-02-06,50,50,1,1,西日本
SHP-012784,W-21,FG-0038,2024-08-14,50,50,1,1,北日本
SHP-012785,W-11,FG-0049,2024-02-28,10,10,1,1,東日本
SHP-012786,W-13,FG-0043,2024-10-10,100,100,1,1,北日本
SHP-012787,W-13,FG-0064,2025-07-31,20,20,1,1,東日本
SHP-012788,W-01,FG-0035,2024-11-28,10,10,1,1,西日本
SHP-012789,W-24,FG-0053,2024-08-07,100,100,1,1,西日本
SHP-012790,W-04,FG-0042,2025-03-25,10,10,1,1,北日本
SHP-012791,W-11,FG-0008,2025-10-17,10,10,1,1,西日本
SHP-012792,W-10,FG-0005,2025-12-10,20,20,1,1,東日本
SHP-012793,W-10,FG-0074,2026-04-18,20,20,1,1,海外
SHP-012794,W-16,FG-0053,2025-03-10,20,20,1,1,北日本
SHP-012795,W-23,FG-0036,2025-03-27,10,10,0,1,東日本
SHP-012796,W-09,FG-0048,2025-01-23,100,77,1,0,西日本
SHP-012797,W-04,FG-0069,2025-01-06,10,10,1,1,北日本
SHP-012798,W-16,FG-0051,2024-07-11,20,20,1,1,東日本
SHP-012799,W-23,FG-0079,2025-05-20,100,100,0,1,北日本
SHP-012800,W-18,FG-0031,2026-01-05,10,10,1,1,北日本
SHP-012801,W-22,FG-0072,2025-09-22,50,50,1,1,東日本
SHP-012802,W-02,FG-0062,2025-05-07,10,10,0,1,北日本
SHP-012803,W-02,FG-0011,2025-08-30,50,50,1,1,海外
SHP-012804,W-15,FG-0021,2024-11-01,100,65,1,0,西日本
SHP-012805,W-09,FG-0034,2026-01-08,10,8,0,0,海外
SHP-012806,W-05,FG-0038,2025-01-04,20,20,1,1,東日本
SHP-012807,W-08,FG-0063,2026-04-12,20,20,1,1,海外
SHP-012808,W-14,FG-0063,2024-06-02,100,62,0,0,海外
SHP-012809,W-21,FG-0060,2025-03-16,50,50,1,1,東日本
SHP-012810,W-22,FG-0043,2025-07-27,50,50,1,1,西日本
SHP-012811,W-18,FG-0049,2026-04-13,10,10,0,1,東日本
SHP-012812,W-23,FG-0078,2024-10-02,20,20,1,1,東日本
SHP-012813,W-16,FG-0041,2024-11-17,20,20,1,1,海外
SHP-012814,W-14,FG-0067,2026-01-09,50,50,0,1,西日本
SHP-012815,W-12,FG-0022,2024-06-23,10,10,1,1,海外
SHP-012816,W-03,FG-0052,2024-10-09,50,50,1,1,西日本
SHP-012817,W-15,FG-0012,2026-01-21,100,100,1,1,海外
SHP-012818,W-23,FG-0014,2024-01-14,100,100,1,1,海外
SHP-012819,W-03,FG-0016,2024-11-25,10,10,1,1,海外
SHP-012820,W-17,FG-0074,2025-05-18,100,100,1,1,海外
SHP-012821,W-17,FG-0074,2024-07-16,100,100,1,1,北日本
SHP-012822,W-03,FG-0004,2025-06-21,10,10,1,1,西日本
SHP-012823,W-11,FG-0024,2025-11-30,100,100,1,1,西日本
SHP-012824,W-08,FG-0055,2026-03-09,10,10,1,1,西日本
SHP-012825,W-23,FG-0029,2024-09-30,100,100,1,1,海外
SHP-012826,W-11,FG-0059,2024-05-13,20,20,1,1,北日本
SHP-012827,W-10,FG-0019,2025-02-25,50,50,1,1,西日本
SHP-012828,W-06,FG-0033,2024-12-28,100,82,1,0,西日本
SHP-012829,W-17,FG-0025,2024-02-26,100,100,1,1,北日本
SHP-012830,W-11,FG-0024,2025-03-25,50,50,1,1,海外
SHP-012831,W-10,FG-0014,2024-04-30,50,50,1,1,北日本
SHP-012832,W-04,FG-0073,2024-10-05,100,100,0,1,北日本
SHP-012833,W-01,FG-0065,2025-01-25,10,10,1,1,海外
SHP-012834,W-13,FG-0033,2024-06-08,10,10,1,1,東日本
SHP-012835,W-11,FG-0014,2025-12-23,10,10,1,1,北日本
SHP-012836,W-09,FG-0006,2025-07-03,20,20,0,1,西日本
SHP-012837,W-16,FG-0006,2025-02-12,20,20,1,1,北日本
SHP-012838,W-11,FG-0043,2025-09-06,20,20,0,1,西日本
SHP-012839,W-11,FG-0032,2024-03-20,10,10,1,1,北日本
SHP-012840,W-18,FG-0014,2025-09-03,50,50,0,1,北日本
SHP-012841,W-19,FG-0017,2026-02-27,50,50,1,1,海外
SHP-012842,W-24,FG-0037,2025-08-08,100,100,1,1,海外
SHP-012843,W-12,FG-0015,2025-07-25,20,20,1,1,東日本
SHP-012844,W-17,FG-0048,2024-08-19,50,47,1,0,東日本
SHP-012845,W-08,FG-0070,2025-04-25,10,10,1,1,海外
SHP-012846,W-03,FG-0046,2024-04-03,100,100,1,1,北日本
SHP-012847,W-13,FG-0077,2024-11-12,100,100,1,1,海外
SHP-012848,W-16,FG-0018,2024-05-07,100,100,1,1,海外
SHP-012849,W-17,FG-0051,2024-06-20,20,13,1,0,東日本
SHP-012850,W-21,FG-0047,2026-01-02,20,20,1,1,海外
SHP-012851,W-11,FG-0035,2026-01-22,20,20,1,1,東日本
SHP-012852,W-20,FG-0043,2026-01-16,10,10,1,1,西日本
SHP-012853,W-10,FG-0060,2024-01-30,20,20,1,1,西日本
SHP-012854,W-19,FG-0076,2024-04-16,100,100,1,1,北日本
SHP-012855,W-06,FG-0003,2026-01-25,10,10,0,1,西日本
SHP-012856,W-08,FG-0025,2025-07-25,20,20,1,1,東日本
SHP-012857,W-22,FG-0066,2025-06-08,50,50,1,1,東日本
SHP-012858,W-09,FG-0006,2025-09-15,50,50,1,1,北日本
SHP-012859,W-09,FG-0038,2024-03-02,50,50,1,1,北日本
SHP-012860,W-01,FG-0008,2025-09-01,10,8,1,0,海外
SHP-012861,W-21,FG-0075,2026-02-06,100,100,0,1,東日本
SHP-012862,W-10,FG-0067,2025-12-21,50,50,1,1,西日本
SHP-012863,W-12,FG-0033,2025-09-16,50,50,1,1,北日本
SHP-012864,W-19,FG-0072,2025-07-07,50,50,1,1,海外
SHP-012865,W-16,FG-0067,2024-09-20,20,20,1,1,東日本
SHP-012866,W-17,FG-0050,2025-11-05,20,20,1,1,西日本
SHP-012867,W-06,FG-0034,2024-07-16,10,10,1,1,東日本
SHP-012868,W-05,FG-0059,2025-07-29,10,10,1,1,西日本
SHP-012869,W-19,FG-0064,2024-02-14,50,31,1,0,東日本
SHP-012870,W-09,FG-0077,2024-03-19,10,10,1,1,海外
SHP-012871,W-18,FG-0071,2025-12-08,10,10,1,1,東日本
SHP-012872,W-12,FG-0051,2024-08-11,100,79,1,0,東日本
SHP-012873,W-05,FG-0036,2025-03-18,20,20,1,1,東日本
SHP-012874,W-15,FG-0057,2024-06-09,50,50,1,1,西日本
SHP-012875,W-20,FG-0016,2024-12-09,50,50,1,1,海外
SHP-012876,W-24,FG-0079,2024-03-03,100,100,1,1,北日本
SHP-012877,W-14,FG-0021,2025-08-06,10,10,1,1,海外
SHP-012878,W-20,FG-0059,2025-03-08,20,20,1,1,東日本
SHP-012879,W-05,FG-0004,2024-02-28,20,20,1,1,北日本
SHP-012880,W-09,FG-0060,2025-03-13,100,100,1,1,西日本
SHP-012881,W-06,FG-0024,2025-01-19,20,20,1,1,西日本
SHP-012882,W-10,FG-0079,2026-01-15,20,20,0,1,東日本
SHP-012883,W-06,FG-0037,2024-01-18,50,50,1,1,東日本
SHP-012884,W-09,FG-0010,2025-06-06,100,100,1,1,東日本
SHP-012885,W-09,FG-0021,2024-02-29,50,50,0,1,海外
SHP-012886,W-01,FG-0079,2024-03-05,100,100,1,1,海外
SHP-012887,W-08,FG-0034,2024-02-16,10,10,0,1,海外
SHP-012888,W-11,FG-0048,2025-03-04,20,20,1,1,海外
SHP-012889,W-12,FG-0019,2025-04-01,50,50,1,1,北日本
SHP-012890,W-11,FG-0035,2024-08-28,100,100,1,1,西日本
SHP-012891,W-03,FG-0029,2025-04-13,100,100,1,1,北日本
SHP-012892,W-21,FG-0079,2025-06-28,20,20,1,1,北日本
SHP-012893,W-03,FG-0076,2024-07-10,100,100,1,1,西日本
SHP-012894,W-02,FG-0005,2026-03-07,100,100,1,1,東日本
SHP-012895,W-16,FG-0009,2024-09-15,100,100,1,1,海外
SHP-012896,W-12,FG-0041,2024-03-15,50,50,0,1,北日本
SHP-012897,W-03,FG-0064,2026-02-20,20,20,1,1,東日本
SHP-012898,W-24,FG-0028,2024-02-22,100,100,1,1,東日本
SHP-012899,W-18,FG-0023,2026-03-30,50,50,1,1,西日本
SHP-012900,W-05,FG-0064,2024-09-01,100,61,1,0,東日本
SHP-012901,W-08,FG-0070,2025-08-21,50,50,1,1,東日本
SHP-012902,W-22,FG-0070,2024-09-09,10,10,1,1,西日本
SHP-012903,W-10,FG-0078,2024-04-15,10,10,1,1,東日本
SHP-012904,W-22,FG-0040,2025-09-30,50,50,1,1,海外
SHP-012905,W-06,FG-0050,2024-07-14,20,20,0,1,東日本
SHP-012906,W-04,FG-0072,2026-04-12,20,20,1,1,北日本
SHP-012907,W-16,FG-0080,2026-03-30,20,20,1,1,海外
SHP-012908,W-22,FG-0022,2025-12-11,10,10,1,1,東日本
SHP-012909,W-17,FG-0021,2024-11-08,10,9,1,0,西日本
SHP-012910,W-10,FG-0013,2025-07-06,50,50,1,1,東日本
SHP-012911,W-21,FG-0071,2025-12-06,20,14,1,0,北日本
SHP-012912,W-22,FG-0055,2025-11-22,50,50,1,1,西日本
SHP-012913,W-14,FG-0073,2024-01-02,10,10,1,1,北日本
SHP-012914,W-02,FG-0005,2024-03-16,10,10,1,1,西日本
SHP-012915,W-08,FG-0078,2025-06-13,50,50,1,1,西日本
SHP-012916,W-22,FG-0050,2025-06-19,50,50,0,1,東日本
SHP-012917,W-05,FG-0011,2024-04-18,20,20,1,1,東日本
SHP-012918,W-09,FG-0037,2025-05-14,20,15,1,0,西日本
SHP-012919,W-12,FG-0022,2024-04-27,10,10,1,1,北日本
SHP-012920,W-22,FG-0072,2026-04-01,50,50,1,1,北日本
SHP-012921,W-24,FG-0040,2026-03-16,10,10,1,1,北日本
SHP-012922,W-07,FG-0010,2025-11-09,100,100,1,1,北日本
SHP-012923,W-16,FG-0055,2025-06-23,50,50,1,1,北日本
SHP-012924,W-17,FG-0013,2025-07-09,50,50,0,1,西日本
SHP-012925,W-13,FG-0045,2025-02-21,50,50,1,1,海外
SHP-012926,W-14,FG-0021,2025-07-05,50,50,1,1,海外
SHP-012927,W-02,FG-0007,2024-11-22,20,14,1,0,東日本
SHP-012928,W-07,FG-0074,2025-11-24,100,100,1,1,北日本
SHP-012929,W-18,FG-0019,2025-07-27,100,100,1,1,海外
SHP-012930,W-18,FG-0042,2026-02-21,100,80,1,0,西日本
SHP-012931,W-21,FG-0053,2025-08-01,50,50,1,1,東日本
SHP-012932,W-04,FG-0015,2024-06-27,10,10,1,1,東日本
SHP-012933,W-03,FG-0015,2025-01-10,10,10,1,1,西日本
SHP-012934,W-13,FG-0054,2024-07-15,10,10,1,1,西日本
SHP-012935,W-01,FG-0002,2025-05-20,50,50,1,1,海外
SHP-012936,W-10,FG-0075,2026-01-30,10,10,1,1,東日本
SHP-012937,W-07,FG-0042,2024-11-22,50,50,1,1,東日本
SHP-012938,W-19,FG-0074,2024-06-08,10,10,1,1,海外
SHP-012939,W-10,FG-0010,2025-07-10,20,20,0,1,北日本
SHP-012940,W-16,FG-0066,2025-11-20,20,20,0,1,西日本
SHP-012941,W-18,FG-0021,2024-07-14,50,50,1,1,北日本
SHP-012942,W-12,FG-0042,2026-04-17,10,10,1,1,北日本
SHP-012943,W-23,FG-0021,2025-03-01,10,10,1,1,北日本
SHP-012944,W-05,FG-0031,2025-02-25,50,50,1,1,西日本
SHP-012945,W-11,FG-0036,2024-04-02,100,100,1,1,西日本
SHP-012946,W-16,FG-0021,2025-09-13,10,10,1,1,北日本
SHP-012947,W-13,FG-0068,2024-07-30,10,10,1,1,東日本
SHP-012948,W-04,FG-0066,2024-08-28,100,100,1,1,西日本
SHP-012949,W-24,FG-0057,2025-10-22,100,100,1,1,東日本
SHP-012950,W-24,FG-0022,2024-07-10,20,20,1,1,海外
SHP-012951,W-14,FG-0042,2025-05-25,10,10,0,1,海外
SHP-012952,W-11,FG-0075,2024-08-01,20,20,1,1,海外
SHP-012953,W-05,FG-0056,2026-01-26,10,10,1,1,東日本
SHP-012954,W-21,FG-0019,2024-11-08,100,100,1,1,海外
SHP-012955,W-03,FG-0075,2025-06-30,100,100,1,1,東日本
SHP-012956,W-20,FG-0078,2025-12-18,100,100,0,1,東日本
SHP-012957,W-13,FG-0009,2026-03-06,100,93,1,0,西日本
SHP-012958,W-02,FG-0011,2025-03-31,10,10,1,1,海外
SHP-012959,W-09,FG-0049,2024-12-02,20,20,1,1,北日本
SHP-012960,W-21,FG-0036,2025-08-17,10,10,1,1,北日本
SHP-012961,W-13,FG-0037,2025-08-13,20,20,1,1,北日本
SHP-012962,W-13,FG-0033,2025-01-20,100,100,1,1,西日本
SHP-012963,W-20,FG-0038,2024-06-05,10,10,1,1,東日本
SHP-012964,W-19,FG-0046,2025-10-01,10,10,1,1,東日本
SHP-012965,W-11,FG-0078,2024-09-02,10,10,1,1,北日本
SHP-012966,W-17,FG-0030,2024-03-15,100,100,1,1,海外
SHP-012967,W-12,FG-0021,2025-01-06,20,20,0,1,東日本
SHP-012968,W-24,FG-0024,2024-05-09,10,10,1,1,東日本
SHP-012969,W-05,FG-0021,2025-03-23,10,10,1,1,西日本
SHP-012970,W-08,FG-0078,2025-10-29,100,100,1,1,北日本
SHP-012971,W-14,FG-0026,2024-09-10,100,100,1,1,北日本
SHP-012972,W-11,FG-0037,2025-03-27,100,100,1,1,東日本
SHP-012973,W-04,FG-0029,2024-09-04,100,100,1,1,北日本
SHP-012974,W-16,FG-0002,2024-03-12,50,50,0,1,東日本
SHP-012975,W-04,FG-0018,2024-10-25,20,20,0,1,海外
SHP-012976,W-22,FG-0011,2026-02-06,100,100,0,1,西日本
SHP-012977,W-20,FG-0072,2024-01-19,20,20,1,1,西日本
SHP-012978,W-18,FG-0038,2024-07-25,100,62,1,0,西日本
SHP-012979,W-02,FG-0010,2024-10-05,50,50,1,1,西日本
SHP-012980,W-05,FG-0001,2024-11-19,50,50,1,1,北日本
SHP-012981,W-23,FG-0033,2025-01-17,10,10,1,1,東日本
SHP-012982,W-10,FG-0059,2025-04-29,50,50,1,1,西日本
SHP-012983,W-15,FG-0055,2026-01-27,100,100,1,1,北日本
SHP-012984,W-13,FG-0059,2026-02-07,20,20,1,1,北日本
SHP-012985,W-09,FG-0004,2025-10-17,20,20,0,1,北日本
SHP-012986,W-22,FG-0044,2025-11-08,100,100,1,1,西日本
SHP-012987,W-05,FG-0025,2024-10-20,100,100,0,1,北日本
SHP-012988,W-07,FG-0003,2024-02-15,50,50,1,1,西日本
SHP-012989,W-18,FG-0035,2025-06-13,50,50,1,1,東日本
SHP-012990,W-12,FG-0045,2024-07-23,50,50,1,1,北日本
SHP-012991,W-11,FG-0064,2026-02-19,50,50,1,1,西日本
SHP-012992,W-21,FG-0023,2025-07-26,20,20,1,1,北日本
SHP-012993,W-05,FG-0021,2025-05-24,10,10,1,1,東日本
SHP-012994,W-17,FG-0042,2025-04-09,10,10,1,1,西日本
SHP-012995,W-13,FG-0009,2024-10-25,10,10,1,1,海外
SHP-012996,W-07,FG-0078,2024-10-29,100,100,1,1,東日本
SHP-012997,W-07,FG-0023,2025-10-31,20,20,1,1,東日本
SHP-012998,W-15,FG-0064,2025-09-15,50,50,0,1,西日本
SHP-012999,W-07,FG-0022,2025-02-12,20,20,1,1,西日本
SHP-013000,W-16,FG-0029,2026-03-21,100,100,1,1,東日本
SHP-013001,W-23,FG-0059,2024-06-28,100,100,1,1,北日本
SHP-013002,W-07,FG-0059,2024-03-28,20,20,1,1,海外
SHP-013003,W-12,FG-0026,2026-04-03,50,50,1,1,海外
SHP-013004,W-01,FG-0048,2024-10-30,50,50,1,1,東日本
SHP-013005,W-10,FG-0004,2025-01-04,100,100,1,1,東日本
SHP-013006,W-03,FG-0015,2025-03-23,100,68,1,0,東日本
SHP-013007,W-10,FG-0027,2025-08-19,20,20,1,1,海外
SHP-013008,W-10,FG-0045,2024-05-16,100,100,1,1,西日本
SHP-013009,W-18,FG-0014,2025-06-16,10,10,1,1,西日本
SHP-013010,W-12,FG-0037,2024-01-13,10,10,1,1,西日本
SHP-013011,W-20,FG-0004,2024-01-08,50,50,1,1,北日本
SHP-013012,W-05,FG-0072,2024-02-01,20,20,0,1,海外
SHP-013013,W-03,FG-0011,2025-05-29,100,100,1,1,北日本
SHP-013014,W-07,FG-0074,2024-10-01,100,100,1,1,西日本
SHP-013015,W-12,FG-0050,2025-11-26,10,10,1,1,海外
SHP-013016,W-02,FG-0079,2025-05-17,10,10,1,1,北日本
SHP-013017,W-15,FG-0069,2025-02-28,50,50,1,1,東日本
SHP-013018,W-16,FG-0071,2024-10-26,20,20,1,1,東日本
SHP-013019,W-09,FG-0025,2025-12-03,100,100,1,1,西日本
SHP-013020,W-09,FG-0011,2025-10-19,100,100,1,1,海外
SHP-013021,W-05,FG-0035,2026-01-03,10,10,1,1,東日本
SHP-013022,W-12,FG-0039,2024-04-18,50,50,1,1,北日本
SHP-013023,W-13,FG-0009,2025-02-14,50,50,1,1,東日本
SHP-013024,W-13,FG-0055,2025-04-11,10,10,1,1,東日本
SHP-013025,W-21,FG-0031,2024-02-09,50,50,1,1,東日本
SHP-013026,W-13,FG-0078,2024-07-10,50,45,1,0,北日本
SHP-013027,W-14,FG-0057,2025-01-27,50,50,1,1,北日本
SHP-013028,W-06,FG-0019,2024-12-03,10,10,0,1,北日本
SHP-013029,W-11,FG-0029,2024-07-07,20,20,0,1,海外
SHP-013030,W-15,FG-0041,2025-06-02,100,100,1,1,東日本
SHP-013031,W-12,FG-0078,2025-10-07,20,20,1,1,海外
SHP-013032,W-05,FG-0021,2025-07-08,10,10,1,1,東日本
SHP-013033,W-11,FG-0036,2025-07-07,100,100,1,1,北日本
SHP-013034,W-09,FG-0017,2025-03-29,100,100,1,1,西日本
SHP-013035,W-15,FG-0075,2024-11-21,100,100,1,1,西日本
SHP-013036,W-14,FG-0018,2024-04-24,50,50,1,1,海外
SHP-013037,W-11,FG-0009,2025-08-24,10,10,1,1,海外
SHP-013038,W-23,FG-0041,2024-11-25,10,10,1,1,西日本
SHP-013039,W-12,FG-0032,2025-12-11,100,100,1,1,海外
SHP-013040,W-21,FG-0020,2026-03-28,20,20,1,1,海外
SHP-013041,W-24,FG-0055,2026-03-21,10,10,1,1,海外
SHP-013042,W-24,FG-0011,2025-01-27,20,20,1,1,東日本
SHP-013043,W-08,FG-0049,2024-04-26,10,10,1,1,東日本
SHP-013044,W-07,FG-0055,2025-05-18,100,100,1,1,西日本
SHP-013045,W-21,FG-0049,2024-06-16,100,100,1,1,東日本
SHP-013046,W-24,FG-0079,2026-02-19,50,50,1,1,東日本
SHP-013047,W-08,FG-0044,2025-06-16,50,50,1,1,北日本
SHP-013048,W-08,FG-0028,2025-07-06,100,100,1,1,北日本
SHP-013049,W-12,FG-0039,2025-10-11,50,50,1,1,東日本
SHP-013050,W-19,FG-0055,2024-10-18,10,10,1,1,海外
SHP-013051,W-02,FG-0057,2026-03-05,10,10,1,1,北日本
SHP-013052,W-11,FG-0006,2025-07-21,50,50,1,1,北日本
SHP-013053,W-06,FG-0070,2025-05-19,50,50,1,1,西日本
SHP-013054,W-19,FG-0038,2025-11-03,10,9,1,0,東日本
SHP-013055,W-06,FG-0066,2026-03-21,100,100,1,1,海外
SHP-013056,W-16,FG-0075,2025-10-05,100,100,1,1,西日本
SHP-013057,W-08,FG-0058,2024-12-31,50,50,1,1,西日本
SHP-013058,W-20,FG-0011,2024-02-22,20,20,1,1,北日本
SHP-013059,W-11,FG-0039,2024-04-09,100,100,1,1,西日本
SHP-013060,W-09,FG-0028,2025-08-19,50,50,1,1,海外
SHP-013061,W-12,FG-0023,2024-10-04,100,100,1,1,北日本
SHP-013062,W-11,FG-0017,2024-09-10,20,20,0,1,西日本
SHP-013063,W-05,FG-0040,2026-03-30,20,12,1,0,北日本
SHP-013064,W-16,FG-0038,2025-02-27,10,10,1,1,西日本
SHP-013065,W-21,FG-0063,2024-12-12,20,20,1,1,西日本
SHP-013066,W-03,FG-0042,2026-02-25,20,20,1,1,北日本
SHP-013067,W-17,FG-0050,2025-10-07,10,10,1,1,東日本
SHP-013068,W-22,FG-0034,2024-06-25,50,50,1,1,北日本
SHP-013069,W-03,FG-0002,2024-05-03,50,50,1,1,東日本
SHP-013070,W-08,FG-0056,2024-04-10,20,20,1,1,海外
SHP-013071,W-06,FG-0058,2026-04-27,20,20,1,1,東日本
SHP-013072,W-21,FG-0052,2025-07-18,10,10,1,1,西日本
SHP-013073,W-13,FG-0042,2025-05-12,50,50,1,1,西日本
SHP-013074,W-02,FG-0051,2026-02-07,50,50,1,1,北日本
SHP-013075,W-07,FG-0003,2024-08-29,20,20,0,1,北日本
SHP-013076,W-02,FG-0024,2025-10-22,50,50,1,1,東日本
SHP-013077,W-18,FG-0033,2025-10-02,100,100,1,1,西日本
SHP-013078,W-12,FG-0044,2025-04-10,100,100,1,1,北日本
SHP-013079,W-15,FG-0025,2024-12-07,100,100,1,1,海外
SHP-013080,W-01,FG-0056,2024-07-19,100,100,1,1,東日本
SHP-013081,W-08,FG-0008,2025-01-29,100,100,1,1,海外
SHP-013082,W-22,FG-0009,2025-07-09,20,20,1,1,北日本
SHP-013083,W-21,FG-0032,2024-06-30,10,10,1,1,東日本
SHP-013084,W-07,FG-0010,2024-06-06,50,50,1,1,北日本
SHP-013085,W-06,FG-0076,2026-03-14,20,20,1,1,東日本
SHP-013086,W-01,FG-0037,2025-10-30,50,50,1,1,海外
SHP-013087,W-22,FG-0019,2024-07-19,20,20,1,1,海外
SHP-013088,W-19,FG-0008,2024-03-27,50,50,1,1,北日本
SHP-013089,W-23,FG-0066,2024-10-12,100,100,1,1,海外
SHP-013090,W-21,FG-0018,2024-08-05,100,100,1,1,西日本
SHP-013091,W-12,FG-0037,2026-03-15,50,50,1,1,西日本
SHP-013092,W-03,FG-0064,2025-01-31,10,10,1,1,海外
SHP-013093,W-03,FG-0013,2026-03-02,50,50,1,1,西日本
SHP-013094,W-03,FG-0061,2025-04-09,10,10,1,1,西日本
SHP-013095,W-19,FG-0010,2025-11-27,50,50,1,1,海外
SHP-013096,W-16,FG-0047,2025-02-04,50,50,1,1,東日本
SHP-013097,W-20,FG-0062,2024-11-14,100,100,1,1,西日本
SHP-013098,W-04,FG-0023,2024-07-06,20,20,1,1,西日本
SHP-013099,W-09,FG-0033,2024-09-27,100,100,1,1,北日本
SHP-013100,W-17,FG-0014,2025-10-06,20,20,1,1,東日本
SHP-013101,W-14,FG-0034,2025-09-16,10,10,1,1,北日本
SHP-013102,W-19,FG-0075,2024-07-26,10,6,1,0,西日本
SHP-013103,W-02,FG-0063,2024-08-15,10,9,1,0,北日本
SHP-013104,W-07,FG-0072,2024-10-27,10,10,1,1,海外
SHP-013105,W-05,FG-0027,2024-04-22,20,20,0,1,北日本
SHP-013106,W-22,FG-0045,2024-11-05,10,10,1,1,西日本
SHP-013107,W-22,FG-0061,2025-09-06,100,100,1,1,海外
SHP-013108,W-19,FG-0050,2025-08-27,20,20,1,1,西日本
SHP-013109,W-24,FG-0053,2025-09-06,20,20,1,1,東日本
SHP-013110,W-16,FG-0055,2025-01-16,10,10,1,1,北日本
SHP-013111,W-18,FG-0042,2025-04-21,100,100,1,1,東日本
SHP-013112,W-03,FG-0017,2024-09-18,100,100,1,1,北日本
SHP-013113,W-03,FG-0054,2024-02-27,50,50,1,1,東日本
SHP-013114,W-14,FG-0018,2024-05-21,50,46,1,0,北日本
SHP-013115,W-19,FG-0072,2026-03-28,50,50,0,1,西日本
SHP-013116,W-23,FG-0056,2025-10-19,20,20,1,1,北日本
SHP-013117,W-23,FG-0003,2026-03-25,20,20,1,1,北日本
SHP-013118,W-08,FG-0065,2025-06-21,50,50,1,1,北日本
SHP-013119,W-23,FG-0005,2024-02-18,50,50,1,1,北日本
SHP-013120,W-12,FG-0023,2026-01-15,100,100,1,1,東日本
SHP-013121,W-17,FG-0014,2025-02-10,20,20,1,1,東日本
SHP-013122,W-17,FG-0049,2024-05-21,20,20,1,1,西日本
SHP-013123,W-21,FG-0019,2025-02-05,10,10,1,1,西日本
SHP-013124,W-02,FG-0021,2025-07-27,50,50,1,1,北日本
SHP-013125,W-05,FG-0001,2026-03-07,20,20,0,1,海外
SHP-008751,W-15,FG-0028,2025-01-22,10,10,1,1,東日本
SHP-008752,W-14,FG-0015,2024-10-11,50,50,0,1,海外
SHP-008753,W-07,FG-0013,2025-09-27,20,20,0,1,東日本
SHP-008754,W-20,FG-0054,2026-01-05,20,20,1,1,東日本
SHP-008755,W-12,FG-0054,2024-08-22,20,20,1,1,東日本
SHP-008756,W-21,FG-0030,2024-11-01,100,100,1,1,海外
SHP-008757,W-18,FG-0079,2025-07-26,10,7,1,0,東日本
SHP-008758,W-17,FG-0032,2024-12-11,20,20,1,1,北日本
SHP-008759,W-21,FG-0010,2025-12-29,20,20,0,1,海外
SHP-008760,W-20,FG-0042,2025-07-06,100,100,0,1,東日本
SHP-008761,W-09,FG-0079,2025-01-10,50,50,1,1,北日本
SHP-008762,W-08,FG-0058,2024-12-27,50,50,1,1,海外
SHP-008763,W-13,FG-0039,2025-04-22,20,20,0,1,西日本
SHP-008764,W-09,FG-0077,2025-12-01,100,100,1,1,北日本
SHP-008765,W-09,FG-0055,2025-03-15,20,20,1,1,海外
SHP-008766,W-03,FG-0007,2024-07-01,100,100,1,1,東日本
SHP-008767,W-17,FG-0015,2025-03-18,50,50,1,1,東日本
SHP-008768,W-21,FG-0077,2024-12-12,100,100,1,1,海外
SHP-008769,W-16,FG-0042,2025-08-31,20,20,1,1,北日本
SHP-008770,W-13,FG-0047,2026-02-18,20,20,1,1,東日本
SHP-008771,W-20,FG-0014,2024-04-06,10,10,1,1,北日本
SHP-008772,W-12,FG-0004,2024-05-30,100,100,1,1,北日本
SHP-008773,W-11,FG-0062,2025-11-15,50,50,1,1,海外
SHP-008774,W-11,FG-0038,2024-08-14,10,10,1,1,西日本
SHP-008775,W-08,FG-0057,2025-08-09,100,100,0,1,東日本
SHP-008776,W-02,FG-0079,2025-09-01,20,20,1,1,東日本
SHP-008777,W-15,FG-0049,2025-08-27,50,50,1,1,海外
SHP-008778,W-16,FG-0056,2024-05-13,100,100,1,1,海外
SHP-008779,W-07,FG-0043,2026-04-12,100,100,1,1,北日本
SHP-008780,W-03,FG-0052,2024-09-04,50,50,1,1,東日本
SHP-008781,W-19,FG-0047,2026-04-27,10,10,1,1,西日本
SHP-008782,W-20,FG-0004,2024-03-17,100,100,1,1,北日本
SHP-008783,W-08,FG-0079,2025-04-28,100,100,1,1,東日本
SHP-008784,W-23,FG-0007,2024-08-11,50,50,1,1,北日本
SHP-008785,W-11,FG-0037,2026-01-04,20,20,0,1,北日本
SHP-008786,W-04,FG-0043,2026-01-03,100,100,1,1,西日本
SHP-008787,W-03,FG-0029,2024-03-12,20,14,1,0,海外
SHP-008788,W-03,FG-0024,2025-04-12,100,100,1,1,海外
SHP-008789,W-13,FG-0062,2025-12-09,50,50,1,1,北日本
SHP-008790,W-24,FG-0025,2025-04-12,20,20,1,1,北日本
SHP-008791,W-02,FG-0047,2025-05-06,10,10,1,1,北日本
SHP-008792,W-12,FG-0028,2026-03-24,20,13,1,0,西日本
SHP-008793,W-12,FG-0026,2025-01-13,10,10,1,1,北日本
SHP-008794,W-06,FG-0032,2024-11-05,50,36,1,0,北日本
SHP-008795,W-07,FG-0038,2026-02-14,50,35,1,0,海外
SHP-008796,W-01,FG-0048,2024-03-03,20,20,0,1,東日本
SHP-008797,W-05,FG-0062,2024-04-23,100,100,1,1,北日本
SHP-008798,W-13,FG-0004,2024-01-05,50,50,1,1,東日本
SHP-008799,W-16,FG-0061,2024-10-13,20,20,1,1,海外
SHP-008800,W-06,FG-0060,2025-07-31,100,100,1,1,西日本
SHP-008801,W-01,FG-0044,2026-01-03,100,100,1,1,北日本
SHP-008802,W-06,FG-0078,2025-11-15,100,62,1,0,海外
SHP-008803,W-07,FG-0036,2024-04-09,10,6,1,0,海外
SHP-008804,W-10,FG-0059,2025-05-14,20,20,1,1,東日本
SHP-008805,W-05,FG-0052,2025-07-11,50,50,1,1,東日本
SHP-008806,W-11,FG-0067,2026-03-28,50,50,1,1,北日本
SHP-008807,W-20,FG-0075,2025-05-19,50,50,1,1,東日本
SHP-008808,W-11,FG-0005,2025-11-09,100,100,1,1,海外
SHP-008809,W-04,FG-0035,2024-04-15,50,50,1,1,北日本
SHP-008810,W-02,FG-0024,2025-08-20,100,100,1,1,北日本
SHP-008811,W-18,FG-0076,2026-04-12,100,100,1,1,東日本
SHP-008812,W-22,FG-0047,2026-03-11,100,100,1,1,海外
SHP-008813,W-02,FG-0059,2024-05-28,100,100,1,1,西日本
SHP-008814,W-17,FG-0004,2025-06-24,50,50,1,1,東日本
SHP-008815,W-17,FG-0022,2025-08-08,20,20,1,1,海外
SHP-008816,W-06,FG-0050,2024-10-21,100,100,1,1,海外
SHP-008817,W-05,FG-0028,2025-05-09,100,100,1,1,東日本
SHP-008818,W-16,FG-0077,2024-05-03,100,100,1,1,海外
SHP-008819,W-23,FG-0007,2024-09-23,50,50,1,1,西日本
SHP-008820,W-03,FG-0038,2025-11-10,20,20,1,1,海外
SHP-008821,W-24,FG-0078,2025-02-04,20,20,0,1,海外
SHP-008822,W-15,FG-0050,2024-06-12,20,20,1,1,海外
SHP-008823,W-03,FG-0005,2025-12-03,20,20,1,1,東日本
SHP-008824,W-03,FG-0076,2025-07-12,20,20,1,1,西日本
SHP-008825,W-11,FG-0019,2026-03-02,100,100,1,1,海外
SHP-008826,W-10,FG-0070,2024-07-08,20,20,0,1,西日本
SHP-008827,W-02,FG-0059,2025-09-02,50,50,1,1,北日本
SHP-008828,W-24,FG-0052,2026-01-03,50,41,1,0,東日本
SHP-008829,W-23,FG-0032,2024-02-20,100,100,1,1,東日本
SHP-008830,W-06,FG-0038,2024-12-20,100,100,1,1,西日本
SHP-008831,W-03,FG-0020,2024-03-08,50,50,0,1,西日本
SHP-008832,W-10,FG-0014,2024-02-25,50,50,1,1,北日本
SHP-008833,W-12,FG-0040,2025-11-09,50,50,1,1,海外
SHP-008834,W-12,FG-0036,2025-04-02,20,20,1,1,海外
SHP-008835,W-06,FG-0066,2025-04-24,100,100,1,1,北日本
SHP-008836,W-15,FG-0066,2025-08-11,100,100,1,1,北日本
SHP-008837,W-22,FG-0019,2024-01-16,10,7,1,0,西日本
SHP-008838,W-08,FG-0049,2025-05-21,100,100,1,1,東日本
SHP-008839,W-15,FG-0052,2026-01-18,10,10,1,1,北日本
SHP-008840,W-17,FG-0068,2026-03-28,50,40,1,0,北日本
SHP-008841,W-10,FG-0039,2025-07-06,50,50,1,1,西日本
SHP-008842,W-07,FG-0034,2025-04-19,50,50,1,1,北日本
SHP-008843,W-24,FG-0065,2025-11-03,20,20,1,1,東日本
SHP-008844,W-04,FG-0074,2024-03-27,10,10,1,1,北日本
SHP-008845,W-04,FG-0019,2025-07-25,10,10,1,1,西日本
SHP-008846,W-22,FG-0038,2025-02-03,10,10,1,1,北日本
SHP-008847,W-04,FG-0063,2024-05-03,10,10,1,1,海外
SHP-008848,W-07,FG-0040,2024-05-28,20,20,1,1,海外
SHP-008849,W-15,FG-0038,2024-06-04,100,100,1,1,北日本
SHP-008850,W-05,FG-0074,2025-01-18,100,100,0,1,東日本
SHP-008851,W-23,FG-0066,2024-06-02,10,10,1,1,西日本
SHP-008852,W-06,FG-0076,2024-12-07,10,10,1,1,海外
SHP-008853,W-24,FG-0049,2025-06-11,20,20,1,1,東日本
SHP-008854,W-23,FG-0074,2026-04-30,20,20,1,1,西日本
SHP-008855,W-12,FG-0059,2025-12-05,100,100,1,1,西日本
SHP-008856,W-22,FG-0005,2025-01-20,20,20,1,1,東日本
SHP-008857,W-19,FG-0018,2024-01-12,50,50,1,1,海外
SHP-008858,W-04,FG-0015,2026-03-02,50,50,1,1,北日本
SHP-008859,W-04,FG-0080,2026-03-14,20,20,1,1,西日本
SHP-008860,W-02,FG-0075,2024-06-26,50,50,1,1,北日本
SHP-008861,W-01,FG-0047,2026-02-04,50,50,1,1,西日本
SHP-008862,W-13,FG-0034,2024-07-09,10,10,1,1,北日本
SHP-008863,W-05,FG-0042,2024-05-12,100,78,1,0,北日本
SHP-008864,W-05,FG-0065,2026-04-23,100,100,1,1,東日本
SHP-008865,W-03,FG-0077,2024-02-24,50,50,1,1,北日本
SHP-008866,W-23,FG-0069,2024-10-18,10,10,1,1,西日本
SHP-008867,W-21,FG-0001,2025-02-21,50,50,1,1,北日本
SHP-008868,W-09,FG-0038,2026-01-07,10,10,1,1,海外
SHP-008869,W-04,FG-0004,2024-02-11,50,50,1,1,北日本
SHP-008870,W-17,FG-0051,2024-04-11,20,20,1,1,西日本
SHP-008871,W-13,FG-0074,2025-12-25,100,100,0,1,東日本
SHP-008872,W-17,FG-0051,2025-10-14,50,50,0,1,西日本
SHP-008873,W-21,FG-0019,2025-12-06,20,20,0,1,西日本
SHP-008874,W-09,FG-0023,2025-01-29,100,100,1,1,海外
SHP-008875,W-15,FG-0045,2025-07-08,10,10,1,1,東日本
SHP-008876,W-11,FG-0032,2026-01-10,10,10,1,1,海外
SHP-008877,W-01,FG-0046,2024-09-10,10,10,1,1,北日本
SHP-008878,W-12,FG-0061,2024-09-24,50,50,1,1,北日本
SHP-008879,W-17,FG-0005,2025-08-24,50,50,1,1,北日本
SHP-008880,W-04,FG-0049,2024-06-19,50,50,1,1,西日本
SHP-008881,W-20,FG-0037,2025-06-06,50,50,1,1,海外
SHP-008882,W-03,FG-0002,2024-04-07,50,50,1,1,西日本
SHP-008883,W-05,FG-0042,2024-09-02,50,50,0,1,西日本
SHP-008884,W-22,FG-0013,2024-04-08,50,50,1,1,西日本
SHP-008885,W-07,FG-0060,2025-05-23,100,100,1,1,北日本
SHP-008886,W-19,FG-0078,2025-07-15,10,10,0,1,東日本
SHP-008887,W-07,FG-0054,2025-06-19,20,20,0,1,北日本
SHP-008888,W-01,FG-0060,2025-06-10,20,20,1,1,西日本
SHP-008889,W-20,FG-0036,2025-12-02,10,10,1,1,西日本
SHP-008890,W-16,FG-0021,2024-05-18,100,100,1,1,西日本
SHP-008891,W-22,FG-0058,2024-03-07,20,13,1,0,西日本
SHP-008892,W-13,FG-0023,2024-08-18,10,10,1,1,東日本
SHP-008893,W-14,FG-0068,2024-06-22,50,50,1,1,西日本
SHP-008894,W-22,FG-0008,2024-10-16,10,10,1,1,北日本
SHP-008895,W-15,FG-0049,2024-08-24,10,10,1,1,北日本
SHP-008896,W-10,FG-0026,2025-12-13,50,34,1,0,西日本
SHP-008897,W-17,FG-0018,2026-01-01,20,20,1,1,西日本
SHP-008898,W-02,FG-0022,2024-08-21,100,100,1,1,海外
SHP-008899,W-20,FG-0046,2024-03-15,20,20,1,1,海外
SHP-008900,W-22,FG-0037,2024-09-21,10,10,1,1,北日本
SHP-008901,W-20,FG-0062,2025-07-24,100,100,1,1,海外
SHP-008902,W-06,FG-0025,2025-10-10,20,20,1,1,西日本
SHP-008903,W-07,FG-0007,2025-07-21,100,81,1,0,西日本
SHP-008904,W-16,FG-0039,2025-02-08,50,45,0,0,海外
SHP-008905,W-19,FG-0014,2025-08-21,50,50,1,1,東日本
SHP-008906,W-01,FG-0027,2024-06-10,10,10,1,1,北日本
SHP-008907,W-06,FG-0035,2025-01-01,20,20,0,1,西日本
SHP-008908,W-07,FG-0051,2025-01-15,100,100,1,1,海外
SHP-008909,W-11,FG-0035,2024-12-10,100,100,1,1,北日本
SHP-008910,W-05,FG-0015,2024-07-22,50,50,1,1,北日本
SHP-008911,W-22,FG-0001,2026-03-27,100,100,0,1,東日本
SHP-008912,W-16,FG-0036,2024-01-02,20,20,1,1,西日本
SHP-008913,W-09,FG-0025,2025-10-25,50,50,1,1,北日本
SHP-008914,W-19,FG-0064,2026-02-19,100,100,1,1,東日本
SHP-008915,W-11,FG-0050,2024-07-12,10,10,1,1,北日本
SHP-008916,W-09,FG-0006,2025-05-30,10,10,0,1,西日本
SHP-008917,W-24,FG-0010,2025-06-24,50,50,1,1,海外
SHP-008918,W-24,FG-0014,2025-06-17,100,100,1,1,東日本
SHP-008919,W-15,FG-0057,2025-10-31,100,100,1,1,北日本
SHP-008920,W-18,FG-0047,2025-02-14,100,100,0,1,北日本
SHP-008921,W-10,FG-0001,2025-03-12,20,20,1,1,北日本
SHP-008922,W-03,FG-0080,2024-09-26,20,20,1,1,海外
SHP-008923,W-14,FG-0057,2025-08-01,20,20,1,1,西日本
SHP-008924,W-12,FG-0066,2025-08-11,20,20,1,1,北日本
SHP-008925,W-09,FG-0054,2024-04-21,20,20,1,1,西日本
SHP-008926,W-09,FG-0047,2025-05-08,20,20,1,1,海外
SHP-008927,W-05,FG-0071,2025-04-22,20,20,1,1,東日本
SHP-008928,W-17,FG-0005,2024-09-09,10,10,1,1,北日本
SHP-008929,W-05,FG-0079,2025-11-16,10,10,1,1,北日本
SHP-008930,W-20,FG-0068,2024-06-25,100,100,1,1,海外
SHP-008931,W-24,FG-0033,2025-06-14,20,20,1,1,東日本
SHP-008932,W-19,FG-0028,2024-02-29,20,20,1,1,海外
SHP-008933,W-13,FG-0060,2024-05-03,100,100,0,1,海外
SHP-008934,W-21,FG-0062,2025-04-29,20,20,1,1,海外
SHP-008935,W-22,FG-0058,2024-11-14,20,20,1,1,東日本
SHP-008936,W-07,FG-0071,2024-11-06,20,20,1,1,西日本
SHP-008937,W-05,FG-0002,2025-04-19,50,39,1,0,海外
SHP-008938,W-05,FG-0045,2025-02-15,10,10,1,1,海外
SHP-008939,W-07,FG-0059,2025-07-28,20,20,0,1,海外
SHP-008940,W-24,FG-0041,2024-05-24,10,10,1,1,海外
SHP-008941,W-16,FG-0047,2025-02-02,50,50,1,1,北日本
SHP-008942,W-05,FG-0080,2025-08-03,50,50,1,1,海外
SHP-008943,W-02,FG-0040,2025-02-02,10,10,1,1,西日本
SHP-008944,W-16,FG-0018,2025-03-04,10,10,1,1,西日本
SHP-008945,W-14,FG-0075,2025-08-17,10,7,1,0,北日本
SHP-008946,W-14,FG-0063,2025-07-11,20,20,1,1,海外
SHP-008947,W-12,FG-0026,2024-12-14,50,50,1,1,北日本
SHP-008948,W-21,FG-0029,2025-11-18,100,100,1,1,西日本
SHP-008949,W-11,FG-0027,2025-08-29,100,100,1,1,北日本
SHP-008950,W-10,FG-0027,2025-07-10,100,100,1,1,東日本
SHP-008951,W-19,FG-0012,2024-02-29,50,50,1,1,西日本
SHP-008952,W-09,FG-0029,2025-05-23,100,100,1,1,西日本
SHP-008953,W-08,FG-0029,2025-02-04,20,20,1,1,海外
SHP-008954,W-04,FG-0011,2025-07-25,10,10,1,1,北日本
SHP-008955,W-20,FG-0053,2026-01-06,50,50,1,1,海外
SHP-008956,W-12,FG-0005,2025-05-25,100,100,1,1,西日本
SHP-008957,W-13,FG-0010,2025-02-26,50,50,1,1,北日本
SHP-008958,W-12,FG-0044,2025-06-16,100,100,1,1,海外
SHP-008959,W-07,FG-0008,2024-10-26,10,10,1,1,西日本
SHP-008960,W-06,FG-0013,2024-10-07,50,50,1,1,西日本
SHP-008961,W-17,FG-0077,2024-01-19,100,100,1,1,東日本
SHP-008962,W-17,FG-0036,2024-07-01,20,20,1,1,海外
SHP-008963,W-05,FG-0040,2024-12-09,10,10,1,1,海外
SHP-008964,W-22,FG-0035,2025-12-12,50,50,1,1,西日本
SHP-008965,W-05,FG-0013,2026-04-06,50,50,1,1,東日本
SHP-008966,W-16,FG-0016,2025-10-05,50,35,1,0,東日本
SHP-008967,W-10,FG-0063,2025-05-22,20,20,1,1,海外
SHP-008968,W-17,FG-0038,2025-01-17,20,20,1,1,東日本
SHP-008969,W-21,FG-0014,2025-12-18,10,7,1,0,海外
SHP-008970,W-14,FG-0080,2025-03-13,100,100,1,1,海外
SHP-008971,W-24,FG-0015,2025-07-23,50,50,1,1,東日本
SHP-008972,W-04,FG-0073,2024-07-20,10,10,1,1,東日本
SHP-008973,W-10,FG-0067,2024-09-02,50,50,1,1,海外
SHP-008974,W-04,FG-0007,2024-08-24,50,50,1,1,西日本
SHP-008975,W-23,FG-0060,2025-06-18,50,50,1,1,海外
SHP-008976,W-15,FG-0066,2024-10-20,20,20,1,1,西日本
SHP-008977,W-03,FG-0047,2025-12-10,10,10,0,1,北日本
SHP-008978,W-15,FG-0038,2026-03-13,50,50,1,1,西日本
SHP-008979,W-03,FG-0041,2025-09-06,20,20,1,1,東日本
SHP-008980,W-12,FG-0051,2025-06-13,50,50,0,1,海外
SHP-008981,W-14,FG-0076,2025-08-26,100,100,1,1,海外
SHP-008982,W-08,FG-0050,2025-11-05,20,20,1,1,東日本
SHP-008983,W-24,FG-0076,2024-06-28,50,50,1,1,東日本
SHP-008984,W-05,FG-0046,2024-10-17,10,10,1,1,東日本
SHP-008985,W-21,FG-0062,2024-06-18,10,10,1,1,北日本
SHP-008986,W-04,FG-0047,2026-04-20,100,100,1,1,海外
SHP-008987,W-01,FG-0074,2026-01-23,50,50,1,1,東日本
SHP-008988,W-24,FG-0034,2024-11-01,10,10,1,1,海外
SHP-008989,W-22,FG-0015,2024-09-25,20,20,1,1,西日本
SHP-008990,W-22,FG-0036,2024-10-09,20,20,1,1,海外
SHP-008991,W-05,FG-0021,2025-09-24,20,14,1,0,東日本
SHP-008992,W-23,FG-0046,2025-10-27,50,50,0,1,東日本
SHP-008993,W-21,FG-0009,2025-01-11,10,10,1,1,西日本
SHP-008994,W-16,FG-0055,2024-11-02,20,20,0,1,北日本
SHP-008995,W-06,FG-0015,2024-02-22,10,10,1,1,西日本
SHP-008996,W-20,FG-0030,2024-03-08,10,6,1,0,海外
SHP-008997,W-12,FG-0070,2025-12-24,100,100,1,1,北日本
SHP-008998,W-13,FG-0054,2025-03-24,20,13,1,0,北日本
SHP-008999,W-06,FG-0013,2026-04-19,20,20,1,1,東日本
SHP-009000,W-01,FG-0063,2024-03-12,20,20,1,1,北日本
SHP-009001,W-01,FG-0028,2025-07-18,20,20,1,1,北日本
SHP-009002,W-12,FG-0075,2024-03-07,20,20,1,1,東日本
SHP-009003,W-07,FG-0015,2024-02-07,20,20,0,1,海外
SHP-009004,W-17,FG-0001,2024-04-17,20,20,1,1,海外
SHP-009005,W-12,FG-0057,2025-02-01,50,50,1,1,海外
SHP-009006,W-08,FG-0041,2025-04-24,20,20,1,1,海外
SHP-009007,W-02,FG-0059,2025-10-21,100,93,1,0,北日本
SHP-009008,W-03,FG-0060,2025-06-22,10,10,1,1,西日本
SHP-009009,W-16,FG-0058,2025-08-01,100,100,1,1,西日本
SHP-009010,W-01,FG-0047,2025-09-21,50,50,1,1,東日本
SHP-009011,W-20,FG-0071,2025-07-20,50,35,1,0,東日本
SHP-009012,W-05,FG-0072,2025-11-20,10,10,1,1,西日本
SHP-009013,W-13,FG-0022,2025-05-02,100,100,1,1,北日本
SHP-009014,W-10,FG-0047,2025-11-05,50,50,1,1,北日本
SHP-009015,W-05,FG-0065,2024-10-27,100,100,0,1,東日本
SHP-009016,W-19,FG-0052,2024-12-04,10,10,0,1,東日本
SHP-009017,W-03,FG-0064,2025-08-04,10,10,0,1,西日本
SHP-009018,W-24,FG-0024,2025-04-17,100,100,1,1,西日本
SHP-009019,W-17,FG-0008,2024-04-07,20,20,1,1,東日本
SHP-009020,W-16,FG-0036,2024-09-25,10,10,1,1,東日本
SHP-009021,W-10,FG-0019,2025-03-22,100,100,1,1,北日本
SHP-009022,W-01,FG-0020,2024-03-24,100,100,0,1,北日本
SHP-009023,W-21,FG-0073,2024-08-27,20,20,1,1,北日本
SHP-009024,W-06,FG-0039,2024-08-23,20,20,1,1,海外
SHP-009025,W-20,FG-0017,2025-03-18,10,10,1,1,東日本
SHP-009026,W-12,FG-0072,2024-06-20,100,100,1,1,北日本
SHP-009027,W-23,FG-0034,2024-12-12,20,20,1,1,西日本
SHP-009028,W-01,FG-0059,2024-08-30,10,10,1,1,海外
SHP-009029,W-13,FG-0004,2024-05-20,10,10,1,1,北日本
SHP-009030,W-11,FG-0073,2024-06-08,20,20,1,1,東日本
SHP-009031,W-08,FG-0024,2024-01-07,100,100,0,1,西日本
SHP-009032,W-02,FG-0024,2025-01-05,100,100,1,1,海外
SHP-009033,W-20,FG-0041,2026-03-22,10,10,1,1,北日本
SHP-009034,W-14,FG-0072,2024-12-03,50,50,1,1,北日本
SHP-009035,W-06,FG-0013,2025-09-13,50,50,1,1,西日本
SHP-009036,W-05,FG-0069,2025-07-10,50,50,1,1,東日本
SHP-009037,W-17,FG-0068,2025-09-20,10,10,1,1,海外
SHP-009038,W-21,FG-0020,2025-10-30,100,100,1,1,西日本
SHP-009039,W-04,FG-0068,2026-01-27,20,17,1,0,東日本
SHP-009040,W-09,FG-0071,2025-10-02,10,10,1,1,西日本
SHP-009041,W-03,FG-0035,2025-09-17,10,10,0,1,北日本
SHP-009042,W-22,FG-0038,2025-12-25,20,20,1,1,西日本
SHP-009043,W-14,FG-0063,2024-12-29,50,44,1,0,西日本
SHP-009044,W-10,FG-0067,2025-04-09,100,89,1,0,東日本
SHP-009045,W-12,FG-0076,2025-11-18,50,50,1,1,東日本
SHP-009046,W-18,FG-0006,2024-06-16,20,18,1,0,西日本
SHP-009047,W-23,FG-0013,2025-06-29,100,100,0,1,西日本
SHP-009048,W-02,FG-0062,2026-03-15,100,69,1,0,東日本
SHP-009049,W-12,FG-0001,2025-12-15,100,100,1,1,海外
SHP-009050,W-20,FG-0064,2024-06-04,10,10,1,1,東日本
SHP-009051,W-17,FG-0026,2025-09-02,10,8,1,0,西日本
SHP-009052,W-15,FG-0038,2026-01-15,20,20,1,1,西日本
SHP-009053,W-20,FG-0076,2024-09-21,10,10,1,1,東日本
SHP-009054,W-14,FG-0061,2025-03-20,20,20,1,1,西日本
SHP-009055,W-02,FG-0004,2024-02-04,50,50,1,1,東日本
SHP-009056,W-03,FG-0035,2024-11-16,20,20,1,1,西日本
SHP-009057,W-03,FG-0016,2025-08-21,100,94,1,0,海外
SHP-009058,W-10,FG-0058,2025-06-25,100,100,1,1,北日本
SHP-009059,W-11,FG-0037,2025-03-02,10,10,1,1,西日本
SHP-009060,W-04,FG-0080,2025-08-02,100,100,1,1,東日本
SHP-009061,W-10,FG-0033,2025-08-12,100,100,1,1,北日本
SHP-009062,W-07,FG-0070,2024-11-12,50,50,0,1,東日本
SHP-009063,W-19,FG-0047,2025-10-11,10,10,1,1,東日本
SHP-009064,W-07,FG-0019,2026-04-13,50,50,1,1,東日本
SHP-009065,W-18,FG-0072,2024-02-08,20,20,1,1,北日本
SHP-009066,W-02,FG-0007,2024-01-13,100,100,1,1,海外
SHP-009067,W-04,FG-0038,2024-05-12,20,20,0,1,西日本
SHP-009068,W-21,FG-0050,2024-06-15,20,20,0,1,海外
SHP-009069,W-05,FG-0040,2024-11-28,50,50,1,1,海外
SHP-009070,W-14,FG-0039,2025-12-03,50,50,1,1,西日本
SHP-009071,W-23,FG-0052,2025-03-25,10,10,1,1,海外
SHP-009072,W-06,FG-0032,2024-06-21,100,100,0,1,海外
SHP-009073,W-04,FG-0019,2024-08-03,100,100,0,1,東日本
SHP-009074,W-15,FG-0010,2025-08-04,10,10,0,1,東日本
SHP-009075,W-04,FG-0035,2025-09-28,50,50,1,1,西日本
SHP-009076,W-03,FG-0058,2026-04-05,100,100,1,1,東日本
SHP-009077,W-12,FG-0036,2025-12-27,50,46,1,0,北日本
SHP-009078,W-07,FG-0075,2025-09-18,50,50,1,1,東日本
SHP-009079,W-15,FG-0001,2024-02-17,10,10,1,1,海外
SHP-009080,W-20,FG-0015,2026-03-13,100,100,1,1,海外
SHP-009081,W-15,FG-0006,2025-03-21,10,10,1,1,北日本
SHP-009082,W-03,FG-0053,2025-03-07,20,20,1,1,海外
SHP-009083,W-14,FG-0024,2025-12-07,50,50,0,1,東日本
SHP-009084,W-14,FG-0012,2024-08-31,100,100,1,1,海外
SHP-009085,W-07,FG-0007,2024-10-08,100,100,1,1,海外
SHP-009086,W-07,FG-0053,2024-01-26,100,100,1,1,海外
SHP-009087,W-12,FG-0043,2024-04-04,20,20,1,1,北日本
SHP-009088,W-09,FG-0027,2025-03-23,20,20,1,1,海外
SHP-009089,W-01,FG-0070,2025-07-06,20,20,1,1,東日本
SHP-009090,W-09,FG-0059,2026-03-13,20,20,1,1,海外
SHP-009091,W-02,FG-0064,2025-10-22,10,10,0,1,北日本
SHP-009092,W-22,FG-0032,2024-12-26,10,8,1,0,北日本
SHP-009093,W-20,FG-0001,2025-01-23,20,20,1,1,東日本
SHP-009094,W-24,FG-0040,2025-04-26,10,10,1,1,東日本
SHP-009095,W-13,FG-0072,2024-10-01,20,18,1,0,海外
SHP-009096,W-03,FG-0018,2024-04-06,100,100,1,1,北日本
SHP-009097,W-22,FG-0063,2024-04-07,20,20,1,1,北日本
SHP-009098,W-15,FG-0061,2025-04-25,100,73,0,0,北日本
SHP-009099,W-03,FG-0053,2025-02-13,10,10,1,1,西日本
SHP-009100,W-15,FG-0080,2024-05-16,20,20,1,1,東日本
SHP-009101,W-06,FG-0041,2024-10-28,50,50,1,1,西日本
SHP-009102,W-16,FG-0011,2024-01-30,100,100,1,1,西日本
SHP-009103,W-12,FG-0043,2025-01-23,20,20,1,1,北日本
SHP-009104,W-15,FG-0046,2025-02-21,100,100,1,1,北日本
SHP-009105,W-11,FG-0018,2024-12-15,100,100,1,1,東日本
SHP-009106,W-16,FG-0001,2025-09-04,20,20,1,1,東日本
SHP-009107,W-24,FG-0020,2026-02-15,50,50,1,1,東日本
SHP-009108,W-11,FG-0013,2025-11-26,20,20,1,1,西日本
SHP-009109,W-21,FG-0052,2025-11-25,20,20,1,1,東日本
SHP-009110,W-02,FG-0068,2024-04-06,10,10,1,1,北日本
SHP-009111,W-23,FG-0061,2025-08-12,50,50,1,1,北日本
SHP-009112,W-06,FG-0014,2025-07-24,10,10,1,1,海外
SHP-009113,W-15,FG-0024,2025-05-26,20,20,1,1,海外
SHP-009114,W-13,FG-0051,2024-08-18,100,100,1,1,北日本
SHP-009115,W-21,FG-0062,2024-04-28,10,6,1,0,西日本
SHP-009116,W-19,FG-0039,2025-06-27,100,100,1,1,西日本
SHP-009117,W-06,FG-0024,2025-11-02,10,10,1,1,西日本
SHP-009118,W-20,FG-0047,2024-12-01,20,20,1,1,海外
SHP-009119,W-08,FG-0052,2024-12-26,10,10,1,1,東日本
SHP-009120,W-19,FG-0026,2025-04-21,10,10,1,1,西日本
SHP-009121,W-23,FG-0079,2024-01-27,50,50,0,1,東日本
SHP-009122,W-02,FG-0071,2024-09-23,100,100,1,1,海外
SHP-009123,W-16,FG-0034,2025-12-31,50,50,1,1,西日本
SHP-009124,W-12,FG-0029,2025-03-13,50,50,1,1,海外
SHP-009125,W-19,FG-0009,2025-06-15,20,20,1,1,西日本
SHP-009126,W-11,FG-0043,2024-06-29,100,100,1,1,北日本
SHP-009127,W-13,FG-0054,2025-09-24,10,8,1,0,北日本
SHP-009128,W-19,FG-0059,2024-05-22,50,50,1,1,西日本
SHP-009129,W-11,FG-0049,2025-08-16,100,100,1,1,海外
SHP-009130,W-08,FG-0031,2025-08-14,20,20,1,1,東日本
SHP-009131,W-08,FG-0062,2025-08-12,20,20,1,1,東日本
SHP-009132,W-21,FG-0048,2025-07-14,100,100,1,1,西日本
SHP-009133,W-02,FG-0027,2025-04-04,50,50,1,1,海外
SHP-009134,W-20,FG-0069,2025-11-19,20,20,0,1,北日本
SHP-009135,W-23,FG-0062,2026-01-15,10,10,1,1,西日本
SHP-009136,W-14,FG-0020,2024-04-15,20,20,1,1,北日本
SHP-009137,W-07,FG-0064,2025-06-06,20,20,1,1,東日本
SHP-009138,W-08,FG-0039,2024-10-16,10,10,1,1,海外
SHP-009139,W-11,FG-0080,2025-06-07,20,20,0,1,西日本
SHP-009140,W-19,FG-0034,2024-01-06,10,10,1,1,東日本
SHP-009141,W-17,FG-0017,2024-10-03,100,100,0,1,東日本
SHP-009142,W-04,FG-0051,2024-06-04,20,20,1,1,海外
SHP-009143,W-02,FG-0071,2025-12-29,10,10,1,1,西日本
SHP-009144,W-08,FG-0039,2024-11-16,50,50,0,1,西日本
SHP-009145,W-06,FG-0064,2024-11-29,10,6,1,0,北日本
SHP-009146,W-05,FG-0044,2025-01-01,20,20,1,1,西日本
SHP-009147,W-09,FG-0059,2026-01-06,10,10,1,1,西日本
SHP-009148,W-01,FG-0063,2025-02-13,100,100,1,1,東日本
SHP-009149,W-09,FG-0060,2024-12-01,100,100,1,1,東日本
SHP-009150,W-19,FG-0041,2024-10-14,100,100,1,1,北日本
SHP-009151,W-23,FG-0022,2024-08-18,10,10,1,1,北日本
SHP-009152,W-04,FG-0016,2024-07-13,10,10,0,1,西日本
SHP-009153,W-03,FG-0021,2025-11-09,20,20,1,1,北日本
SHP-009154,W-02,FG-0042,2025-03-01,20,20,1,1,北日本
SHP-009155,W-24,FG-0022,2024-03-03,50,50,0,1,東日本
SHP-009156,W-22,FG-0016,2026-03-08,100,100,1,1,海外
SHP-009157,W-10,FG-0010,2024-06-25,20,20,1,1,西日本
SHP-009158,W-13,FG-0071,2026-03-08,20,20,1,1,海外
SHP-009159,W-18,FG-0028,2025-01-08,10,10,0,1,西日本
SHP-009160,W-10,FG-0065,2024-12-19,50,50,1,1,海外
SHP-009161,W-14,FG-0023,2024-05-21,100,100,1,1,海外
SHP-009162,W-17,FG-0074,2025-03-22,20,20,1,1,東日本
SHP-009163,W-06,FG-0048,2025-10-05,10,10,1,1,海外
SHP-009164,W-15,FG-0035,2024-08-23,100,100,1,1,東日本
SHP-009165,W-10,FG-0008,2025-07-20,20,20,1,1,西日本
SHP-009166,W-05,FG-0017,2024-07-10,20,20,0,1,西日本
SHP-009167,W-02,FG-0029,2024-11-22,20,18,1,0,北日本
SHP-009168,W-07,FG-0060,2026-01-09,50,50,0,1,海外
SHP-009169,W-15,FG-0029,2025-06-02,50,50,1,1,西日本
SHP-009170,W-19,FG-0069,2024-01-17,100,100,1,1,西日本
SHP-009171,W-05,FG-0011,2024-05-21,10,10,0,1,東日本
SHP-009172,W-15,FG-0024,2024-04-17,20,20,1,1,西日本
SHP-009173,W-13,FG-0079,2025-03-10,100,100,1,1,西日本
SHP-009174,W-08,FG-0043,2025-04-26,100,100,1,1,西日本
SHP-009175,W-19,FG-0075,2024-02-15,100,100,0,1,北日本
SHP-009176,W-11,FG-0034,2025-01-22,100,86,1,0,北日本
SHP-009177,W-19,FG-0069,2025-04-25,10,10,1,1,北日本
SHP-009178,W-05,FG-0032,2024-02-22,20,15,1,0,北日本
SHP-009179,W-09,FG-0029,2025-11-01,100,100,0,1,海外
SHP-009180,W-03,FG-0054,2025-10-14,20,20,1,1,海外
SHP-009181,W-03,FG-0066,2025-08-10,50,50,1,1,東日本
SHP-009182,W-16,FG-0030,2025-03-06,100,100,1,1,海外
SHP-009183,W-10,FG-0016,2024-04-15,20,20,1,1,北日本
SHP-009184,W-18,FG-0015,2024-02-17,10,10,1,1,北日本
SHP-009185,W-13,FG-0018,2024-02-25,100,100,1,1,海外
SHP-009186,W-08,FG-0075,2025-02-11,20,20,1,1,海外
SHP-009187,W-11,FG-0007,2024-06-14,100,100,1,1,東日本
SHP-009188,W-22,FG-0013,2024-03-30,100,100,1,1,西日本
SHP-009189,W-18,FG-0021,2025-07-12,50,50,1,1,北日本
SHP-009190,W-01,FG-0045,2025-04-18,10,10,0,1,北日本
SHP-009191,W-12,FG-0005,2024-08-16,20,20,1,1,西日本
SHP-009192,W-21,FG-0068,2024-04-25,10,10,1,1,北日本
SHP-009193,W-23,FG-0034,2026-03-03,10,10,1,1,海外
SHP-009194,W-18,FG-0068,2024-03-06,10,10,1,1,西日本
SHP-009195,W-05,FG-0048,2026-04-01,20,20,0,1,北日本
SHP-009196,W-22,FG-0065,2025-03-05,20,20,1,1,海外
SHP-009197,W-12,FG-0040,2025-07-03,10,10,1,1,西日本
SHP-009198,W-16,FG-0079,2024-08-12,50,50,1,1,北日本
SHP-009199,W-19,FG-0031,2026-03-29,100,86,1,0,海外
SHP-009200,W-15,FG-0080,2025-10-10,10,10,1,1,西日本
SHP-009201,W-07,FG-0050,2024-02-17,10,10,1,1,北日本
SHP-009202,W-18,FG-0001,2026-01-12,50,50,1,1,海外
SHP-009203,W-04,FG-0045,2024-11-07,50,50,1,1,西日本
SHP-009204,W-05,FG-0021,2025-04-26,50,50,1,1,西日本
SHP-009205,W-20,FG-0031,2025-02-22,20,20,1,1,海外
SHP-009206,W-11,FG-0020,2026-01-23,100,100,1,1,西日本
SHP-009207,W-01,FG-0029,2024-03-09,20,20,0,1,北日本
SHP-009208,W-06,FG-0078,2025-05-02,100,100,1,1,北日本
SHP-009209,W-17,FG-0067,2025-06-18,100,100,1,1,海外
SHP-009210,W-21,FG-0040,2026-03-23,10,10,1,1,北日本
SHP-009211,W-06,FG-0048,2025-11-30,10,10,1,1,東日本
SHP-009212,W-21,FG-0012,2024-09-27,10,8,1,0,海外
SHP-009213,W-09,FG-0049,2025-08-23,100,100,1,1,西日本
SHP-009214,W-21,FG-0034,2025-02-10,100,100,1,1,西日本
SHP-009215,W-08,FG-0068,2024-07-01,50,50,1,1,海外
SHP-009216,W-07,FG-0032,2026-04-30,50,38,1,0,北日本
SHP-009217,W-12,FG-0031,2025-03-09,10,10,1,1,海外
SHP-009218,W-20,FG-0015,2026-03-16,20,20,1,1,海外
SHP-009219,W-02,FG-0071,2024-06-27,10,8,1,0,海外
SHP-009220,W-14,FG-0031,2026-04-18,20,20,0,1,北日本
SHP-009221,W-23,FG-0047,2025-07-17,10,10,1,1,東日本
SHP-009222,W-06,FG-0012,2024-02-09,100,100,1,1,海外
SHP-009223,W-07,FG-0005,2025-02-24,20,20,1,1,海外
SHP-009224,W-03,FG-0047,2025-04-08,20,20,1,1,西日本
SHP-009225,W-17,FG-0026,2024-10-13,50,50,1,1,海外
SHP-009226,W-07,FG-0065,2024-03-13,100,86,1,0,東日本
SHP-009227,W-06,FG-0056,2024-03-20,50,50,1,1,北日本
SHP-009228,W-01,FG-0028,2026-04-13,100,100,1,1,西日本
SHP-009229,W-19,FG-0080,2025-05-03,50,50,1,1,海外
SHP-009230,W-13,FG-0079,2025-05-05,100,100,1,1,海外
SHP-009231,W-04,FG-0040,2026-04-25,10,10,1,1,東日本
SHP-009232,W-14,FG-0014,2025-06-01,20,20,0,1,西日本
SHP-009233,W-14,FG-0052,2025-09-06,100,100,1,1,北日本
SHP-009234,W-11,FG-0041,2024-05-26,20,20,1,1,海外
SHP-009235,W-21,FG-0071,2026-02-09,20,20,1,1,西日本
SHP-009236,W-14,FG-0063,2025-02-13,10,9,1,0,海外
SHP-009237,W-22,FG-0027,2025-06-25,100,100,1,1,海外
SHP-009238,W-05,FG-0054,2024-07-11,100,100,1,1,西日本
SHP-009239,W-04,FG-0031,2024-08-04,50,50,1,1,北日本
SHP-009240,W-22,FG-0009,2024-05-02,10,10,1,1,東日本
SHP-009241,W-13,FG-0008,2025-05-20,20,20,0,1,北日本
SHP-009242,W-19,FG-0062,2024-08-12,20,20,1,1,北日本
SHP-009243,W-01,FG-0010,2024-09-09,100,100,1,1,海外
SHP-009244,W-11,FG-0020,2025-01-08,10,10,1,1,北日本
SHP-009245,W-09,FG-0007,2024-11-08,20,20,1,1,海外
SHP-009246,W-20,FG-0017,2024-08-18,10,10,1,1,北日本
SHP-009247,W-18,FG-0050,2024-08-13,50,50,1,1,東日本
SHP-009248,W-20,FG-0027,2025-11-22,20,20,1,1,東日本
SHP-009249,W-08,FG-0047,2026-02-17,10,10,1,1,西日本
SHP-009250,W-03,FG-0075,2024-04-09,20,20,1,1,海外
SHP-009251,W-07,FG-0029,2024-12-09,10,10,1,1,西日本
SHP-009252,W-13,FG-0041,2024-12-03,20,20,0,1,北日本
SHP-009253,W-24,FG-0077,2024-05-05,20,14,1,0,海外
SHP-009254,W-07,FG-0026,2025-10-09,20,13,1,0,北日本
SHP-009255,W-19,FG-0015,2025-06-08,100,100,1,1,西日本
SHP-009256,W-12,FG-0031,2025-12-13,100,100,0,1,北日本
SHP-009257,W-09,FG-0077,2024-07-13,50,50,1,1,北日本
SHP-009258,W-08,FG-0024,2025-11-25,50,50,1,1,北日本
SHP-009259,W-10,FG-0031,2026-03-22,10,10,1,1,西日本
SHP-009260,W-18,FG-0003,2025-03-30,50,50,1,1,西日本
SHP-009261,W-08,FG-0036,2026-01-26,50,50,0,1,東日本
SHP-009262,W-04,FG-0069,2024-03-13,20,20,1,1,海外
SHP-009263,W-07,FG-0062,2024-07-24,10,10,0,1,海外
SHP-009264,W-03,FG-0054,2024-08-06,50,50,1,1,北日本
SHP-009265,W-16,FG-0046,2024-02-29,100,100,1,1,東日本
SHP-009266,W-16,FG-0041,2024-01-29,20,20,1,1,北日本
SHP-009267,W-13,FG-0065,2026-04-10,100,100,1,1,海外
SHP-009268,W-14,FG-0055,2025-07-05,20,20,1,1,海外
SHP-009269,W-09,FG-0006,2025-04-26,50,50,1,1,海外
SHP-009270,W-24,FG-0060,2024-06-04,10,10,1,1,西日本
SHP-009271,W-13,FG-0007,2026-01-29,50,50,1,1,海外
SHP-009272,W-24,FG-0049,2024-01-05,50,50,0,1,海外
SHP-009273,W-15,FG-0049,2024-12-10,50,50,1,1,北日本
SHP-009274,W-23,FG-0022,2025-11-23,10,10,1,1,東日本
SHP-009275,W-21,FG-0078,2024-10-03,20,20,1,1,東日本
SHP-009276,W-05,FG-0073,2025-06-21,10,10,1,1,北日本
SHP-009277,W-04,FG-0007,2025-02-16,100,100,1,1,東日本
SHP-009278,W-20,FG-0012,2025-08-01,50,50,0,1,海外
SHP-009279,W-23,FG-0057,2026-03-05,20,20,1,1,北日本
SHP-009280,W-17,FG-0078,2024-02-26,100,100,1,1,東日本
SHP-009281,W-23,FG-0006,2025-10-16,50,50,1,1,西日本
SHP-009282,W-03,FG-0012,2025-01-28,20,20,1,1,東日本
SHP-009283,W-17,FG-0030,2024-12-31,20,20,1,1,東日本
SHP-009284,W-08,FG-0029,2025-09-07,100,100,0,1,海外
SHP-009285,W-20,FG-0003,2025-04-03,50,50,1,1,北日本
SHP-009286,W-09,FG-0044,2025-01-27,20,20,1,1,海外
SHP-009287,W-14,FG-0074,2024-11-20,10,10,1,1,海外
SHP-009288,W-10,FG-0055,2025-08-01,10,6,1,0,海外
SHP-009289,W-14,FG-0029,2024-03-29,10,10,1,1,東日本
SHP-009290,W-18,FG-0079,2024-06-18,50,50,1,1,東日本
SHP-009291,W-02,FG-0078,2026-03-27,100,100,0,1,海外
SHP-009292,W-01,FG-0017,2025-05-26,100,100,1,1,西日本
SHP-009293,W-21,FG-0001,2024-03-24,10,10,1,1,北日本
SHP-009294,W-07,FG-0076,2026-04-06,100,100,1,1,東日本
SHP-009295,W-02,FG-0048,2024-07-27,10,10,1,1,西日本
SHP-009296,W-15,FG-0073,2026-01-15,20,20,0,1,北日本
SHP-009297,W-15,FG-0038,2024-04-06,20,20,1,1,東日本
SHP-009298,W-16,FG-0056,2024-06-09,10,10,1,1,東日本
SHP-009299,W-01,FG-0013,2025-05-02,20,20,1,1,西日本
SHP-009300,W-02,FG-0061,2024-12-10,100,100,1,1,北日本
SHP-009301,W-11,FG-0052,2025-06-22,20,20,1,1,海外
SHP-009302,W-06,FG-0033,2025-11-27,50,50,1,1,北日本
SHP-009303,W-23,FG-0033,2025-05-23,10,10,1,1,西日本
SHP-009304,W-15,FG-0003,2025-04-10,50,50,1,1,海外
SHP-009305,W-16,FG-0001,2024-08-06,100,78,1,0,西日本
SHP-009306,W-16,FG-0024,2026-03-29,20,20,1,1,西日本
SHP-009307,W-03,FG-0003,2025-10-22,10,10,1,1,東日本
SHP-009308,W-03,FG-0037,2024-12-13,50,50,1,1,東日本
SHP-009309,W-17,FG-0060,2024-06-03,100,100,1,1,海外
SHP-009310,W-16,FG-0049,2025-04-03,20,20,1,1,東日本
SHP-009311,W-16,FG-0031,2026-04-18,100,100,1,1,海外
SHP-009312,W-14,FG-0059,2024-06-12,10,10,1,1,北日本
SHP-009313,W-24,FG-0034,2025-11-12,100,100,1,1,西日本
SHP-009314,W-06,FG-0058,2024-08-25,20,20,1,1,西日本
SHP-009315,W-01,FG-0062,2025-10-16,100,100,1,1,海外
SHP-009316,W-10,FG-0045,2025-03-14,20,20,1,1,北日本
SHP-009317,W-15,FG-0059,2025-07-28,50,50,1,1,北日本
SHP-009318,W-17,FG-0076,2025-06-23,100,61,1,0,海外
SHP-009319,W-03,FG-0029,2024-02-20,50,50,0,1,東日本
SHP-009320,W-21,FG-0071,2025-07-17,10,10,0,1,海外
SHP-009321,W-18,FG-0012,2025-09-04,50,50,0,1,東日本
SHP-009322,W-12,FG-0018,2025-02-20,20,20,1,1,西日本
SHP-009323,W-11,FG-0038,2025-11-04,100,100,1,1,北日本
SHP-009324,W-05,FG-0061,2024-10-09,20,20,0,1,東日本
SHP-009325,W-07,FG-0009,2024-12-15,50,50,1,1,北日本
SHP-009326,W-19,FG-0019,2025-01-23,50,38,1,0,東日本
SHP-009327,W-17,FG-0073,2024-06-13,10,8,1,0,西日本
SHP-009328,W-21,FG-0051,2026-04-12,10,10,1,1,西日本
SHP-009329,W-13,FG-0078,2024-11-13,20,20,1,1,東日本
SHP-009330,W-05,FG-0063,2024-03-20,50,50,1,1,西日本
SHP-009331,W-21,FG-0058,2025-05-16,10,10,1,1,西日本
SHP-009332,W-13,FG-0072,2026-01-04,50,50,1,1,海外
SHP-009333,W-04,FG-0002,2024-12-21,100,100,1,1,海外
SHP-009334,W-19,FG-0080,2025-09-21,100,100,1,1,東日本
SHP-009335,W-11,FG-0011,2025-05-04,50,50,1,1,北日本
SHP-009336,W-20,FG-0073,2024-10-01,10,10,1,1,北日本
SHP-009337,W-14,FG-0033,2024-02-24,10,10,1,1,東日本
SHP-009338,W-14,FG-0007,2024-01-29,100,100,1,1,北日本
SHP-009339,W-20,FG-0007,2025-11-12,20,16,1,0,東日本
SHP-009340,W-10,FG-0080,2025-07-02,50,50,1,1,東日本
SHP-009341,W-10,FG-0034,2025-05-09,100,100,1,1,西日本
SHP-009342,W-23,FG-0057,2025-07-16,20,20,1,1,西日本
SHP-009343,W-18,FG-0053,2024-12-30,20,20,1,1,西日本
SHP-009344,W-12,FG-0036,2026-03-30,50,50,1,1,西日本
SHP-009345,W-14,FG-0026,2024-11-11,100,100,1,1,東日本
SHP-009346,W-02,FG-0007,2024-05-23,100,100,1,1,北日本
SHP-009347,W-04,FG-0017,2025-11-17,10,10,1,1,北日本
SHP-009348,W-05,FG-0016,2025-05-28,20,20,0,1,海外
SHP-009349,W-24,FG-0035,2025-08-05,50,50,0,1,北日本
SHP-009350,W-18,FG-0029,2025-10-11,50,50,0,1,東日本
SHP-009351,W-04,FG-0014,2026-01-09,50,50,1,1,海外
SHP-009352,W-02,FG-0013,2024-05-23,100,100,1,1,北日本
SHP-009353,W-01,FG-0003,2024-01-03,50,50,1,1,海外
SHP-009354,W-24,FG-0061,2025-04-23,50,50,1,1,北日本
SHP-009355,W-17,FG-0020,2026-01-21,100,100,1,1,東日本
SHP-009356,W-15,FG-0021,2026-01-21,20,20,1,1,西日本
SHP-009357,W-23,FG-0043,2025-11-28,20,20,1,1,西日本
SHP-009358,W-02,FG-0018,2024-01-24,50,50,1,1,北日本
SHP-009359,W-19,FG-0044,2026-02-24,100,100,1,1,海外
SHP-009360,W-22,FG-0065,2024-10-20,10,10,1,1,東日本
SHP-009361,W-17,FG-0041,2025-02-22,100,88,0,0,東日本
SHP-009362,W-02,FG-0035,2024-09-28,100,100,0,1,海外
SHP-009363,W-15,FG-0012,2024-02-02,100,71,1,0,西日本
SHP-009364,W-23,FG-0070,2026-01-15,50,50,0,1,東日本
SHP-009365,W-21,FG-0013,2025-05-16,50,42,1,0,東日本
SHP-009366,W-16,FG-0047,2026-01-21,100,100,1,1,西日本
SHP-009367,W-24,FG-0058,2024-06-28,20,20,1,1,東日本
SHP-009368,W-07,FG-0021,2025-08-13,20,20,1,1,海外
SHP-009369,W-20,FG-0050,2024-06-13,100,100,1,1,北日本
SHP-009370,W-05,FG-0078,2024-01-03,10,10,1,1,北日本
SHP-009371,W-23,FG-0056,2026-02-14,20,20,1,1,東日本
SHP-009372,W-22,FG-0049,2024-02-25,100,100,1,1,海外
SHP-009373,W-08,FG-0010,2025-10-20,10,10,1,1,西日本
SHP-009374,W-10,FG-0077,2025-12-18,10,9,1,0,北日本
SHP-009375,W-22,FG-0037,2025-02-24,50,50,1,1,東日本
SHP-009376,W-10,FG-0043,2024-11-14,20,20,1,1,北日本
SHP-009377,W-02,FG-0050,2026-03-08,50,50,1,1,東日本
SHP-009378,W-01,FG-0012,2024-02-25,50,50,1,1,西日本
SHP-009379,W-23,FG-0009,2024-06-21,10,10,1,1,海外
SHP-009380,W-24,FG-0079,2024-12-18,100,100,1,1,西日本
SHP-009381,W-09,FG-0002,2025-01-27,20,20,1,1,東日本
SHP-009382,W-17,FG-0038,2025-03-18,20,20,1,1,北日本
SHP-009383,W-11,FG-0023,2024-07-14,20,20,1,1,西日本
SHP-009384,W-24,FG-0062,2024-10-27,100,100,1,1,西日本
SHP-009385,W-10,FG-0035,2025-01-16,50,50,1,1,海外
SHP-009386,W-19,FG-0002,2025-08-15,50,50,1,1,東日本
SHP-009387,W-21,FG-0014,2025-03-17,20,20,1,1,北日本
SHP-009388,W-22,FG-0070,2025-01-25,20,20,1,1,東日本
SHP-009389,W-17,FG-0007,2024-11-06,50,50,0,1,西日本
SHP-009390,W-11,FG-0015,2024-06-12,20,20,0,1,北日本
SHP-009391,W-06,FG-0037,2026-01-30,100,100,1,1,東日本
SHP-009392,W-05,FG-0005,2024-01-11,100,100,1,1,西日本
SHP-009393,W-06,FG-0072,2025-11-22,20,20,1,1,北日本
SHP-009394,W-17,FG-0027,2024-09-20,10,10,1,1,東日本
SHP-009395,W-09,FG-0019,2026-03-17,100,100,1,1,西日本
SHP-009396,W-15,FG-0013,2026-02-28,100,84,1,0,海外
SHP-009397,W-01,FG-0042,2024-05-24,10,10,1,1,海外
SHP-009398,W-08,FG-0011,2024-03-13,50,50,1,1,東日本
SHP-009399,W-08,FG-0023,2025-01-10,20,20,1,1,東日本
SHP-009400,W-24,FG-0072,2025-08-02,100,100,1,1,北日本
SHP-009401,W-06,FG-0028,2025-10-09,10,10,1,1,北日本
SHP-009402,W-07,FG-0048,2026-03-21,20,20,1,1,東日本
SHP-009403,W-09,FG-0035,2025-07-06,100,100,1,1,西日本
SHP-009404,W-04,FG-0064,2025-07-11,100,100,1,1,北日本
SHP-009405,W-20,FG-0023,2026-03-23,10,10,1,1,西日本
SHP-009406,W-10,FG-0008,2025-08-17,50,50,1,1,東日本
SHP-009407,W-14,FG-0012,2025-08-28,20,20,1,1,西日本
SHP-009408,W-09,FG-0071,2025-08-08,20,20,1,1,海外
SHP-009409,W-02,FG-0007,2025-02-15,100,100,1,1,西日本
SHP-009410,W-12,FG-0008,2024-10-31,20,20,1,1,北日本
SHP-009411,W-11,FG-0004,2025-01-04,100,100,1,1,海外
SHP-009412,W-05,FG-0031,2025-04-18,50,50,1,1,東日本
SHP-009413,W-05,FG-0028,2024-12-15,50,50,1,1,西日本
SHP-009414,W-14,FG-0057,2024-05-17,10,10,1,1,北日本
SHP-009415,W-05,FG-0004,2024-02-10,100,100,0,1,東日本
SHP-009416,W-06,FG-0006,2026-01-29,100,100,1,1,西日本
SHP-009417,W-22,FG-0012,2025-12-25,10,10,1,1,東日本
SHP-009418,W-05,FG-0044,2025-10-13,10,10,1,1,北日本
SHP-009419,W-14,FG-0022,2025-03-05,50,50,1,1,西日本
SHP-009420,W-02,FG-0015,2025-06-17,20,20,1,1,海外
SHP-009421,W-21,FG-0003,2026-03-23,10,10,0,1,東日本
SHP-009422,W-02,FG-0026,2025-09-23,50,50,1,1,北日本
SHP-009423,W-21,FG-0016,2025-01-09,20,20,0,1,東日本
SHP-009424,W-06,FG-0043,2024-01-01,10,10,1,1,西日本
SHP-009425,W-22,FG-0076,2025-10-26,10,10,1,1,北日本
SHP-009426,W-03,FG-0073,2025-11-08,100,100,1,1,海外
SHP-009427,W-06,FG-0056,2025-02-05,100,100,0,1,西日本
SHP-009428,W-13,FG-0040,2024-03-12,100,100,0,1,西日本
SHP-009429,W-17,FG-0046,2025-11-28,10,10,1,1,東日本
SHP-009430,W-02,FG-0015,2025-08-04,100,76,1,0,西日本
SHP-009431,W-22,FG-0045,2024-04-12,20,20,1,1,海外
SHP-009432,W-12,FG-0026,2025-07-09,10,10,1,1,西日本
SHP-009433,W-01,FG-0038,2025-12-19,10,10,1,1,北日本
SHP-009434,W-13,FG-0001,2025-09-18,10,10,1,1,西日本
SHP-009435,W-02,FG-0062,2024-10-19,20,20,1,1,西日本
SHP-009436,W-18,FG-0009,2026-04-30,10,10,1,1,海外
SHP-009437,W-04,FG-0022,2025-12-19,10,10,0,1,西日本
SHP-009438,W-07,FG-0050,2025-06-12,100,100,1,1,海外
SHP-009439,W-08,FG-0046,2025-12-22,20,20,1,1,北日本
SHP-009440,W-23,FG-0060,2024-04-16,100,100,1,1,海外
SHP-009441,W-11,FG-0018,2025-08-13,10,10,1,1,西日本
SHP-009442,W-20,FG-0063,2024-07-14,20,12,1,0,西日本
SHP-009443,W-04,FG-0032,2024-06-07,20,20,1,1,西日本
SHP-009444,W-17,FG-0015,2025-01-21,10,10,1,1,海外
SHP-009445,W-07,FG-0048,2024-10-01,20,20,1,1,北日本
SHP-009446,W-15,FG-0002,2025-12-15,20,20,1,1,西日本
SHP-009447,W-20,FG-0016,2024-11-16,10,10,0,1,海外
SHP-009448,W-14,FG-0042,2026-03-13,10,10,1,1,東日本
SHP-009449,W-01,FG-0048,2026-02-05,10,10,1,1,東日本
SHP-009450,W-17,FG-0064,2025-08-07,10,10,1,1,海外
SHP-009451,W-06,FG-0052,2025-04-06,100,100,1,1,北日本
SHP-009452,W-13,FG-0043,2025-01-22,100,100,0,1,東日本
SHP-009453,W-06,FG-0013,2024-06-10,20,20,1,1,西日本
SHP-009454,W-24,FG-0045,2025-09-24,10,10,1,1,西日本
SHP-009455,W-05,FG-0048,2024-08-08,100,100,1,1,西日本
SHP-009456,W-05,FG-0068,2025-09-03,100,100,1,1,海外
SHP-009457,W-15,FG-0044,2025-06-09,100,100,0,1,東日本
SHP-009458,W-20,FG-0040,2025-05-22,10,10,1,1,西日本
SHP-009459,W-12,FG-0007,2025-12-22,50,50,1,1,海外
SHP-009460,W-12,FG-0032,2024-05-17,20,12,0,0,海外
SHP-009461,W-24,FG-0057,2024-05-24,20,20,1,1,北日本
SHP-009462,W-06,FG-0053,2025-03-28,10,10,1,1,海外
SHP-009463,W-03,FG-0067,2026-02-08,20,20,1,1,西日本
SHP-009464,W-09,FG-0058,2024-08-02,10,8,1,0,海外
SHP-009465,W-04,FG-0055,2025-05-12,10,10,1,1,海外
SHP-009466,W-04,FG-0040,2025-11-25,100,100,1,1,北日本
SHP-009467,W-09,FG-0043,2025-11-22,50,50,1,1,北日本
SHP-009468,W-05,FG-0062,2025-09-09,100,100,0,1,海外
SHP-009469,W-11,FG-0017,2025-01-20,100,100,1,1,海外
SHP-009470,W-18,FG-0012,2024-04-07,50,50,1,1,西日本
SHP-009471,W-24,FG-0076,2024-08-04,100,100,0,1,東日本
SHP-009472,W-18,FG-0052,2025-01-11,100,100,1,1,東日本
SHP-009473,W-13,FG-0077,2025-12-21,50,50,1,1,海外
SHP-009474,W-09,FG-0029,2024-06-27,100,100,0,1,東日本
SHP-009475,W-18,FG-0064,2024-07-09,100,100,1,1,東日本
SHP-009476,W-14,FG-0016,2025-05-19,100,100,1,1,北日本
SHP-009477,W-11,FG-0045,2026-03-18,50,50,1,1,東日本
SHP-009478,W-15,FG-0025,2024-07-23,20,20,1,1,海外
SHP-009479,W-14,FG-0050,2025-07-12,50,50,1,1,西日本
SHP-009480,W-03,FG-0010,2024-03-25,100,100,1,1,東日本
SHP-009481,W-04,FG-0040,2025-03-28,50,50,0,1,東日本
SHP-009482,W-16,FG-0029,2025-09-26,10,10,1,1,海外
SHP-009483,W-23,FG-0065,2025-07-20,50,50,1,1,西日本
SHP-009484,W-16,FG-0043,2025-11-01,20,20,1,1,西日本
SHP-009485,W-10,FG-0033,2025-01-26,50,50,1,1,北日本
SHP-009486,W-05,FG-0057,2026-01-27,50,50,1,1,海外
SHP-009487,W-13,FG-0012,2024-01-17,20,20,1,1,東日本
SHP-009488,W-23,FG-0010,2025-11-06,100,100,0,1,北日本
SHP-009489,W-18,FG-0005,2024-07-17,100,100,1,1,東日本
SHP-009490,W-17,FG-0037,2024-04-07,100,100,1,1,東日本
SHP-009491,W-12,FG-0047,2025-01-18,20,20,1,1,北日本
SHP-009492,W-05,FG-0069,2024-11-06,100,100,0,1,東日本
SHP-009493,W-21,FG-0021,2024-06-26,20,20,1,1,海外
SHP-009494,W-02,FG-0002,2025-03-27,100,100,1,1,海外
SHP-009495,W-12,FG-0070,2025-04-03,10,10,1,1,北日本
SHP-009496,W-14,FG-0042,2025-04-15,10,10,1,1,海外
SHP-009497,W-05,FG-0073,2025-02-24,50,50,1,1,東日本
SHP-009498,W-17,FG-0026,2025-05-17,20,20,1,1,西日本
SHP-009499,W-10,FG-0056,2025-08-12,100,100,1,1,東日本
SHP-009500,W-06,FG-0032,2024-11-13,10,10,1,1,海外
SHP-009501,W-02,FG-0030,2025-05-05,10,10,1,1,海外
SHP-009502,W-09,FG-0055,2024-12-07,100,100,1,1,東日本
SHP-009503,W-09,FG-0047,2025-03-06,100,67,1,0,西日本
SHP-009504,W-22,FG-0037,2024-01-18,10,10,0,1,海外
SHP-009505,W-04,FG-0024,2024-11-16,20,17,1,0,西日本
SHP-009506,W-14,FG-0029,2026-01-16,10,6,1,0,東日本
SHP-009507,W-16,FG-0046,2025-03-15,20,20,1,1,西日本
SHP-009508,W-22,FG-0009,2024-12-15,20,15,1,0,西日本
SHP-009509,W-18,FG-0041,2025-01-28,10,10,1,1,西日本
SHP-009510,W-04,FG-0070,2024-07-31,100,100,1,1,東日本
SHP-009511,W-17,FG-0042,2025-01-27,10,10,1,1,北日本
SHP-009512,W-24,FG-0036,2025-09-21,100,100,1,1,北日本
SHP-009513,W-18,FG-0029,2025-08-22,20,20,1,1,西日本
SHP-009514,W-21,FG-0051,2024-03-13,100,100,1,1,海外
SHP-009515,W-18,FG-0050,2024-10-17,50,50,1,1,海外
SHP-009516,W-14,FG-0020,2026-02-07,50,50,1,1,海外
SHP-009517,W-24,FG-0032,2025-05-23,50,50,1,1,西日本
SHP-009518,W-05,FG-0012,2025-06-09,20,20,1,1,西日本
SHP-009519,W-14,FG-0008,2024-08-21,10,7,1,0,北日本
SHP-009520,W-12,FG-0076,2025-12-07,10,10,1,1,東日本
SHP-009521,W-18,FG-0042,2025-03-07,100,100,1,1,海外
SHP-009522,W-05,FG-0040,2024-01-07,100,100,1,1,西日本
SHP-009523,W-18,FG-0021,2024-05-20,20,20,0,1,東日本
SHP-009524,W-05,FG-0056,2025-03-05,100,100,1,1,北日本
SHP-009525,W-16,FG-0064,2025-04-20,50,50,1,1,北日本
SHP-009526,W-22,FG-0008,2024-06-08,100,100,1,1,西日本
SHP-009527,W-20,FG-0069,2025-10-08,50,50,1,1,北日本
SHP-009528,W-15,FG-0070,2026-02-20,20,20,1,1,西日本
SHP-009529,W-14,FG-0023,2024-10-13,10,10,1,1,西日本
SHP-009530,W-02,FG-0078,2026-04-17,10,10,0,1,東日本
SHP-009531,W-18,FG-0073,2026-03-20,100,70,1,0,海外
SHP-009532,W-11,FG-0045,2025-02-13,100,100,1,1,東日本
SHP-009533,W-15,FG-0061,2024-04-12,100,100,0,1,東日本
SHP-009534,W-04,FG-0007,2024-11-29,20,20,1,1,海外
SHP-009535,W-07,FG-0044,2025-12-12,100,100,1,1,西日本
SHP-009536,W-13,FG-0034,2024-05-11,10,10,1,1,東日本
SHP-009537,W-02,FG-0002,2026-01-07,10,10,1,1,北日本
SHP-009538,W-01,FG-0025,2024-12-24,20,18,1,0,北日本
SHP-009539,W-22,FG-0066,2024-01-07,50,50,1,1,西日本
SHP-009540,W-12,FG-0012,2024-03-06,10,10,0,1,東日本
SHP-009541,W-14,FG-0034,2024-07-17,100,100,1,1,西日本
SHP-009542,W-18,FG-0022,2025-03-16,100,100,1,1,西日本
SHP-009543,W-09,FG-0029,2025-10-29,20,20,1,1,西日本
SHP-009544,W-09,FG-0010,2024-05-17,50,50,1,1,東日本
SHP-009545,W-05,FG-0077,2026-02-02,20,20,1,1,北日本
SHP-009546,W-10,FG-0026,2024-08-30,10,6,1,0,西日本
SHP-009547,W-07,FG-0048,2024-03-18,50,50,1,1,西日本
SHP-009548,W-11,FG-0060,2026-02-26,100,100,1,1,北日本
SHP-009549,W-08,FG-0012,2025-02-05,10,10,1,1,東日本
SHP-009550,W-22,FG-0030,2025-01-24,50,50,1,1,北日本
SHP-009551,W-18,FG-0013,2025-10-01,100,100,1,1,北日本
SHP-009552,W-12,FG-0051,2025-03-29,100,100,1,1,東日本
SHP-009553,W-21,FG-0045,2025-11-08,20,20,1,1,西日本
SHP-009554,W-06,FG-0053,2025-04-25,10,10,1,1,東日本
SHP-009555,W-13,FG-0061,2024-07-25,50,50,1,1,東日本
SHP-009556,W-21,FG-0034,2025-06-23,50,50,1,1,海外
SHP-009557,W-10,FG-0031,2025-04-13,50,42,1,0,西日本
SHP-009558,W-04,FG-0010,2024-09-22,10,10,1,1,西日本
SHP-009559,W-21,FG-0069,2024-04-03,10,10,1,1,北日本
SHP-009560,W-06,FG-0053,2024-04-10,100,100,0,1,東日本
SHP-009561,W-08,FG-0032,2025-10-29,50,50,1,1,西日本
SHP-009562,W-07,FG-0079,2024-11-13,10,10,1,1,海外
SHP-009563,W-23,FG-0068,2024-02-13,10,10,1,1,西日本
SHP-009564,W-03,FG-0023,2024-02-25,10,10,1,1,西日本
SHP-009565,W-08,FG-0009,2026-04-16,100,70,1,0,北日本
SHP-009566,W-01,FG-0041,2025-04-28,20,20,1,1,海外
SHP-009567,W-07,FG-0045,2025-12-17,10,7,1,0,海外
SHP-009568,W-21,FG-0064,2026-01-26,10,10,1,1,海外
SHP-009569,W-18,FG-0044,2024-12-06,20,20,1,1,東日本
SHP-009570,W-19,FG-0019,2024-01-20,50,50,1,1,海外
SHP-009571,W-19,FG-0070,2024-06-06,10,10,1,1,北日本
SHP-009572,W-20,FG-0075,2025-02-02,50,50,1,1,海外
SHP-009573,W-10,FG-0080,2025-08-04,10,10,1,1,西日本
SHP-009574,W-11,FG-0015,2025-12-10,20,20,1,1,海外
SHP-009575,W-16,FG-0003,2024-06-27,100,100,1,1,東日本
SHP-009576,W-15,FG-0032,2025-09-17,20,20,0,1,東日本
SHP-009577,W-13,FG-0072,2024-08-09,100,100,1,1,東日本
SHP-009578,W-06,FG-0076,2024-03-06,100,100,1,1,北日本
SHP-009579,W-04,FG-0018,2024-10-28,50,50,1,1,東日本
SHP-009580,W-03,FG-0010,2025-12-05,50,50,1,1,東日本
SHP-009581,W-01,FG-0044,2025-02-06,50,50,1,1,東日本
SHP-009582,W-20,FG-0026,2024-08-20,50,50,1,1,海外
SHP-009583,W-21,FG-0031,2024-11-22,50,50,1,1,東日本
SHP-009584,W-23,FG-0038,2025-09-15,20,20,1,1,東日本
SHP-009585,W-18,FG-0045,2024-03-18,50,50,1,1,北日本
SHP-009586,W-24,FG-0054,2025-05-23,100,100,1,1,西日本
SHP-009587,W-19,FG-0021,2025-12-21,20,13,1,0,北日本
SHP-009588,W-06,FG-0073,2024-07-29,20,14,1,0,東日本
SHP-009589,W-15,FG-0059,2024-06-23,100,100,1,1,東日本
SHP-009590,W-02,FG-0038,2026-01-29,20,20,1,1,北日本
SHP-009591,W-06,FG-0077,2024-02-23,10,10,1,1,東日本
SHP-009592,W-24,FG-0072,2024-09-24,50,50,1,1,海外
SHP-009593,W-21,FG-0074,2025-01-22,10,10,1,1,北日本
SHP-009594,W-21,FG-0012,2025-06-02,10,10,1,1,西日本
SHP-009595,W-15,FG-0080,2025-01-01,50,50,1,1,東日本
SHP-009596,W-18,FG-0015,2024-03-15,10,6,1,0,北日本
SHP-009597,W-18,FG-0080,2025-05-12,100,100,1,1,東日本
SHP-009598,W-13,FG-0035,2024-09-03,10,10,1,1,海外
SHP-009599,W-10,FG-0003,2025-01-07,20,17,1,0,海外
SHP-009600,W-13,FG-0074,2024-12-28,20,20,1,1,海外
SHP-009601,W-03,FG-0011,2025-08-02,20,20,1,1,北日本
SHP-009602,W-23,FG-0078,2024-09-30,20,13,1,0,海外
SHP-009603,W-04,FG-0057,2025-04-02,20,20,1,1,西日本
SHP-009604,W-17,FG-0078,2026-02-25,50,50,1,1,海外
SHP-009605,W-02,FG-0071,2025-12-09,50,50,1,1,東日本
SHP-009606,W-15,FG-0001,2024-11-29,50,50,0,1,東日本
SHP-009607,W-04,FG-0039,2025-05-30,20,20,1,1,東日本
SHP-009608,W-11,FG-0041,2025-08-19,50,50,1,1,北日本
SHP-009609,W-09,FG-0058,2024-02-15,100,100,1,1,海外
SHP-009610,W-10,FG-0067,2026-02-05,100,100,1,1,北日本
SHP-009611,W-01,FG-0060,2025-12-10,100,100,1,1,西日本
SHP-009612,W-18,FG-0071,2024-04-25,20,20,1,1,西日本
SHP-009613,W-14,FG-0050,2025-09-10,10,10,0,1,西日本
SHP-009614,W-20,FG-0048,2024-09-17,20,20,1,1,東日本
SHP-009615,W-13,FG-0023,2024-02-03,20,20,1,1,北日本
SHP-009616,W-23,FG-0077,2024-08-27,10,10,1,1,西日本
SHP-009617,W-09,FG-0032,2026-01-29,100,100,0,1,北日本
SHP-009618,W-13,FG-0078,2026-02-07,20,20,0,1,北日本
SHP-009619,W-03,FG-0030,2025-05-18,50,50,0,1,西日本
SHP-009620,W-09,FG-0071,2025-04-06,100,100,1,1,海外
SHP-009621,W-11,FG-0003,2024-05-13,50,50,1,1,西日本
SHP-009622,W-22,FG-0059,2024-03-10,100,100,1,1,海外
SHP-009623,W-23,FG-0056,2025-08-18,20,20,1,1,東日本
SHP-009624,W-12,FG-0064,2024-08-29,20,20,1,1,西日本
SHP-009625,W-09,FG-0020,2025-05-29,10,10,1,1,北日本
SHP-004376,W-09,FG-0013,2025-07-17,10,10,0,1,西日本
SHP-004377,W-18,FG-0036,2025-04-16,20,20,1,1,北日本
SHP-004378,W-09,FG-0043,2024-07-13,10,10,1,1,東日本
SHP-004379,W-05,FG-0035,2025-12-28,10,10,1,1,西日本
SHP-004380,W-20,FG-0071,2024-07-26,100,100,0,1,東日本
SHP-004381,W-13,FG-0037,2026-03-13,20,20,0,1,海外
SHP-004382,W-07,FG-0021,2026-02-12,20,13,1,0,北日本
SHP-004383,W-22,FG-0031,2025-01-01,20,20,1,1,北日本
SHP-004384,W-24,FG-0080,2025-04-16,20,20,0,1,北日本
SHP-004385,W-14,FG-0008,2024-06-29,10,10,1,1,東日本
SHP-004386,W-24,FG-0063,2024-08-26,50,50,0,1,東日本
SHP-004387,W-02,FG-0004,2025-02-03,100,100,1,1,西日本
SHP-004388,W-20,FG-0069,2024-11-25,50,50,1,1,海外
SHP-004389,W-21,FG-0060,2025-08-10,100,100,1,1,西日本
SHP-004390,W-18,FG-0013,2024-11-12,20,20,1,1,西日本
SHP-004391,W-07,FG-0001,2026-03-05,20,20,1,1,北日本
SHP-004392,W-19,FG-0008,2025-08-14,100,100,1,1,海外
SHP-004393,W-11,FG-0029,2025-01-15,20,20,0,1,東日本
SHP-004394,W-13,FG-0071,2025-10-09,100,100,1,1,東日本
SHP-004395,W-03,FG-0075,2024-07-14,10,10,1,1,西日本
SHP-004396,W-21,FG-0033,2024-01-21,50,50,1,1,海外
SHP-004397,W-06,FG-0013,2025-05-29,10,10,1,1,東日本
SHP-004398,W-22,FG-0018,2026-02-20,100,100,1,1,北日本
SHP-004399,W-12,FG-0050,2024-01-11,100,100,0,1,東日本
SHP-004400,W-10,FG-0025,2025-06-01,20,20,1,1,海外
SHP-004401,W-02,FG-0037,2024-06-27,100,100,0,1,北日本
SHP-004402,W-13,FG-0006,2026-02-14,20,20,0,1,海外
SHP-004403,W-02,FG-0022,2026-01-01,50,50,0,1,北日本
SHP-004404,W-19,FG-0037,2026-03-18,20,20,1,1,海外
SHP-004405,W-16,FG-0052,2024-04-01,100,100,0,1,西日本
SHP-004406,W-21,FG-0066,2026-03-18,20,20,1,1,西日本
SHP-004407,W-23,FG-0063,2024-07-20,10,10,1,1,海外
SHP-004408,W-05,FG-0025,2026-01-11,100,100,0,1,西日本
SHP-004409,W-06,FG-0058,2024-09-16,10,10,1,1,海外
SHP-004410,W-23,FG-0046,2026-01-12,10,6,1,0,海外
SHP-004411,W-03,FG-0018,2024-11-14,20,20,1,1,北日本
SHP-004412,W-22,FG-0006,2024-10-04,100,100,1,1,東日本
SHP-004413,W-22,FG-0073,2025-02-18,100,100,1,1,北日本
SHP-004414,W-05,FG-0032,2025-10-21,50,50,1,1,北日本
SHP-004415,W-19,FG-0037,2025-08-28,50,50,1,1,北日本
SHP-004416,W-06,FG-0040,2024-10-13,20,20,1,1,北日本
SHP-004417,W-04,FG-0012,2024-11-26,10,10,1,1,東日本
SHP-004418,W-06,FG-0069,2026-02-27,10,10,1,1,海外
SHP-004419,W-18,FG-0052,2024-08-03,10,10,1,1,海外
SHP-004420,W-12,FG-0003,2024-12-19,20,20,1,1,東日本
SHP-004421,W-18,FG-0066,2024-04-27,10,10,1,1,東日本
SHP-004422,W-12,FG-0021,2026-03-22,20,20,1,1,西日本
SHP-004423,W-04,FG-0067,2024-07-22,50,43,0,0,海外
SHP-004424,W-20,FG-0048,2025-05-26,100,100,1,1,西日本
SHP-004425,W-12,FG-0040,2025-07-13,50,50,1,1,東日本
SHP-004426,W-05,FG-0016,2026-02-03,10,6,1,0,北日本
SHP-004427,W-02,FG-0071,2026-01-12,20,20,1,1,海外
SHP-004428,W-22,FG-0022,2024-02-21,10,6,1,0,東日本
SHP-004429,W-20,FG-0001,2024-09-06,20,20,1,1,西日本
SHP-004430,W-01,FG-0038,2025-02-02,50,50,1,1,東日本
SHP-004431,W-13,FG-0059,2025-06-26,50,50,0,1,東日本
SHP-004432,W-22,FG-0007,2024-06-24,50,50,1,1,北日本
SHP-004433,W-01,FG-0063,2024-01-30,100,100,1,1,海外
SHP-004434,W-13,FG-0040,2025-05-03,50,50,1,1,東日本
SHP-004435,W-08,FG-0061,2024-12-09,50,50,1,1,海外
SHP-004436,W-20,FG-0005,2024-10-23,100,100,1,1,北日本
SHP-004437,W-06,FG-0042,2024-02-06,100,100,1,1,北日本
SHP-004438,W-21,FG-0055,2024-05-04,50,50,1,1,東日本
SHP-004439,W-15,FG-0017,2025-05-13,10,10,1,1,東日本
SHP-004440,W-02,FG-0012,2025-03-08,100,100,0,1,西日本
SHP-004441,W-10,FG-0078,2024-04-04,20,20,1,1,西日本
SHP-004442,W-01,FG-0003,2025-05-27,100,100,1,1,東日本
SHP-004443,W-10,FG-0023,2025-11-28,20,20,1,1,西日本
SHP-004444,W-07,FG-0019,2024-08-03,20,20,1,1,東日本
SHP-004445,W-10,FG-0041,2024-12-15,100,100,1,1,北日本
SHP-004446,W-17,FG-0077,2024-02-11,20,20,1,1,東日本
SHP-004447,W-08,FG-0056,2024-04-22,50,50,1,1,海外
SHP-004448,W-15,FG-0003,2024-04-28,10,10,1,1,西日本
SHP-004449,W-09,FG-0013,2024-03-28,10,10,1,1,西日本
SHP-004450,W-21,FG-0041,2025-03-29,10,10,1,1,海外
SHP-004451,W-09,FG-0019,2026-01-23,50,50,1,1,東日本
SHP-004452,W-08,FG-0018,2026-04-14,10,10,1,1,西日本
SHP-004453,W-13,FG-0072,2025-05-06,10,6,1,0,西日本
SHP-004454,W-07,FG-0027,2025-01-11,20,20,1,1,北日本
SHP-004455,W-10,FG-0080,2025-01-16,20,20,0,1,北日本
SHP-004456,W-04,FG-0048,2026-02-26,20,20,0,1,海外
SHP-004457,W-24,FG-0056,2025-05-25,100,100,1,1,東日本
SHP-004458,W-13,FG-0075,2024-05-16,50,50,0,1,西日本
SHP-004459,W-04,FG-0012,2024-04-10,20,20,0,1,海外
SHP-004460,W-11,FG-0052,2024-07-02,10,10,0,1,東日本
SHP-004461,W-09,FG-0073,2025-05-03,50,50,1,1,西日本
SHP-004462,W-16,FG-0062,2025-01-29,10,10,1,1,海外
SHP-004463,W-19,FG-0078,2024-03-30,100,100,1,1,北日本
SHP-004464,W-22,FG-0077,2025-03-24,20,20,1,1,西日本
SHP-004465,W-10,FG-0011,2025-02-27,100,100,1,1,西日本
SHP-004466,W-11,FG-0073,2025-12-23,10,10,1,1,北日本
SHP-004467,W-17,FG-0029,2024-09-08,100,100,1,1,海外
SHP-004468,W-22,FG-0009,2024-03-18,100,87,1,0,西日本
SHP-004469,W-24,FG-0065,2025-11-13,20,20,1,1,西日本
SHP-004470,W-10,FG-0006,2024-06-16,50,50,1,1,海外
SHP-004471,W-19,FG-0057,2025-10-09,100,74,1,0,西日本
SHP-004472,W-18,FG-0004,2024-08-13,100,100,1,1,北日本
SHP-004473,W-02,FG-0031,2024-02-22,20,20,1,1,西日本
SHP-004474,W-06,FG-0070,2026-01-04,100,100,1,1,海外
SHP-004475,W-04,FG-0032,2025-01-23,10,10,0,1,海外
SHP-004476,W-23,FG-0079,2026-04-06,50,39,1,0,東日本
SHP-004477,W-04,FG-0057,2026-01-20,10,10,1,1,東日本
SHP-004478,W-20,FG-0005,2026-03-27,20,20,1,1,海外
SHP-004479,W-15,FG-0014,2025-08-24,10,10,0,1,西日本
SHP-004480,W-05,FG-0023,2025-11-20,20,20,1,1,西日本
SHP-004481,W-04,FG-0074,2024-12-03,100,100,1,1,東日本
SHP-004482,W-15,FG-0077,2024-06-19,10,10,1,1,海外
SHP-004483,W-24,FG-0031,2026-01-12,50,50,1,1,海外
SHP-004484,W-17,FG-0001,2025-11-24,100,100,0,1,北日本
SHP-004485,W-21,FG-0029,2024-02-08,50,50,1,1,東日本
SHP-004486,W-19,FG-0008,2026-03-13,20,12,1,0,北日本
SHP-004487,W-14,FG-0076,2024-12-17,10,8,1,0,東日本
SHP-004488,W-24,FG-0013,2025-03-06,100,100,1,1,海外
SHP-004489,W-06,FG-0050,2024-04-14,100,100,1,1,東日本
SHP-004490,W-11,FG-0048,2024-05-13,20,12,1,0,北日本
SHP-004491,W-24,FG-0056,2025-03-11,100,78,1,0,西日本
SHP-004492,W-10,FG-0005,2024-12-16,50,50,1,1,東日本
SHP-004493,W-23,FG-0010,2024-10-25,20,20,1,1,東日本
SHP-004494,W-19,FG-0067,2025-02-12,10,10,1,1,海外
SHP-004495,W-10,FG-0069,2024-12-08,50,50,1,1,海外
SHP-004496,W-16,FG-0068,2025-04-04,50,50,1,1,東日本
SHP-004497,W-14,FG-0033,2024-04-25,20,20,0,1,北日本
SHP-004498,W-20,FG-0001,2025-12-24,50,50,1,1,海外
SHP-004499,W-02,FG-0022,2024-07-28,10,10,1,1,海外
SHP-004500,W-07,FG-0048,2024-06-14,10,10,1,1,北日本
SHP-004501,W-22,FG-0007,2025-01-06,10,10,1,1,西日本
SHP-004502,W-11,FG-0003,2025-05-30,50,50,1,1,海外
SHP-004503,W-18,FG-0055,2025-07-08,50,50,1,1,東日本
SHP-004504,W-22,FG-0077,2024-06-24,10,10,0,1,北日本
SHP-004505,W-09,FG-0044,2024-08-28,50,50,1,1,北日本
SHP-004506,W-13,FG-0053,2026-02-18,20,20,1,1,東日本
SHP-004507,W-21,FG-0065,2025-10-09,100,100,1,1,海外
SHP-004508,W-24,FG-0047,2025-03-22,10,10,1,1,海外
SHP-004509,W-13,FG-0060,2025-01-16,20,20,1,1,西日本
SHP-004510,W-16,FG-0078,2025-05-19,10,10,1,1,北日本
SHP-004511,W-12,FG-0043,2024-07-11,20,20,1,1,東日本
SHP-004512,W-13,FG-0033,2024-04-01,20,20,1,1,海外
SHP-004513,W-11,FG-0070,2026-03-18,20,20,1,1,海外
SHP-004514,W-24,FG-0007,2024-11-02,50,50,1,1,海外
SHP-004515,W-04,FG-0037,2024-03-22,10,10,1,1,海外
SHP-004516,W-06,FG-0054,2024-01-18,100,100,1,1,西日本
SHP-004517,W-17,FG-0054,2024-05-03,50,50,1,1,北日本
SHP-004518,W-21,FG-0016,2024-11-04,50,50,1,1,東日本
SHP-004519,W-22,FG-0072,2025-01-15,50,50,0,1,海外
SHP-004520,W-11,FG-0058,2024-02-18,50,50,1,1,西日本
SHP-004521,W-12,FG-0018,2024-07-09,20,20,1,1,東日本
SHP-004522,W-22,FG-0015,2024-08-19,10,9,0,0,北日本
SHP-004523,W-13,FG-0073,2025-07-11,50,50,1,1,北日本
SHP-004524,W-13,FG-0020,2024-04-20,50,50,1,1,西日本
SHP-004525,W-04,FG-0001,2024-01-04,10,10,1,1,西日本
SHP-004526,W-10,FG-0058,2025-10-18,10,6,1,0,西日本
SHP-004527,W-02,FG-0060,2024-06-27,20,20,0,1,北日本
SHP-004528,W-18,FG-0053,2025-08-26,10,6,1,0,北日本
SHP-004529,W-10,FG-0001,2024-11-17,50,50,1,1,北日本
SHP-004530,W-07,FG-0021,2025-10-04,10,10,1,1,東日本
SHP-004531,W-11,FG-0026,2024-05-22,50,50,1,1,北日本
SHP-004532,W-24,FG-0020,2025-10-23,20,20,1,1,北日本
SHP-004533,W-08,FG-0066,2024-07-19,20,20,1,1,海外
SHP-004534,W-16,FG-0050,2025-08-01,50,50,0,1,海外
SHP-004535,W-09,FG-0033,2024-12-20,100,100,1,1,東日本
SHP-004536,W-14,FG-0060,2026-02-22,20,20,1,1,北日本
SHP-004537,W-07,FG-0073,2024-07-06,100,100,1,1,海外
SHP-004538,W-11,FG-0042,2024-04-28,100,100,1,1,西日本
SHP-004539,W-11,FG-0001,2025-06-23,10,10,1,1,東日本
SHP-004540,W-14,FG-0033,2025-06-01,20,20,1,1,北日本
SHP-004541,W-08,FG-0079,2025-03-25,50,50,1,1,海外
SHP-004542,W-15,FG-0036,2024-04-02,20,20,1,1,東日本
SHP-004543,W-05,FG-0039,2025-05-02,50,34,1,0,北日本
SHP-004544,W-07,FG-0032,2025-11-13,20,20,1,1,西日本
SHP-004545,W-10,FG-0023,2024-07-28,50,50,1,1,北日本
SHP-004546,W-20,FG-0076,2025-08-12,50,50,1,1,東日本
SHP-004547,W-11,FG-0053,2024-08-24,50,50,1,1,東日本
SHP-004548,W-01,FG-0079,2026-01-06,10,10,1,1,海外
SHP-004549,W-11,FG-0079,2024-02-13,100,80,1,0,西日本
SHP-004550,W-05,FG-0072,2025-02-20,100,100,1,1,東日本
SHP-004551,W-20,FG-0011,2025-01-28,50,50,1,1,東日本
SHP-004552,W-16,FG-0070,2025-09-29,20,20,1,1,東日本
SHP-004553,W-08,FG-0043,2025-01-15,10,10,1,1,北日本
SHP-004554,W-13,FG-0075,2025-01-15,100,100,1,1,北日本
SHP-004555,W-21,FG-0005,2025-08-25,20,20,1,1,西日本
SHP-004556,W-14,FG-0031,2025-10-23,50,50,1,1,海外
SHP-004557,W-14,FG-0030,2024-03-17,10,10,1,1,北日本
SHP-004558,W-08,FG-0022,2025-12-23,10,10,1,1,海外
SHP-004559,W-10,FG-0028,2024-11-27,20,20,1,1,西日本
SHP-004560,W-16,FG-0022,2026-04-10,50,50,1,1,海外
SHP-004561,W-09,FG-0060,2024-12-17,50,50,1,1,北日本
SHP-004562,W-08,FG-0030,2024-04-24,10,10,1,1,北日本
SHP-004563,W-19,FG-0003,2024-08-15,50,50,1,1,西日本
SHP-004564,W-19,FG-0061,2025-12-07,10,10,1,1,海外
SHP-004565,W-04,FG-0016,2024-06-30,50,50,1,1,東日本
SHP-004566,W-04,FG-0026,2024-02-14,100,100,1,1,西日本
SHP-004567,W-13,FG-0016,2025-06-17,20,20,1,1,西日本
SHP-004568,W-21,FG-0009,2024-12-21,20,20,1,1,東日本
SHP-004569,W-16,FG-0023,2024-07-30,50,41,1,0,西日本
SHP-004570,W-14,FG-0011,2025-10-16,50,50,0,1,海外
SHP-004571,W-19,FG-0038,2026-04-02,10,10,1,1,海外
SHP-004572,W-19,FG-0067,2025-07-12,10,10,0,1,北日本
SHP-004573,W-13,FG-0027,2024-08-30,100,100,1,1,北日本
SHP-004574,W-02,FG-0054,2024-09-03,10,10,1,1,西日本
SHP-004575,W-20,FG-0020,2024-01-25,10,10,1,1,北日本
SHP-004576,W-02,FG-0054,2025-05-17,10,10,1,1,東日本
SHP-004577,W-18,FG-0017,2024-11-25,50,50,0,1,北日本
SHP-004578,W-04,FG-0067,2024-09-03,50,50,1,1,東日本
SHP-004579,W-13,FG-0013,2025-11-07,20,20,0,1,東日本
SHP-004580,W-02,FG-0021,2026-01-30,100,100,0,1,東日本
SHP-004581,W-05,FG-0001,2025-09-22,50,50,1,1,東日本
SHP-004582,W-16,FG-0013,2025-12-01,20,20,1,1,西日本
SHP-004583,W-01,FG-0080,2024-11-23,50,50,1,1,東日本
SHP-004584,W-20,FG-0076,2024-02-26,100,100,1,1,東日本
SHP-004585,W-14,FG-0035,2024-11-27,100,100,1,1,東日本
SHP-004586,W-21,FG-0012,2024-03-12,10,10,1,1,海外
SHP-004587,W-04,FG-0062,2025-09-18,10,10,1,1,北日本
SHP-004588,W-14,FG-0033,2024-12-18,10,7,1,0,西日本
SHP-004589,W-02,FG-0014,2025-08-30,50,50,1,1,北日本
SHP-004590,W-04,FG-0040,2026-04-15,10,10,1,1,海外
SHP-004591,W-13,FG-0006,2024-03-10,50,35,0,0,西日本
SHP-004592,W-16,FG-0018,2025-08-24,50,50,1,1,海外
SHP-004593,W-19,FG-0033,2025-10-14,100,100,1,1,東日本
SHP-004594,W-23,FG-0035,2026-01-28,100,100,1,1,北日本
SHP-004595,W-12,FG-0075,2026-02-25,50,50,1,1,東日本
SHP-004596,W-08,FG-0028,2024-11-28,10,10,1,1,海外
SHP-004597,W-06,FG-0002,2026-01-25,10,10,1,1,北日本
SHP-004598,W-18,FG-0060,2024-03-23,50,50,1,1,東日本
SHP-004599,W-08,FG-0079,2024-08-08,50,50,1,1,海外
SHP-004600,W-24,FG-0060,2024-01-29,20,20,1,1,北日本
SHP-004601,W-24,FG-0076,2024-08-27,100,100,1,1,西日本
SHP-004602,W-04,FG-0046,2026-02-13,20,20,1,1,西日本
SHP-004603,W-12,FG-0015,2025-01-09,100,100,1,1,北日本
SHP-004604,W-01,FG-0030,2025-09-27,100,100,1,1,北日本
SHP-004605,W-23,FG-0070,2026-03-12,50,50,1,1,海外
SHP-004606,W-01,FG-0050,2026-03-05,10,10,1,1,北日本
SHP-004607,W-08,FG-0011,2026-01-02,10,10,1,1,北日本
SHP-004608,W-24,FG-0022,2025-01-05,50,50,1,1,西日本
SHP-004609,W-20,FG-0036,2025-11-27,20,20,1,1,西日本
SHP-004610,W-24,FG-0023,2024-01-06,20,20,1,1,西日本
SHP-004611,W-13,FG-0052,2024-05-19,100,100,0,1,北日本
SHP-004612,W-04,FG-0034,2025-11-09,20,20,1,1,海外
SHP-004613,W-04,FG-0022,2025-01-13,20,20,1,1,西日本
SHP-004614,W-06,FG-0002,2025-01-24,50,50,0,1,北日本
SHP-004615,W-20,FG-0021,2024-01-03,10,10,1,1,海外
SHP-004616,W-04,FG-0035,2024-12-25,50,50,1,1,北日本
SHP-004617,W-07,FG-0043,2025-05-22,50,50,1,1,北日本
SHP-004618,W-03,FG-0052,2024-05-08,100,100,1,1,北日本
SHP-004619,W-11,FG-0014,2025-05-15,10,10,1,1,海外
SHP-004620,W-13,FG-0017,2024-10-02,100,100,1,1,東日本
SHP-004621,W-10,FG-0002,2025-02-19,20,20,1,1,東日本
SHP-004622,W-10,FG-0001,2024-11-10,100,60,1,0,海外
SHP-004623,W-09,FG-0067,2026-03-14,20,20,1,1,西日本
SHP-004624,W-01,FG-0015,2025-12-28,50,50,1,1,北日本
SHP-004625,W-19,FG-0073,2024-01-19,100,63,0,0,海外
SHP-004626,W-09,FG-0013,2025-04-29,20,20,1,1,東日本
SHP-004627,W-21,FG-0002,2024-03-08,50,35,1,0,海外
SHP-004628,W-09,FG-0041,2026-01-18,100,100,1,1,東日本
SHP-004629,W-06,FG-0016,2024-01-08,20,20,1,1,西日本
SHP-004630,W-07,FG-0036,2026-01-27,10,10,1,1,海外
SHP-004631,W-05,FG-0047,2025-08-25,10,10,0,1,東日本
SHP-004632,W-21,FG-0071,2026-01-23,50,50,1,1,北日本
SHP-004633,W-17,FG-0028,2026-04-14,10,10,1,1,海外
SHP-004634,W-03,FG-0034,2024-05-30,20,20,0,1,北日本
SHP-004635,W-03,FG-0059,2026-04-11,20,17,1,0,北日本
SHP-004636,W-20,FG-0003,2024-10-05,20,20,0,1,海外
SHP-004637,W-22,FG-0030,2024-05-16,20,20,0,1,東日本
SHP-004638,W-19,FG-0076,2025-03-03,10,10,1,1,海外
SHP-004639,W-05,FG-0070,2024-11-28,10,10,1,1,東日本
SHP-004640,W-08,FG-0031,2024-01-10,50,40,1,0,東日本
SHP-004641,W-09,FG-0074,2024-08-02,10,10,1,1,西日本
SHP-004642,W-10,FG-0074,2025-06-04,10,10,1,1,海外
SHP-004643,W-22,FG-0018,2025-01-11,10,6,0,0,西日本
SHP-004644,W-16,FG-0074,2026-01-29,100,100,1,1,東日本
SHP-004645,W-12,FG-0069,2024-12-10,10,10,0,1,北日本
SHP-004646,W-22,FG-0075,2025-10-11,50,50,1,1,北日本
SHP-004647,W-17,FG-0012,2024-06-23,50,50,1,1,北日本
SHP-004648,W-19,FG-0007,2026-04-15,50,50,1,1,西日本
SHP-004649,W-21,FG-0001,2024-11-10,20,20,1,1,東日本
SHP-004650,W-16,FG-0031,2025-06-04,100,100,1,1,北日本
SHP-004651,W-18,FG-0074,2025-01-18,10,10,1,1,海外
SHP-004652,W-04,FG-0045,2025-03-13,10,6,0,0,東日本
SHP-004653,W-23,FG-0017,2025-09-15,10,10,1,1,西日本
SHP-004654,W-03,FG-0071,2024-04-05,10,8,1,0,海外
SHP-004655,W-20,FG-0006,2025-07-13,10,10,1,1,東日本
SHP-004656,W-24,FG-0038,2025-12-30,100,100,1,1,海外
SHP-004657,W-07,FG-0062,2026-03-17,10,10,1,1,北日本
SHP-004658,W-01,FG-0075,2025-09-16,50,50,1,1,東日本
SHP-004659,W-07,FG-0002,2026-04-29,50,50,1,1,海外
SHP-004660,W-23,FG-0017,2025-07-12,50,42,1,0,北日本
SHP-004661,W-09,FG-0057,2025-02-24,10,10,1,1,東日本
SHP-004662,W-15,FG-0006,2024-11-30,10,10,1,1,北日本
SHP-004663,W-07,FG-0031,2024-02-26,20,20,0,1,海外
SHP-004664,W-08,FG-0020,2026-02-15,50,50,1,1,北日本
SHP-004665,W-11,FG-0004,2025-10-06,10,10,1,1,北日本
SHP-004666,W-05,FG-0080,2024-12-31,20,20,1,1,東日本
SHP-004667,W-04,FG-0001,2026-04-11,10,10,1,1,西日本
SHP-004668,W-02,FG-0079,2025-03-05,50,50,1,1,北日本
SHP-004669,W-23,FG-0024,2026-02-04,20,20,1,1,海外
SHP-004670,W-03,FG-0057,2025-12-08,10,10,1,1,西日本
SHP-004671,W-17,FG-0059,2024-09-21,50,50,1,1,北日本
SHP-004672,W-01,FG-0011,2024-10-14,20,20,1,1,海外
SHP-004673,W-24,FG-0018,2026-03-24,10,10,1,1,西日本
SHP-004674,W-05,FG-0072,2025-07-02,10,10,1,1,西日本
SHP-004675,W-23,FG-0077,2024-12-30,10,10,0,1,西日本
SHP-004676,W-09,FG-0001,2025-09-26,100,100,1,1,西日本
SHP-004677,W-02,FG-0060,2025-08-17,20,20,1,1,東日本
SHP-004678,W-16,FG-0026,2024-10-27,100,100,1,1,西日本
SHP-004679,W-10,FG-0007,2025-01-31,100,100,1,1,北日本
SHP-004680,W-15,FG-0053,2024-12-09,20,20,1,1,北日本
SHP-004681,W-02,FG-0040,2025-05-28,50,50,1,1,西日本
SHP-004682,W-14,FG-0069,2025-05-09,100,100,1,1,東日本
SHP-004683,W-23,FG-0023,2025-11-12,20,20,1,1,北日本
SHP-004684,W-02,FG-0077,2026-02-03,100,66,1,0,海外
SHP-004685,W-20,FG-0070,2024-08-06,20,20,1,1,東日本
SHP-004686,W-08,FG-0062,2025-03-11,20,20,1,1,東日本
SHP-004687,W-13,FG-0042,2024-09-20,10,10,1,1,東日本
SHP-004688,W-08,FG-0074,2024-08-10,100,100,1,1,海外
SHP-004689,W-24,FG-0051,2025-11-20,20,20,1,1,西日本
SHP-004690,W-05,FG-0053,2025-12-22,50,50,1,1,北日本
SHP-004691,W-06,FG-0065,2026-04-01,100,100,1,1,西日本
SHP-004692,W-23,FG-0010,2024-10-18,20,14,1,0,北日本
SHP-004693,W-08,FG-0021,2025-03-17,50,50,1,1,東日本
SHP-004694,W-04,FG-0006,2024-05-26,100,100,1,1,西日本
SHP-004695,W-02,FG-0062,2024-03-24,100,100,1,1,西日本
SHP-004696,W-02,FG-0059,2025-06-08,50,50,0,1,西日本
SHP-004697,W-06,FG-0075,2024-03-09,100,100,1,1,東日本
SHP-004698,W-16,FG-0077,2024-08-10,20,20,1,1,海外
SHP-004699,W-14,FG-0046,2025-01-15,50,50,1,1,東日本
SHP-004700,W-03,FG-0009,2025-06-09,10,10,1,1,北日本
SHP-004701,W-17,FG-0038,2025-02-09,50,50,1,1,東日本
SHP-004702,W-23,FG-0074,2025-07-12,10,8,1,0,海外
SHP-004703,W-20,FG-0044,2024-01-19,100,69,0,0,西日本
SHP-004704,W-09,FG-0002,2024-06-22,100,100,1,1,海外
SHP-004705,W-22,FG-0060,2025-05-29,10,10,1,1,海外
SHP-004706,W-15,FG-0080,2025-02-20,100,100,1,1,西日本
SHP-004707,W-06,FG-0061,2025-10-31,20,20,1,1,北日本
SHP-004708,W-15,FG-0071,2025-02-19,10,10,1,1,海外
SHP-004709,W-13,FG-0022,2025-02-07,50,50,1,1,東日本
SHP-004710,W-22,FG-0054,2025-02-11,20,20,1,1,北日本
SHP-004711,W-13,FG-0037,2025-11-03,50,50,1,1,北日本
SHP-004712,W-23,FG-0073,2024-10-03,100,100,1,1,東日本
SHP-004713,W-09,FG-0027,2025-02-24,50,50,1,1,東日本
SHP-004714,W-03,FG-0010,2024-08-07,10,10,1,1,東日本
SHP-004715,W-02,FG-0003,2025-07-04,20,20,1,1,海外
SHP-004716,W-13,FG-0034,2024-08-14,10,10,1,1,北日本
SHP-004717,W-12,FG-0070,2025-11-01,10,10,1,1,北日本
SHP-004718,W-09,FG-0015,2024-08-04,100,100,1,1,東日本
SHP-004719,W-19,FG-0067,2025-02-21,100,100,1,1,海外
SHP-004720,W-18,FG-0003,2024-08-01,50,50,1,1,海外
SHP-004721,W-09,FG-0007,2025-01-01,20,20,0,1,東日本
SHP-004722,W-02,FG-0003,2024-04-22,100,100,1,1,海外
SHP-004723,W-15,FG-0050,2024-11-01,10,10,1,1,西日本
SHP-004724,W-22,FG-0010,2024-11-03,10,10,1,1,西日本
SHP-004725,W-09,FG-0005,2025-04-03,10,10,0,1,西日本
SHP-004726,W-19,FG-0069,2024-07-08,100,100,1,1,海外
SHP-004727,W-17,FG-0035,2025-05-30,10,10,1,1,西日本
SHP-004728,W-22,FG-0054,2025-02-23,20,20,1,1,海外
SHP-004729,W-03,FG-0032,2025-03-09,20,20,1,1,海外
SHP-004730,W-13,FG-0034,2024-06-23,10,10,1,1,東日本
SHP-004731,W-06,FG-0016,2026-02-22,10,7,1,0,東日本
SHP-004732,W-19,FG-0046,2026-03-08,10,10,1,1,東日本
SHP-004733,W-01,FG-0076,2025-06-08,10,10,1,1,北日本
SHP-004734,W-17,FG-0006,2025-09-26,20,20,1,1,東日本
SHP-004735,W-08,FG-0011,2025-12-18,20,20,1,1,東日本
SHP-004736,W-20,FG-0038,2024-06-27,20,20,0,1,東日本
SHP-004737,W-02,FG-0020,2024-06-14,50,50,1,1,海外
SHP-004738,W-09,FG-0060,2024-12-16,50,50,1,1,東日本
SHP-004739,W-15,FG-0018,2025-08-13,50,50,1,1,海外
SHP-004740,W-19,FG-0013,2025-11-21,100,100,1,1,東日本
SHP-004741,W-15,FG-0002,2024-03-29,50,50,1,1,東日本
SHP-004742,W-21,FG-0015,2024-03-17,10,10,0,1,北日本
SHP-004743,W-07,FG-0037,2025-03-21,20,20,1,1,海外
SHP-004744,W-12,FG-0053,2025-04-08,50,50,1,1,海外
SHP-004745,W-06,FG-0030,2025-02-20,20,15,1,0,北日本
SHP-004746,W-04,FG-0058,2026-02-16,10,6,1,0,海外
SHP-004747,W-04,FG-0042,2025-06-26,20,20,1,1,海外
SHP-004748,W-05,FG-0063,2024-12-18,10,10,1,1,東日本
SHP-004749,W-07,FG-0041,2025-12-01,20,20,0,1,北日本
SHP-004750,W-13,FG-0047,2024-09-11,20,20,1,1,東日本
SHP-004751,W-20,FG-0065,2025-03-22,50,50,1,1,西日本
SHP-004752,W-24,FG-0034,2024-10-15,20,13,1,0,東日本
SHP-004753,W-15,FG-0046,2024-04-07,50,50,1,1,北日本
SHP-004754,W-01,FG-0054,2025-07-02,50,50,1,1,海外
SHP-004755,W-22,FG-0024,2024-11-03,20,20,1,1,東日本
SHP-004756,W-06,FG-0061,2025-08-07,50,50,1,1,北日本
SHP-004757,W-16,FG-0062,2024-04-27,20,20,0,1,西日本
SHP-004758,W-08,FG-0016,2024-11-09,10,10,1,1,東日本
SHP-004759,W-24,FG-0057,2024-10-27,50,50,1,1,海外
SHP-004760,W-22,FG-0079,2024-04-26,100,100,0,1,海外
SHP-004761,W-01,FG-0048,2025-06-25,50,50,1,1,東日本
SHP-004762,W-01,FG-0034,2024-05-30,20,20,1,1,東日本
SHP-004763,W-09,FG-0001,2024-07-20,50,50,1,1,海外
SHP-004764,W-03,FG-0009,2026-03-04,50,50,1,1,東日本
SHP-004765,W-22,FG-0073,2025-09-19,50,50,1,1,東日本
SHP-004766,W-06,FG-0008,2024-01-30,50,50,0,1,海外
SHP-004767,W-07,FG-0015,2024-06-24,10,10,1,1,西日本
SHP-004768,W-10,FG-0075,2025-04-07,10,10,0,1,西日本
SHP-004769,W-02,FG-0053,2025-02-05,100,100,0,1,海外
SHP-004770,W-19,FG-0032,2025-02-18,100,86,1,0,北日本
SHP-004771,W-08,FG-0072,2025-08-18,20,20,1,1,東日本
SHP-004772,W-13,FG-0033,2025-02-09,20,20,0,1,海外
SHP-004773,W-06,FG-0078,2024-12-07,20,20,1,1,東日本
SHP-004774,W-01,FG-0074,2025-06-26,20,20,1,1,北日本
SHP-004775,W-18,FG-0062,2025-08-02,20,20,1,1,東日本
SHP-004776,W-23,FG-0066,2024-11-27,50,50,1,1,海外
SHP-004777,W-02,FG-0035,2025-05-31,100,100,0,1,北日本
SHP-004778,W-05,FG-0068,2024-03-23,10,10,1,1,海外
SHP-004779,W-12,FG-0009,2024-06-24,100,100,1,1,北日本
SHP-004780,W-05,FG-0030,2024-02-06,20,20,0,1,北日本
SHP-004781,W-16,FG-0014,2025-02-04,10,10,1,1,東日本
SHP-004782,W-21,FG-0033,2024-07-21,20,13,1,0,東日本
SHP-004783,W-17,FG-0073,2024-08-03,20,20,1,1,海外
SHP-004784,W-23,FG-0029,2025-08-17,20,20,1,1,北日本
SHP-004785,W-19,FG-0073,2025-06-06,10,10,0,1,東日本
SHP-004786,W-09,FG-0053,2026-04-19,50,50,0,1,東日本
SHP-004787,W-11,FG-0032,2024-02-19,50,50,1,1,西日本
SHP-004788,W-16,FG-0013,2024-03-29,100,100,1,1,東日本
SHP-004789,W-01,FG-0062,2026-03-18,100,100,1,1,西日本
SHP-004790,W-16,FG-0005,2025-04-23,50,50,1,1,北日本
SHP-004791,W-08,FG-0067,2024-01-29,100,100,1,1,東日本
SHP-004792,W-19,FG-0018,2026-02-27,20,20,1,1,海外
SHP-004793,W-02,FG-0064,2024-12-06,20,20,1,1,西日本
SHP-004794,W-04,FG-0046,2024-08-24,50,50,0,1,北日本
SHP-004795,W-23,FG-0032,2024-04-23,20,20,0,1,北日本
SHP-004796,W-17,FG-0020,2025-10-29,100,100,1,1,海外
SHP-004797,W-22,FG-0055,2026-04-16,20,20,1,1,北日本
SHP-004798,W-23,FG-0051,2024-11-22,10,10,0,1,海外
SHP-004799,W-06,FG-0073,2025-11-07,50,50,1,1,海外
SHP-004800,W-16,FG-0058,2025-02-25,50,50,1,1,海外
SHP-004801,W-05,FG-0046,2025-11-24,50,50,1,1,北日本
SHP-004802,W-07,FG-0026,2025-04-05,10,10,1,1,西日本
SHP-004803,W-06,FG-0026,2025-01-24,50,50,1,1,海外
SHP-004804,W-11,FG-0045,2025-05-28,10,10,1,1,東日本
SHP-004805,W-03,FG-0074,2025-01-07,10,10,1,1,東日本
SHP-004806,W-12,FG-0078,2024-08-19,10,10,1,1,西日本
SHP-004807,W-17,FG-0019,2025-09-08,10,10,1,1,東日本
SHP-004808,W-24,FG-0053,2024-02-26,20,20,0,1,北日本
SHP-004809,W-11,FG-0070,2025-01-06,50,50,1,1,海外
SHP-004810,W-05,FG-0022,2025-03-11,10,10,1,1,海外
SHP-004811,W-09,FG-0011,2024-12-26,10,10,1,1,海外
SHP-004812,W-19,FG-0068,2024-08-20,100,100,1,1,海外
SHP-004813,W-08,FG-0040,2024-12-22,50,50,1,1,東日本
SHP-004814,W-03,FG-0038,2025-05-02,100,100,1,1,海外
SHP-004815,W-24,FG-0038,2026-02-03,100,100,1,1,西日本
SHP-004816,W-22,FG-0054,2025-12-23,10,10,1,1,東日本
SHP-004817,W-16,FG-0052,2025-02-27,50,50,1,1,西日本
SHP-004818,W-01,FG-0043,2026-03-05,20,20,1,1,東日本
SHP-004819,W-08,FG-0028,2024-06-25,100,100,0,1,東日本
SHP-004820,W-08,FG-0036,2024-05-14,20,20,1,1,東日本
SHP-004821,W-24,FG-0079,2024-11-26,100,100,1,1,海外
SHP-004822,W-22,FG-0061,2024-11-14,100,100,1,1,西日本
SHP-004823,W-23,FG-0069,2024-10-12,100,100,1,1,北日本
SHP-004824,W-15,FG-0024,2024-08-21,20,20,1,1,海外
SHP-004825,W-21,FG-0024,2026-02-09,20,20,1,1,東日本
SHP-004826,W-14,FG-0055,2025-11-16,50,50,0,1,西日本
SHP-004827,W-09,FG-0048,2026-04-23,10,7,1,0,西日本
SHP-004828,W-04,FG-0059,2025-02-02,20,20,1,1,西日本
SHP-004829,W-09,FG-0077,2025-06-18,20,20,1,1,東日本
SHP-004830,W-03,FG-0074,2026-04-25,50,50,1,1,東日本
SHP-004831,W-11,FG-0014,2025-08-27,20,20,1,1,北日本
SHP-004832,W-10,FG-0057,2026-04-21,20,20,1,1,西日本
SHP-004833,W-12,FG-0003,2025-04-23,20,20,1,1,北日本
SHP-004834,W-16,FG-0072,2026-01-10,50,50,1,1,海外
SHP-004835,W-08,FG-0077,2025-10-08,20,20,1,1,東日本
SHP-004836,W-01,FG-0051,2026-04-16,100,84,0,0,北日本
SHP-004837,W-01,FG-0044,2024-08-26,10,10,1,1,東日本
SHP-004838,W-15,FG-0011,2024-06-18,20,20,1,1,西日本
SHP-004839,W-17,FG-0048,2024-05-06,50,50,1,1,西日本
SHP-004840,W-14,FG-0049,2025-08-25,50,50,1,1,海外
SHP-004841,W-15,FG-0046,2024-03-12,20,15,1,0,海外
SHP-004842,W-23,FG-0046,2026-01-18,10,10,1,1,北日本
SHP-004843,W-07,FG-0051,2024-01-07,50,50,0,1,西日本
SHP-004844,W-05,FG-0040,2024-03-01,10,10,1,1,海外
SHP-004845,W-08,FG-0069,2025-05-30,10,10,1,1,海外
SHP-004846,W-10,FG-0045,2024-12-16,20,20,0,1,海外
SHP-004847,W-23,FG-0022,2024-07-27,100,100,1,1,北日本
SHP-004848,W-09,FG-0040,2025-06-17,100,100,1,1,海外
SHP-004849,W-24,FG-0074,2024-09-20,10,10,1,1,東日本
SHP-004850,W-11,FG-0077,2024-04-08,20,20,1,1,海外
SHP-004851,W-09,FG-0003,2025-03-07,20,20,0,1,海外
SHP-004852,W-10,FG-0025,2025-04-03,20,20,1,1,海外
SHP-004853,W-04,FG-0003,2026-01-26,100,100,1,1,海外
SHP-004854,W-04,FG-0023,2025-11-17,20,20,1,1,海外
SHP-004855,W-22,FG-0051,2025-01-15,10,10,1,1,東日本
SHP-004856,W-14,FG-0024,2024-06-09,20,20,1,1,北日本
SHP-004857,W-09,FG-0061,2024-09-25,10,10,1,1,東日本
SHP-004858,W-18,FG-0070,2024-07-17,20,20,1,1,東日本
SHP-004859,W-17,FG-0060,2024-11-03,100,100,1,1,海外
SHP-004860,W-07,FG-0036,2024-05-23,10,10,1,1,西日本
SHP-004861,W-17,FG-0002,2024-01-21,50,50,1,1,東日本
SHP-004862,W-21,FG-0002,2024-07-18,100,68,1,0,東日本
SHP-004863,W-08,FG-0046,2024-03-12,50,39,1,0,西日本
SHP-004864,W-11,FG-0043,2024-05-26,10,10,1,1,東日本
SHP-004865,W-13,FG-0050,2026-03-03,50,50,1,1,海外
SHP-004866,W-09,FG-0052,2024-08-08,100,100,1,1,東日本
SHP-004867,W-22,FG-0049,2025-04-30,10,10,1,1,東日本
SHP-004868,W-18,FG-0040,2026-03-03,10,10,1,1,東日本
SHP-004869,W-03,FG-0036,2025-02-18,20,20,1,1,東日本
SHP-004870,W-18,FG-0025,2024-06-28,20,20,1,1,海外
SHP-004871,W-19,FG-0048,2025-11-05,50,50,1,1,北日本
SHP-004872,W-11,FG-0060,2025-06-04,50,50,1,1,海外
SHP-004873,W-14,FG-0031,2026-04-21,10,10,1,1,西日本
SHP-004874,W-13,FG-0069,2024-05-15,50,50,0,1,西日本
SHP-004875,W-19,FG-0069,2024-12-30,10,10,1,1,北日本
SHP-004876,W-24,FG-0046,2024-01-03,10,10,1,1,東日本
SHP-004877,W-20,FG-0062,2026-03-19,50,31,1,0,海外
SHP-004878,W-15,FG-0008,2025-11-09,20,20,1,1,西日本
SHP-004879,W-11,FG-0009,2024-07-30,100,100,0,1,海外
SHP-004880,W-05,FG-0080,2024-07-04,20,20,0,1,海外
SHP-004881,W-20,FG-0038,2025-12-01,50,38,0,0,海外
SHP-004882,W-07,FG-0051,2024-12-08,10,10,1,1,東日本
SHP-004883,W-20,FG-0051,2025-01-01,10,10,1,1,東日本
SHP-004884,W-21,FG-0002,2024-07-19,100,100,1,1,海外
SHP-004885,W-12,FG-0002,2024-03-14,20,20,1,1,北日本
SHP-004886,W-03,FG-0053,2026-01-08,20,20,1,1,海外
SHP-004887,W-01,FG-0049,2024-09-30,50,50,1,1,北日本
SHP-004888,W-02,FG-0033,2025-02-15,10,10,1,1,西日本
SHP-004889,W-18,FG-0049,2024-06-18,20,20,1,1,海外
SHP-004890,W-09,FG-0071,2026-03-21,20,20,1,1,北日本
SHP-004891,W-19,FG-0005,2025-04-20,20,20,1,1,東日本
SHP-004892,W-23,FG-0043,2024-10-02,10,10,1,1,西日本
SHP-004893,W-11,FG-0006,2024-01-26,100,100,1,1,海外
SHP-004894,W-07,FG-0031,2025-09-06,10,10,0,1,東日本
SHP-004895,W-17,FG-0055,2024-10-20,100,100,1,1,西日本
SHP-004896,W-16,FG-0009,2025-07-18,100,100,1,1,東日本
SHP-004897,W-14,FG-0026,2025-10-19,100,100,0,1,北日本
SHP-004898,W-21,FG-0002,2024-01-29,20,20,1,1,東日本
SHP-004899,W-18,FG-0054,2025-01-10,50,50,1,1,西日本
SHP-004900,W-18,FG-0058,2024-05-19,100,100,1,1,北日本
SHP-004901,W-15,FG-0035,2025-11-20,100,100,1,1,北日本
SHP-004902,W-14,FG-0067,2025-02-24,50,50,1,1,海外
SHP-004903,W-03,FG-0037,2024-12-21,100,100,1,1,海外
SHP-004904,W-21,FG-0016,2024-01-30,100,100,1,1,海外
SHP-004905,W-12,FG-0036,2025-04-06,100,100,1,1,東日本
SHP-004906,W-03,FG-0044,2026-04-28,10,10,1,1,北日本
SHP-004907,W-24,FG-0071,2025-04-19,10,10,1,1,海外
SHP-004908,W-03,FG-0074,2025-05-01,50,50,0,1,西日本
SHP-004909,W-02,FG-0028,2026-01-17,20,20,1,1,西日本
SHP-004910,W-13,FG-0052,2026-02-02,20,20,1,1,東日本
SHP-004911,W-22,FG-0050,2024-03-01,50,50,1,1,北日本
SHP-004912,W-02,FG-0077,2025-01-23,10,10,1,1,西日本
SHP-004913,W-04,FG-0065,2024-09-22,50,50,1,1,海外
SHP-004914,W-19,FG-0032,2025-07-27,10,10,1,1,北日本
SHP-004915,W-16,FG-0062,2024-09-21,50,50,1,1,海外
SHP-004916,W-01,FG-0076,2025-02-03,10,10,1,1,北日本
SHP-004917,W-16,FG-0036,2024-02-02,10,10,1,1,西日本
SHP-004918,W-12,FG-0062,2025-09-27,10,10,1,1,西日本
SHP-004919,W-24,FG-0049,2026-04-30,100,100,1,1,北日本
SHP-004920,W-17,FG-0074,2025-12-07,50,50,1,1,西日本
SHP-004921,W-21,FG-0009,2024-05-19,50,50,1,1,東日本
SHP-004922,W-20,FG-0016,2024-11-27,50,50,1,1,西日本
SHP-004923,W-10,FG-0051,2024-10-15,20,20,0,1,海外
SHP-004924,W-22,FG-0033,2025-04-13,100,100,0,1,東日本
SHP-004925,W-19,FG-0041,2025-09-03,20,20,1,1,西日本
SHP-004926,W-14,FG-0019,2025-11-13,100,100,0,1,西日本
SHP-004927,W-12,FG-0080,2025-08-04,100,100,1,1,北日本
SHP-004928,W-19,FG-0074,2026-04-24,10,10,1,1,西日本
SHP-004929,W-21,FG-0011,2026-02-28,100,100,1,1,西日本
SHP-004930,W-05,FG-0064,2024-03-04,20,20,1,1,東日本
SHP-004931,W-18,FG-0041,2024-05-21,10,10,1,1,東日本
SHP-004932,W-22,FG-0079,2026-04-11,50,50,1,1,東日本
SHP-004933,W-20,FG-0064,2024-11-27,10,10,1,1,西日本
SHP-004934,W-15,FG-0074,2024-10-04,10,10,1,1,西日本
SHP-004935,W-18,FG-0045,2024-06-21,20,13,1,0,西日本
SHP-004936,W-10,FG-0001,2026-03-13,20,20,1,1,北日本
SHP-004937,W-02,FG-0078,2025-08-22,100,100,1,1,海外
SHP-004938,W-19,FG-0067,2025-05-19,10,10,1,1,北日本
SHP-004939,W-21,FG-0069,2026-01-23,20,20,1,1,東日本
SHP-004940,W-23,FG-0021,2024-11-09,50,50,1,1,北日本
SHP-004941,W-06,FG-0077,2025-02-11,10,10,0,1,北日本
SHP-004942,W-15,FG-0036,2024-05-28,100,100,1,1,西日本
SHP-004943,W-05,FG-0020,2024-09-06,50,50,1,1,東日本
SHP-004944,W-04,FG-0008,2026-01-28,100,100,0,1,北日本
SHP-004945,W-18,FG-0028,2025-10-11,10,10,1,1,西日本
SHP-004946,W-03,FG-0077,2024-01-22,10,7,1,0,西日本
SHP-004947,W-20,FG-0055,2024-11-23,10,10,1,1,海外
SHP-004948,W-02,FG-0046,2024-03-11,100,100,1,1,西日本
SHP-004949,W-06,FG-0064,2024-11-10,20,20,1,1,西日本
SHP-004950,W-02,FG-0044,2024-05-09,20,15,1,0,東日本
SHP-004951,W-21,FG-0071,2024-02-17,100,100,0,1,西日本
SHP-004952,W-08,FG-0074,2024-06-29,50,50,1,1,海外
SHP-004953,W-17,FG-0049,2026-02-13,100,100,1,1,海外
SHP-004954,W-22,FG-0024,2025-03-22,20,20,1,1,西日本
SHP-004955,W-19,FG-0046,2025-01-15,20,20,1,1,北日本
SHP-004956,W-02,FG-0072,2025-08-07,10,10,1,1,北日本
SHP-004957,W-18,FG-0073,2026-02-22,10,8,1,0,北日本
SHP-004958,W-14,FG-0040,2026-04-09,100,100,0,1,海外
SHP-004959,W-08,FG-0066,2024-10-27,20,20,1,1,海外
SHP-004960,W-09,FG-0067,2025-04-15,20,20,1,1,北日本
SHP-004961,W-24,FG-0059,2024-11-16,20,20,1,1,北日本
SHP-004962,W-17,FG-0016,2025-08-11,100,100,1,1,西日本
SHP-004963,W-14,FG-0012,2025-02-02,10,10,1,1,北日本
SHP-004964,W-01,FG-0037,2024-01-06,20,20,1,1,海外
SHP-004965,W-18,FG-0020,2024-12-05,100,100,1,1,海外
SHP-004966,W-18,FG-0055,2024-10-21,10,10,1,1,海外
SHP-004967,W-14,FG-0034,2025-07-05,50,50,1,1,海外
SHP-004968,W-21,FG-0079,2024-03-12,100,88,1,0,北日本
SHP-004969,W-09,FG-0048,2024-06-08,20,20,1,1,北日本
SHP-004970,W-05,FG-0005,2024-02-11,10,10,1,1,海外
SHP-004971,W-02,FG-0079,2024-09-15,10,10,1,1,海外
SHP-004972,W-19,FG-0069,2025-10-10,10,10,1,1,海外
SHP-004973,W-22,FG-0018,2025-02-06,50,50,1,1,西日本
SHP-004974,W-15,FG-0001,2024-09-14,20,20,1,1,海外
SHP-004975,W-20,FG-0023,2025-01-28,20,20,1,1,海外
SHP-004976,W-15,FG-0060,2024-06-21,100,100,1,1,北日本
SHP-004977,W-05,FG-0047,2025-10-11,10,10,1,1,西日本
SHP-004978,W-11,FG-0064,2026-04-06,50,50,1,1,北日本
SHP-004979,W-11,FG-0053,2026-03-18,50,50,1,1,海外
SHP-004980,W-04,FG-0038,2025-02-09,20,20,1,1,北日本
SHP-004981,W-21,FG-0015,2024-06-30,50,50,1,1,東日本
SHP-004982,W-01,FG-0035,2024-07-05,100,100,1,1,北日本
SHP-004983,W-10,FG-0008,2025-03-30,10,10,1,1,西日本
SHP-004984,W-08,FG-0043,2024-07-01,50,38,1,0,東日本
SHP-004985,W-24,FG-0058,2024-11-07,100,100,1,1,北日本
SHP-004986,W-03,FG-0027,2026-02-20,20,20,1,1,東日本
SHP-004987,W-01,FG-0009,2025-08-03,10,10,1,1,西日本
SHP-004988,W-23,FG-0048,2026-01-13,10,10,1,1,東日本
SHP-004989,W-24,FG-0059,2024-06-09,20,20,1,1,海外
SHP-004990,W-23,FG-0079,2025-12-29,20,20,1,1,海外
SHP-004991,W-18,FG-0051,2025-02-11,50,50,1,1,西日本
SHP-004992,W-14,FG-0080,2026-04-03,20,20,1,1,海外
SHP-004993,W-14,FG-0037,2025-01-03,20,20,1,1,東日本
SHP-004994,W-12,FG-0068,2024-10-25,10,10,1,1,海外
SHP-004995,W-05,FG-0065,2026-01-21,100,100,1,1,海外
SHP-004996,W-11,FG-0062,2024-10-04,20,20,1,1,北日本
SHP-004997,W-12,FG-0056,2025-06-13,100,100,1,1,東日本
SHP-004998,W-05,FG-0073,2024-01-22,20,20,1,1,西日本
SHP-004999,W-24,FG-0004,2026-03-04,50,50,1,1,東日本
SHP-005000,W-02,FG-0057,2025-10-22,50,50,1,1,西日本
SHP-005001,W-16,FG-0045,2025-08-02,20,20,0,1,西日本
SHP-005002,W-12,FG-0009,2025-10-12,50,50,1,1,海外
SHP-005003,W-16,FG-0061,2024-05-18,20,13,1,0,東日本
SHP-005004,W-11,FG-0038,2024-08-24,20,13,1,0,東日本
SHP-005005,W-10,FG-0038,2024-10-01,100,100,1,1,東日本
SHP-005006,W-13,FG-0025,2025-06-12,50,50,1,1,東日本
SHP-005007,W-18,FG-0066,2025-02-22,10,10,0,1,海外
SHP-005008,W-15,FG-0050,2025-03-28,20,20,1,1,東日本
SHP-005009,W-02,FG-0022,2024-09-10,50,50,1,1,西日本
SHP-005010,W-17,FG-0047,2025-07-12,20,20,1,1,海外
SHP-005011,W-18,FG-0043,2025-02-16,50,50,0,1,海外
SHP-005012,W-05,FG-0034,2024-08-13,50,50,1,1,東日本
SHP-005013,W-09,FG-0013,2025-11-04,20,20,0,1,海外
SHP-005014,W-02,FG-0006,2025-05-31,100,100,1,1,西日本
SHP-005015,W-14,FG-0071,2024-06-27,100,100,1,1,海外
SHP-005016,W-08,FG-0018,2024-02-29,10,10,1,1,海外
SHP-005017,W-03,FG-0061,2026-02-11,20,20,1,1,西日本
SHP-005018,W-06,FG-0027,2024-07-15,20,20,1,1,海外
SHP-005019,W-12,FG-0055,2024-05-10,20,20,1,1,西日本
SHP-005020,W-16,FG-0039,2026-01-31,100,100,1,1,西日本
SHP-005021,W-16,FG-0014,2024-04-14,100,67,1,0,北日本
SHP-005022,W-19,FG-0072,2025-04-05,10,10,1,1,北日本
SHP-005023,W-11,FG-0078,2025-11-25,20,20,1,1,西日本
SHP-005024,W-19,FG-0059,2025-12-08,50,50,1,1,北日本
SHP-005025,W-10,FG-0010,2026-01-28,20,17,0,0,東日本
SHP-005026,W-01,FG-0079,2024-12-28,20,20,1,1,西日本
SHP-005027,W-24,FG-0040,2026-01-30,50,50,1,1,東日本
SHP-005028,W-12,FG-0079,2025-10-02,50,50,1,1,西日本
SHP-005029,W-08,FG-0058,2024-06-13,50,50,1,1,西日本
SHP-005030,W-21,FG-0050,2026-04-05,50,50,1,1,西日本
SHP-005031,W-21,FG-0070,2024-05-04,20,20,1,1,北日本
SHP-005032,W-19,FG-0047,2025-02-08,10,10,0,1,東日本
SHP-005033,W-15,FG-0038,2025-08-28,20,16,1,0,東日本
SHP-005034,W-08,FG-0014,2025-03-13,20,20,1,1,西日本
SHP-005035,W-06,FG-0002,2025-07-22,50,50,1,1,海外
SHP-005036,W-10,FG-0011,2026-01-09,50,50,1,1,北日本
SHP-005037,W-20,FG-0030,2024-05-17,100,100,1,1,海外
SHP-005038,W-16,FG-0038,2024-05-23,10,10,1,1,海外
SHP-005039,W-01,FG-0048,2026-01-23,50,50,1,1,西日本
SHP-005040,W-17,FG-0054,2024-05-12,100,100,1,1,海外
SHP-005041,W-03,FG-0015,2024-04-13,100,100,1,1,海外
SHP-005042,W-20,FG-0013,2025-01-12,50,50,1,1,東日本
SHP-005043,W-20,FG-0027,2024-05-26,100,100,1,1,東日本
SHP-005044,W-12,FG-0041,2024-04-30,100,100,1,1,北日本
SHP-005045,W-09,FG-0060,2024-07-01,100,100,0,1,東日本
SHP-005046,W-18,FG-0043,2025-05-30,50,38,1,0,北日本
SHP-005047,W-18,FG-0038,2026-01-27,10,10,1,1,西日本
SHP-005048,W-01,FG-0031,2024-06-24,50,50,1,1,海外
SHP-005049,W-14,FG-0023,2024-07-12,50,50,1,1,西日本
SHP-005050,W-24,FG-0054,2025-12-12,100,100,1,1,海外
SHP-005051,W-05,FG-0043,2025-01-20,10,8,1,0,西日本
SHP-005052,W-05,FG-0073,2024-04-18,10,10,1,1,西日本
SHP-005053,W-12,FG-0011,2024-09-29,10,10,1,1,海外
SHP-005054,W-17,FG-0032,2026-04-23,50,50,1,1,海外
SHP-005055,W-05,FG-0019,2026-01-21,20,20,1,1,西日本
SHP-005056,W-18,FG-0079,2025-07-23,10,10,1,1,海外
SHP-005057,W-22,FG-0052,2026-04-26,10,10,1,1,西日本
SHP-005058,W-19,FG-0037,2024-10-22,50,50,1,1,海外
SHP-005059,W-23,FG-0042,2025-12-28,100,100,1,1,東日本
SHP-005060,W-13,FG-0034,2025-05-13,10,10,1,1,北日本
SHP-005061,W-24,FG-0022,2025-05-05,10,10,1,1,東日本
SHP-005062,W-03,FG-0002,2025-05-12,50,45,1,0,海外
SHP-005063,W-16,FG-0053,2026-02-21,100,100,1,1,海外
SHP-005064,W-16,FG-0024,2024-09-17,10,8,1,0,西日本
SHP-005065,W-20,FG-0038,2024-03-05,50,50,1,1,北日本
SHP-005066,W-19,FG-0020,2025-08-21,20,20,1,1,東日本
SHP-005067,W-22,FG-0014,2024-02-03,10,10,1,1,東日本
SHP-005068,W-19,FG-0064,2024-09-22,50,50,1,1,西日本
SHP-005069,W-16,FG-0045,2026-04-19,100,100,1,1,東日本
SHP-005070,W-04,FG-0010,2025-01-24,20,20,1,1,海外
SHP-005071,W-20,FG-0078,2024-06-10,100,100,0,1,北日本
SHP-005072,W-11,FG-0073,2025-07-20,100,100,1,1,北日本
SHP-005073,W-04,FG-0058,2026-01-23,10,10,1,1,北日本
SHP-005074,W-03,FG-0009,2025-07-13,20,20,1,1,北日本
SHP-005075,W-12,FG-0038,2025-11-23,100,100,1,1,東日本
SHP-005076,W-19,FG-0077,2024-12-12,20,20,1,1,西日本
SHP-005077,W-24,FG-0070,2025-09-13,50,50,1,1,海外
SHP-005078,W-06,FG-0015,2025-03-31,100,100,1,1,北日本
SHP-005079,W-08,FG-0054,2024-04-18,50,31,1,0,東日本
SHP-005080,W-17,FG-0005,2025-03-09,20,20,1,1,北日本
SHP-005081,W-02,FG-0037,2025-04-17,50,50,1,1,海外
SHP-005082,W-07,FG-0071,2026-03-03,100,82,1,0,北日本
SHP-005083,W-23,FG-0001,2025-01-10,20,20,1,1,北日本
SHP-005084,W-10,FG-0056,2025-05-03,100,100,1,1,海外
SHP-005085,W-05,FG-0035,2025-05-05,20,20,1,1,東日本
SHP-005086,W-15,FG-0034,2025-01-03,10,10,1,1,海外
SHP-005087,W-12,FG-0066,2025-05-05,10,10,1,1,西日本
SHP-005088,W-13,FG-0024,2026-01-09,10,10,1,1,東日本
SHP-005089,W-17,FG-0068,2026-04-26,50,50,1,1,北日本
SHP-005090,W-08,FG-0035,2024-10-02,10,10,1,1,北日本
SHP-005091,W-09,FG-0002,2025-01-07,20,16,1,0,北日本
SHP-005092,W-16,FG-0069,2026-04-02,50,50,1,1,北日本
SHP-005093,W-17,FG-0021,2026-01-15,20,20,1,1,北日本
SHP-005094,W-21,FG-0002,2025-05-04,50,50,1,1,西日本
SHP-005095,W-04,FG-0022,2025-02-24,100,80,1,0,西日本
SHP-005096,W-18,FG-0006,2026-02-13,20,20,1,1,東日本
SHP-005097,W-16,FG-0070,2026-01-11,50,50,1,1,北日本
SHP-005098,W-11,FG-0017,2024-09-15,10,10,0,1,東日本
SHP-005099,W-03,FG-0069,2025-12-04,100,100,1,1,北日本
SHP-005100,W-05,FG-0055,2025-04-10,50,50,0,1,北日本
SHP-005101,W-02,FG-0029,2024-01-16,50,50,1,1,東日本
SHP-005102,W-09,FG-0034,2025-06-12,10,10,0,1,西日本
SHP-005103,W-18,FG-0041,2025-07-06,10,10,1,1,西日本
SHP-005104,W-10,FG-0027,2025-03-02,20,20,1,1,海外
SHP-005105,W-03,FG-0074,2025-08-14,50,50,1,1,北日本
SHP-005106,W-05,FG-0062,2025-01-04,20,20,1,1,北日本
SHP-005107,W-09,FG-0068,2025-02-24,100,100,1,1,海外
SHP-005108,W-17,FG-0058,2025-05-12,20,18,0,0,東日本
SHP-005109,W-06,FG-0056,2025-01-10,100,81,1,0,東日本
SHP-005110,W-20,FG-0079,2025-04-12,100,100,1,1,北日本
SHP-005111,W-16,FG-0009,2026-04-11,50,50,1,1,西日本
SHP-005112,W-22,FG-0024,2024-12-26,20,20,1,1,海外
SHP-005113,W-23,FG-0065,2026-02-08,20,20,1,1,北日本
SHP-005114,W-16,FG-0029,2024-12-25,10,10,1,1,西日本
SHP-005115,W-24,FG-0005,2024-11-04,20,20,1,1,海外
SHP-005116,W-08,FG-0034,2025-12-15,10,10,1,1,海外
SHP-005117,W-19,FG-0048,2025-05-19,50,50,1,1,東日本
SHP-005118,W-08,FG-0064,2024-11-08,50,50,1,1,西日本
SHP-005119,W-15,FG-0053,2024-11-14,50,50,0,1,東日本
SHP-005120,W-19,FG-0013,2025-02-10,50,50,1,1,海外
SHP-005121,W-23,FG-0001,2024-06-23,20,20,1,1,海外
SHP-005122,W-03,FG-0024,2025-03-28,100,94,1,0,西日本
SHP-005123,W-02,FG-0056,2024-02-29,100,100,1,1,東日本
SHP-005124,W-07,FG-0032,2024-12-31,20,17,1,0,東日本
SHP-005125,W-24,FG-0060,2024-07-25,20,20,1,1,海外
SHP-005126,W-05,FG-0056,2024-04-20,10,10,1,1,海外
SHP-005127,W-16,FG-0054,2024-07-13,100,100,1,1,北日本
SHP-005128,W-19,FG-0053,2025-09-28,100,100,1,1,北日本
SHP-005129,W-09,FG-0075,2025-03-18,50,50,1,1,北日本
SHP-005130,W-07,FG-0014,2025-02-12,100,100,1,1,西日本
SHP-005131,W-17,FG-0063,2024-06-06,100,82,1,0,西日本
SHP-005132,W-01,FG-0022,2024-12-15,50,39,1,0,東日本
SHP-005133,W-17,FG-0009,2025-05-21,50,50,1,1,北日本
SHP-005134,W-22,FG-0080,2026-03-29,10,10,1,1,西日本
SHP-005135,W-08,FG-0047,2025-04-05,20,20,1,1,海外
SHP-005136,W-08,FG-0018,2025-10-30,20,20,1,1,東日本
SHP-005137,W-20,FG-0020,2024-02-17,100,100,0,1,東日本
SHP-005138,W-21,FG-0064,2025-03-05,20,20,1,1,東日本
SHP-005139,W-05,FG-0002,2024-04-26,20,20,1,1,北日本
SHP-005140,W-02,FG-0056,2025-08-01,20,20,1,1,海外
SHP-005141,W-22,FG-0079,2025-11-18,50,50,1,1,北日本
SHP-005142,W-20,FG-0071,2025-06-28,100,100,1,1,東日本
SHP-005143,W-15,FG-0043,2026-04-16,100,100,1,1,西日本
SHP-005144,W-15,FG-0038,2024-01-15,50,50,1,1,海外
SHP-005145,W-04,FG-0064,2024-05-14,10,10,1,1,北日本
SHP-005146,W-10,FG-0043,2026-03-04,10,10,1,1,西日本
SHP-005147,W-01,FG-0010,2024-03-01,100,100,1,1,東日本
SHP-005148,W-21,FG-0055,2024-05-10,10,10,1,1,東日本
SHP-005149,W-19,FG-0053,2025-05-23,100,100,1,1,西日本
SHP-005150,W-14,FG-0068,2025-11-12,50,50,1,1,北日本
SHP-005151,W-17,FG-0022,2024-10-05,20,20,1,1,東日本
SHP-005152,W-09,FG-0052,2026-03-13,100,100,1,1,海外
SHP-005153,W-07,FG-0014,2024-06-07,20,20,1,1,西日本
SHP-005154,W-19,FG-0039,2026-01-28,100,100,1,1,東日本
SHP-005155,W-07,FG-0012,2025-05-13,50,50,1,1,海外
SHP-005156,W-21,FG-0051,2024-05-22,100,100,1,1,北日本
SHP-005157,W-16,FG-0025,2025-12-29,20,20,1,1,西日本
SHP-005158,W-11,FG-0041,2024-12-08,50,50,1,1,海外
SHP-005159,W-10,FG-0062,2024-02-10,10,10,1,1,海外
SHP-005160,W-12,FG-0002,2025-09-22,100,100,0,1,北日本
SHP-005161,W-16,FG-0053,2025-10-14,100,100,1,1,北日本
SHP-005162,W-21,FG-0034,2025-07-23,10,10,1,1,東日本
SHP-005163,W-01,FG-0040,2024-09-14,50,50,1,1,北日本
SHP-005164,W-02,FG-0061,2025-11-11,100,70,1,0,北日本
SHP-005165,W-12,FG-0079,2024-09-20,100,100,1,1,東日本
SHP-005166,W-20,FG-0034,2024-10-03,10,10,1,1,海外
SHP-005167,W-06,FG-0006,2025-02-15,100,100,1,1,西日本
SHP-005168,W-05,FG-0023,2025-04-19,20,20,0,1,西日本
SHP-005169,W-03,FG-0061,2026-02-13,10,10,1,1,西日本
SHP-005170,W-03,FG-0001,2025-09-16,50,50,0,1,海外
SHP-005171,W-01,FG-0029,2025-08-18,20,20,1,1,北日本
SHP-005172,W-05,FG-0026,2024-01-24,50,50,1,1,北日本
SHP-005173,W-05,FG-0072,2025-02-14,10,8,1,0,西日本
SHP-005174,W-04,FG-0058,2025-06-24,50,50,1,1,北日本
SHP-005175,W-05,FG-0045,2024-06-23,100,100,1,1,海外
SHP-005176,W-02,FG-0027,2026-03-19,100,100,0,1,西日本
SHP-005177,W-13,FG-0035,2025-12-12,10,10,1,1,海外
SHP-005178,W-22,FG-0024,2024-03-03,10,10,0,1,北日本
SHP-005179,W-09,FG-0062,2024-09-14,50,50,1,1,西日本
SHP-005180,W-05,FG-0035,2025-07-07,10,10,1,1,西日本
SHP-005181,W-01,FG-0021,2024-06-15,100,65,1,0,東日本
SHP-005182,W-04,FG-0054,2025-09-05,20,20,1,1,東日本
SHP-005183,W-08,FG-0024,2025-11-24,10,10,1,1,北日本
SHP-005184,W-17,FG-0066,2025-12-06,50,50,1,1,北日本
SHP-005185,W-16,FG-0009,2024-01-01,50,50,1,1,西日本
SHP-005186,W-11,FG-0006,2024-05-25,50,50,1,1,西日本
SHP-005187,W-05,FG-0055,2024-03-31,50,50,1,1,西日本
SHP-005188,W-02,FG-0028,2024-07-30,20,20,1,1,海外
SHP-005189,W-13,FG-0007,2025-03-24,10,10,1,1,北日本
SHP-005190,W-07,FG-0019,2025-10-11,20,13,1,0,東日本
SHP-005191,W-09,FG-0069,2025-05-31,20,20,1,1,北日本
SHP-005192,W-05,FG-0005,2025-11-20,50,50,1,1,東日本
SHP-005193,W-05,FG-0038,2024-03-09,100,100,1,1,西日本
SHP-005194,W-06,FG-0077,2025-10-10,10,10,1,1,海外
SHP-005195,W-09,FG-0008,2025-11-15,50,50,1,1,東日本
SHP-005196,W-22,FG-0043,2025-05-09,100,100,1,1,北日本
SHP-005197,W-06,FG-0065,2025-01-04,20,20,1,1,海外
SHP-005198,W-06,FG-0016,2026-03-06,10,8,1,0,海外
SHP-005199,W-11,FG-0051,2026-01-08,50,50,1,1,西日本
SHP-005200,W-20,FG-0057,2025-10-30,100,100,1,1,海外
SHP-005201,W-09,FG-0012,2024-03-21,100,100,1,1,海外
SHP-005202,W-13,FG-0052,2024-12-24,100,100,1,1,海外
SHP-005203,W-06,FG-0060,2024-08-31,20,20,0,1,西日本
SHP-005204,W-16,FG-0068,2025-03-27,10,10,0,1,北日本
SHP-005205,W-18,FG-0070,2024-01-30,10,7,1,0,東日本
SHP-005206,W-22,FG-0055,2024-12-25,10,10,1,1,西日本
SHP-005207,W-14,FG-0021,2024-10-31,20,20,1,1,東日本
SHP-005208,W-22,FG-0058,2025-12-25,100,100,1,1,海外
SHP-005209,W-20,FG-0060,2026-01-18,20,20,1,1,西日本
SHP-005210,W-24,FG-0018,2024-03-26,100,100,1,1,西日本
SHP-005211,W-04,FG-0032,2024-12-23,10,10,1,1,北日本
SHP-005212,W-10,FG-0011,2025-04-30,50,50,1,1,海外
SHP-005213,W-05,FG-0034,2025-08-09,100,100,1,1,海外
SHP-005214,W-06,FG-0039,2024-05-30,10,10,1,1,海外
SHP-005215,W-12,FG-0032,2024-08-06,20,20,0,1,西日本
SHP-005216,W-14,FG-0014,2026-03-26,100,100,1,1,東日本
SHP-005217,W-11,FG-0072,2024-05-24,10,10,1,1,西日本
SHP-005218,W-04,FG-0068,2025-07-11,10,10,1,1,西日本
SHP-005219,W-05,FG-0078,2024-09-06,100,100,1,1,西日本
SHP-005220,W-18,FG-0046,2024-02-03,10,6,1,0,北日本
SHP-005221,W-15,FG-0073,2024-09-30,100,100,0,1,北日本
SHP-005222,W-11,FG-0071,2025-09-17,50,50,1,1,海外
SHP-005223,W-20,FG-0033,2024-02-10,50,50,1,1,東日本
SHP-005224,W-24,FG-0036,2026-02-02,50,50,1,1,西日本
SHP-005225,W-15,FG-0037,2025-02-01,100,100,1,1,海外
SHP-005226,W-24,FG-0038,2025-12-02,50,50,1,1,海外
SHP-005227,W-05,FG-0042,2024-09-17,10,10,1,1,北日本
SHP-005228,W-01,FG-0022,2024-02-03,100,100,1,1,海外
SHP-005229,W-23,FG-0074,2024-12-23,10,10,1,1,西日本
SHP-005230,W-04,FG-0048,2025-09-10,50,50,1,1,西日本
SHP-005231,W-19,FG-0012,2024-12-18,100,100,0,1,東日本
SHP-005232,W-21,FG-0017,2024-08-02,50,50,1,1,西日本
SHP-005233,W-07,FG-0016,2024-01-07,10,10,1,1,北日本
SHP-005234,W-17,FG-0080,2025-08-18,10,10,1,1,東日本
SHP-005235,W-17,FG-0057,2025-10-13,10,10,1,1,海外
SHP-005236,W-23,FG-0051,2024-09-06,10,10,0,1,海外
SHP-005237,W-14,FG-0057,2025-10-11,20,20,1,1,海外
SHP-005238,W-13,FG-0056,2026-01-27,20,20,1,1,海外
SHP-005239,W-21,FG-0027,2025-09-11,50,50,0,1,西日本
SHP-005240,W-18,FG-0078,2026-03-29,50,50,1,1,海外
SHP-005241,W-21,FG-0049,2024-04-07,50,50,1,1,北日本
SHP-005242,W-20,FG-0057,2024-11-02,10,10,1,1,東日本
SHP-005243,W-18,FG-0020,2024-10-02,10,10,1,1,北日本
SHP-005244,W-05,FG-0063,2024-12-25,50,50,1,1,西日本
SHP-005245,W-24,FG-0070,2025-11-02,50,50,1,1,西日本
SHP-005246,W-10,FG-0029,2025-04-17,50,50,1,1,北日本
SHP-005247,W-23,FG-0044,2024-11-07,10,10,0,1,北日本
SHP-005248,W-22,FG-0068,2024-11-18,50,50,1,1,海外
SHP-005249,W-07,FG-0073,2024-10-24,20,20,1,1,海外
SHP-005250,W-01,FG-0046,2026-02-04,10,10,1,1,東日本
SHP-010501,W-07,FG-0006,2024-06-23,10,8,1,0,海外
SHP-010502,W-04,FG-0059,2024-04-01,10,10,1,1,西日本
SHP-010503,W-12,FG-0024,2024-01-27,100,100,1,1,東日本
SHP-010504,W-02,FG-0052,2026-03-15,100,100,1,1,海外
SHP-010505,W-02,FG-0028,2025-08-26,20,20,1,1,東日本
SHP-010506,W-17,FG-0014,2025-11-21,20,20,1,1,海外
SHP-010507,W-12,FG-0017,2025-03-05,50,50,1,1,東日本
SHP-010508,W-20,FG-0018,2024-02-19,20,20,1,1,北日本
SHP-010509,W-12,FG-0057,2024-07-31,50,50,1,1,北日本
SHP-010510,W-24,FG-0065,2024-09-11,20,20,1,1,西日本
SHP-010511,W-20,FG-0080,2025-10-06,10,10,1,1,海外
SHP-010512,W-03,FG-0031,2024-11-05,10,10,1,1,西日本
SHP-010513,W-23,FG-0004,2025-08-18,20,20,1,1,東日本
SHP-010514,W-12,FG-0016,2024-11-17,20,17,1,0,海外
SHP-010515,W-20,FG-0027,2024-11-24,50,50,1,1,海外
SHP-010516,W-17,FG-0080,2024-04-05,20,20,1,1,海外
SHP-010517,W-02,FG-0013,2025-12-03,100,100,1,1,西日本
SHP-010518,W-03,FG-0025,2025-05-30,10,10,1,1,北日本
SHP-010519,W-12,FG-0013,2024-04-24,100,100,1,1,北日本
SHP-010520,W-01,FG-0021,2024-06-15,50,50,1,1,東日本
SHP-010521,W-16,FG-0044,2024-02-29,50,50,1,1,東日本
SHP-010522,W-13,FG-0049,2024-10-25,20,20,1,1,北日本
SHP-010523,W-14,FG-0005,2025-04-01,10,10,1,1,北日本
SHP-010524,W-18,FG-0020,2024-05-01,100,100,1,1,海外
SHP-010525,W-22,FG-0024,2025-02-18,10,8,1,0,東日本
SHP-010526,W-22,FG-0007,2025-04-15,50,50,0,1,北日本
SHP-010527,W-02,FG-0038,2025-04-28,10,10,1,1,西日本
SHP-010528,W-06,FG-0019,2025-11-18,10,10,0,1,北日本
SHP-010529,W-18,FG-0003,2026-03-27,50,50,1,1,北日本
SHP-010530,W-06,FG-0071,2026-03-13,20,20,1,1,海外
SHP-010531,W-08,FG-0051,2025-05-12,20,20,1,1,海外
SHP-010532,W-02,FG-0059,2026-03-13,10,10,0,1,西日本
SHP-010533,W-11,FG-0064,2025-07-19,50,50,1,1,海外
SHP-010534,W-11,FG-0007,2024-04-18,10,10,1,1,海外
SHP-010535,W-21,FG-0054,2024-12-01,100,100,0,1,海外
SHP-010536,W-12,FG-0031,2024-04-07,20,20,1,1,東日本
SHP-010537,W-04,FG-0013,2025-12-08,10,10,0,1,北日本
SHP-010538,W-23,FG-0052,2024-01-09,10,10,1,1,東日本
SHP-010539,W-15,FG-0003,2025-12-11,20,20,1,1,東日本
SHP-010540,W-14,FG-0034,2025-03-07,100,100,0,1,東日本
SHP-010541,W-10,FG-0044,2024-05-02,50,50,1,1,東日本
SHP-010542,W-19,FG-0045,2024-02-18,50,50,1,1,北日本
SHP-010543,W-03,FG-0023,2025-03-10,50,50,0,1,海外
SHP-010544,W-07,FG-0071,2025-11-24,20,13,0,0,北日本
SHP-010545,W-04,FG-0026,2025-09-21,50,50,1,1,東日本
SHP-010546,W-02,FG-0077,2024-12-06,100,100,1,1,海外
SHP-010547,W-15,FG-0054,2026-02-12,50,50,1,1,海外
SHP-010548,W-05,FG-0056,2024-05-19,100,100,0,1,東日本
SHP-010549,W-10,FG-0035,2024-02-20,100,100,1,1,東日本
SHP-010550,W-01,FG-0016,2025-10-15,20,20,1,1,海外
SHP-010551,W-20,FG-0008,2024-01-20,50,50,1,1,海外
SHP-010552,W-24,FG-0031,2024-09-18,50,50,1,1,西日本
SHP-010553,W-15,FG-0007,2025-07-09,10,7,1,0,東日本
SHP-010554,W-03,FG-0001,2025-10-30,100,100,1,1,海外
SHP-010555,W-10,FG-0009,2024-01-02,10,10,1,1,北日本
SHP-010556,W-23,FG-0008,2024-07-08,10,10,1,1,海外
SHP-010557,W-02,FG-0022,2025-06-06,20,20,0,1,海外
SHP-010558,W-17,FG-0035,2025-07-06,100,100,1,1,東日本
SHP-010559,W-19,FG-0048,2024-06-15,100,100,1,1,北日本
SHP-010560,W-14,FG-0048,2024-12-12,20,12,1,0,東日本
SHP-010561,W-24,FG-0024,2024-07-05,100,100,1,1,北日本
SHP-010562,W-10,FG-0023,2025-06-25,100,100,1,1,東日本
SHP-010563,W-02,FG-0073,2024-05-17,50,50,0,1,海外
SHP-010564,W-19,FG-0019,2024-03-10,10,10,1,1,西日本
SHP-010565,W-02,FG-0057,2025-11-14,10,10,1,1,海外
SHP-010566,W-08,FG-0024,2024-01-09,100,100,1,1,西日本
SHP-010567,W-11,FG-0018,2024-08-27,100,100,1,1,北日本
SHP-010568,W-09,FG-0031,2025-05-02,10,10,1,1,東日本
SHP-010569,W-14,FG-0045,2024-06-16,10,10,1,1,西日本
SHP-010570,W-20,FG-0016,2024-06-10,50,50,1,1,東日本
SHP-010571,W-19,FG-0003,2024-09-01,100,100,0,1,西日本
SHP-010572,W-08,FG-0046,2025-04-20,10,10,0,1,海外
SHP-010573,W-22,FG-0048,2024-06-26,50,50,1,1,西日本
SHP-010574,W-15,FG-0003,2025-09-20,20,20,1,1,海外
SHP-010575,W-09,FG-0034,2025-03-14,50,35,1,0,北日本
SHP-010576,W-14,FG-0061,2024-05-02,100,72,1,0,海外
SHP-010577,W-20,FG-0027,2025-08-26,50,42,1,0,海外
SHP-010578,W-21,FG-0074,2024-08-04,50,50,1,1,海外
SHP-010579,W-14,FG-0021,2024-01-03,10,10,1,1,海外
SHP-010580,W-03,FG-0004,2024-03-13,20,20,0,1,海外
SHP-010581,W-09,FG-0045,2024-11-16,20,16,1,0,東日本
SHP-010582,W-24,FG-0043,2025-11-30,100,100,1,1,北日本
SHP-010583,W-22,FG-0015,2024-09-05,100,100,1,1,東日本
SHP-010584,W-02,FG-0047,2024-02-20,50,50,1,1,海外
SHP-010585,W-12,FG-0014,2024-01-23,20,15,1,0,西日本
SHP-010586,W-12,FG-0069,2025-03-05,50,50,0,1,東日本
SHP-010587,W-09,FG-0027,2024-02-16,10,10,1,1,海外
SHP-010588,W-01,FG-0043,2024-08-31,10,10,1,1,東日本
SHP-010589,W-12,FG-0057,2024-01-11,10,10,1,1,東日本
SHP-010590,W-23,FG-0034,2024-02-14,50,50,1,1,東日本
SHP-010591,W-10,FG-0071,2024-01-14,20,20,1,1,北日本
SHP-010592,W-15,FG-0056,2024-09-09,20,20,1,1,東日本
SHP-010593,W-11,FG-0055,2025-09-16,10,10,1,1,北日本
SHP-010594,W-08,FG-0066,2024-06-16,50,50,1,1,海外
SHP-010595,W-05,FG-0008,2025-11-10,50,50,1,1,海外
SHP-010596,W-18,FG-0003,2025-09-14,10,10,1,1,東日本
SHP-010597,W-15,FG-0056,2025-01-08,50,50,1,1,西日本
SHP-010598,W-14,FG-0009,2026-04-13,100,100,1,1,西日本
SHP-010599,W-08,FG-0023,2024-12-06,20,20,1,1,西日本
SHP-010600,W-16,FG-0072,2026-02-24,20,20,1,1,東日本
SHP-010601,W-09,FG-0076,2025-06-14,50,50,1,1,西日本
SHP-010602,W-11,FG-0003,2024-05-23,10,10,1,1,西日本
SHP-010603,W-07,FG-0072,2026-01-26,50,50,1,1,北日本
SHP-010604,W-18,FG-0049,2025-10-01,10,10,1,1,海外
SHP-010605,W-09,FG-0003,2024-12-07,100,100,1,1,東日本
SHP-010606,W-09,FG-0068,2024-09-15,20,20,1,1,西日本
SHP-010607,W-16,FG-0005,2025-06-09,50,50,1,1,海外
SHP-010608,W-18,FG-0069,2024-07-15,20,20,1,1,北日本
SHP-010609,W-24,FG-0028,2024-10-01,20,20,1,1,海外
SHP-010610,W-12,FG-0012,2025-11-11,100,100,1,1,西日本
SHP-010611,W-14,FG-0048,2026-04-04,10,10,1,1,海外
SHP-010612,W-09,FG-0069,2024-12-02,100,100,1,1,北日本
SHP-010613,W-19,FG-0073,2025-03-13,50,50,0,1,北日本
SHP-010614,W-07,FG-0038,2024-05-21,10,8,1,0,東日本
SHP-010615,W-11,FG-0027,2025-07-24,50,50,1,1,北日本
SHP-010616,W-19,FG-0038,2025-02-07,20,20,1,1,海外
SHP-010617,W-12,FG-0072,2025-02-19,20,20,1,1,西日本
SHP-010618,W-02,FG-0062,2025-09-24,50,50,1,1,西日本
SHP-010619,W-15,FG-0064,2025-10-28,20,20,0,1,海外
SHP-010620,W-20,FG-0071,2024-12-05,50,50,0,1,海外
SHP-010621,W-01,FG-0036,2025-07-19,100,100,0,1,北日本
SHP-010622,W-09,FG-0047,2025-02-28,100,100,1,1,海外
SHP-010623,W-07,FG-0026,2025-06-26,50,50,1,1,西日本
SHP-010624,W-24,FG-0057,2025-01-21,50,50,1,1,海外
SHP-010625,W-05,FG-0076,2025-08-01,50,50,1,1,東日本
SHP-010626,W-19,FG-0010,2024-10-23,20,20,1,1,東日本
SHP-010627,W-15,FG-0056,2024-03-30,100,73,1,0,東日本
SHP-010628,W-20,FG-0036,2025-12-21,10,10,1,1,西日本
SHP-010629,W-12,FG-0078,2026-01-12,100,100,1,1,東日本
SHP-010630,W-16,FG-0033,2025-03-08,10,10,1,1,北日本
SHP-010631,W-05,FG-0049,2024-02-15,10,10,1,1,西日本
SHP-010632,W-06,FG-0073,2024-01-09,50,50,1,1,西日本
SHP-010633,W-01,FG-0062,2024-03-22,10,10,1,1,西日本
SHP-010634,W-13,FG-0027,2025-04-06,10,10,1,1,東日本
SHP-010635,W-15,FG-0051,2025-05-16,10,10,1,1,東日本
SHP-010636,W-11,FG-0002,2026-03-06,100,100,1,1,海外
SHP-010637,W-14,FG-0052,2024-11-25,100,100,1,1,東日本
SHP-010638,W-09,FG-0005,2025-04-18,20,20,1,1,東日本
SHP-010639,W-07,FG-0064,2024-09-08,20,20,1,1,海外
SHP-010640,W-13,FG-0053,2025-07-23,20,20,1,1,海外
SHP-010641,W-21,FG-0067,2024-03-26,50,50,1,1,北日本
SHP-010642,W-07,FG-0018,2024-05-27,20,20,1,1,北日本
SHP-010643,W-24,FG-0072,2025-06-25,10,10,1,1,海外
SHP-010644,W-23,FG-0041,2024-02-09,20,14,1,0,東日本
SHP-010645,W-13,FG-0070,2025-09-20,50,47,1,0,西日本
SHP-010646,W-13,FG-0030,2025-10-04,10,10,1,1,東日本
SHP-010647,W-21,FG-0035,2025-12-16,50,50,1,1,東日本
SHP-010648,W-06,FG-0072,2025-11-09,100,100,0,1,西日本
SHP-010649,W-24,FG-0037,2024-10-02,50,50,1,1,西日本
SHP-010650,W-17,FG-0051,2025-08-06,20,20,1,1,北日本
SHP-010651,W-01,FG-0072,2026-02-06,100,100,1,1,西日本
SHP-010652,W-01,FG-0006,2024-09-09,20,20,1,1,海外
SHP-010653,W-05,FG-0004,2026-04-12,100,100,1,1,北日本
SHP-010654,W-19,FG-0062,2026-04-13,10,10,1,1,北日本
SHP-010655,W-02,FG-0011,2024-09-02,20,20,1,1,北日本
SHP-010656,W-19,FG-0054,2024-08-04,20,20,1,1,北日本
SHP-010657,W-07,FG-0059,2024-01-10,100,100,1,1,西日本
SHP-010658,W-20,FG-0078,2025-03-19,50,50,1,1,東日本
SHP-010659,W-11,FG-0037,2025-03-16,50,31,0,0,海外
SHP-010660,W-07,FG-0024,2025-10-07,100,100,0,1,海外
SHP-010661,W-06,FG-0066,2024-07-06,100,100,1,1,西日本
SHP-010662,W-10,FG-0080,2024-03-07,100,100,1,1,北日本
SHP-010663,W-11,FG-0078,2025-02-19,10,10,0,1,西日本
SHP-010664,W-10,FG-0001,2025-05-09,50,50,1,1,東日本
SHP-010665,W-18,FG-0018,2025-11-08,20,20,1,1,北日本
SHP-010666,W-17,FG-0022,2025-01-26,100,100,1,1,北日本
SHP-010667,W-13,FG-0045,2025-10-11,20,20,1,1,海外
SHP-010668,W-05,FG-0054,2024-10-11,10,10,0,1,西日本
SHP-010669,W-08,FG-0008,2024-09-08,10,10,1,1,東日本
SHP-010670,W-21,FG-0031,2025-06-15,50,50,1,1,東日本
SHP-010671,W-17,FG-0025,2024-07-01,10,10,1,1,東日本
SHP-010672,W-11,FG-0072,2025-12-25,20,20,1,1,西日本
SHP-010673,W-18,FG-0036,2024-06-25,10,10,1,1,東日本
SHP-010674,W-23,FG-0067,2025-02-28,50,50,1,1,海外
SHP-010675,W-23,FG-0067,2025-10-05,50,50,1,1,北日本
SHP-010676,W-21,FG-0050,2025-03-03,50,50,1,1,海外
SHP-010677,W-21,FG-0024,2026-02-11,100,100,0,1,北日本
SHP-010678,W-07,FG-0069,2025-03-07,20,20,1,1,西日本
SHP-010679,W-17,FG-0042,2024-10-11,20,20,0,1,海外
SHP-010680,W-17,FG-0010,2024-07-04,50,50,1,1,海外
SHP-010681,W-17,FG-0072,2025-03-02,100,100,1,1,海外
SHP-010682,W-17,FG-0044,2024-12-27,10,10,1,1,東日本
SHP-010683,W-11,FG-0028,2024-03-24,10,10,1,1,北日本
SHP-010684,W-17,FG-0068,2026-02-10,50,50,1,1,東日本
SHP-010685,W-16,FG-0070,2024-09-11,20,20,1,1,西日本
SHP-010686,W-10,FG-0005,2025-03-15,100,100,1,1,北日本
SHP-010687,W-14,FG-0033,2025-03-07,10,10,1,1,東日本
SHP-010688,W-14,FG-0055,2025-07-03,10,10,1,1,東日本
SHP-010689,W-13,FG-0066,2025-12-20,100,100,1,1,海外
SHP-010690,W-22,FG-0016,2024-05-26,20,20,0,1,北日本
SHP-010691,W-19,FG-0025,2024-05-01,100,100,1,1,西日本
SHP-010692,W-18,FG-0036,2026-04-02,50,50,1,1,北日本
SHP-010693,W-05,FG-0065,2024-07-22,100,100,1,1,東日本
SHP-010694,W-02,FG-0076,2024-03-17,10,10,1,1,東日本
SHP-010695,W-14,FG-0044,2025-11-22,50,50,1,1,西日本
SHP-010696,W-18,FG-0015,2025-05-12,50,47,1,0,北日本
SHP-010697,W-04,FG-0024,2025-06-06,10,10,1,1,西日本
SHP-010698,W-13,FG-0080,2025-06-16,100,100,1,1,東日本
SHP-010699,W-04,FG-0067,2025-07-22,10,10,1,1,西日本
SHP-010700,W-04,FG-0025,2024-05-24,100,100,1,1,東日本
SHP-010701,W-10,FG-0049,2024-03-26,100,100,1,1,東日本
SHP-010702,W-05,FG-0024,2025-04-21,100,100,1,1,東日本
SHP-010703,W-13,FG-0032,2025-07-01,100,100,1,1,東日本
SHP-010704,W-12,FG-0078,2025-07-04,50,50,1,1,北日本
SHP-010705,W-08,FG-0007,2025-06-30,10,10,1,1,東日本
SHP-010706,W-20,FG-0027,2024-09-25,100,100,0,1,海外
SHP-010707,W-04,FG-0033,2024-05-17,10,10,0,1,東日本
SHP-010708,W-03,FG-0042,2024-03-04,50,50,0,1,東日本
SHP-010709,W-09,FG-0035,2024-08-23,50,50,0,1,東日本
SHP-010710,W-07,FG-0042,2024-12-06,100,100,1,1,東日本
SHP-010711,W-13,FG-0054,2025-02-27,10,10,1,1,東日本
SHP-010712,W-08,FG-0047,2025-09-28,10,7,1,0,海外
SHP-010713,W-18,FG-0049,2024-01-04,10,10,1,1,東日本
SHP-010714,W-04,FG-0050,2025-02-22,50,39,1,0,東日本
SHP-010715,W-18,FG-0031,2024-02-09,20,20,1,1,東日本
SHP-010716,W-01,FG-0009,2025-11-07,10,10,1,1,海外
SHP-010717,W-03,FG-0050,2025-07-20,100,100,1,1,西日本
SHP-010718,W-15,FG-0029,2024-02-07,20,20,1,1,東日本
SHP-010719,W-08,FG-0043,2025-07-25,10,10,1,1,海外
SHP-010720,W-15,FG-0032,2025-07-28,100,100,1,1,西日本
SHP-010721,W-08,FG-0046,2024-07-19,10,10,1,1,東日本
SHP-010722,W-24,FG-0022,2024-08-19,50,50,1,1,海外
SHP-010723,W-02,FG-0080,2025-03-03,10,10,1,1,海外
SHP-010724,W-02,FG-0006,2025-12-17,20,17,1,0,東日本
SHP-010725,W-17,FG-0038,2024-01-17,20,20,1,1,東日本
SHP-010726,W-06,FG-0041,2025-06-11,50,50,1,1,北日本
SHP-010727,W-04,FG-0001,2025-02-09,20,20,0,1,東日本
SHP-010728,W-12,FG-0008,2025-09-27,20,20,1,1,北日本
SHP-010729,W-02,FG-0057,2025-09-27,100,100,1,1,海外
SHP-010730,W-04,FG-0069,2026-04-08,100,100,1,1,海外
SHP-010731,W-19,FG-0007,2024-04-18,100,100,1,1,海外
SHP-010732,W-04,FG-0069,2025-05-24,20,20,1,1,海外
SHP-010733,W-09,FG-0029,2026-03-28,50,50,1,1,北日本
SHP-010734,W-05,FG-0079,2026-01-14,10,10,1,1,西日本
SHP-010735,W-23,FG-0034,2024-06-24,20,20,1,1,西日本
SHP-010736,W-06,FG-0010,2026-03-12,50,50,1,1,北日本
SHP-010737,W-24,FG-0009,2026-04-30,10,10,1,1,北日本
SHP-010738,W-07,FG-0052,2024-07-06,10,10,0,1,海外
SHP-010739,W-03,FG-0004,2024-06-11,20,20,1,1,北日本
SHP-010740,W-02,FG-0031,2025-04-20,20,20,1,1,海外
SHP-010741,W-16,FG-0043,2024-06-15,50,50,1,1,東日本
SHP-010742,W-17,FG-0058,2024-03-18,10,10,1,1,北日本
SHP-010743,W-14,FG-0009,2026-02-20,10,10,1,1,東日本
SHP-010744,W-19,FG-0042,2024-02-01,10,10,1,1,西日本
SHP-010745,W-19,FG-0063,2024-02-21,20,20,1,1,北日本
SHP-010746,W-22,FG-0008,2025-04-02,50,50,1,1,東日本
SHP-010747,W-14,FG-0014,2025-06-22,10,10,1,1,海外
SHP-010748,W-23,FG-0001,2026-02-09,20,20,1,1,東日本
SHP-010749,W-15,FG-0069,2024-05-13,10,10,1,1,海外
SHP-010750,W-17,FG-0065,2024-06-29,10,7,1,0,海外
SHP-010751,W-01,FG-0042,2025-04-25,10,10,1,1,海外
SHP-010752,W-16,FG-0016,2026-01-20,20,20,1,1,西日本
SHP-010753,W-24,FG-0052,2024-06-12,100,100,0,1,西日本
SHP-010754,W-12,FG-0064,2024-08-02,10,10,1,1,海外
SHP-010755,W-15,FG-0009,2025-07-20,10,10,1,1,北日本
SHP-010756,W-18,FG-0052,2025-03-28,50,50,1,1,西日本
SHP-010757,W-23,FG-0023,2024-07-23,10,10,1,1,海外
SHP-010758,W-03,FG-0051,2024-07-30,50,50,1,1,北日本
SHP-010759,W-23,FG-0067,2025-01-07,50,50,1,1,東日本
SHP-010760,W-07,FG-0047,2024-02-01,20,20,1,1,海外
SHP-010761,W-18,FG-0030,2024-06-18,20,20,0,1,北日本
SHP-010762,W-10,FG-0048,2024-09-07,10,10,1,1,西日本
SHP-010763,W-04,FG-0036,2025-01-10,10,10,1,1,東日本
SHP-010764,W-03,FG-0010,2025-08-31,100,100,0,1,西日本
SHP-010765,W-24,FG-0041,2025-05-04,10,10,1,1,北日本
SHP-010766,W-10,FG-0077,2025-08-23,20,20,1,1,海外
SHP-010767,W-20,FG-0062,2026-02-27,10,10,1,1,東日本
SHP-010768,W-04,FG-0029,2025-06-20,10,10,1,1,海外
SHP-010769,W-07,FG-0002,2024-09-11,100,100,1,1,北日本
SHP-010770,W-20,FG-0067,2026-04-15,20,20,1,1,北日本
SHP-010771,W-09,FG-0062,2025-08-23,20,20,1,1,北日本
SHP-010772,W-07,FG-0058,2025-09-03,50,50,1,1,海外
SHP-010773,W-24,FG-0019,2024-03-21,20,20,1,1,北日本
SHP-010774,W-12,FG-0026,2024-10-31,100,100,1,1,北日本
SHP-010775,W-16,FG-0025,2024-06-25,100,100,1,1,海外
SHP-010776,W-03,FG-0066,2024-12-26,10,10,1,1,海外
SHP-010777,W-02,FG-0067,2025-07-23,50,50,1,1,東日本
SHP-010778,W-14,FG-0031,2024-06-28,10,10,1,1,西日本
SHP-010779,W-07,FG-0041,2026-03-07,100,86,1,0,東日本
SHP-010780,W-11,FG-0005,2025-03-26,50,50,1,1,北日本
SHP-010781,W-21,FG-0063,2024-11-06,10,10,1,1,東日本
SHP-010782,W-08,FG-0018,2025-08-08,50,50,1,1,北日本
SHP-010783,W-24,FG-0029,2025-02-06,50,50,1,1,北日本
SHP-010784,W-20,FG-0037,2024-10-06,10,10,1,1,東日本
SHP-010785,W-02,FG-0034,2024-03-18,100,100,1,1,北日本
SHP-010786,W-07,FG-0076,2024-10-24,50,50,1,1,東日本
SHP-010787,W-16,FG-0064,2025-11-20,20,20,1,1,西日本
SHP-010788,W-15,FG-0078,2024-03-11,50,50,1,1,海外
SHP-010789,W-22,FG-0068,2025-03-11,10,10,1,1,西日本
SHP-010790,W-21,FG-0023,2026-04-26,10,10,1,1,北日本
SHP-010791,W-10,FG-0080,2024-07-22,10,10,1,1,西日本
SHP-010792,W-16,FG-0047,2024-07-05,100,100,1,1,北日本
SHP-010793,W-19,FG-0018,2025-01-26,100,100,1,1,海外
SHP-010794,W-09,FG-0073,2024-04-25,50,50,1,1,海外
SHP-010795,W-13,FG-0029,2025-04-02,10,10,1,1,北日本
SHP-010796,W-19,FG-0022,2024-06-10,50,50,1,1,東日本
SHP-010797,W-20,FG-0048,2024-04-28,10,10,1,1,海外
SHP-010798,W-10,FG-0025,2025-07-06,50,50,1,1,東日本
SHP-010799,W-08,FG-0017,2024-08-07,10,10,1,1,東日本
SHP-010800,W-10,FG-0033,2025-10-22,10,10,1,1,西日本
SHP-010801,W-21,FG-0024,2026-04-27,20,20,1,1,東日本
SHP-010802,W-06,FG-0062,2024-02-06,50,50,1,1,西日本
SHP-010803,W-14,FG-0015,2025-08-21,50,50,1,1,東日本
SHP-010804,W-09,FG-0056,2025-02-21,100,100,1,1,東日本
SHP-010805,W-04,FG-0034,2025-06-04,50,50,1,1,海外
SHP-010806,W-12,FG-0054,2026-04-24,10,6,1,0,海外
SHP-010807,W-12,FG-0035,2025-09-16,100,100,1,1,東日本
SHP-010808,W-21,FG-0025,2026-04-27,50,50,0,1,東日本
SHP-010809,W-02,FG-0068,2025-06-18,20,20,1,1,北日本
SHP-010810,W-15,FG-0018,2026-02-07,10,10,1,1,海外
SHP-010811,W-13,FG-0071,2024-05-18,50,50,0,1,海外
SHP-010812,W-19,FG-0018,2026-04-06,10,9,1,0,東日本
SHP-010813,W-22,FG-0060,2026-04-03,100,100,1,1,西日本
SHP-010814,W-02,FG-0017,2026-01-08,20,20,1,1,西日本
SHP-010815,W-17,FG-0033,2025-01-05,10,10,0,1,海外
SHP-010816,W-21,FG-0010,2025-11-18,10,10,1,1,北日本
SHP-010817,W-21,FG-0050,2025-10-15,50,50,1,1,海外
SHP-010818,W-01,FG-0053,2026-02-05,20,20,1,1,北日本
SHP-010819,W-11,FG-0047,2025-12-03,10,7,1,0,西日本
SHP-010820,W-04,FG-0009,2026-04-16,50,50,1,1,北日本
SHP-010821,W-21,FG-0007,2024-12-22,10,10,1,1,東日本
SHP-010822,W-20,FG-0054,2026-03-19,10,10,1,1,西日本
SHP-010823,W-11,FG-0064,2024-12-20,100,100,1,1,東日本
SHP-010824,W-17,FG-0049,2025-02-05,100,100,1,1,北日本
SHP-010825,W-09,FG-0077,2024-11-16,10,10,1,1,海外
SHP-010826,W-05,FG-0022,2025-01-24,100,90,1,0,西日本
SHP-010827,W-23,FG-0012,2024-03-20,50,50,1,1,海外
SHP-010828,W-23,FG-0058,2024-04-03,10,10,1,1,北日本
SHP-010829,W-14,FG-0067,2024-12-18,20,20,1,1,東日本
SHP-010830,W-13,FG-0036,2024-02-27,100,100,1,1,北日本
SHP-010831,W-12,FG-0053,2024-01-13,10,10,1,1,東日本
SHP-010832,W-11,FG-0048,2024-08-17,50,50,1,1,西日本
SHP-010833,W-05,FG-0049,2024-08-31,50,50,1,1,西日本
SHP-010834,W-14,FG-0071,2024-09-24,20,20,1,1,西日本
SHP-010835,W-02,FG-0005,2025-02-24,50,50,1,1,北日本
SHP-010836,W-04,FG-0041,2025-01-30,100,100,1,1,東日本
SHP-010837,W-04,FG-0012,2025-07-28,20,20,1,1,西日本
SHP-010838,W-03,FG-0022,2025-06-19,50,50,1,1,西日本
SHP-010839,W-22,FG-0003,2025-07-17,20,18,1,0,北日本
SHP-010840,W-08,FG-0018,2024-10-15,10,10,1,1,北日本
SHP-010841,W-12,FG-0005,2025-06-22,10,10,1,1,北日本
SHP-010842,W-16,FG-0021,2026-01-29,10,10,1,1,海外
SHP-010843,W-15,FG-0060,2024-04-26,10,10,1,1,西日本
SHP-010844,W-23,FG-0060,2024-09-02,50,50,1,1,東日本
SHP-010845,W-14,FG-0051,2025-03-17,50,50,1,1,西日本
SHP-010846,W-03,FG-0028,2024-10-01,100,100,1,1,東日本
SHP-010847,W-21,FG-0078,2026-04-05,100,100,0,1,東日本
SHP-010848,W-18,FG-0023,2026-03-03,50,50,1,1,東日本
SHP-010849,W-03,FG-0046,2024-09-06,50,50,0,1,海外
SHP-010850,W-16,FG-0012,2026-02-01,50,50,1,1,西日本
SHP-010851,W-24,FG-0033,2024-12-20,10,10,1,1,北日本
SHP-010852,W-09,FG-0077,2024-12-09,10,10,0,1,東日本
SHP-010853,W-03,FG-0071,2024-03-30,100,100,1,1,北日本
SHP-010854,W-07,FG-0031,2024-10-19,50,50,1,1,西日本
SHP-010855,W-07,FG-0062,2025-11-16,20,20,1,1,東日本
SHP-010856,W-08,FG-0077,2025-09-01,100,100,1,1,北日本
SHP-010857,W-20,FG-0018,2024-07-30,10,10,1,1,海外
SHP-010858,W-22,FG-0036,2024-12-01,100,100,1,1,東日本
SHP-010859,W-08,FG-0038,2026-04-25,10,10,1,1,東日本
SHP-010860,W-18,FG-0035,2024-03-20,100,100,1,1,海外
SHP-010861,W-09,FG-0066,2025-06-19,50,34,1,0,北日本
SHP-010862,W-05,FG-0001,2024-11-16,100,62,1,0,東日本
SHP-010863,W-05,FG-0031,2026-02-12,100,100,1,1,西日本
SHP-010864,W-24,FG-0043,2024-02-24,10,10,1,1,北日本
SHP-010865,W-09,FG-0073,2024-03-21,50,50,1,1,海外
SHP-010866,W-09,FG-0017,2025-04-16,20,20,0,1,北日本
SHP-010867,W-12,FG-0006,2026-04-16,50,50,1,1,西日本
SHP-010868,W-01,FG-0055,2025-06-21,50,50,0,1,東日本
SHP-010869,W-04,FG-0027,2025-04-24,20,20,1,1,東日本
SHP-010870,W-07,FG-0029,2026-01-18,50,50,0,1,西日本
SHP-010871,W-17,FG-0051,2025-02-02,20,17,1,0,東日本
SHP-010872,W-08,FG-0050,2024-07-30,100,100,1,1,海外
SHP-010873,W-19,FG-0031,2024-10-18,20,20,1,1,北日本
SHP-010874,W-12,FG-0062,2025-11-27,50,50,1,1,北日本
SHP-010875,W-01,FG-0066,2024-02-20,10,10,1,1,西日本
SHP-010876,W-03,FG-0056,2025-04-03,20,20,1,1,東日本
SHP-010877,W-20,FG-0029,2024-02-18,20,20,1,1,東日本
SHP-010878,W-10,FG-0043,2025-07-16,100,100,1,1,西日本
SHP-010879,W-01,FG-0067,2025-10-20,50,50,1,1,海外
SHP-010880,W-23,FG-0026,2024-03-03,10,10,1,1,西日本
SHP-010881,W-15,FG-0007,2024-04-02,10,10,1,1,西日本
SHP-010882,W-14,FG-0038,2025-04-17,20,20,1,1,西日本
SHP-010883,W-17,FG-0046,2026-04-14,10,10,1,1,東日本
SHP-010884,W-03,FG-0020,2024-03-17,10,10,1,1,東日本
SHP-010885,W-14,FG-0009,2026-03-15,20,20,1,1,北日本
SHP-010886,W-04,FG-0060,2025-09-17,100,100,1,1,西日本
SHP-010887,W-07,FG-0075,2025-12-22,50,50,1,1,海外
SHP-010888,W-01,FG-0080,2024-09-08,10,10,1,1,北日本
SHP-010889,W-16,FG-0072,2024-12-09,100,100,1,1,海外
SHP-010890,W-13,FG-0041,2024-08-30,100,100,1,1,海外
SHP-010891,W-17,FG-0077,2025-02-18,10,10,1,1,海外
SHP-010892,W-03,FG-0024,2024-08-29,10,10,1,1,西日本
SHP-010893,W-21,FG-0030,2025-08-01,10,10,1,1,西日本
SHP-010894,W-20,FG-0007,2024-06-10,100,100,1,1,海外
SHP-010895,W-13,FG-0036,2024-03-30,50,50,1,1,西日本
SHP-010896,W-14,FG-0037,2026-04-09,100,100,1,1,西日本
SHP-010897,W-08,FG-0055,2024-11-28,10,10,1,1,北日本
SHP-010898,W-22,FG-0077,2024-07-06,50,50,1,1,海外
SHP-010899,W-06,FG-0079,2025-10-31,50,50,1,1,東日本
SHP-010900,W-20,FG-0008,2026-02-25,50,50,1,1,東日本
SHP-010901,W-14,FG-0076,2025-12-11,10,10,1,1,北日本
SHP-010902,W-06,FG-0077,2024-03-19,10,10,1,1,海外
SHP-010903,W-01,FG-0017,2024-10-15,10,10,1,1,海外
SHP-010904,W-23,FG-0060,2026-01-17,20,20,1,1,北日本
SHP-010905,W-18,FG-0035,2026-01-07,100,100,1,1,北日本
SHP-010906,W-05,FG-0022,2026-04-06,20,20,1,1,東日本
SHP-010907,W-14,FG-0069,2025-12-19,20,20,1,1,西日本
SHP-010908,W-02,FG-0007,2025-05-15,100,100,1,1,西日本
SHP-010909,W-14,FG-0013,2025-08-16,10,10,1,1,北日本
SHP-010910,W-24,FG-0048,2024-01-14,20,20,1,1,東日本
SHP-010911,W-22,FG-0062,2025-10-29,50,50,1,1,西日本
SHP-010912,W-04,FG-0035,2024-12-28,50,50,1,1,西日本
SHP-010913,W-23,FG-0012,2026-02-15,100,100,1,1,海外
SHP-010914,W-14,FG-0054,2025-03-27,20,20,1,1,西日本
SHP-010915,W-21,FG-0055,2024-12-08,50,50,1,1,海外
SHP-010916,W-08,FG-0035,2025-06-21,10,10,1,1,海外
SHP-010917,W-11,FG-0068,2025-10-17,50,50,1,1,海外
SHP-010918,W-04,FG-0062,2024-09-20,10,10,1,1,東日本
SHP-010919,W-22,FG-0037,2025-09-23,50,50,1,1,東日本
SHP-010920,W-20,FG-0013,2025-06-18,100,100,1,1,西日本
SHP-010921,W-01,FG-0057,2025-07-19,100,100,0,1,西日本
SHP-010922,W-04,FG-0074,2024-12-30,20,20,1,1,海外
SHP-010923,W-24,FG-0012,2026-02-19,50,50,1,1,北日本
SHP-010924,W-11,FG-0038,2025-07-03,50,50,1,1,北日本
SHP-010925,W-15,FG-0018,2024-07-11,20,20,0,1,東日本
SHP-010926,W-17,FG-0076,2024-11-21,50,50,1,1,海外
SHP-010927,W-02,FG-0062,2024-01-27,20,20,1,1,西日本
SHP-010928,W-09,FG-0057,2025-12-26,50,50,1,1,東日本
SHP-010929,W-20,FG-0051,2024-09-23,10,10,1,1,東日本
SHP-010930,W-21,FG-0061,2025-08-27,10,10,1,1,東日本
SHP-010931,W-09,FG-0045,2024-10-15,50,50,1,1,西日本
SHP-010932,W-14,FG-0044,2024-09-28,10,10,1,1,西日本
SHP-010933,W-01,FG-0065,2024-10-23,100,100,0,1,海外
SHP-010934,W-03,FG-0024,2025-12-17,20,20,1,1,海外
SHP-010935,W-05,FG-0060,2025-12-29,100,100,1,1,北日本
SHP-010936,W-19,FG-0074,2024-08-05,10,10,1,1,海外
SHP-010937,W-12,FG-0075,2024-11-18,10,10,1,1,東日本
SHP-010938,W-07,FG-0034,2025-12-04,10,10,0,1,北日本
SHP-010939,W-05,FG-0010,2026-02-19,10,10,1,1,北日本
SHP-010940,W-20,FG-0010,2025-01-23,20,20,1,1,西日本
SHP-010941,W-03,FG-0008,2024-12-11,20,20,1,1,北日本
SHP-010942,W-04,FG-0023,2026-03-05,10,10,0,1,東日本
SHP-010943,W-24,FG-0014,2025-02-21,20,20,1,1,北日本
SHP-010944,W-09,FG-0050,2025-06-21,50,50,1,1,北日本
SHP-010945,W-01,FG-0032,2026-03-18,20,20,1,1,西日本
SHP-010946,W-06,FG-0061,2024-07-29,100,100,1,1,西日本
SHP-010947,W-02,FG-0066,2025-11-14,100,75,1,0,北日本
SHP-010948,W-12,FG-0080,2024-06-26,100,100,1,1,東日本
SHP-010949,W-24,FG-0075,2025-08-21,50,50,1,1,海外
SHP-010950,W-13,FG-0065,2026-01-10,10,10,1,1,北日本
SHP-010951,W-14,FG-0060,2025-08-30,50,50,1,1,海外
SHP-010952,W-21,FG-0044,2025-11-05,100,100,1,1,東日本
SHP-010953,W-13,FG-0009,2025-09-16,20,20,1,1,北日本
SHP-010954,W-05,FG-0008,2026-01-16,50,50,1,1,西日本
SHP-010955,W-22,FG-0016,2024-02-14,100,100,1,1,北日本
SHP-010956,W-11,FG-0008,2025-05-11,50,50,1,1,西日本
SHP-010957,W-01,FG-0069,2025-04-18,10,10,1,1,東日本
SHP-010958,W-13,FG-0035,2025-12-14,10,10,0,1,北日本
SHP-010959,W-02,FG-0039,2024-03-25,10,6,1,0,西日本
SHP-010960,W-21,FG-0016,2025-06-07,50,50,1,1,海外
SHP-010961,W-05,FG-0014,2025-04-02,100,100,1,1,北日本
SHP-010962,W-07,FG-0034,2026-02-16,100,100,1,1,東日本
SHP-010963,W-03,FG-0010,2026-01-20,20,20,1,1,北日本
SHP-010964,W-13,FG-0006,2024-09-27,100,100,1,1,北日本
SHP-010965,W-20,FG-0028,2024-05-28,20,20,1,1,東日本
SHP-010966,W-23,FG-0049,2024-01-05,100,100,1,1,西日本
SHP-010967,W-21,FG-0035,2025-05-18,10,10,1,1,東日本
SHP-010968,W-15,FG-0033,2024-10-01,50,50,1,1,北日本
SHP-010969,W-11,FG-0057,2025-06-05,20,12,1,0,東日本
SHP-010970,W-24,FG-0072,2024-07-24,10,10,1,1,西日本
SHP-010971,W-08,FG-0041,2025-02-07,10,10,1,1,東日本
SHP-010972,W-22,FG-0059,2024-10-08,100,100,1,1,海外
SHP-010973,W-20,FG-0074,2026-01-05,100,100,1,1,北日本
SHP-010974,W-16,FG-0073,2025-09-13,50,40,1,0,海外
SHP-010975,W-10,FG-0054,2025-06-06,10,10,1,1,西日本
SHP-010976,W-14,FG-0080,2024-08-01,50,50,1,1,西日本
SHP-010977,W-03,FG-0025,2024-08-30,50,50,1,1,北日本
SHP-010978,W-14,FG-0005,2024-12-16,100,100,1,1,海外
SHP-010979,W-07,FG-0017,2025-12-26,20,20,1,1,西日本
SHP-010980,W-13,FG-0006,2025-06-20,20,20,1,1,東日本
SHP-010981,W-20,FG-0073,2024-05-16,10,10,1,1,海外
SHP-010982,W-22,FG-0008,2026-04-29,10,10,1,1,海外
SHP-010983,W-18,FG-0044,2025-09-13,20,20,1,1,海外
SHP-010984,W-24,FG-0021,2024-05-13,100,100,1,1,西日本
SHP-010985,W-21,FG-0013,2026-03-29,100,100,1,1,東日本
SHP-010986,W-10,FG-0019,2026-02-09,50,50,1,1,西日本
SHP-010987,W-05,FG-0031,2025-11-03,50,50,1,1,北日本
SHP-010988,W-09,FG-0049,2025-04-09,10,10,1,1,北日本
SHP-010989,W-19,FG-0035,2025-04-01,20,20,1,1,北日本
SHP-010990,W-06,FG-0021,2026-02-02,20,20,0,1,西日本
SHP-010991,W-07,FG-0017,2025-02-13,100,62,1,0,西日本
SHP-010992,W-22,FG-0015,2024-09-13,20,20,1,1,西日本
SHP-010993,W-07,FG-0060,2025-08-31,10,10,1,1,海外
SHP-010994,W-22,FG-0052,2024-03-18,10,10,1,1,北日本
SHP-010995,W-05,FG-0009,2025-07-28,20,20,1,1,東日本
SHP-010996,W-12,FG-0022,2025-07-16,20,13,1,0,西日本
SHP-010997,W-09,FG-0005,2026-02-16,20,20,1,1,東日本
SHP-010998,W-11,FG-0065,2024-03-31,20,20,1,1,北日本
SHP-010999,W-10,FG-0004,2026-02-11,50,50,1,1,海外
SHP-011000,W-13,FG-0068,2024-10-03,100,100,1,1,西日本
SHP-011001,W-10,FG-0048,2025-05-10,50,50,1,1,海外
SHP-011002,W-01,FG-0038,2024-04-13,20,20,1,1,北日本
SHP-011003,W-06,FG-0034,2025-04-30,10,10,1,1,西日本
SHP-011004,W-21,FG-0064,2024-10-15,20,20,1,1,海外
SHP-011005,W-14,FG-0066,2026-03-30,10,10,1,1,東日本
SHP-011006,W-13,FG-0079,2024-03-10,50,50,0,1,西日本
SHP-011007,W-18,FG-0017,2025-08-08,100,100,1,1,東日本
SHP-011008,W-24,FG-0017,2024-08-11,20,20,1,1,北日本
SHP-011009,W-11,FG-0064,2026-04-24,100,100,1,1,西日本
SHP-011010,W-05,FG-0059,2026-04-21,50,50,1,1,東日本
SHP-011011,W-05,FG-0012,2025-10-05,10,7,1,0,西日本
SHP-011012,W-19,FG-0007,2024-11-03,20,20,1,1,北日本
SHP-011013,W-06,FG-0007,2026-02-15,100,74,1,0,西日本
SHP-011014,W-02,FG-0068,2024-05-06,100,100,1,1,海外
SHP-011015,W-19,FG-0060,2025-07-05,100,100,1,1,東日本
SHP-011016,W-08,FG-0050,2025-09-13,50,46,1,0,西日本
SHP-011017,W-07,FG-0026,2026-04-14,20,20,0,1,海外
SHP-011018,W-08,FG-0052,2025-08-25,50,50,0,1,東日本
SHP-011019,W-06,FG-0044,2025-08-04,100,100,1,1,北日本
SHP-011020,W-15,FG-0014,2024-12-09,100,100,1,1,北日本
SHP-011021,W-07,FG-0005,2025-12-19,50,50,1,1,北日本
SHP-011022,W-20,FG-0068,2024-12-18,100,100,1,1,北日本
SHP-011023,W-05,FG-0049,2026-03-01,20,20,1,1,海外
SHP-011024,W-04,FG-0028,2025-04-17,50,50,1,1,海外
SHP-011025,W-13,FG-0029,2024-04-10,10,10,1,1,東日本
SHP-011026,W-07,FG-0012,2024-01-17,50,46,1,0,西日本
SHP-011027,W-03,FG-0008,2024-02-29,20,20,1,1,北日本
SHP-011028,W-08,FG-0065,2025-08-12,100,100,1,1,西日本
SHP-011029,W-07,FG-0002,2024-01-09,10,10,1,1,東日本
SHP-011030,W-02,FG-0078,2025-05-03,50,50,1,1,海外
SHP-011031,W-21,FG-0020,2026-01-09,50,50,0,1,西日本
SHP-011032,W-10,FG-0040,2025-01-04,100,100,1,1,北日本
SHP-011033,W-11,FG-0021,2025-07-31,100,100,0,1,東日本
SHP-011034,W-23,FG-0065,2024-04-04,50,50,1,1,東日本
SHP-011035,W-20,FG-0041,2024-04-08,10,10,1,1,東日本
SHP-011036,W-04,FG-0001,2025-12-12,10,10,1,1,東日本
SHP-011037,W-06,FG-0036,2025-08-08,100,100,1,1,北日本
SHP-011038,W-09,FG-0004,2026-01-28,10,10,1,1,海外
SHP-011039,W-03,FG-0070,2025-07-01,10,10,1,1,北日本
SHP-011040,W-19,FG-0018,2026-03-01,10,10,1,1,東日本
SHP-011041,W-20,FG-0046,2025-06-06,10,10,1,1,東日本
SHP-011042,W-07,FG-0008,2025-01-23,50,50,1,1,東日本
SHP-011043,W-01,FG-0025,2025-01-31,10,10,1,1,西日本
SHP-011044,W-14,FG-0072,2024-11-02,100,63,1,0,海外
SHP-011045,W-04,FG-0050,2026-03-09,20,20,1,1,海外
SHP-011046,W-13,FG-0002,2025-05-28,50,50,1,1,海外
SHP-011047,W-19,FG-0032,2025-03-27,50,50,1,1,北日本
SHP-011048,W-01,FG-0069,2025-03-11,100,100,1,1,海外
SHP-011049,W-03,FG-0073,2026-04-13,20,20,1,1,北日本
SHP-011050,W-24,FG-0026,2024-06-16,20,20,1,1,北日本
SHP-011051,W-06,FG-0007,2024-09-16,50,50,0,1,北日本
SHP-011052,W-15,FG-0052,2024-03-31,50,50,1,1,海外
SHP-011053,W-22,FG-0026,2025-09-22,20,20,1,1,海外
SHP-011054,W-21,FG-0009,2026-01-10,10,10,1,1,北日本
SHP-011055,W-13,FG-0039,2024-12-06,10,10,1,1,西日本
SHP-011056,W-20,FG-0001,2024-07-18,10,10,1,1,北日本
SHP-011057,W-06,FG-0021,2024-11-03,10,8,1,0,西日本
SHP-011058,W-02,FG-0037,2025-02-26,10,10,0,1,東日本
SHP-011059,W-03,FG-0021,2024-03-07,20,20,1,1,西日本
SHP-011060,W-03,FG-0037,2026-03-19,10,10,1,1,海外
SHP-011061,W-24,FG-0019,2025-12-20,20,20,1,1,東日本
SHP-011062,W-01,FG-0029,2024-01-31,10,10,1,1,東日本
SHP-011063,W-07,FG-0008,2025-09-11,20,20,1,1,西日本
SHP-011064,W-21,FG-0020,2024-03-28,10,10,1,1,東日本
SHP-011065,W-11,FG-0029,2026-04-18,10,10,0,1,北日本
SHP-011066,W-03,FG-0039,2026-04-05,50,50,1,1,北日本
SHP-011067,W-11,FG-0042,2024-11-21,10,10,0,1,北日本
SHP-011068,W-05,FG-0041,2025-12-25,10,10,1,1,西日本
SHP-011069,W-21,FG-0064,2025-09-24,100,100,1,1,西日本
SHP-011070,W-07,FG-0001,2024-01-26,20,20,1,1,西日本
SHP-011071,W-09,FG-0029,2025-04-26,10,10,1,1,北日本
SHP-011072,W-13,FG-0067,2025-05-22,10,10,1,1,西日本
SHP-011073,W-17,FG-0004,2024-01-23,50,50,1,1,北日本
SHP-011074,W-09,FG-0005,2026-04-04,100,88,1,0,北日本
SHP-011075,W-24,FG-0038,2025-03-16,20,20,1,1,海外
SHP-011076,W-12,FG-0016,2024-06-06,10,10,1,1,海外
SHP-011077,W-08,FG-0075,2026-03-21,20,20,1,1,海外
SHP-011078,W-03,FG-0040,2024-02-08,100,63,1,0,東日本
SHP-011079,W-23,FG-0011,2025-08-12,100,100,0,1,東日本
SHP-011080,W-08,FG-0035,2024-01-05,50,50,1,1,東日本
SHP-011081,W-06,FG-0074,2025-05-27,20,20,1,1,海外
SHP-011082,W-07,FG-0064,2025-01-08,100,100,1,1,海外
SHP-011083,W-18,FG-0016,2025-03-11,10,10,0,1,東日本
SHP-011084,W-12,FG-0053,2024-06-16,10,10,1,1,海外
SHP-011085,W-09,FG-0061,2025-01-01,100,100,1,1,海外
SHP-011086,W-16,FG-0077,2024-11-14,50,50,1,1,東日本
SHP-011087,W-07,FG-0002,2024-09-09,20,13,1,0,東日本
SHP-011088,W-03,FG-0077,2025-03-14,100,100,1,1,北日本
SHP-011089,W-05,FG-0060,2025-11-06,50,50,1,1,西日本
SHP-011090,W-12,FG-0038,2024-06-02,100,80,1,0,東日本
SHP-011091,W-18,FG-0003,2024-02-02,20,20,1,1,西日本
SHP-011092,W-22,FG-0046,2025-11-04,20,20,1,1,北日本
SHP-011093,W-15,FG-0059,2026-02-11,100,100,1,1,海外
SHP-011094,W-18,FG-0014,2025-06-11,20,20,1,1,西日本
SHP-011095,W-22,FG-0005,2024-10-24,10,10,1,1,東日本
SHP-011096,W-12,FG-0060,2024-07-25,50,50,1,1,海外
SHP-011097,W-22,FG-0029,2026-01-11,10,10,1,1,西日本
SHP-011098,W-20,FG-0075,2024-09-25,10,10,1,1,海外
SHP-011099,W-12,FG-0054,2024-01-11,100,100,1,1,北日本
SHP-011100,W-06,FG-0045,2024-11-19,50,50,1,1,北日本
SHP-011101,W-09,FG-0063,2025-10-14,20,20,1,1,東日本
SHP-011102,W-07,FG-0030,2025-04-24,10,10,1,1,海外
SHP-011103,W-13,FG-0062,2024-04-05,50,50,0,1,北日本
SHP-011104,W-23,FG-0059,2024-11-25,10,10,1,1,海外
SHP-011105,W-07,FG-0018,2025-10-11,10,10,1,1,東日本
SHP-011106,W-04,FG-0079,2025-07-04,20,20,1,1,西日本
SHP-011107,W-10,FG-0073,2025-05-09,50,50,0,1,西日本
SHP-011108,W-10,FG-0062,2024-06-13,100,100,1,1,北日本
SHP-011109,W-16,FG-0043,2025-04-04,50,50,1,1,西日本
SHP-011110,W-04,FG-0075,2025-07-01,100,100,1,1,北日本
SHP-011111,W-13,FG-0076,2025-04-19,50,50,1,1,海外
SHP-011112,W-06,FG-0052,2025-07-13,100,100,1,1,西日本
SHP-011113,W-09,FG-0056,2024-04-06,10,10,1,1,海外
SHP-011114,W-05,FG-0024,2024-04-21,50,50,1,1,北日本
SHP-011115,W-18,FG-0059,2025-09-18,20,20,0,1,東日本
SHP-011116,W-10,FG-0011,2024-10-30,50,50,1,1,東日本
SHP-011117,W-09,FG-0077,2026-02-15,100,100,1,1,西日本
SHP-011118,W-21,FG-0017,2024-02-23,10,10,1,1,西日本
SHP-011119,W-15,FG-0046,2025-06-22,20,20,1,1,海外
SHP-011120,W-04,FG-0071,2025-01-12,10,10,1,1,海外
SHP-011121,W-01,FG-0022,2024-03-16,10,10,1,1,海外
SHP-011122,W-02,FG-0055,2024-08-23,100,100,1,1,北日本
SHP-011123,W-11,FG-0037,2025-12-01,20,17,1,0,東日本
SHP-011124,W-03,FG-0027,2024-07-26,100,100,1,1,海外
SHP-011125,W-16,FG-0045,2025-03-24,20,15,1,0,海外
SHP-011126,W-14,FG-0022,2025-04-15,20,20,1,1,北日本
SHP-011127,W-08,FG-0007,2024-07-19,20,20,1,1,海外
SHP-011128,W-03,FG-0070,2026-02-24,100,100,0,1,西日本
SHP-011129,W-04,FG-0045,2024-11-26,100,100,1,1,西日本
SHP-011130,W-21,FG-0068,2025-12-20,20,20,1,1,西日本
SHP-011131,W-01,FG-0033,2025-02-20,20,20,1,1,海外
SHP-011132,W-22,FG-0015,2026-04-18,100,100,1,1,西日本
SHP-011133,W-17,FG-0018,2025-11-02,100,100,1,1,西日本
SHP-011134,W-08,FG-0010,2024-04-29,20,16,1,0,海外
SHP-011135,W-07,FG-0067,2025-03-23,50,50,1,1,東日本
SHP-011136,W-06,FG-0010,2024-12-18,100,100,1,1,北日本
SHP-011137,W-02,FG-0001,2024-05-28,50,33,1,0,西日本
SHP-011138,W-15,FG-0053,2024-05-15,100,100,1,1,西日本
SHP-011139,W-06,FG-0007,2025-04-04,100,100,0,1,西日本
SHP-011140,W-24,FG-0033,2025-11-26,100,100,1,1,東日本
SHP-011141,W-20,FG-0073,2025-01-04,50,50,1,1,東日本
SHP-011142,W-16,FG-0039,2024-05-13,50,50,1,1,海外
SHP-011143,W-07,FG-0012,2024-02-14,100,100,1,1,海外
SHP-011144,W-05,FG-0056,2025-06-09,20,20,1,1,西日本
SHP-011145,W-02,FG-0025,2024-10-28,50,50,1,1,海外
SHP-011146,W-11,FG-0008,2025-06-26,100,74,1,0,東日本
SHP-011147,W-02,FG-0055,2024-08-24,50,50,0,1,西日本
SHP-011148,W-08,FG-0040,2025-11-07,50,50,1,1,西日本
SHP-011149,W-17,FG-0008,2025-12-10,20,20,0,1,海外
SHP-011150,W-06,FG-0002,2025-06-17,100,100,1,1,海外
SHP-011151,W-15,FG-0040,2024-09-13,100,100,1,1,海外
SHP-011152,W-01,FG-0027,2024-02-08,100,100,0,1,北日本
SHP-011153,W-24,FG-0072,2025-12-25,20,20,0,1,北日本
SHP-011154,W-13,FG-0068,2024-04-22,10,10,1,1,東日本
SHP-011155,W-10,FG-0049,2025-07-09,10,10,0,1,北日本
SHP-011156,W-07,FG-0037,2026-01-01,10,10,1,1,北日本
SHP-011157,W-11,FG-0033,2025-05-08,20,20,1,1,西日本
SHP-011158,W-06,FG-0070,2026-01-16,100,100,1,1,北日本
SHP-011159,W-03,FG-0025,2025-06-04,10,10,1,1,東日本
SHP-011160,W-20,FG-0046,2025-04-12,100,100,1,1,北日本
SHP-011161,W-07,FG-0070,2025-08-27,20,20,1,1,北日本
SHP-011162,W-12,FG-0074,2025-03-07,10,10,1,1,東日本
SHP-011163,W-08,FG-0064,2024-06-28,100,100,1,1,海外
SHP-011164,W-08,FG-0049,2024-07-06,20,20,1,1,北日本
SHP-011165,W-17,FG-0072,2025-01-23,50,50,1,1,東日本
SHP-011166,W-19,FG-0006,2024-03-20,10,10,1,1,西日本
SHP-011167,W-14,FG-0005,2025-04-19,100,100,1,1,北日本
SHP-011168,W-21,FG-0078,2024-10-31,100,100,1,1,西日本
SHP-011169,W-02,FG-0011,2025-01-15,10,10,1,1,東日本
SHP-011170,W-23,FG-0067,2024-03-24,10,10,1,1,北日本
SHP-011171,W-17,FG-0020,2024-11-13,100,88,1,0,東日本
SHP-011172,W-14,FG-0043,2025-08-08,100,100,1,1,海外
SHP-011173,W-22,FG-0070,2026-02-01,20,20,1,1,西日本
SHP-011174,W-05,FG-0056,2024-05-25,100,100,1,1,西日本
SHP-011175,W-23,FG-0058,2025-10-26,10,10,1,1,西日本
SHP-011176,W-16,FG-0022,2024-08-10,50,50,1,1,西日本
SHP-011177,W-10,FG-0030,2026-03-10,10,10,1,1,北日本
SHP-011178,W-11,FG-0044,2025-05-03,10,10,1,1,西日本
SHP-011179,W-08,FG-0042,2025-06-25,20,20,1,1,西日本
SHP-011180,W-17,FG-0068,2025-01-29,50,31,1,0,海外
SHP-011181,W-03,FG-0054,2026-03-29,100,100,1,1,北日本
SHP-011182,W-11,FG-0034,2024-07-11,10,10,1,1,海外
SHP-011183,W-10,FG-0030,2025-04-04,10,10,1,1,海外
SHP-011184,W-01,FG-0001,2024-11-13,100,100,1,1,北日本
SHP-011185,W-07,FG-0003,2024-08-28,50,50,1,1,西日本
SHP-011186,W-24,FG-0012,2025-02-03,10,10,1,1,西日本
SHP-011187,W-23,FG-0053,2025-01-06,20,20,1,1,東日本
SHP-011188,W-21,FG-0003,2025-01-23,10,9,1,0,西日本
SHP-011189,W-09,FG-0015,2025-09-17,10,10,1,1,東日本
SHP-011190,W-01,FG-0018,2025-06-07,100,85,1,0,北日本
SHP-011191,W-08,FG-0005,2025-11-21,20,20,1,1,西日本
SHP-011192,W-10,FG-0051,2025-02-19,50,50,1,1,西日本
SHP-011193,W-04,FG-0073,2025-09-27,100,100,1,1,海外
SHP-011194,W-02,FG-0075,2025-08-04,10,10,1,1,東日本
SHP-011195,W-05,FG-0018,2025-01-25,50,50,1,1,北日本
SHP-011196,W-23,FG-0054,2025-12-21,10,10,1,1,北日本
SHP-011197,W-24,FG-0052,2025-11-27,50,50,1,1,東日本
SHP-011198,W-02,FG-0009,2024-06-15,10,10,0,1,西日本
SHP-011199,W-23,FG-0034,2025-01-09,100,100,0,1,海外
SHP-011200,W-23,FG-0059,2024-09-27,10,10,1,1,海外
SHP-011201,W-07,FG-0044,2025-12-29,10,10,1,1,海外
SHP-011202,W-13,FG-0035,2024-07-13,100,100,1,1,海外
SHP-011203,W-19,FG-0067,2024-01-19,10,10,1,1,西日本
SHP-011204,W-05,FG-0057,2025-02-02,100,100,1,1,海外
SHP-011205,W-23,FG-0029,2024-04-30,20,17,1,0,西日本
SHP-011206,W-14,FG-0023,2024-03-19,20,14,1,0,東日本
SHP-011207,W-24,FG-0051,2024-03-29,20,20,0,1,海外
SHP-011208,W-15,FG-0068,2025-10-20,20,15,1,0,東日本
SHP-011209,W-08,FG-0017,2024-11-07,10,10,1,1,東日本
SHP-011210,W-17,FG-0063,2024-11-26,20,20,1,1,西日本
SHP-011211,W-21,FG-0077,2025-11-03,20,20,1,1,東日本
SHP-011212,W-21,FG-0034,2025-09-08,10,10,1,1,西日本
SHP-011213,W-03,FG-0055,2025-01-14,50,50,1,1,北日本
SHP-011214,W-04,FG-0020,2024-07-12,10,7,1,0,北日本
SHP-011215,W-17,FG-0001,2026-03-18,100,100,1,1,西日本
SHP-011216,W-17,FG-0013,2025-08-26,10,10,0,1,東日本
SHP-011217,W-14,FG-0077,2025-03-17,20,20,1,1,北日本
SHP-011218,W-23,FG-0020,2024-11-12,20,20,1,1,東日本
SHP-011219,W-22,FG-0034,2025-05-15,100,100,1,1,東日本
SHP-011220,W-24,FG-0072,2024-06-11,50,50,1,1,海外
SHP-011221,W-10,FG-0060,2024-09-16,10,7,1,0,海外
SHP-011222,W-24,FG-0062,2024-08-15,50,50,1,1,東日本
SHP-011223,W-06,FG-0041,2024-04-27,50,50,0,1,東日本
SHP-011224,W-20,FG-0044,2025-10-02,20,20,1,1,海外
SHP-011225,W-21,FG-0035,2025-05-05,10,10,1,1,東日本
SHP-011226,W-11,FG-0018,2024-09-29,20,20,1,1,北日本
SHP-011227,W-18,FG-0077,2025-06-14,20,20,0,1,西日本
SHP-011228,W-17,FG-0033,2026-03-11,10,10,1,1,西日本
SHP-011229,W-15,FG-0065,2025-08-08,20,20,1,1,西日本
SHP-011230,W-11,FG-0080,2024-12-04,10,10,1,1,東日本
SHP-011231,W-20,FG-0075,2025-01-21,50,50,1,1,東日本
SHP-011232,W-06,FG-0018,2025-05-22,10,10,0,1,東日本
SHP-011233,W-24,FG-0025,2026-04-17,10,10,1,1,東日本
SHP-011234,W-06,FG-0063,2025-01-29,10,7,1,0,海外
SHP-011235,W-24,FG-0027,2024-07-30,10,10,1,1,北日本
SHP-011236,W-07,FG-0034,2025-11-14,10,10,1,1,西日本
SHP-011237,W-15,FG-0015,2025-11-16,100,100,1,1,海外
SHP-011238,W-09,FG-0044,2025-01-14,20,20,1,1,東日本
SHP-011239,W-12,FG-0025,2024-12-26,20,20,1,1,西日本
SHP-011240,W-20,FG-0035,2024-12-13,10,10,1,1,東日本
SHP-011241,W-19,FG-0070,2024-11-05,10,10,1,1,海外
SHP-011242,W-09,FG-0058,2024-02-05,10,10,1,1,海外
SHP-011243,W-10,FG-0011,2025-02-22,100,100,0,1,東日本
SHP-011244,W-02,FG-0068,2024-12-17,20,20,1,1,西日本
SHP-011245,W-17,FG-0018,2024-11-16,10,10,1,1,東日本
SHP-011246,W-11,FG-0037,2025-09-22,10,10,1,1,東日本
SHP-011247,W-09,FG-0066,2024-01-04,10,10,1,1,北日本
SHP-011248,W-08,FG-0045,2024-02-23,100,100,1,1,北日本
SHP-011249,W-01,FG-0068,2024-02-18,100,100,0,1,海外
SHP-011250,W-18,FG-0007,2024-09-06,50,50,1,1,海外
SHP-011251,W-21,FG-0058,2025-04-09,50,50,1,1,西日本
SHP-011252,W-23,FG-0011,2025-08-08,20,20,0,1,西日本
SHP-011253,W-18,FG-0068,2024-02-11,100,100,1,1,西日本
SHP-011254,W-14,FG-0029,2024-12-03,100,100,1,1,北日本
SHP-011255,W-18,FG-0057,2026-01-05,100,100,1,1,北日本
SHP-011256,W-06,FG-0080,2024-05-21,50,50,1,1,海外
SHP-011257,W-05,FG-0049,2024-05-28,20,20,1,1,海外
SHP-011258,W-03,FG-0076,2025-04-18,20,20,0,1,東日本
SHP-011259,W-06,FG-0030,2025-08-26,20,20,1,1,東日本
SHP-011260,W-01,FG-0029,2025-11-30,50,50,1,1,東日本
SHP-011261,W-06,FG-0014,2024-07-19,50,50,1,1,北日本
SHP-011262,W-03,FG-0001,2024-02-24,50,45,1,0,海外
SHP-011263,W-03,FG-0052,2024-04-09,10,10,1,1,海外
SHP-011264,W-02,FG-0008,2025-06-07,50,50,1,1,北日本
SHP-011265,W-10,FG-0045,2025-03-13,50,50,0,1,海外
SHP-011266,W-23,FG-0038,2025-04-03,20,20,1,1,東日本
SHP-011267,W-03,FG-0018,2024-08-03,10,10,1,1,東日本
SHP-011268,W-05,FG-0020,2024-09-21,10,10,1,1,海外
SHP-011269,W-06,FG-0023,2025-07-12,10,10,1,1,西日本
SHP-011270,W-20,FG-0001,2024-05-13,100,100,0,1,海外
SHP-011271,W-01,FG-0034,2025-07-12,50,50,0,1,海外
SHP-011272,W-13,FG-0029,2024-03-21,20,20,1,1,海外
SHP-011273,W-02,FG-0075,2026-01-23,50,50,1,1,西日本
SHP-011274,W-18,FG-0006,2026-01-04,50,50,1,1,西日本
SHP-011275,W-04,FG-0028,2024-09-29,10,10,0,1,海外
SHP-011276,W-14,FG-0007,2026-01-23,100,100,1,1,北日本
SHP-011277,W-18,FG-0036,2025-05-22,100,100,1,1,海外
SHP-011278,W-11,FG-0055,2025-04-29,100,64,1,0,東日本
SHP-011279,W-13,FG-0004,2024-03-06,50,50,0,1,東日本
SHP-011280,W-16,FG-0002,2024-06-16,20,20,1,1,北日本
SHP-011281,W-17,FG-0055,2025-05-24,20,20,1,1,西日本
SHP-011282,W-19,FG-0069,2025-11-22,100,100,1,1,西日本
SHP-011283,W-17,FG-0056,2026-01-29,100,100,1,1,北日本
SHP-011284,W-09,FG-0024,2024-11-06,50,50,1,1,東日本
SHP-011285,W-11,FG-0001,2025-08-01,20,20,1,1,北日本
SHP-011286,W-16,FG-0017,2025-09-13,20,20,0,1,東日本
SHP-011287,W-19,FG-0011,2024-02-13,20,20,0,1,西日本
SHP-011288,W-03,FG-0051,2024-09-11,100,84,1,0,西日本
SHP-011289,W-01,FG-0003,2025-08-25,10,10,1,1,西日本
SHP-011290,W-15,FG-0004,2025-12-16,50,50,1,1,海外
SHP-011291,W-02,FG-0016,2025-07-24,50,50,1,1,海外
SHP-011292,W-13,FG-0035,2024-12-16,10,10,1,1,北日本
SHP-011293,W-01,FG-0044,2024-05-05,10,10,0,1,北日本
SHP-011294,W-10,FG-0028,2024-11-05,50,50,0,1,西日本
SHP-011295,W-13,FG-0078,2026-02-28,10,10,1,1,東日本
SHP-011296,W-19,FG-0063,2024-11-26,50,36,1,0,東日本
SHP-011297,W-02,FG-0060,2024-06-03,50,50,1,1,北日本
SHP-011298,W-21,FG-0068,2024-05-08,20,20,1,1,東日本
SHP-011299,W-14,FG-0075,2024-08-20,20,20,1,1,西日本
SHP-011300,W-01,FG-0033,2024-08-13,50,50,1,1,海外
SHP-011301,W-02,FG-0043,2026-04-04,50,35,1,0,海外
SHP-011302,W-12,FG-0018,2024-11-06,10,10,1,1,西日本
SHP-011303,W-19,FG-0004,2025-05-22,100,100,1,1,東日本
SHP-011304,W-24,FG-0053,2024-03-20,100,100,1,1,西日本
SHP-011305,W-09,FG-0050,2024-01-21,20,20,1,1,海外
SHP-011306,W-07,FG-0003,2024-11-17,50,35,1,0,西日本
SHP-011307,W-06,FG-0015,2025-07-14,50,50,1,1,西日本
SHP-011308,W-16,FG-0010,2025-03-03,20,20,0,1,北日本
SHP-011309,W-01,FG-0022,2024-09-23,10,10,1,1,北日本
SHP-011310,W-22,FG-0014,2024-06-28,50,50,1,1,海外
SHP-011311,W-24,FG-0043,2024-11-12,100,100,1,1,東日本
SHP-011312,W-21,FG-0065,2026-02-04,100,100,1,1,海外
SHP-011313,W-09,FG-0060,2025-07-02,10,10,1,1,北日本
SHP-011314,W-07,FG-0064,2025-11-10,100,63,1,0,東日本
SHP-011315,W-03,FG-0018,2024-10-07,20,20,1,1,北日本
SHP-011316,W-20,FG-0078,2025-07-11,50,50,1,1,海外
SHP-011317,W-17,FG-0068,2025-12-22,50,50,1,1,西日本
SHP-011318,W-14,FG-0053,2024-05-07,10,10,0,1,海外
SHP-011319,W-18,FG-0028,2025-11-16,50,50,1,1,西日本
SHP-011320,W-17,FG-0076,2024-09-15,100,100,1,1,北日本
SHP-011321,W-08,FG-0007,2024-11-16,100,100,1,1,北日本
SHP-011322,W-20,FG-0030,2026-01-27,100,100,1,1,東日本
SHP-011323,W-21,FG-0065,2025-03-18,50,50,1,1,西日本
SHP-011324,W-12,FG-0012,2024-06-25,50,50,1,1,東日本
SHP-011325,W-09,FG-0021,2025-10-06,20,18,1,0,西日本
SHP-011326,W-13,FG-0066,2024-12-22,100,100,1,1,西日本
SHP-011327,W-17,FG-0073,2025-08-30,10,10,1,1,東日本
SHP-011328,W-02,FG-0064,2025-07-05,20,20,0,1,海外
SHP-011329,W-18,FG-0040,2026-02-16,100,100,1,1,北日本
SHP-011330,W-19,FG-0016,2024-05-21,20,20,1,1,北日本
SHP-011331,W-07,FG-0010,2024-10-06,50,50,1,1,東日本
SHP-011332,W-01,FG-0051,2025-03-04,100,100,1,1,西日本
SHP-011333,W-14,FG-0047,2025-06-01,100,100,1,1,東日本
SHP-011334,W-12,FG-0025,2026-04-08,100,100,1,1,海外
SHP-011335,W-06,FG-0056,2025-08-12,20,20,0,1,東日本
SHP-011336,W-15,FG-0032,2024-09-18,50,50,1,1,西日本
SHP-011337,W-03,FG-0064,2025-12-08,100,100,1,1,海外
SHP-011338,W-07,FG-0068,2024-02-11,50,50,1,1,海外
SHP-011339,W-16,FG-0006,2024-02-27,10,10,0,1,西日本
SHP-011340,W-03,FG-0024,2025-06-12,10,10,1,1,北日本
SHP-011341,W-01,FG-0039,2025-03-10,20,20,1,1,海外
SHP-011342,W-01,FG-0075,2024-06-29,100,100,1,1,東日本
SHP-011343,W-18,FG-0029,2026-02-16,10,10,1,1,東日本
SHP-011344,W-20,FG-0003,2026-01-21,20,20,1,1,海外
SHP-011345,W-02,FG-0023,2025-01-21,20,20,1,1,東日本
SHP-011346,W-15,FG-0023,2025-01-31,20,20,0,1,海外
SHP-011347,W-22,FG-0056,2024-01-23,100,100,0,1,東日本
SHP-011348,W-02,FG-0008,2024-08-17,20,20,1,1,東日本
SHP-011349,W-13,FG-0017,2024-03-21,20,20,0,1,海外
SHP-011350,W-01,FG-0023,2024-09-07,100,100,1,1,西日本
SHP-011351,W-22,FG-0080,2025-04-29,10,10,1,1,東日本
SHP-011352,W-20,FG-0025,2025-12-14,100,100,1,1,西日本
SHP-011353,W-13,FG-0008,2024-05-11,10,10,1,1,北日本
SHP-011354,W-22,FG-0016,2025-02-26,50,50,1,1,西日本
SHP-011355,W-11,FG-0041,2024-02-15,50,50,1,1,海外
SHP-011356,W-06,FG-0047,2025-09-18,10,10,1,1,北日本
SHP-011357,W-15,FG-0005,2024-05-07,10,10,1,1,西日本
SHP-011358,W-24,FG-0027,2025-05-21,100,100,1,1,海外
SHP-011359,W-19,FG-0004,2024-05-16,10,10,0,1,海外
SHP-011360,W-14,FG-0068,2024-10-21,50,50,1,1,東日本
SHP-011361,W-08,FG-0035,2025-12-04,100,100,1,1,北日本
SHP-011362,W-15,FG-0071,2025-08-27,20,20,0,1,海外
SHP-011363,W-22,FG-0021,2026-04-03,50,50,0,1,東日本
SHP-011364,W-10,FG-0062,2025-01-29,100,100,1,1,西日本
SHP-011365,W-03,FG-0061,2026-04-25,20,20,0,1,北日本
SHP-011366,W-05,FG-0001,2024-01-23,50,50,1,1,北日本
SHP-011367,W-06,FG-0067,2024-04-18,50,50,1,1,東日本
SHP-011368,W-08,FG-0075,2024-11-22,20,15,1,0,東日本
SHP-011369,W-19,FG-0028,2024-06-13,10,10,1,1,海外
SHP-011370,W-17,FG-0017,2024-01-31,100,100,1,1,海外
SHP-011371,W-13,FG-0068,2024-06-22,100,100,0,1,北日本
SHP-011372,W-20,FG-0001,2024-02-04,50,50,1,1,東日本
SHP-011373,W-14,FG-0005,2025-07-15,10,10,1,1,北日本
SHP-011374,W-06,FG-0059,2024-09-28,20,20,0,1,北日本
SHP-011375,W-06,FG-0062,2024-12-10,100,100,1,1,東日本
SHP-013126,W-20,FG-0070,2025-04-30,50,50,0,1,北日本
SHP-013127,W-10,FG-0055,2026-02-08,20,20,1,1,海外
SHP-013128,W-02,FG-0076,2024-06-21,10,10,1,1,東日本
SHP-013129,W-17,FG-0007,2024-06-29,50,50,0,1,西日本
SHP-013130,W-15,FG-0004,2026-01-11,10,10,1,1,東日本
SHP-013131,W-19,FG-0010,2025-09-20,50,50,1,1,西日本
SHP-013132,W-21,FG-0021,2025-01-10,50,50,1,1,西日本
SHP-013133,W-17,FG-0038,2025-05-19,50,50,1,1,北日本
SHP-013134,W-07,FG-0063,2024-10-11,50,50,1,1,海外
SHP-013135,W-13,FG-0070,2024-08-22,20,20,1,1,北日本
SHP-013136,W-12,FG-0054,2025-10-26,50,50,1,1,北日本
SHP-013137,W-05,FG-0048,2025-11-01,50,50,1,1,北日本
SHP-013138,W-10,FG-0076,2025-02-25,20,20,1,1,海外
SHP-013139,W-23,FG-0079,2024-04-14,20,20,1,1,東日本
SHP-013140,W-04,FG-0076,2024-08-13,20,20,1,1,西日本
SHP-013141,W-06,FG-0035,2025-03-30,10,10,1,1,北日本
SHP-013142,W-18,FG-0063,2024-04-22,20,15,1,0,西日本
SHP-013143,W-15,FG-0070,2024-12-11,50,37,1,0,北日本
SHP-013144,W-22,FG-0049,2025-11-27,50,50,1,1,海外
SHP-013145,W-21,FG-0035,2025-08-02,10,6,1,0,北日本
SHP-013146,W-17,FG-0064,2026-03-14,10,10,1,1,海外
SHP-013147,W-20,FG-0066,2024-11-21,10,10,1,1,東日本
SHP-013148,W-09,FG-0071,2025-11-27,50,50,1,1,北日本
SHP-013149,W-21,FG-0063,2025-10-23,10,10,1,1,北日本
SHP-013150,W-04,FG-0042,2024-03-21,10,10,0,1,西日本
SHP-013151,W-08,FG-0077,2024-02-23,100,100,1,1,西日本
SHP-013152,W-04,FG-0063,2025-01-12,100,100,1,1,西日本
SHP-013153,W-21,FG-0012,2025-10-16,10,10,1,1,北日本
SHP-013154,W-23,FG-0004,2024-07-10,20,20,1,1,北日本
SHP-013155,W-07,FG-0002,2026-04-18,50,50,0,1,海外
SHP-013156,W-24,FG-0032,2025-10-20,20,20,1,1,西日本
SHP-013157,W-18,FG-0044,2024-08-28,50,50,1,1,西日本
SHP-013158,W-11,FG-0048,2026-04-11,10,10,1,1,北日本
SHP-013159,W-17,FG-0061,2024-05-02,20,20,0,1,北日本
SHP-013160,W-08,FG-0056,2026-03-01,50,50,1,1,海外
SHP-013161,W-12,FG-0018,2025-10-22,20,16,0,0,北日本
SHP-013162,W-02,FG-0006,2024-01-26,100,100,1,1,北日本
SHP-013163,W-06,FG-0037,2024-10-05,10,10,1,1,東日本
SHP-013164,W-19,FG-0079,2025-03-10,10,10,1,1,北日本
SHP-013165,W-20,FG-0002,2025-01-06,50,50,0,1,海外
SHP-013166,W-24,FG-0060,2025-02-13,100,100,1,1,海外
SHP-013167,W-11,FG-0048,2024-05-08,20,20,1,1,西日本
SHP-013168,W-21,FG-0019,2026-02-04,50,50,1,1,海外
SHP-013169,W-18,FG-0062,2025-02-25,100,100,1,1,東日本
SHP-013170,W-14,FG-0063,2024-08-06,10,10,1,1,西日本
SHP-013171,W-24,FG-0035,2024-08-16,50,50,1,1,海外
SHP-013172,W-07,FG-0080,2026-02-03,50,50,1,1,海外
SHP-013173,W-13,FG-0022,2024-04-19,100,100,1,1,北日本
SHP-013174,W-09,FG-0030,2024-12-01,50,50,1,1,西日本
SHP-013175,W-03,FG-0051,2024-09-26,50,42,0,0,北日本
SHP-013176,W-24,FG-0026,2024-12-26,50,50,1,1,海外
SHP-013177,W-18,FG-0002,2025-09-26,100,68,1,0,北日本
SHP-013178,W-02,FG-0027,2024-06-06,50,50,1,1,東日本
SHP-013179,W-24,FG-0034,2025-09-11,100,81,1,0,北日本
SHP-013180,W-23,FG-0062,2024-08-17,10,10,1,1,西日本
SHP-013181,W-02,FG-0034,2025-01-02,100,100,1,1,北日本
SHP-013182,W-15,FG-0024,2024-04-09,50,50,1,1,海外
SHP-013183,W-20,FG-0015,2025-06-29,10,10,1,1,海外
SHP-013184,W-12,FG-0062,2024-04-02,10,7,1,0,北日本
SHP-013185,W-21,FG-0042,2025-03-28,50,50,1,1,東日本
SHP-013186,W-12,FG-0022,2024-06-24,50,50,1,1,海外
SHP-013187,W-21,FG-0054,2024-06-29,10,10,0,1,海外
SHP-013188,W-16,FG-0036,2026-04-17,20,20,1,1,西日本
SHP-013189,W-22,FG-0001,2025-10-20,10,10,1,1,北日本
SHP-013190,W-04,FG-0009,2025-07-21,20,20,1,1,北日本
SHP-013191,W-04,FG-0077,2024-12-12,50,50,1,1,北日本
SHP-013192,W-05,FG-0005,2025-07-25,100,100,1,1,北日本
SHP-013193,W-02,FG-0020,2025-12-22,20,17,1,0,東日本
SHP-013194,W-23,FG-0070,2024-10-23,50,50,1,1,西日本
SHP-013195,W-12,FG-0047,2024-12-03,50,50,1,1,海外
SHP-013196,W-18,FG-0062,2025-01-26,50,50,1,1,北日本
SHP-013197,W-21,FG-0061,2025-03-31,50,50,0,1,海外
SHP-013198,W-14,FG-0008,2025-08-08,50,50,1,1,東日本
SHP-013199,W-10,FG-0005,2024-12-12,20,20,1,1,東日本
SHP-013200,W-06,FG-0007,2024-10-27,50,50,1,1,西日本
SHP-013201,W-05,FG-0060,2025-06-30,100,100,1,1,北日本
SHP-013202,W-02,FG-0065,2024-05-21,50,50,0,1,北日本
SHP-013203,W-05,FG-0039,2024-11-27,50,50,1,1,北日本
SHP-013204,W-20,FG-0033,2024-01-23,10,6,1,0,海外
SHP-013205,W-22,FG-0059,2025-05-16,100,100,1,1,東日本
SHP-013206,W-03,FG-0058,2025-03-28,20,13,1,0,海外
SHP-013207,W-18,FG-0059,2024-04-16,100,100,1,1,東日本
SHP-013208,W-23,FG-0012,2025-11-11,50,50,1,1,海外
SHP-013209,W-18,FG-0059,2024-06-21,20,20,1,1,東日本
SHP-013210,W-12,FG-0050,2025-06-08,50,50,1,1,北日本
SHP-013211,W-23,FG-0012,2024-10-22,100,100,1,1,東日本
SHP-013212,W-24,FG-0021,2024-11-17,10,10,1,1,東日本
SHP-013213,W-21,FG-0011,2025-02-07,100,100,1,1,西日本
SHP-013214,W-03,FG-0026,2024-04-16,20,20,1,1,海外
SHP-013215,W-18,FG-0004,2024-11-06,100,100,1,1,海外
SHP-013216,W-14,FG-0029,2025-11-21,10,10,1,1,北日本
SHP-013217,W-07,FG-0074,2024-12-22,100,100,1,1,西日本
SHP-013218,W-16,FG-0009,2025-08-10,20,20,1,1,海外
SHP-013219,W-05,FG-0078,2024-12-31,20,20,0,1,西日本
SHP-013220,W-14,FG-0066,2025-01-07,20,20,1,1,東日本
SHP-013221,W-14,FG-0007,2025-08-09,50,50,1,1,東日本
SHP-013222,W-05,FG-0062,2026-04-08,100,100,1,1,海外
SHP-013223,W-17,FG-0008,2025-05-28,50,50,0,1,西日本
SHP-013224,W-07,FG-0031,2025-02-12,100,65,1,0,西日本
SHP-013225,W-13,FG-0055,2024-12-07,20,20,0,1,海外
SHP-013226,W-10,FG-0078,2026-02-28,100,100,1,1,東日本
SHP-013227,W-16,FG-0012,2024-12-11,10,10,1,1,西日本
SHP-013228,W-15,FG-0021,2025-11-08,20,20,1,1,北日本
SHP-013229,W-20,FG-0009,2026-02-13,50,50,1,1,海外
SHP-013230,W-03,FG-0059,2025-06-03,100,100,1,1,北日本
SHP-013231,W-24,FG-0075,2025-10-03,10,10,1,1,東日本
SHP-013232,W-12,FG-0062,2024-09-07,10,7,1,0,東日本
SHP-013233,W-19,FG-0077,2026-02-27,10,10,1,1,東日本
SHP-013234,W-14,FG-0026,2025-06-19,20,17,1,0,北日本
SHP-013235,W-02,FG-0065,2025-03-06,100,100,0,1,北日本
SHP-013236,W-14,FG-0022,2025-04-09,20,20,1,1,北日本
SHP-013237,W-16,FG-0012,2025-11-14,10,10,1,1,北日本
SHP-013238,W-24,FG-0045,2026-03-27,50,50,1,1,海外
SHP-013239,W-09,FG-0037,2025-03-09,20,20,1,1,海外
SHP-013240,W-06,FG-0011,2026-03-28,10,10,0,1,西日本
SHP-013241,W-14,FG-0040,2025-06-25,10,10,1,1,西日本
SHP-013242,W-11,FG-0064,2024-07-08,10,10,1,1,西日本
SHP-013243,W-19,FG-0079,2026-03-09,20,20,1,1,北日本
SHP-013244,W-09,FG-0001,2024-06-07,100,100,1,1,西日本
SHP-013245,W-16,FG-0002,2026-01-06,10,7,0,0,東日本
SHP-013246,W-03,FG-0038,2025-11-28,50,50,1,1,北日本
SHP-013247,W-03,FG-0041,2025-03-02,100,100,0,1,海外
SHP-013248,W-13,FG-0079,2024-07-12,100,100,1,1,海外
SHP-013249,W-24,FG-0024,2024-10-13,50,50,1,1,海外
SHP-013250,W-05,FG-0011,2025-09-07,100,100,1,1,海外
SHP-013251,W-17,FG-0033,2025-04-25,20,20,1,1,東日本
SHP-013252,W-09,FG-0021,2025-10-11,50,50,1,1,西日本
SHP-013253,W-01,FG-0019,2025-10-22,50,50,1,1,西日本
SHP-013254,W-05,FG-0077,2024-08-22,100,100,1,1,東日本
SHP-013255,W-20,FG-0015,2025-03-18,100,100,1,1,北日本
SHP-013256,W-17,FG-0052,2024-04-15,20,16,0,0,西日本
SHP-013257,W-09,FG-0002,2024-05-06,20,20,1,1,西日本
SHP-013258,W-21,FG-0038,2025-06-11,100,100,1,1,海外
SHP-013259,W-02,FG-0040,2025-06-06,10,10,1,1,海外
SHP-013260,W-10,FG-0047,2025-06-09,20,20,1,1,北日本
SHP-013261,W-17,FG-0032,2025-01-01,100,100,1,1,東日本
SHP-013262,W-07,FG-0020,2024-12-18,10,10,1,1,西日本
SHP-013263,W-20,FG-0030,2024-12-22,100,100,1,1,西日本
SHP-013264,W-22,FG-0031,2026-01-12,100,100,1,1,東日本
SHP-013265,W-20,FG-0034,2025-01-11,20,20,0,1,西日本
SHP-013266,W-02,FG-0062,2026-04-01,10,10,1,1,東日本
SHP-013267,W-19,FG-0031,2024-02-23,20,14,1,0,海外
SHP-013268,W-01,FG-0027,2024-03-15,10,10,1,1,東日本
SHP-013269,W-03,FG-0032,2024-12-14,20,20,0,1,西日本
SHP-013270,W-16,FG-0059,2026-03-17,100,100,1,1,西日本
SHP-013271,W-16,FG-0063,2024-07-06,10,10,1,1,西日本
SHP-013272,W-02,FG-0035,2024-06-24,50,50,1,1,東日本
SHP-013273,W-23,FG-0020,2025-08-25,10,10,0,1,西日本
SHP-013274,W-06,FG-0008,2024-01-22,100,100,0,1,海外
SHP-013275,W-17,FG-0069,2026-03-09,20,20,1,1,東日本
SHP-013276,W-02,FG-0080,2024-07-30,20,20,1,1,北日本
SHP-013277,W-04,FG-0006,2025-06-10,100,100,1,1,西日本
SHP-013278,W-09,FG-0067,2024-03-02,50,50,1,1,東日本
SHP-013279,W-13,FG-0002,2024-08-13,20,20,1,1,東日本
SHP-013280,W-02,FG-0080,2025-09-18,100,100,1,1,東日本
SHP-013281,W-23,FG-0021,2025-06-09,50,50,1,1,北日本
SHP-013282,W-07,FG-0043,2026-03-18,10,10,1,1,海外
SHP-013283,W-22,FG-0011,2025-06-19,10,10,1,1,海外
SHP-013284,W-05,FG-0071,2025-05-21,20,20,1,1,東日本
SHP-013285,W-14,FG-0058,2026-02-26,50,50,1,1,海外
SHP-013286,W-12,FG-0032,2025-07-11,10,10,1,1,東日本
SHP-013287,W-11,FG-0045,2025-07-06,100,100,1,1,北日本
SHP-013288,W-09,FG-0055,2024-04-14,10,10,1,1,西日本
SHP-013289,W-02,FG-0047,2025-12-24,20,20,1,1,海外
SHP-013290,W-04,FG-0055,2025-10-07,20,20,1,1,西日本
SHP-013291,W-08,FG-0044,2024-02-04,10,10,1,1,海外
SHP-013292,W-06,FG-0025,2025-07-19,100,100,1,1,西日本
SHP-013293,W-24,FG-0037,2024-10-16,10,10,1,1,東日本
SHP-013294,W-24,FG-0070,2024-03-07,20,20,1,1,東日本
SHP-013295,W-03,FG-0054,2025-07-06,20,20,1,1,海外
SHP-013296,W-15,FG-0056,2024-12-28,50,50,1,1,海外
SHP-013297,W-07,FG-0066,2024-05-17,20,20,1,1,北日本
SHP-013298,W-01,FG-0075,2025-02-02,20,20,1,1,北日本
SHP-013299,W-01,FG-0038,2025-04-24,20,20,1,1,東日本
SHP-013300,W-07,FG-0022,2024-02-29,50,50,1,1,北日本
SHP-013301,W-20,FG-0039,2024-01-11,100,100,1,1,西日本
SHP-013302,W-02,FG-0073,2026-04-26,100,100,0,1,北日本
SHP-013303,W-03,FG-0050,2024-06-23,10,10,1,1,東日本
SHP-013304,W-19,FG-0056,2024-12-10,100,100,1,1,北日本
SHP-013305,W-02,FG-0080,2026-03-12,20,20,1,1,海外
SHP-013306,W-17,FG-0017,2025-06-07,20,20,1,1,海外
SHP-013307,W-18,FG-0045,2026-01-25,10,10,0,1,西日本
SHP-013308,W-22,FG-0038,2025-07-23,50,50,1,1,西日本
SHP-013309,W-09,FG-0055,2025-09-08,50,50,0,1,海外
SHP-013310,W-22,FG-0053,2026-03-24,20,20,1,1,西日本
SHP-013311,W-08,FG-0062,2025-08-18,100,100,1,1,東日本
SHP-013312,W-09,FG-0030,2025-01-20,100,100,1,1,東日本
SHP-013313,W-20,FG-0054,2024-12-20,50,50,1,1,海外
SHP-013314,W-13,FG-0077,2024-06-25,20,20,1,1,西日本
SHP-013315,W-10,FG-0025,2025-10-18,20,20,1,1,西日本
SHP-013316,W-12,FG-0040,2024-01-09,50,50,1,1,北日本
SHP-013317,W-14,FG-0032,2024-02-28,20,20,0,1,海外
SHP-013318,W-01,FG-0006,2024-06-18,20,20,1,1,西日本
SHP-013319,W-03,FG-0003,2025-11-27,50,50,1,1,北日本
SHP-013320,W-14,FG-0062,2024-01-29,20,20,1,1,北日本
SHP-013321,W-21,FG-0076,2024-02-29,100,100,1,1,北日本
SHP-013322,W-04,FG-0012,2025-02-27,50,50,0,1,北日本
SHP-013323,W-06,FG-0036,2025-10-03,100,87,1,0,西日本
SHP-013324,W-13,FG-0037,2026-02-06,50,50,1,1,北日本
SHP-013325,W-07,FG-0052,2025-04-17,10,10,1,1,西日本
SHP-013326,W-05,FG-0059,2025-05-17,50,50,1,1,海外
SHP-013327,W-20,FG-0032,2024-07-12,50,50,1,1,西日本
SHP-013328,W-19,FG-0035,2025-08-11,20,20,1,1,東日本
SHP-013329,W-18,FG-0071,2024-09-13,10,10,1,1,西日本
SHP-013330,W-19,FG-0030,2024-09-12,100,100,1,1,東日本
SHP-013331,W-09,FG-0046,2025-04-21,20,20,1,1,北日本
SHP-013332,W-24,FG-0056,2024-12-03,50,50,1,1,北日本
SHP-013333,W-12,FG-0048,2024-04-26,100,100,1,1,西日本
SHP-013334,W-24,FG-0056,2025-04-12,10,10,0,1,海外
SHP-013335,W-15,FG-0063,2025-07-22,100,100,1,1,東日本
SHP-013336,W-11,FG-0020,2025-11-09,50,50,0,1,北日本
SHP-013337,W-16,FG-0008,2025-06-12,100,63,1,0,北日本
SHP-013338,W-01,FG-0007,2024-12-30,50,50,1,1,北日本
SHP-013339,W-15,FG-0027,2026-04-15,20,20,0,1,海外
SHP-013340,W-14,FG-0059,2024-08-29,50,50,0,1,海外
SHP-013341,W-10,FG-0038,2025-09-10,50,50,0,1,西日本
SHP-013342,W-24,FG-0022,2024-09-20,10,10,1,1,西日本
SHP-013343,W-10,FG-0033,2026-02-03,100,100,1,1,海外
SHP-013344,W-11,FG-0027,2025-04-03,10,10,1,1,西日本
SHP-013345,W-04,FG-0021,2024-08-09,20,20,1,1,東日本
SHP-013346,W-13,FG-0039,2024-07-25,50,50,0,1,北日本
SHP-013347,W-03,FG-0031,2025-08-23,50,50,1,1,西日本
SHP-013348,W-23,FG-0028,2025-06-13,20,20,0,1,東日本
SHP-013349,W-04,FG-0052,2024-02-10,10,10,1,1,海外
SHP-013350,W-10,FG-0030,2024-06-10,50,50,1,1,海外
SHP-013351,W-02,FG-0011,2025-04-24,100,100,1,1,海外
SHP-013352,W-23,FG-0064,2025-05-18,50,50,1,1,西日本
SHP-013353,W-06,FG-0060,2024-11-09,20,20,0,1,北日本
SHP-013354,W-17,FG-0035,2024-03-24,100,100,1,1,海外
SHP-013355,W-18,FG-0022,2025-11-10,20,20,1,1,西日本
SHP-013356,W-16,FG-0057,2024-09-29,20,20,1,1,海外
SHP-013357,W-12,FG-0043,2026-02-06,100,100,1,1,西日本
SHP-013358,W-21,FG-0055,2026-02-01,10,10,1,1,東日本
SHP-013359,W-18,FG-0016,2025-11-08,10,8,1,0,海外
SHP-013360,W-24,FG-0029,2025-07-15,100,100,1,1,海外
SHP-013361,W-05,FG-0028,2024-03-11,50,50,1,1,海外
SHP-013362,W-23,FG-0062,2024-11-27,20,20,1,1,西日本
SHP-013363,W-16,FG-0066,2025-06-10,20,20,0,1,海外
SHP-013364,W-23,FG-0072,2024-02-01,10,10,1,1,海外
SHP-013365,W-21,FG-0050,2026-02-27,50,50,1,1,北日本
SHP-013366,W-11,FG-0070,2025-11-07,50,50,1,1,東日本
SHP-013367,W-12,FG-0075,2024-04-29,10,10,1,1,東日本
SHP-013368,W-03,FG-0068,2024-08-27,20,20,1,1,海外
SHP-013369,W-18,FG-0018,2025-01-05,50,50,1,1,海外
SHP-013370,W-14,FG-0075,2025-12-20,50,50,1,1,海外
SHP-013371,W-04,FG-0039,2026-03-07,20,20,1,1,海外
SHP-013372,W-06,FG-0008,2025-10-15,20,20,1,1,海外
SHP-013373,W-21,FG-0073,2024-09-02,20,20,1,1,西日本
SHP-013374,W-08,FG-0072,2024-09-10,10,10,1,1,西日本
SHP-013375,W-04,FG-0059,2024-06-12,100,100,1,1,海外
SHP-013376,W-11,FG-0076,2025-11-05,100,66,1,0,西日本
SHP-013377,W-17,FG-0052,2024-09-23,100,100,1,1,西日本
SHP-013378,W-21,FG-0009,2024-09-24,100,100,0,1,北日本
SHP-013379,W-02,FG-0004,2024-08-04,50,50,1,1,西日本
SHP-013380,W-22,FG-0038,2024-11-28,50,50,1,1,東日本
SHP-013381,W-01,FG-0016,2024-11-02,50,50,1,1,西日本
SHP-013382,W-12,FG-0064,2025-09-16,100,100,0,1,西日本
SHP-013383,W-06,FG-0039,2025-12-11,10,10,1,1,北日本
SHP-013384,W-14,FG-0043,2024-11-23,100,100,0,1,海外
SHP-013385,W-14,FG-0010,2025-10-09,50,50,1,1,海外
SHP-013386,W-09,FG-0074,2025-11-29,20,20,1,1,北日本
SHP-013387,W-03,FG-0061,2025-10-11,100,100,1,1,北日本
SHP-013388,W-15,FG-0067,2026-01-14,50,50,1,1,西日本
SHP-013389,W-23,FG-0043,2025-10-17,100,100,1,1,西日本
SHP-013390,W-03,FG-0061,2024-11-09,10,10,1,1,東日本
SHP-013391,W-22,FG-0055,2025-12-24,50,50,1,1,海外
SHP-013392,W-24,FG-0072,2024-04-22,10,10,1,1,東日本
SHP-013393,W-12,FG-0007,2025-02-11,20,20,1,1,海外
SHP-013394,W-08,FG-0003,2024-03-09,20,20,1,1,東日本
SHP-013395,W-06,FG-0069,2025-06-15,10,7,1,0,海外
SHP-013396,W-23,FG-0025,2024-05-24,100,100,1,1,西日本
SHP-013397,W-16,FG-0036,2024-05-30,100,100,1,1,西日本
SHP-013398,W-22,FG-0034,2025-03-11,20,20,1,1,東日本
SHP-013399,W-08,FG-0030,2025-04-16,20,20,1,1,北日本
SHP-013400,W-01,FG-0076,2025-02-26,50,50,1,1,北日本
SHP-013401,W-18,FG-0044,2026-02-12,20,20,1,1,西日本
SHP-013402,W-11,FG-0080,2025-10-21,10,10,1,1,北日本
SHP-013403,W-01,FG-0050,2024-04-09,50,50,1,1,北日本
SHP-013404,W-23,FG-0057,2025-02-03,100,82,1,0,北日本
SHP-013405,W-19,FG-0071,2024-10-07,50,50,1,1,西日本
SHP-013406,W-21,FG-0056,2024-05-17,20,20,1,1,海外
SHP-013407,W-11,FG-0074,2026-04-01,100,100,1,1,東日本
SHP-013408,W-12,FG-0001,2025-10-03,100,100,1,1,西日本
SHP-013409,W-18,FG-0032,2024-03-07,100,100,1,1,東日本
SHP-013410,W-03,FG-0034,2025-04-25,20,20,1,1,西日本
SHP-013411,W-18,FG-0029,2025-01-29,50,50,1,1,海外
SHP-013412,W-18,FG-0045,2025-05-02,20,18,0,0,北日本
SHP-013413,W-15,FG-0022,2025-01-21,50,50,1,1,海外
SHP-013414,W-12,FG-0073,2024-10-16,20,20,1,1,海外
SHP-013415,W-07,FG-0007,2025-06-19,100,100,1,1,北日本
SHP-013416,W-02,FG-0014,2026-01-06,10,10,1,1,海外
SHP-013417,W-18,FG-0033,2024-08-12,10,10,1,1,北日本
SHP-013418,W-19,FG-0017,2026-02-27,100,100,1,1,東日本
SHP-013419,W-04,FG-0020,2025-02-11,100,100,1,1,北日本
SHP-013420,W-15,FG-0065,2025-09-28,20,20,0,1,東日本
SHP-013421,W-01,FG-0008,2026-04-15,20,20,1,1,北日本
SHP-013422,W-05,FG-0056,2025-05-29,20,20,0,1,東日本
SHP-013423,W-21,FG-0046,2025-10-01,50,50,1,1,西日本
SHP-013424,W-05,FG-0015,2025-01-14,100,100,1,1,海外
SHP-013425,W-08,FG-0039,2024-03-09,100,100,1,1,北日本
SHP-013426,W-19,FG-0060,2025-03-29,20,20,1,1,北日本
SHP-013427,W-21,FG-0034,2024-11-28,20,20,1,1,西日本
SHP-013428,W-24,FG-0035,2026-03-22,20,14,1,0,東日本
SHP-013429,W-13,FG-0045,2026-02-17,20,16,0,0,東日本
SHP-013430,W-18,FG-0080,2024-03-07,20,20,1,1,西日本
SHP-013431,W-24,FG-0033,2026-04-23,100,100,1,1,海外
SHP-013432,W-22,FG-0070,2025-10-03,10,10,1,1,東日本
SHP-013433,W-17,FG-0015,2024-12-31,100,100,1,1,北日本
SHP-013434,W-22,FG-0041,2024-08-09,100,100,1,1,海外
SHP-013435,W-18,FG-0010,2024-06-30,20,20,1,1,東日本
SHP-013436,W-04,FG-0038,2025-12-12,10,8,1,0,西日本
SHP-013437,W-03,FG-0022,2025-12-16,50,50,1,1,海外
SHP-013438,W-18,FG-0037,2026-01-31,50,50,1,1,海外
SHP-013439,W-18,FG-0038,2025-02-10,10,10,1,1,北日本
SHP-013440,W-01,FG-0028,2024-08-30,50,50,1,1,東日本
SHP-013441,W-21,FG-0026,2024-01-07,50,50,1,1,西日本
SHP-013442,W-24,FG-0068,2025-01-22,50,50,1,1,東日本
SHP-013443,W-10,FG-0031,2025-06-18,100,100,1,1,北日本
SHP-013444,W-22,FG-0064,2025-03-22,50,50,1,1,海外
SHP-013445,W-11,FG-0066,2024-04-14,50,50,1,1,西日本
SHP-013446,W-03,FG-0047,2025-12-09,20,20,1,1,海外
SHP-013447,W-05,FG-0039,2024-06-17,10,10,1,1,北日本
SHP-013448,W-04,FG-0011,2025-11-09,50,50,1,1,東日本
SHP-013449,W-18,FG-0031,2024-08-04,100,100,1,1,西日本
SHP-013450,W-10,FG-0025,2024-01-13,100,100,1,1,東日本
SHP-013451,W-20,FG-0049,2024-11-29,100,100,1,1,海外
SHP-013452,W-22,FG-0018,2025-12-15,10,10,0,1,西日本
SHP-013453,W-04,FG-0058,2024-11-05,100,100,1,1,北日本
SHP-013454,W-12,FG-0058,2025-09-06,20,20,0,1,海外
SHP-013455,W-24,FG-0009,2024-01-08,50,50,1,1,東日本
SHP-013456,W-15,FG-0044,2025-09-18,20,20,1,1,東日本
SHP-013457,W-12,FG-0069,2025-05-06,10,10,1,1,海外
SHP-013458,W-21,FG-0078,2024-04-26,100,100,1,1,北日本
SHP-013459,W-07,FG-0028,2026-01-30,20,20,1,1,西日本
SHP-013460,W-01,FG-0034,2024-07-06,20,20,1,1,西日本
SHP-013461,W-10,FG-0029,2025-05-18,10,10,0,1,海外
SHP-013462,W-13,FG-0026,2024-05-22,20,20,1,1,海外
SHP-013463,W-02,FG-0006,2025-10-11,10,10,1,1,東日本
SHP-013464,W-03,FG-0035,2026-02-19,20,20,1,1,東日本
SHP-013465,W-20,FG-0014,2024-01-03,10,10,1,1,東日本
SHP-013466,W-11,FG-0029,2024-07-25,10,10,0,1,西日本
SHP-013467,W-01,FG-0067,2025-12-31,50,50,1,1,西日本
SHP-013468,W-21,FG-0070,2025-05-15,100,76,1,0,西日本
SHP-013469,W-20,FG-0011,2024-04-09,50,50,1,1,東日本
SHP-013470,W-16,FG-0034,2024-01-13,10,10,1,1,西日本
SHP-013471,W-12,FG-0061,2025-01-23,50,50,1,1,西日本
SHP-013472,W-24,FG-0052,2024-02-11,100,100,1,1,東日本
SHP-013473,W-04,FG-0035,2025-10-08,50,42,1,0,東日本
SHP-013474,W-06,FG-0029,2024-01-13,20,20,1,1,西日本
SHP-013475,W-16,FG-0049,2025-12-23,10,10,1,1,海外
SHP-013476,W-14,FG-0005,2025-12-26,20,20,1,1,北日本
SHP-013477,W-20,FG-0043,2025-07-16,100,100,1,1,北日本
SHP-013478,W-10,FG-0016,2025-08-13,100,100,1,1,海外
SHP-013479,W-11,FG-0062,2024-05-20,20,20,1,1,海外
SHP-013480,W-18,FG-0023,2026-04-07,10,10,1,1,東日本
SHP-013481,W-09,FG-0010,2025-10-31,20,20,1,1,海外
SHP-013482,W-01,FG-0020,2025-07-26,50,50,1,1,北日本
SHP-013483,W-05,FG-0066,2025-01-06,50,50,1,1,東日本
SHP-013484,W-12,FG-0009,2026-02-12,100,100,1,1,東日本
SHP-013485,W-22,FG-0014,2026-01-30,20,14,1,0,東日本
SHP-013486,W-10,FG-0059,2024-06-16,50,50,0,1,西日本
SHP-013487,W-05,FG-0058,2026-04-15,100,100,1,1,北日本
SHP-013488,W-12,FG-0015,2024-06-05,10,10,1,1,西日本
SHP-013489,W-05,FG-0036,2024-11-18,10,10,1,1,東日本
SHP-013490,W-14,FG-0038,2025-12-21,100,100,1,1,海外
SHP-013491,W-10,FG-0066,2025-02-05,100,100,1,1,東日本
SHP-013492,W-13,FG-0057,2026-01-06,10,10,0,1,東日本
SHP-013493,W-02,FG-0014,2024-10-24,50,50,0,1,海外
SHP-013494,W-11,FG-0044,2026-02-12,20,15,1,0,海外
SHP-013495,W-24,FG-0024,2024-08-04,10,7,1,0,東日本
SHP-013496,W-09,FG-0022,2026-03-26,20,20,1,1,北日本
SHP-013497,W-12,FG-0077,2024-06-06,50,50,0,1,海外
SHP-013498,W-12,FG-0007,2026-02-06,100,100,0,1,北日本
SHP-013499,W-14,FG-0004,2024-04-20,10,10,1,1,東日本
SHP-013500,W-18,FG-0004,2025-04-18,10,10,1,1,東日本
SHP-013501,W-24,FG-0021,2025-03-27,10,10,1,1,東日本
SHP-013502,W-17,FG-0056,2024-04-26,100,93,1,0,西日本
SHP-013503,W-02,FG-0057,2024-05-18,10,10,1,1,西日本
SHP-013504,W-22,FG-0050,2025-02-02,20,20,1,1,北日本
SHP-013505,W-24,FG-0056,2025-08-25,20,20,1,1,西日本
SHP-013506,W-14,FG-0021,2025-12-03,10,10,1,1,西日本
SHP-013507,W-24,FG-0039,2024-12-22,20,16,1,0,北日本
SHP-013508,W-07,FG-0039,2024-12-02,100,100,1,1,東日本
SHP-013509,W-05,FG-0070,2026-03-29,20,20,1,1,海外
SHP-013510,W-06,FG-0074,2024-01-11,100,100,1,1,西日本
SHP-013511,W-17,FG-0015,2024-10-23,20,20,1,1,北日本
SHP-013512,W-13,FG-0045,2025-03-16,100,100,1,1,西日本
SHP-013513,W-02,FG-0004,2024-06-22,100,100,1,1,東日本
SHP-013514,W-03,FG-0065,2026-03-17,50,50,1,1,海外
SHP-013515,W-17,FG-0006,2025-08-10,10,10,1,1,東日本
SHP-013516,W-18,FG-0072,2025-03-05,10,10,1,1,北日本
SHP-013517,W-19,FG-0012,2025-08-19,20,20,1,1,北日本
SHP-013518,W-11,FG-0039,2025-09-01,50,50,1,1,北日本
SHP-013519,W-04,FG-0024,2026-02-28,20,20,1,1,海外
SHP-013520,W-10,FG-0077,2025-07-13,50,50,1,1,海外
SHP-013521,W-18,FG-0071,2024-12-25,10,10,1,1,北日本
SHP-013522,W-14,FG-0064,2025-10-08,10,10,1,1,海外
SHP-013523,W-07,FG-0028,2024-06-28,20,20,0,1,北日本
SHP-013524,W-17,FG-0051,2024-12-10,10,10,1,1,海外
SHP-013525,W-11,FG-0076,2024-08-26,20,20,1,1,北日本
SHP-013526,W-19,FG-0020,2025-04-04,10,10,1,1,西日本
SHP-013527,W-08,FG-0038,2025-06-08,100,100,1,1,北日本
SHP-013528,W-02,FG-0028,2025-05-19,10,10,1,1,海外
SHP-013529,W-11,FG-0074,2025-12-03,100,100,1,1,西日本
SHP-013530,W-17,FG-0048,2024-10-18,20,20,1,1,海外
SHP-013531,W-03,FG-0036,2024-04-21,50,50,1,1,北日本
SHP-013532,W-15,FG-0047,2025-12-18,50,50,1,1,海外
SHP-013533,W-02,FG-0069,2024-10-01,10,7,1,0,海外
SHP-013534,W-07,FG-0035,2025-08-12,10,10,1,1,北日本
SHP-013535,W-24,FG-0039,2026-01-22,100,100,1,1,東日本
SHP-013536,W-09,FG-0050,2025-03-28,50,50,1,1,東日本
SHP-013537,W-01,FG-0015,2024-05-22,50,37,1,0,海外
SHP-013538,W-20,FG-0067,2025-01-06,50,50,1,1,西日本
SHP-013539,W-06,FG-0073,2025-01-15,10,6,1,0,海外
SHP-013540,W-12,FG-0021,2024-11-17,100,100,1,1,北日本
SHP-013541,W-06,FG-0076,2026-01-28,10,10,1,1,東日本
SHP-013542,W-16,FG-0028,2024-11-21,20,20,1,1,東日本
SHP-013543,W-01,FG-0027,2025-01-18,20,20,1,1,西日本
SHP-013544,W-21,FG-0052,2024-03-29,50,30,1,0,東日本
SHP-013545,W-12,FG-0006,2024-04-06,10,10,1,1,北日本
SHP-013546,W-18,FG-0079,2024-10-04,100,100,1,1,西日本
SHP-013547,W-21,FG-0076,2025-07-10,20,20,0,1,海外
SHP-013548,W-08,FG-0038,2024-10-20,10,10,1,1,北日本
SHP-013549,W-04,FG-0010,2024-10-10,50,45,1,0,海外
SHP-013550,W-24,FG-0067,2024-04-02,100,100,1,1,西日本
SHP-013551,W-09,FG-0044,2025-02-08,10,10,1,1,海外
SHP-013552,W-12,FG-0071,2025-02-09,20,15,1,0,海外
SHP-013553,W-03,FG-0026,2024-06-19,100,100,1,1,北日本
SHP-013554,W-16,FG-0054,2025-06-01,20,20,1,1,西日本
SHP-013555,W-24,FG-0078,2026-03-31,50,50,1,1,東日本
SHP-013556,W-19,FG-0022,2026-03-27,100,100,1,1,海外
SHP-013557,W-05,FG-0073,2026-01-11,50,50,1,1,北日本
SHP-013558,W-09,FG-0059,2024-05-28,100,100,1,1,北日本
SHP-013559,W-19,FG-0005,2026-02-11,10,10,1,1,北日本
SHP-013560,W-19,FG-0038,2025-08-14,100,100,1,1,東日本
SHP-013561,W-22,FG-0051,2025-04-22,100,63,0,0,西日本
SHP-013562,W-24,FG-0038,2026-04-18,20,20,1,1,北日本
SHP-013563,W-24,FG-0017,2024-11-19,50,50,1,1,海外
SHP-013564,W-06,FG-0078,2024-12-24,50,50,1,1,東日本
SHP-013565,W-01,FG-0079,2025-08-04,50,50,1,1,東日本
SHP-013566,W-21,FG-0074,2024-08-16,10,10,1,1,西日本
SHP-013567,W-21,FG-0063,2025-05-04,20,20,1,1,北日本
SHP-013568,W-20,FG-0004,2024-03-11,100,100,1,1,東日本
SHP-013569,W-18,FG-0072,2026-02-25,50,50,1,1,海外
SHP-013570,W-12,FG-0071,2025-04-28,20,20,1,1,東日本
SHP-013571,W-01,FG-0065,2024-05-10,50,40,1,0,海外
SHP-013572,W-11,FG-0027,2025-02-02,100,100,1,1,海外
SHP-013573,W-20,FG-0012,2024-04-26,100,100,1,1,西日本
SHP-013574,W-21,FG-0018,2024-06-09,20,20,1,1,西日本
SHP-013575,W-04,FG-0011,2024-05-15,10,10,1,1,海外
SHP-013576,W-02,FG-0004,2024-05-04,10,10,1,1,北日本
SHP-013577,W-08,FG-0020,2026-04-02,10,10,1,1,東日本
SHP-013578,W-12,FG-0023,2024-10-06,100,100,1,1,東日本
SHP-013579,W-14,FG-0027,2025-08-31,20,20,1,1,海外
SHP-013580,W-23,FG-0047,2025-10-15,10,10,1,1,西日本
SHP-013581,W-11,FG-0006,2025-12-31,100,100,1,1,北日本
SHP-013582,W-15,FG-0009,2024-08-03,20,20,1,1,北日本
SHP-013583,W-22,FG-0057,2024-10-11,100,100,1,1,東日本
SHP-013584,W-10,FG-0060,2024-11-07,10,10,1,1,海外
SHP-013585,W-05,FG-0014,2026-01-14,50,50,1,1,東日本
SHP-013586,W-14,FG-0066,2026-04-23,50,50,1,1,西日本
SHP-013587,W-23,FG-0038,2026-04-11,10,10,1,1,西日本
SHP-013588,W-12,FG-0055,2025-01-19,10,6,1,0,西日本
SHP-013589,W-14,FG-0034,2024-07-04,100,82,1,0,西日本
SHP-013590,W-19,FG-0057,2026-01-10,20,20,1,1,東日本
SHP-013591,W-01,FG-0017,2026-04-19,100,100,1,1,東日本
SHP-013592,W-16,FG-0008,2024-09-13,10,10,1,1,西日本
SHP-013593,W-10,FG-0069,2025-09-15,10,10,1,1,東日本
SHP-013594,W-05,FG-0029,2025-04-28,20,20,1,1,東日本
SHP-013595,W-07,FG-0011,2025-09-10,100,64,0,0,北日本
SHP-013596,W-13,FG-0031,2024-12-15,20,20,1,1,海外
SHP-013597,W-07,FG-0009,2024-08-26,10,10,1,1,西日本
SHP-013598,W-18,FG-0008,2025-07-13,100,100,1,1,東日本
SHP-013599,W-24,FG-0053,2024-03-18,50,50,1,1,海外
SHP-013600,W-18,FG-0037,2025-12-19,10,10,1,1,東日本
SHP-013601,W-24,FG-0023,2024-07-13,50,50,1,1,北日本
SHP-013602,W-16,FG-0041,2024-12-03,100,100,1,1,海外
SHP-013603,W-10,FG-0002,2024-08-21,20,20,1,1,海外
SHP-013604,W-13,FG-0050,2026-02-05,20,20,1,1,北日本
SHP-013605,W-12,FG-0057,2024-05-21,50,50,1,1,海外
SHP-013606,W-11,FG-0044,2024-02-29,10,10,1,1,北日本
SHP-013607,W-05,FG-0018,2025-09-18,10,10,1,1,北日本
SHP-013608,W-20,FG-0042,2024-03-08,50,50,1,1,海外
SHP-013609,W-02,FG-0051,2025-04-02,100,100,1,1,海外
SHP-013610,W-07,FG-0042,2024-05-02,10,10,1,1,北日本
SHP-013611,W-02,FG-0030,2025-01-07,50,50,1,1,北日本
SHP-013612,W-09,FG-0062,2024-12-31,20,20,1,1,北日本
SHP-013613,W-08,FG-0066,2026-01-04,50,41,1,0,北日本
SHP-013614,W-14,FG-0002,2024-08-25,20,20,1,1,東日本
SHP-013615,W-07,FG-0047,2025-10-07,50,50,1,1,東日本
SHP-013616,W-03,FG-0008,2025-06-17,10,10,0,1,北日本
SHP-013617,W-21,FG-0050,2025-03-11,10,10,1,1,西日本
SHP-013618,W-09,FG-0043,2025-12-29,20,20,1,1,東日本
SHP-013619,W-21,FG-0034,2024-10-27,50,50,1,1,北日本
SHP-013620,W-18,FG-0031,2024-10-26,100,100,1,1,北日本
SHP-013621,W-10,FG-0064,2024-06-18,10,10,1,1,海外
SHP-013622,W-10,FG-0072,2025-11-26,100,100,1,1,海外
SHP-013623,W-16,FG-0072,2026-01-07,100,100,1,1,東日本
SHP-013624,W-16,FG-0029,2024-01-04,100,100,0,1,西日本
SHP-013625,W-08,FG-0010,2025-02-01,50,50,1,1,西日本
SHP-013626,W-16,FG-0002,2025-10-07,50,50,1,1,東日本
SHP-013627,W-23,FG-0018,2025-11-26,20,20,1,1,北日本
SHP-013628,W-02,FG-0044,2025-03-15,100,100,1,1,西日本
SHP-013629,W-21,FG-0010,2025-11-14,10,10,1,1,東日本
SHP-013630,W-04,FG-0074,2024-12-22,20,18,1,0,海外
SHP-013631,W-18,FG-0074,2024-01-02,10,10,1,1,海外
SHP-013632,W-16,FG-0018,2025-07-22,10,10,1,1,北日本
SHP-013633,W-15,FG-0024,2026-03-13,10,10,0,1,北日本
SHP-013634,W-04,FG-0031,2025-01-12,10,10,1,1,北日本
SHP-013635,W-05,FG-0066,2024-04-29,50,50,1,1,海外
SHP-013636,W-02,FG-0054,2024-02-10,20,20,1,1,東日本
SHP-013637,W-02,FG-0041,2025-06-25,10,6,1,0,海外
SHP-013638,W-14,FG-0077,2024-02-27,100,100,1,1,北日本
SHP-013639,W-11,FG-0064,2025-08-16,100,100,1,1,西日本
SHP-013640,W-21,FG-0013,2026-01-11,10,10,1,1,海外
SHP-013641,W-10,FG-0070,2025-03-25,100,100,1,1,北日本
SHP-013642,W-23,FG-0023,2026-04-10,10,10,1,1,北日本
SHP-013643,W-20,FG-0031,2025-07-14,20,20,0,1,西日本
SHP-013644,W-08,FG-0064,2025-01-12,20,20,0,1,西日本
SHP-013645,W-05,FG-0032,2026-01-10,10,10,1,1,北日本
SHP-013646,W-09,FG-0068,2026-01-31,10,8,0,0,海外
SHP-013647,W-11,FG-0015,2024-01-05,100,100,1,1,西日本
SHP-013648,W-10,FG-0055,2024-05-18,10,10,1,1,海外
SHP-013649,W-12,FG-0069,2024-06-17,10,10,1,1,東日本
SHP-013650,W-20,FG-0068,2026-03-05,50,50,0,1,海外
SHP-013651,W-17,FG-0026,2025-06-01,100,100,0,1,北日本
SHP-013652,W-15,FG-0068,2024-08-04,20,20,1,1,海外
SHP-013653,W-17,FG-0071,2024-02-14,50,50,1,1,北日本
SHP-013654,W-22,FG-0048,2025-08-05,50,50,1,1,北日本
SHP-013655,W-08,FG-0020,2024-06-23,10,10,1,1,西日本
SHP-013656,W-20,FG-0021,2024-10-31,20,20,1,1,東日本
SHP-013657,W-20,FG-0015,2025-11-02,10,10,1,1,西日本
SHP-013658,W-21,FG-0001,2026-01-24,100,100,1,1,東日本
SHP-013659,W-02,FG-0010,2024-02-05,20,20,1,1,海外
SHP-013660,W-03,FG-0039,2024-04-08,50,50,1,1,海外
SHP-013661,W-15,FG-0022,2024-12-12,20,20,0,1,北日本
SHP-013662,W-21,FG-0044,2026-01-14,20,20,1,1,西日本
SHP-013663,W-11,FG-0035,2025-12-23,10,10,1,1,西日本
SHP-013664,W-02,FG-0070,2024-12-21,100,100,1,1,西日本
SHP-013665,W-01,FG-0005,2024-07-07,100,100,0,1,東日本
SHP-013666,W-23,FG-0067,2025-05-18,100,100,1,1,西日本
SHP-013667,W-13,FG-0080,2025-05-18,20,20,1,1,東日本
SHP-013668,W-11,FG-0076,2024-12-29,10,10,0,1,海外
SHP-013669,W-24,FG-0072,2024-07-19,20,20,1,1,海外
SHP-013670,W-15,FG-0056,2024-12-02,100,100,1,1,北日本
SHP-013671,W-24,FG-0015,2025-09-01,20,20,1,1,西日本
SHP-013672,W-08,FG-0043,2024-01-08,50,50,1,1,海外
SHP-013673,W-05,FG-0013,2024-03-01,10,7,1,0,西日本
SHP-013674,W-05,FG-0071,2024-03-25,20,20,1,1,北日本
SHP-013675,W-17,FG-0043,2026-02-03,100,100,1,1,海外
SHP-013676,W-01,FG-0068,2025-09-17,100,100,1,1,北日本
SHP-013677,W-21,FG-0014,2024-08-06,100,100,1,1,東日本
SHP-013678,W-08,FG-0048,2025-12-06,50,50,1,1,海外
SHP-013679,W-03,FG-0052,2026-02-06,100,100,1,1,東日本
SHP-013680,W-11,FG-0027,2024-07-03,10,10,1,1,海外
SHP-013681,W-13,FG-0010,2025-08-27,100,100,1,1,西日本
SHP-013682,W-22,FG-0009,2024-05-25,10,10,1,1,海外
SHP-013683,W-19,FG-0035,2024-12-09,20,20,0,1,海外
SHP-013684,W-24,FG-0004,2026-04-05,50,50,1,1,海外
SHP-013685,W-21,FG-0005,2025-12-07,100,100,1,1,北日本
SHP-013686,W-08,FG-0075,2026-01-02,10,10,1,1,海外
SHP-013687,W-07,FG-0072,2024-01-14,20,20,1,1,海外
SHP-013688,W-08,FG-0034,2024-05-20,50,50,1,1,西日本
SHP-013689,W-18,FG-0007,2024-12-13,50,50,1,1,東日本
SHP-013690,W-15,FG-0059,2024-07-31,50,50,1,1,北日本
SHP-013691,W-05,FG-0011,2025-01-23,10,7,0,0,西日本
SHP-013692,W-23,FG-0021,2025-05-04,10,10,1,1,海外
SHP-013693,W-17,FG-0074,2024-12-09,10,10,1,1,海外
SHP-013694,W-10,FG-0079,2024-02-26,50,50,0,1,海外
SHP-013695,W-12,FG-0028,2025-11-27,50,50,1,1,西日本
SHP-013696,W-21,FG-0047,2025-08-31,50,50,1,1,西日本
SHP-013697,W-14,FG-0075,2024-05-10,100,100,1,1,西日本
SHP-013698,W-24,FG-0049,2025-08-29,10,10,1,1,西日本
SHP-013699,W-11,FG-0002,2025-01-08,20,20,1,1,海外
SHP-013700,W-21,FG-0032,2026-03-14,10,10,1,1,北日本
SHP-013701,W-14,FG-0001,2025-09-07,50,50,1,1,西日本
SHP-013702,W-21,FG-0057,2026-01-14,50,50,1,1,西日本
SHP-013703,W-15,FG-0034,2024-09-04,50,50,1,1,北日本
SHP-013704,W-03,FG-0003,2024-02-07,20,20,1,1,西日本
SHP-013705,W-12,FG-0042,2025-09-10,10,10,1,1,東日本
SHP-013706,W-01,FG-0014,2025-10-04,50,50,1,1,海外
SHP-013707,W-13,FG-0071,2024-04-04,100,100,1,1,北日本
SHP-013708,W-11,FG-0080,2025-09-12,10,10,1,1,北日本
SHP-013709,W-15,FG-0013,2026-03-16,20,20,1,1,東日本
SHP-013710,W-09,FG-0065,2025-07-02,50,50,1,1,東日本
SHP-013711,W-07,FG-0076,2025-08-29,10,10,1,1,北日本
SHP-013712,W-15,FG-0031,2024-05-21,10,10,1,1,北日本
SHP-013713,W-20,FG-0067,2025-03-27,20,20,1,1,西日本
SHP-013714,W-08,FG-0015,2024-11-07,20,20,1,1,東日本
SHP-013715,W-17,FG-0027,2025-07-02,50,50,1,1,西日本
SHP-013716,W-09,FG-0036,2024-03-25,50,50,1,1,北日本
SHP-013717,W-24,FG-0064,2026-02-23,50,50,1,1,海外
SHP-013718,W-15,FG-0055,2024-09-26,50,50,1,1,東日本
SHP-013719,W-14,FG-0070,2024-02-01,100,100,1,1,海外
SHP-013720,W-08,FG-0028,2025-07-08,100,100,0,1,東日本
SHP-013721,W-02,FG-0039,2024-06-28,10,10,1,1,海外
SHP-013722,W-09,FG-0070,2025-08-18,100,100,1,1,東日本
SHP-013723,W-03,FG-0080,2025-01-08,20,16,1,0,西日本
SHP-013724,W-04,FG-0053,2025-05-07,50,50,1,1,北日本
SHP-013725,W-21,FG-0014,2024-11-12,50,50,1,1,東日本
SHP-013726,W-09,FG-0045,2024-10-27,10,10,1,1,西日本
SHP-013727,W-06,FG-0063,2024-02-14,10,10,1,1,海外
SHP-013728,W-07,FG-0048,2026-04-03,100,91,1,0,北日本
SHP-013729,W-18,FG-0053,2025-09-18,50,50,1,1,西日本
SHP-013730,W-02,FG-0033,2024-11-04,100,100,1,1,北日本
SHP-013731,W-24,FG-0045,2025-07-18,10,10,1,1,東日本
SHP-013732,W-20,FG-0031,2024-01-15,50,33,1,0,海外
SHP-013733,W-20,FG-0028,2025-09-16,10,10,1,1,西日本
SHP-013734,W-17,FG-0035,2024-11-07,50,50,1,1,西日本
SHP-013735,W-11,FG-0064,2024-01-01,20,20,1,1,東日本
SHP-013736,W-12,FG-0068,2025-04-20,50,39,1,0,西日本
SHP-013737,W-10,FG-0049,2025-02-07,10,10,1,1,北日本
SHP-013738,W-13,FG-0010,2024-04-06,10,10,1,1,西日本
SHP-013739,W-12,FG-0070,2024-10-15,10,10,1,1,西日本
SHP-013740,W-24,FG-0045,2025-12-17,10,7,1,0,東日本
SHP-013741,W-06,FG-0033,2025-07-22,10,10,1,1,北日本
SHP-013742,W-16,FG-0062,2025-02-08,20,20,1,1,東日本
SHP-013743,W-24,FG-0074,2024-02-04,100,100,0,1,西日本
SHP-013744,W-01,FG-0038,2024-07-23,50,50,0,1,西日本
SHP-013745,W-06,FG-0022,2024-06-19,50,50,1,1,北日本
SHP-013746,W-02,FG-0048,2024-07-10,100,100,1,1,北日本
SHP-013747,W-01,FG-0060,2026-04-12,10,10,1,1,海外
SHP-013748,W-15,FG-0062,2025-09-23,50,50,1,1,西日本
SHP-013749,W-15,FG-0076,2025-12-30,10,7,1,0,海外
SHP-013750,W-14,FG-0011,2025-08-04,100,100,1,1,東日本
SHP-013751,W-17,FG-0067,2024-12-08,20,20,1,1,北日本
SHP-013752,W-20,FG-0061,2025-06-22,50,50,1,1,北日本
SHP-013753,W-03,FG-0066,2025-06-10,10,10,1,1,東日本
SHP-013754,W-18,FG-0019,2024-03-06,100,100,1,1,海外
SHP-013755,W-04,FG-0036,2025-03-28,10,10,1,1,北日本
SHP-013756,W-03,FG-0007,2024-05-25,50,50,1,1,西日本
SHP-013757,W-15,FG-0034,2025-10-20,10,10,1,1,東日本
SHP-013758,W-05,FG-0040,2024-04-23,20,20,1,1,西日本
SHP-013759,W-23,FG-0041,2024-05-28,20,20,1,1,東日本
SHP-013760,W-12,FG-0078,2024-06-24,100,100,1,1,西日本
SHP-013761,W-19,FG-0014,2025-09-17,100,100,1,1,東日本
SHP-013762,W-24,FG-0014,2024-05-22,50,50,1,1,東日本
SHP-013763,W-22,FG-0071,2025-04-24,10,10,1,1,海外
SHP-013764,W-12,FG-0023,2025-10-14,20,20,1,1,東日本
SHP-013765,W-02,FG-0027,2025-07-09,50,50,1,1,海外
SHP-013766,W-12,FG-0014,2025-03-18,10,10,1,1,海外
SHP-013767,W-09,FG-0076,2024-01-13,20,15,1,0,西日本
SHP-013768,W-13,FG-0007,2024-08-30,10,10,1,1,東日本
SHP-013769,W-07,FG-0022,2024-06-09,20,20,1,1,海外
SHP-013770,W-15,FG-0029,2026-04-16,100,82,0,0,海外
SHP-013771,W-01,FG-0049,2024-01-04,50,33,0,0,北日本
SHP-013772,W-10,FG-0044,2024-01-17,100,100,1,1,西日本
SHP-013773,W-09,FG-0015,2024-09-28,50,50,1,1,東日本
SHP-013774,W-11,FG-0037,2024-04-15,50,50,1,1,北日本
SHP-013775,W-18,FG-0032,2024-10-12,20,20,1,1,東日本
SHP-013776,W-03,FG-0041,2024-05-08,100,100,1,1,東日本
SHP-013777,W-06,FG-0052,2025-11-20,50,50,1,1,西日本
SHP-013778,W-07,FG-0065,2025-02-07,10,6,1,0,西日本
SHP-013779,W-17,FG-0068,2025-12-02,50,50,1,1,西日本
SHP-013780,W-20,FG-0028,2024-04-27,10,10,1,1,西日本
SHP-013781,W-03,FG-0077,2025-04-18,10,10,1,1,海外
SHP-013782,W-07,FG-0051,2025-09-17,20,20,1,1,海外
SHP-013783,W-13,FG-0017,2025-08-06,20,20,0,1,東日本
SHP-013784,W-07,FG-0011,2025-03-23,20,20,1,1,北日本
SHP-013785,W-20,FG-0077,2024-02-13,50,50,1,1,東日本
SHP-013786,W-08,FG-0060,2024-03-17,100,100,1,1,海外
SHP-013787,W-15,FG-0030,2025-06-11,100,100,1,1,海外
SHP-013788,W-18,FG-0077,2024-12-15,10,10,1,1,西日本
SHP-013789,W-01,FG-0066,2025-05-14,50,50,1,1,東日本
SHP-013790,W-06,FG-0057,2026-04-22,10,10,1,1,北日本
SHP-013791,W-12,FG-0043,2024-09-08,20,20,1,1,西日本
SHP-013792,W-04,FG-0046,2024-07-02,10,10,1,1,西日本
SHP-013793,W-09,FG-0041,2026-01-30,10,10,1,1,北日本
SHP-013794,W-14,FG-0061,2025-03-20,100,100,1,1,西日本
SHP-013795,W-04,FG-0061,2024-06-04,100,100,1,1,北日本
SHP-013796,W-04,FG-0007,2024-07-23,20,20,1,1,北日本
SHP-013797,W-05,FG-0074,2025-03-14,50,50,1,1,西日本
SHP-013798,W-13,FG-0002,2024-11-07,100,100,1,1,東日本
SHP-013799,W-11,FG-0011,2025-02-27,50,50,1,1,海外
SHP-013800,W-20,FG-0024,2024-05-24,100,100,1,1,北日本
SHP-013801,W-05,FG-0055,2025-01-04,100,100,1,1,東日本
SHP-013802,W-19,FG-0058,2025-07-12,20,20,1,1,東日本
SHP-013803,W-07,FG-0039,2025-01-16,100,100,1,1,北日本
SHP-013804,W-23,FG-0068,2025-07-24,10,10,1,1,西日本
SHP-013805,W-03,FG-0020,2025-12-23,20,20,1,1,北日本
SHP-013806,W-16,FG-0007,2024-11-13,10,7,1,0,海外
SHP-013807,W-22,FG-0037,2026-03-31,100,100,1,1,東日本
SHP-013808,W-02,FG-0052,2024-12-03,20,20,1,1,西日本
SHP-013809,W-19,FG-0016,2024-07-06,100,80,1,0,東日本
SHP-013810,W-03,FG-0033,2026-03-04,50,50,1,1,海外
SHP-013811,W-01,FG-0026,2025-10-17,50,50,1,1,海外
SHP-013812,W-12,FG-0015,2024-04-26,100,75,1,0,海外
SHP-013813,W-21,FG-0059,2025-06-27,100,80,1,0,東日本
SHP-013814,W-20,FG-0079,2024-08-06,50,50,1,1,西日本
SHP-013815,W-11,FG-0056,2024-07-27,50,50,1,1,東日本
SHP-013816,W-10,FG-0076,2024-06-14,20,18,1,0,東日本
SHP-013817,W-15,FG-0066,2024-05-10,100,74,1,0,北日本
SHP-013818,W-21,FG-0021,2025-01-25,20,20,1,1,東日本
SHP-013819,W-06,FG-0047,2024-12-21,10,10,1,1,西日本
SHP-013820,W-07,FG-0011,2024-02-22,50,50,1,1,北日本
SHP-013821,W-18,FG-0044,2024-06-22,20,20,0,1,東日本
SHP-013822,W-06,FG-0007,2024-12-18,100,100,1,1,東日本
SHP-013823,W-04,FG-0049,2024-10-16,50,50,0,1,東日本
SHP-013824,W-03,FG-0053,2024-10-03,20,20,0,1,北日本
SHP-013825,W-11,FG-0004,2024-06-14,20,20,0,1,北日本
SHP-013826,W-16,FG-0076,2026-03-27,10,10,1,1,北日本
SHP-013827,W-18,FG-0032,2025-05-25,10,10,0,1,東日本
SHP-013828,W-15,FG-0056,2026-03-13,10,10,1,1,西日本
SHP-013829,W-17,FG-0057,2025-11-01,50,50,1,1,西日本
SHP-013830,W-03,FG-0074,2025-03-13,20,20,1,1,東日本
SHP-013831,W-07,FG-0068,2024-04-24,20,20,1,1,北日本
SHP-013832,W-06,FG-0011,2026-03-08,50,50,1,1,北日本
SHP-013833,W-08,FG-0045,2024-01-02,100,100,0,1,西日本
SHP-013834,W-18,FG-0037,2024-07-04,20,20,1,1,東日本
SHP-013835,W-07,FG-0061,2025-07-18,50,50,1,1,東日本
SHP-013836,W-15,FG-0020,2024-03-28,50,50,1,1,東日本
SHP-013837,W-22,FG-0072,2025-10-23,50,50,1,1,西日本
SHP-013838,W-06,FG-0044,2026-04-22,20,20,1,1,東日本
SHP-013839,W-24,FG-0052,2025-11-19,100,100,1,1,海外
SHP-013840,W-03,FG-0064,2025-08-18,20,20,1,1,西日本
SHP-013841,W-16,FG-0055,2025-08-20,100,100,0,1,北日本
SHP-013842,W-23,FG-0003,2024-12-22,10,8,0,0,海外
SHP-013843,W-12,FG-0007,2024-02-20,50,50,1,1,海外
SHP-013844,W-05,FG-0071,2024-06-29,100,100,1,1,東日本
SHP-013845,W-13,FG-0051,2025-03-30,20,20,1,1,海外
SHP-013846,W-19,FG-0012,2024-01-09,20,20,1,1,北日本
SHP-013847,W-16,FG-0043,2026-02-18,50,50,1,1,北日本
SHP-013848,W-14,FG-0077,2024-12-30,50,50,1,1,北日本
SHP-013849,W-06,FG-0013,2025-11-12,50,50,1,1,西日本
SHP-013850,W-19,FG-0010,2025-10-04,50,50,1,1,東日本
SHP-013851,W-20,FG-0006,2024-10-15,20,20,1,1,西日本
SHP-013852,W-23,FG-0023,2025-04-19,100,100,1,1,東日本
SHP-013853,W-11,FG-0014,2024-05-09,10,10,0,1,西日本
SHP-013854,W-15,FG-0003,2024-02-13,10,10,1,1,東日本
SHP-013855,W-03,FG-0062,2026-03-11,20,20,1,1,北日本
SHP-013856,W-24,FG-0032,2024-08-11,20,20,0,1,東日本
SHP-013857,W-13,FG-0061,2025-07-27,100,100,0,1,海外
SHP-013858,W-02,FG-0041,2024-04-18,100,100,1,1,北日本
SHP-013859,W-20,FG-0069,2024-11-12,50,50,1,1,東日本
SHP-013860,W-16,FG-0025,2025-01-19,100,76,1,0,北日本
SHP-013861,W-06,FG-0071,2024-05-16,50,39,1,0,西日本
SHP-013862,W-17,FG-0050,2024-04-17,100,100,1,1,西日本
SHP-013863,W-24,FG-0016,2025-06-27,20,20,1,1,東日本
SHP-013864,W-07,FG-0042,2025-01-10,20,20,1,1,西日本
SHP-013865,W-24,FG-0012,2025-01-17,10,10,1,1,海外
SHP-013866,W-02,FG-0036,2024-07-26,100,100,1,1,東日本
SHP-013867,W-01,FG-0040,2024-07-07,50,50,1,1,海外
SHP-013868,W-04,FG-0056,2025-03-31,20,20,1,1,北日本
SHP-013869,W-16,FG-0054,2024-01-11,50,50,1,1,西日本
SHP-013870,W-06,FG-0039,2025-04-24,100,100,1,1,東日本
SHP-013871,W-13,FG-0050,2024-01-31,100,100,1,1,西日本
SHP-013872,W-01,FG-0004,2025-09-27,50,50,1,1,海外
SHP-013873,W-19,FG-0071,2026-03-14,50,50,1,1,西日本
SHP-013874,W-01,FG-0030,2025-05-17,10,10,1,1,西日本
SHP-013875,W-22,FG-0057,2024-06-21,20,20,1,1,北日本
SHP-013876,W-11,FG-0004,2026-02-11,10,10,1,1,東日本
SHP-013877,W-24,FG-0076,2024-10-01,10,10,1,1,北日本
SHP-013878,W-12,FG-0057,2025-05-03,20,20,1,1,東日本
SHP-013879,W-03,FG-0036,2025-09-14,50,50,1,1,東日本
SHP-013880,W-21,FG-0001,2026-04-02,20,20,1,1,西日本
SHP-013881,W-04,FG-0023,2025-01-29,20,17,1,0,北日本
SHP-013882,W-12,FG-0022,2025-08-18,20,20,0,1,東日本
SHP-013883,W-04,FG-0023,2024-05-24,50,50,1,1,東日本
SHP-013884,W-17,FG-0077,2024-01-29,20,20,1,1,西日本
SHP-013885,W-18,FG-0005,2025-01-15,50,50,1,1,西日本
SHP-013886,W-02,FG-0053,2024-11-20,10,10,0,1,北日本
SHP-013887,W-03,FG-0080,2026-01-08,20,20,1,1,東日本
SHP-013888,W-10,FG-0067,2024-04-15,20,20,1,1,東日本
SHP-013889,W-22,FG-0008,2025-06-21,10,10,1,1,西日本
SHP-013890,W-22,FG-0073,2025-11-24,50,50,1,1,北日本
SHP-013891,W-17,FG-0053,2026-01-23,10,10,1,1,海外
SHP-013892,W-17,FG-0029,2026-04-18,100,100,1,1,東日本
SHP-013893,W-15,FG-0019,2024-10-10,20,20,1,1,北日本
SHP-013894,W-17,FG-0033,2026-02-23,100,100,1,1,北日本
SHP-013895,W-23,FG-0044,2024-05-29,100,89,1,0,北日本
SHP-013896,W-19,FG-0037,2025-08-11,10,10,1,1,北日本
SHP-013897,W-13,FG-0050,2024-12-04,20,20,1,1,海外
SHP-013898,W-06,FG-0044,2025-12-08,100,100,1,1,北日本
SHP-013899,W-06,FG-0067,2024-05-21,50,50,1,1,西日本
SHP-013900,W-13,FG-0010,2024-02-09,100,100,1,1,北日本
SHP-013901,W-03,FG-0050,2024-04-05,10,10,1,1,海外
SHP-013902,W-23,FG-0030,2025-01-02,10,10,1,1,北日本
SHP-013903,W-01,FG-0064,2025-08-05,100,100,0,1,西日本
SHP-013904,W-13,FG-0013,2024-04-28,20,20,1,1,東日本
SHP-013905,W-01,FG-0061,2024-11-04,50,50,1,1,西日本
SHP-013906,W-19,FG-0062,2024-01-04,20,20,1,1,北日本
SHP-013907,W-02,FG-0062,2025-05-18,10,10,1,1,北日本
SHP-013908,W-08,FG-0032,2025-04-21,20,20,1,1,東日本
SHP-013909,W-19,FG-0032,2025-07-29,10,8,1,0,西日本
SHP-013910,W-16,FG-0056,2025-05-25,50,50,1,1,東日本
SHP-013911,W-03,FG-0063,2025-04-28,50,50,1,1,北日本
SHP-013912,W-08,FG-0025,2025-05-29,50,47,1,0,北日本
SHP-013913,W-23,FG-0040,2024-06-05,20,20,1,1,東日本
SHP-013914,W-14,FG-0053,2024-11-14,10,10,1,1,北日本
SHP-013915,W-16,FG-0001,2024-10-31,50,50,0,1,海外
SHP-013916,W-10,FG-0060,2024-07-15,100,100,1,1,北日本
SHP-013917,W-11,FG-0072,2026-03-14,10,10,1,1,海外
SHP-013918,W-17,FG-0023,2025-08-21,10,10,1,1,東日本
SHP-013919,W-13,FG-0004,2024-01-24,10,10,1,1,東日本
SHP-013920,W-06,FG-0040,2024-03-06,100,65,1,0,北日本
SHP-013921,W-09,FG-0036,2024-07-31,100,100,1,1,海外
SHP-013922,W-07,FG-0014,2024-10-02,50,50,1,1,北日本
SHP-013923,W-03,FG-0069,2025-11-20,10,10,1,1,海外
SHP-013924,W-10,FG-0071,2025-04-01,10,10,1,1,海外
SHP-013925,W-11,FG-0051,2024-05-02,20,20,1,1,東日本
SHP-013926,W-06,FG-0017,2025-08-28,100,100,1,1,西日本
SHP-013927,W-02,FG-0043,2025-11-27,20,20,1,1,北日本
SHP-013928,W-10,FG-0039,2025-06-16,100,100,0,1,北日本
SHP-013929,W-20,FG-0060,2024-01-25,20,20,1,1,東日本
SHP-013930,W-13,FG-0001,2025-05-08,10,10,0,1,西日本
SHP-013931,W-21,FG-0012,2024-01-02,100,100,0,1,西日本
SHP-013932,W-21,FG-0064,2025-10-02,20,20,1,1,海外
SHP-013933,W-04,FG-0013,2025-07-29,50,50,1,1,北日本
SHP-013934,W-24,FG-0021,2025-04-14,100,100,1,1,海外
SHP-013935,W-15,FG-0027,2025-06-26,50,31,1,0,北日本
SHP-013936,W-19,FG-0024,2024-08-19,100,93,1,0,西日本
SHP-013937,W-23,FG-0065,2025-07-06,100,88,1,0,北日本
SHP-013938,W-22,FG-0062,2024-08-21,20,18,0,0,東日本
SHP-013939,W-15,FG-0048,2025-08-19,20,15,1,0,西日本
SHP-013940,W-02,FG-0007,2024-08-22,100,80,0,0,西日本
SHP-013941,W-05,FG-0029,2024-07-10,100,100,1,1,東日本
SHP-013942,W-05,FG-0017,2024-05-30,10,10,1,1,海外
SHP-013943,W-08,FG-0075,2025-10-29,20,20,1,1,西日本
SHP-013944,W-11,FG-0013,2025-12-04,100,100,0,1,東日本
SHP-013945,W-12,FG-0070,2025-06-03,50,37,1,0,海外
SHP-013946,W-18,FG-0063,2025-09-23,10,6,1,0,西日本
SHP-013947,W-23,FG-0026,2024-08-31,100,100,1,1,東日本
SHP-013948,W-08,FG-0030,2024-06-06,20,20,0,1,西日本
SHP-013949,W-15,FG-0043,2025-06-23,50,50,0,1,西日本
SHP-013950,W-05,FG-0052,2024-06-03,20,20,1,1,海外
SHP-013951,W-05,FG-0058,2024-10-11,20,14,1,0,海外
SHP-013952,W-23,FG-0009,2025-01-03,50,50,1,1,海外
SHP-013953,W-06,FG-0068,2025-07-04,20,20,1,1,海外
SHP-013954,W-22,FG-0053,2025-10-01,10,10,1,1,北日本
SHP-013955,W-14,FG-0039,2024-09-02,50,50,0,1,東日本
SHP-013956,W-21,FG-0066,2024-02-20,100,100,0,1,東日本
SHP-013957,W-03,FG-0030,2024-09-03,50,50,1,1,西日本
SHP-013958,W-16,FG-0027,2024-03-19,100,100,1,1,西日本
SHP-013959,W-12,FG-0072,2024-07-06,100,81,1,0,西日本
SHP-013960,W-07,FG-0018,2026-02-16,20,20,1,1,東日本
SHP-013961,W-06,FG-0011,2024-04-09,50,40,1,0,西日本
SHP-013962,W-11,FG-0022,2024-12-27,100,100,1,1,北日本
SHP-013963,W-23,FG-0072,2025-03-03,50,50,1,1,東日本
SHP-013964,W-17,FG-0002,2025-10-28,50,50,1,1,海外
SHP-013965,W-16,FG-0012,2024-12-06,50,50,1,1,海外
SHP-013966,W-16,FG-0069,2025-04-16,20,20,1,1,東日本
SHP-013967,W-19,FG-0016,2024-07-17,100,100,1,1,北日本
SHP-013968,W-01,FG-0042,2026-04-25,100,100,1,1,海外
SHP-013969,W-19,FG-0044,2026-04-02,100,100,0,1,東日本
SHP-013970,W-16,FG-0039,2025-07-04,50,50,1,1,北日本
SHP-013971,W-18,FG-0007,2025-11-12,10,7,1,0,東日本
SHP-013972,W-04,FG-0064,2025-04-08,100,100,1,1,海外
SHP-013973,W-11,FG-0046,2026-03-31,100,76,1,0,海外
SHP-013974,W-24,FG-0005,2024-07-06,20,20,1,1,東日本
SHP-013975,W-24,FG-0051,2024-09-24,10,10,0,1,西日本
SHP-013976,W-20,FG-0011,2024-03-01,50,50,1,1,海外
SHP-013977,W-03,FG-0058,2024-12-29,10,10,1,1,東日本
SHP-013978,W-23,FG-0018,2026-03-20,10,10,1,1,西日本
SHP-013979,W-14,FG-0001,2026-04-17,100,100,1,1,北日本
SHP-013980,W-02,FG-0040,2025-07-27,10,10,1,1,東日本
SHP-013981,W-22,FG-0039,2025-02-03,10,10,1,1,海外
SHP-013982,W-10,FG-0011,2025-01-31,100,100,1,1,西日本
SHP-013983,W-14,FG-0073,2025-10-20,100,100,1,1,北日本
SHP-013984,W-09,FG-0052,2024-05-02,100,100,1,1,北日本
SHP-013985,W-18,FG-0029,2026-01-25,20,17,1,0,西日本
SHP-013986,W-20,FG-0024,2025-12-21,100,65,1,0,海外
SHP-013987,W-07,FG-0046,2024-12-09,50,50,1,1,北日本
SHP-013988,W-23,FG-0052,2025-05-12,10,10,0,1,西日本
SHP-013989,W-04,FG-0057,2024-10-01,20,20,0,1,北日本
SHP-013990,W-02,FG-0031,2025-12-11,10,10,1,1,海外
SHP-013991,W-12,FG-0005,2025-03-17,50,50,0,1,西日本
SHP-013992,W-01,FG-0050,2026-02-05,50,50,1,1,北日本
SHP-013993,W-15,FG-0055,2024-04-21,100,90,0,0,海外
SHP-013994,W-21,FG-0051,2024-08-29,20,17,1,0,海外
SHP-013995,W-23,FG-0036,2026-02-08,20,20,1,1,海外
SHP-013996,W-05,FG-0067,2024-10-28,20,20,0,1,北日本
SHP-013997,W-06,FG-0027,2024-12-16,20,20,0,1,西日本
SHP-013998,W-24,FG-0010,2026-02-15,100,100,0,1,北日本
SHP-013999,W-10,FG-0074,2025-02-19,10,8,1,0,北日本
SHP-014000,W-02,FG-0002,2025-02-19,10,10,1,1,海外
SHP-000001,W-09,FG-0022,2025-05-30,50,36,1,0,東日本
SHP-000002,W-07,FG-0057,2024-10-12,50,50,1,1,海外
SHP-000003,W-10,FG-0069,2024-04-18,100,100,1,1,北日本
SHP-000004,W-24,FG-0051,2026-02-13,10,10,1,1,北日本
SHP-000005,W-10,FG-0076,2025-12-13,10,10,1,1,西日本
SHP-000006,W-13,FG-0026,2024-05-11,10,10,1,1,海外
SHP-000007,W-04,FG-0036,2025-02-05,10,10,1,1,西日本
SHP-000008,W-07,FG-0005,2024-09-04,10,10,1,1,西日本
SHP-000009,W-23,FG-0014,2024-09-30,10,10,0,1,北日本
SHP-000010,W-02,FG-0021,2024-03-09,50,50,1,1,海外
SHP-000011,W-21,FG-0004,2026-03-02,20,20,1,1,西日本
SHP-000012,W-12,FG-0043,2025-09-30,100,100,1,1,西日本
SHP-000013,W-01,FG-0040,2024-02-16,20,20,1,1,東日本
SHP-000014,W-17,FG-0047,2026-01-05,20,20,1,1,海外
SHP-000015,W-16,FG-0060,2025-05-19,20,20,0,1,西日本
SHP-000016,W-13,FG-0014,2026-01-30,20,20,1,1,北日本
SHP-000017,W-10,FG-0019,2024-07-04,50,50,1,1,北日本
SHP-000018,W-09,FG-0051,2025-03-13,10,10,1,1,北日本
SHP-000019,W-15,FG-0030,2024-01-12,100,75,1,0,西日本
SHP-000020,W-01,FG-0037,2026-03-08,50,50,1,1,海外
SHP-000021,W-23,FG-0078,2025-01-01,50,50,1,1,東日本
SHP-000022,W-18,FG-0022,2025-10-05,20,20,1,1,海外
SHP-000023,W-24,FG-0038,2025-06-27,20,20,0,1,東日本
SHP-000024,W-11,FG-0003,2025-05-07,10,10,1,1,西日本
SHP-000025,W-23,FG-0009,2026-01-22,20,20,1,1,海外
SHP-000026,W-06,FG-0024,2024-03-31,100,100,0,1,西日本
SHP-000027,W-06,FG-0041,2025-12-27,10,8,1,0,西日本
SHP-000028,W-01,FG-0066,2024-12-26,20,20,1,1,西日本
SHP-000029,W-01,FG-0080,2024-11-15,10,10,1,1,西日本
SHP-000030,W-03,FG-0019,2024-03-29,100,100,1,1,海外
SHP-000031,W-10,FG-0019,2024-02-22,50,50,1,1,海外
SHP-000032,W-22,FG-0018,2024-10-04,20,20,0,1,北日本
SHP-000033,W-01,FG-0072,2025-03-21,10,10,1,1,西日本
SHP-000034,W-09,FG-0043,2025-12-08,50,50,1,1,北日本
SHP-000035,W-22,FG-0044,2026-01-03,10,10,1,1,東日本
SHP-000036,W-01,FG-0051,2026-02-20,20,13,1,0,東日本
SHP-000037,W-18,FG-0025,2026-03-11,10,8,0,0,海外
SHP-000038,W-04,FG-0062,2024-12-06,20,20,1,1,東日本
SHP-000039,W-22,FG-0055,2024-07-14,20,20,1,1,海外
SHP-000040,W-15,FG-0001,2024-05-19,20,20,1,1,北日本
SHP-000041,W-20,FG-0031,2025-12-18,10,10,1,1,海外
SHP-000042,W-10,FG-0039,2025-12-20,10,10,1,1,北日本
SHP-000043,W-22,FG-0004,2024-04-06,50,50,1,1,東日本
SHP-000044,W-16,FG-0039,2025-07-31,50,31,1,0,海外
SHP-000045,W-18,FG-0077,2024-04-19,10,10,1,1,北日本
SHP-000046,W-20,FG-0044,2024-06-14,50,50,1,1,海外
SHP-000047,W-15,FG-0065,2024-03-06,20,20,1,1,海外
SHP-000048,W-09,FG-0062,2026-02-22,100,100,1,1,西日本
SHP-000049,W-18,FG-0071,2026-03-21,100,100,1,1,北日本
SHP-000050,W-12,FG-0060,2025-09-27,50,50,1,1,東日本
SHP-000051,W-08,FG-0027,2025-10-18,100,100,0,1,東日本
SHP-000052,W-02,FG-0025,2025-09-19,50,50,1,1,東日本
SHP-000053,W-24,FG-0064,2024-11-15,100,100,0,1,北日本
SHP-000054,W-07,FG-0044,2025-12-21,10,10,1,1,海外
SHP-000055,W-07,FG-0059,2025-01-28,20,20,1,1,東日本
SHP-000056,W-23,FG-0015,2024-03-25,20,20,1,1,北日本
SHP-000057,W-18,FG-0069,2025-01-23,20,20,0,1,西日本
SHP-000058,W-13,FG-0039,2025-06-21,20,20,1,1,北日本
SHP-000059,W-08,FG-0032,2025-01-01,50,50,1,1,東日本
SHP-000060,W-11,FG-0053,2025-08-08,20,20,1,1,東日本
SHP-000061,W-17,FG-0061,2024-08-30,10,8,1,0,海外
SHP-000062,W-01,FG-0056,2026-02-06,50,50,1,1,北日本
SHP-000063,W-01,FG-0053,2025-02-27,50,50,1,1,海外
SHP-000064,W-12,FG-0038,2025-04-23,10,10,1,1,海外
SHP-000065,W-04,FG-0035,2026-01-28,10,10,1,1,海外
SHP-000066,W-05,FG-0001,2025-08-03,10,10,1,1,海外
SHP-000067,W-09,FG-0039,2025-08-28,100,100,1,1,北日本
SHP-000068,W-14,FG-0026,2024-08-31,20,20,1,1,北日本
SHP-000069,W-21,FG-0018,2025-09-21,20,20,1,1,海外
SHP-000070,W-11,FG-0023,2024-10-18,20,20,1,1,北日本
SHP-000071,W-19,FG-0024,2025-12-14,20,20,1,1,東日本
SHP-000072,W-16,FG-0074,2024-10-22,10,10,1,1,西日本
SHP-000073,W-20,FG-0055,2024-09-22,10,10,1,1,東日本
SHP-000074,W-01,FG-0015,2025-09-05,10,8,0,0,北日本
SHP-000075,W-03,FG-0053,2025-11-04,50,50,0,1,西日本
SHP-000076,W-16,FG-0020,2025-11-03,50,50,1,1,北日本
SHP-000077,W-20,FG-0042,2024-03-02,50,50,1,1,西日本
SHP-000078,W-24,FG-0014,2024-03-19,50,50,1,1,西日本
SHP-000079,W-03,FG-0017,2025-07-10,10,10,1,1,東日本
SHP-000080,W-12,FG-0010,2025-12-21,50,43,1,0,東日本
SHP-000081,W-07,FG-0074,2024-01-23,50,50,1,1,東日本
SHP-000082,W-24,FG-0065,2026-01-14,20,20,1,1,北日本
SHP-000083,W-19,FG-0034,2025-06-24,50,50,1,1,海外
SHP-000084,W-11,FG-0014,2024-09-21,20,20,1,1,海外
SHP-000085,W-02,FG-0011,2024-04-15,10,10,1,1,東日本
SHP-000086,W-10,FG-0068,2025-10-10,100,100,1,1,海外
SHP-000087,W-20,FG-0079,2026-01-11,100,100,0,1,海外
SHP-000088,W-18,FG-0022,2026-03-27,100,100,1,1,西日本
SHP-000089,W-18,FG-0008,2025-03-29,20,20,0,1,東日本
SHP-000090,W-02,FG-0042,2025-11-28,10,10,1,1,西日本
SHP-000091,W-17,FG-0061,2024-05-25,10,10,1,1,東日本
SHP-000092,W-22,FG-0069,2024-06-15,100,62,1,0,東日本
SHP-000093,W-08,FG-0075,2025-05-19,20,20,1,1,西日本
SHP-000094,W-09,FG-0049,2024-08-19,20,20,1,1,西日本
SHP-000095,W-04,FG-0019,2024-07-21,10,10,1,1,東日本
SHP-000096,W-16,FG-0004,2024-09-19,10,10,1,1,西日本
SHP-000097,W-22,FG-0004,2024-05-13,10,10,1,1,北日本
SHP-000098,W-16,FG-0043,2024-10-26,20,20,1,1,海外
SHP-000099,W-24,FG-0034,2025-01-23,10,10,1,1,海外
SHP-000100,W-11,FG-0062,2024-10-13,50,50,1,1,北日本
SHP-000101,W-20,FG-0042,2024-01-01,10,10,1,1,北日本
SHP-000102,W-01,FG-0038,2024-10-31,50,50,1,1,西日本
SHP-000103,W-03,FG-0008,2024-03-02,100,100,1,1,北日本
SHP-000104,W-12,FG-0017,2025-08-29,50,50,1,1,西日本
SHP-000105,W-22,FG-0068,2024-03-20,20,20,1,1,北日本
SHP-000106,W-11,FG-0058,2025-06-23,10,10,1,1,北日本
SHP-000107,W-06,FG-0015,2025-05-15,20,20,1,1,海外
SHP-000108,W-02,FG-0050,2024-04-11,100,62,1,0,北日本
SHP-000109,W-13,FG-0013,2025-12-14,10,10,1,1,西日本
SHP-000110,W-05,FG-0075,2026-02-28,10,10,1,1,西日本
SHP-000111,W-06,FG-0036,2024-08-08,10,10,1,1,東日本
SHP-000112,W-23,FG-0034,2024-12-01,10,6,1,0,東日本
SHP-000113,W-02,FG-0075,2024-06-12,10,9,1,0,北日本
SHP-000114,W-20,FG-0028,2026-01-20,10,10,1,1,西日本
SHP-000115,W-20,FG-0073,2024-11-14,20,20,0,1,北日本
SHP-000116,W-19,FG-0039,2024-11-19,50,50,1,1,海外
SHP-000117,W-14,FG-0024,2025-04-04,20,20,1,1,西日本
SHP-000118,W-20,FG-0010,2024-01-13,20,20,1,1,北日本
SHP-000119,W-03,FG-0014,2026-03-16,20,20,1,1,西日本
SHP-000120,W-07,FG-0063,2025-07-29,100,80,1,0,海外
SHP-000121,W-05,FG-0009,2024-08-16,100,100,1,1,東日本
SHP-000122,W-20,FG-0076,2025-04-11,20,20,1,1,東日本
SHP-000123,W-17,FG-0010,2025-10-29,100,100,1,1,海外
SHP-000124,W-15,FG-0066,2025-05-04,50,50,1,1,西日本
SHP-000125,W-21,FG-0034,2024-01-29,100,100,1,1,東日本
SHP-000126,W-21,FG-0054,2024-09-22,50,50,0,1,北日本
SHP-000127,W-02,FG-0041,2025-02-20,50,50,1,1,西日本
SHP-000128,W-23,FG-0032,2025-03-30,10,10,1,1,東日本
SHP-000129,W-12,FG-0015,2025-07-19,100,100,1,1,西日本
SHP-000130,W-07,FG-0008,2024-10-04,100,100,1,1,北日本
SHP-000131,W-14,FG-0077,2025-09-08,10,7,1,0,北日本
SHP-000132,W-18,FG-0072,2024-08-29,100,100,0,1,海外
SHP-000133,W-07,FG-0033,2024-12-05,50,50,1,1,西日本
SHP-000134,W-23,FG-0033,2024-02-10,20,20,1,1,東日本
SHP-000135,W-20,FG-0066,2025-12-07,100,93,1,0,海外
SHP-000136,W-09,FG-0079,2024-04-10,100,100,1,1,東日本
SHP-000137,W-19,FG-0072,2024-06-19,100,100,1,1,北日本
SHP-000138,W-14,FG-0007,2026-03-08,50,50,1,1,東日本
SHP-000139,W-13,FG-0073,2025-03-22,50,50,1,1,東日本
SHP-000140,W-01,FG-0065,2025-06-01,20,20,1,1,北日本
SHP-000141,W-12,FG-0059,2024-02-01,20,20,1,1,海外
SHP-000142,W-10,FG-0064,2025-03-25,20,20,1,1,東日本
SHP-000143,W-19,FG-0052,2024-06-16,50,50,1,1,西日本
SHP-000144,W-23,FG-0021,2025-04-11,100,100,1,1,北日本
SHP-000145,W-22,FG-0050,2024-09-21,20,20,1,1,西日本
SHP-000146,W-21,FG-0038,2025-07-08,100,61,1,0,東日本
SHP-000147,W-23,FG-0059,2026-01-09,50,50,1,1,北日本
SHP-000148,W-02,FG-0060,2025-08-17,20,20,1,1,海外
SHP-000149,W-21,FG-0036,2024-09-12,10,10,1,1,西日本
SHP-000150,W-16,FG-0065,2026-01-30,100,100,1,1,北日本
SHP-000151,W-15,FG-0051,2025-05-06,20,16,1,0,西日本
SHP-000152,W-24,FG-0013,2026-04-15,100,100,1,1,西日本
SHP-000153,W-16,FG-0013,2025-07-28,50,50,1,1,東日本
SHP-000154,W-13,FG-0073,2024-09-06,20,20,1,1,北日本
SHP-000155,W-21,FG-0002,2025-07-15,20,20,1,1,海外
SHP-000156,W-21,FG-0040,2024-01-08,100,100,1,1,北日本
SHP-000157,W-14,FG-0004,2024-12-08,20,18,1,0,東日本
SHP-000158,W-10,FG-0034,2024-04-10,50,50,1,1,東日本
SHP-000159,W-01,FG-0038,2025-02-18,50,32,1,0,海外
SHP-000160,W-24,FG-0011,2025-02-14,20,20,1,1,海外
SHP-000161,W-15,FG-0054,2025-12-13,100,100,0,1,東日本
SHP-000162,W-22,FG-0063,2024-12-14,50,50,1,1,西日本
SHP-000163,W-10,FG-0030,2026-03-31,100,100,1,1,海外
SHP-000164,W-09,FG-0028,2024-07-30,20,20,0,1,北日本
SHP-000165,W-22,FG-0010,2026-02-28,50,50,1,1,北日本
SHP-000166,W-06,FG-0013,2024-08-07,50,50,1,1,海外
SHP-000167,W-13,FG-0010,2025-01-03,10,10,1,1,海外
SHP-000168,W-08,FG-0022,2024-01-11,20,20,1,1,東日本
SHP-000169,W-01,FG-0078,2024-08-14,20,20,1,1,北日本
SHP-000170,W-13,FG-0039,2025-04-06,10,10,1,1,北日本
SHP-000171,W-15,FG-0002,2026-04-18,50,50,1,1,海外
SHP-000172,W-03,FG-0050,2025-12-12,50,50,1,1,東日本
SHP-000173,W-06,FG-0027,2024-02-18,20,20,1,1,北日本
SHP-000174,W-23,FG-0072,2025-05-11,100,100,1,1,北日本
SHP-000175,W-09,FG-0020,2025-01-25,100,100,0,1,西日本
SHP-000176,W-11,FG-0057,2024-07-13,20,20,1,1,西日本
SHP-000177,W-08,FG-0080,2024-05-09,100,100,1,1,東日本
SHP-000178,W-09,FG-0028,2025-09-15,50,50,1,1,東日本
SHP-000179,W-16,FG-0070,2026-04-18,100,100,1,1,西日本
SHP-000180,W-05,FG-0032,2025-09-20,100,100,1,1,西日本
SHP-000181,W-22,FG-0053,2025-03-13,10,10,0,1,海外
SHP-000182,W-05,FG-0043,2025-04-17,20,20,0,1,北日本
SHP-000183,W-05,FG-0067,2025-02-25,10,10,1,1,海外
SHP-000184,W-20,FG-0014,2025-07-10,10,10,1,1,北日本
SHP-000185,W-09,FG-0074,2025-08-17,20,20,1,1,東日本
SHP-000186,W-19,FG-0035,2025-11-21,50,50,1,1,北日本
SHP-000187,W-08,FG-0004,2025-04-07,10,10,1,1,西日本
SHP-000188,W-12,FG-0012,2025-11-01,20,20,1,1,北日本
SHP-000189,W-22,FG-0069,2025-08-30,10,10,1,1,東日本
SHP-000190,W-04,FG-0077,2026-01-08,50,50,1,1,東日本
SHP-000191,W-05,FG-0070,2024-01-15,10,10,0,1,東日本
SHP-000192,W-13,FG-0077,2025-09-30,10,10,1,1,西日本
SHP-000193,W-10,FG-0065,2025-11-04,50,50,0,1,海外
SHP-000194,W-19,FG-0006,2024-08-17,20,12,1,0,西日本
SHP-000195,W-17,FG-0041,2024-05-20,10,8,1,0,東日本
SHP-000196,W-16,FG-0031,2025-02-28,100,100,1,1,海外
SHP-000197,W-14,FG-0033,2025-09-29,20,20,1,1,東日本
SHP-000198,W-08,FG-0024,2024-06-02,50,50,1,1,海外
SHP-000199,W-09,FG-0003,2025-01-06,20,20,1,1,海外
SHP-000200,W-12,FG-0062,2025-06-08,100,100,1,1,東日本
SHP-000201,W-21,FG-0039,2025-08-08,100,100,1,1,東日本
SHP-000202,W-04,FG-0052,2025-04-28,20,20,1,1,東日本
SHP-000203,W-03,FG-0054,2024-12-29,20,20,1,1,海外
SHP-000204,W-04,FG-0022,2025-05-06,20,20,1,1,北日本
SHP-000205,W-22,FG-0053,2025-07-29,50,50,1,1,北日本
SHP-000206,W-01,FG-0080,2025-07-17,20,20,1,1,海外
SHP-000207,W-07,FG-0029,2026-04-05,10,10,1,1,西日本
SHP-000208,W-18,FG-0037,2024-04-21,10,10,1,1,北日本
SHP-000209,W-16,FG-0009,2025-05-02,20,20,0,1,東日本
SHP-000210,W-24,FG-0062,2024-03-07,20,20,1,1,北日本
SHP-000211,W-07,FG-0021,2024-02-07,100,100,0,1,北日本
SHP-000212,W-24,FG-0038,2025-02-10,50,50,1,1,北日本
SHP-000213,W-02,FG-0073,2024-08-30,100,82,1,0,北日本
SHP-000214,W-09,FG-0016,2025-03-19,100,100,1,1,東日本
SHP-000215,W-20,FG-0076,2026-01-31,20,20,1,1,北日本
SHP-000216,W-18,FG-0057,2025-01-06,100,100,1,1,海外
SHP-000217,W-19,FG-0080,2024-02-06,20,20,1,1,北日本
SHP-000218,W-20,FG-0027,2024-11-08,100,100,1,1,東日本
SHP-000219,W-02,FG-0077,2024-04-01,100,100,0,1,北日本
SHP-000220,W-07,FG-0054,2025-12-11,100,100,1,1,北日本
SHP-000221,W-01,FG-0015,2025-10-01,10,10,1,1,北日本
SHP-000222,W-24,FG-0043,2025-06-11,50,50,0,1,西日本
SHP-000223,W-16,FG-0071,2025-01-06,10,10,0,1,北日本
SHP-000224,W-10,FG-0066,2024-02-13,10,10,1,1,北日本
SHP-000225,W-18,FG-0012,2025-10-04,10,10,1,1,西日本
SHP-000226,W-22,FG-0035,2025-12-20,10,10,1,1,北日本
SHP-000227,W-05,FG-0039,2025-06-27,50,50,1,1,西日本
SHP-000228,W-17,FG-0066,2025-06-23,10,10,1,1,海外
SHP-000229,W-06,FG-0075,2025-03-12,100,100,0,1,北日本
SHP-000230,W-05,FG-0044,2024-06-25,50,50,1,1,海外
SHP-000231,W-17,FG-0069,2026-03-29,100,100,0,1,西日本
SHP-000232,W-09,FG-0005,2024-11-10,100,100,0,1,海外
SHP-000233,W-01,FG-0031,2024-08-07,20,20,1,1,西日本
SHP-000234,W-11,FG-0045,2024-07-25,10,7,1,0,西日本
SHP-000235,W-19,FG-0036,2025-04-16,100,100,1,1,北日本
SHP-000236,W-23,FG-0057,2024-05-06,20,20,1,1,北日本
SHP-000237,W-24,FG-0025,2026-01-15,10,10,1,1,西日本
SHP-000238,W-10,FG-0031,2024-10-17,100,100,1,1,北日本
SHP-000239,W-04,FG-0038,2025-12-15,50,50,1,1,北日本
SHP-000240,W-02,FG-0059,2024-01-13,50,50,1,1,海外
SHP-000241,W-11,FG-0040,2024-08-31,10,10,1,1,東日本
SHP-000242,W-09,FG-0057,2025-02-26,20,20,1,1,海外
SHP-000243,W-08,FG-0059,2025-08-06,50,50,1,1,東日本
SHP-000244,W-16,FG-0040,2024-04-26,100,100,1,1,海外
SHP-000245,W-09,FG-0034,2024-09-06,20,20,1,1,西日本
SHP-000246,W-08,FG-0062,2024-02-08,100,100,1,1,北日本
SHP-000247,W-20,FG-0023,2024-04-24,100,100,1,1,西日本
SHP-000248,W-14,FG-0041,2024-11-10,50,50,0,1,海外
SHP-000249,W-06,FG-0024,2026-03-23,100,100,1,1,北日本
SHP-000250,W-03,FG-0043,2024-06-13,100,100,1,1,西日本
SHP-000251,W-10,FG-0010,2025-10-25,10,10,1,1,北日本
SHP-000252,W-05,FG-0036,2025-08-07,10,10,1,1,北日本
SHP-000253,W-08,FG-0014,2026-01-06,20,20,1,1,東日本
SHP-000254,W-06,FG-0056,2024-02-23,10,10,1,1,北日本
SHP-000255,W-20,FG-0008,2024-10-19,100,100,1,1,北日本
SHP-000256,W-24,FG-0071,2024-04-17,20,20,1,1,海外
SHP-000257,W-11,FG-0076,2025-08-03,20,20,1,1,西日本
SHP-000258,W-23,FG-0071,2024-12-15,10,10,1,1,海外
SHP-000259,W-19,FG-0005,2024-05-14,10,10,1,1,東日本
SHP-000260,W-23,FG-0005,2025-10-20,10,10,0,1,西日本
SHP-000261,W-02,FG-0053,2024-08-04,100,100,0,1,西日本
SHP-000262,W-05,FG-0061,2025-09-06,20,20,1,1,西日本
SHP-000263,W-13,FG-0019,2025-08-31,20,20,0,1,西日本
SHP-000264,W-04,FG-0027,2025-06-05,50,50,0,1,海外
SHP-000265,W-22,FG-0032,2024-10-14,20,20,1,1,海外
SHP-000266,W-21,FG-0023,2025-06-06,20,20,0,1,東日本
SHP-000267,W-22,FG-0070,2024-08-05,100,100,1,1,東日本
SHP-000268,W-07,FG-0047,2025-01-11,20,20,1,1,海外
SHP-000269,W-14,FG-0029,2024-06-12,10,10,1,1,北日本
SHP-000270,W-18,FG-0023,2025-04-27,100,100,1,1,東日本
SHP-000271,W-19,FG-0047,2025-02-10,10,10,1,1,北日本
SHP-000272,W-13,FG-0040,2025-10-30,100,100,1,1,海外
SHP-000273,W-10,FG-0050,2025-09-19,50,50,1,1,東日本
SHP-000274,W-10,FG-0040,2025-12-03,20,20,1,1,西日本
SHP-000275,W-17,FG-0026,2025-05-02,20,20,1,1,東日本
SHP-000276,W-10,FG-0055,2024-05-18,50,50,1,1,東日本
SHP-000277,W-01,FG-0052,2024-01-04,20,20,1,1,北日本
SHP-000278,W-09,FG-0057,2025-09-24,10,10,1,1,東日本
SHP-000279,W-22,FG-0007,2024-09-08,10,6,1,0,北日本
SHP-000280,W-15,FG-0010,2025-01-09,50,50,1,1,海外
SHP-000281,W-18,FG-0043,2024-06-27,100,100,1,1,海外
SHP-000282,W-07,FG-0070,2026-01-14,50,50,1,1,北日本
SHP-000283,W-23,FG-0040,2025-07-05,50,50,1,1,東日本
SHP-000284,W-09,FG-0033,2024-03-03,50,50,1,1,海外
SHP-000285,W-10,FG-0069,2025-08-27,10,10,1,1,海外
SHP-000286,W-20,FG-0035,2025-03-10,100,100,1,1,西日本
SHP-000287,W-03,FG-0070,2024-06-26,50,50,0,1,西日本
SHP-000288,W-12,FG-0072,2025-11-27,10,10,1,1,北日本
SHP-000289,W-10,FG-0057,2025-10-18,100,66,0,0,北日本
SHP-000290,W-15,FG-0064,2024-10-26,20,20,1,1,海外
SHP-000291,W-11,FG-0061,2025-08-12,20,20,1,1,東日本
SHP-000292,W-21,FG-0026,2024-06-09,100,100,1,1,西日本
SHP-000293,W-14,FG-0008,2025-06-26,10,10,0,1,北日本
SHP-000294,W-14,FG-0055,2025-08-20,100,100,1,1,東日本
SHP-000295,W-19,FG-0055,2026-01-21,20,20,1,1,東日本
SHP-000296,W-09,FG-0071,2025-05-25,10,10,1,1,西日本
SHP-000297,W-21,FG-0053,2025-05-27,100,100,1,1,北日本
SHP-000298,W-01,FG-0080,2026-03-01,100,100,1,1,東日本
SHP-000299,W-07,FG-0033,2025-08-09,20,20,1,1,東日本
SHP-000300,W-10,FG-0052,2024-03-25,50,50,1,1,東日本
SHP-000301,W-13,FG-0027,2025-11-24,20,20,1,1,東日本
SHP-000302,W-13,FG-0023,2024-02-06,10,10,1,1,西日本
SHP-000303,W-21,FG-0079,2025-09-24,20,20,1,1,東日本
SHP-000304,W-18,FG-0001,2026-02-25,100,100,1,1,北日本
SHP-000305,W-21,FG-0055,2024-07-21,100,100,0,1,東日本
SHP-000306,W-23,FG-0041,2024-05-21,100,100,1,1,東日本
SHP-000307,W-16,FG-0019,2025-04-09,20,16,1,0,北日本
SHP-000308,W-02,FG-0031,2025-09-20,100,100,0,1,海外
SHP-000309,W-12,FG-0057,2024-09-26,10,10,1,1,東日本
SHP-000310,W-11,FG-0056,2024-06-14,20,20,1,1,西日本
SHP-000311,W-11,FG-0071,2025-06-16,50,50,1,1,東日本
SHP-000312,W-14,FG-0007,2025-05-23,10,10,1,1,北日本
SHP-000313,W-16,FG-0043,2024-11-10,100,100,1,1,西日本
SHP-000314,W-08,FG-0060,2024-10-11,20,20,1,1,北日本
SHP-000315,W-05,FG-0074,2025-03-05,50,50,1,1,海外
SHP-000316,W-21,FG-0061,2026-02-01,100,100,1,1,西日本
SHP-000317,W-19,FG-0013,2024-04-09,50,50,1,1,北日本
SHP-000318,W-23,FG-0016,2024-05-18,50,50,1,1,西日本
SHP-000319,W-23,FG-0078,2026-02-02,10,10,1,1,東日本
SHP-000320,W-16,FG-0036,2025-10-11,10,6,1,0,海外
SHP-000321,W-03,FG-0048,2025-01-21,50,50,1,1,海外
SHP-000322,W-24,FG-0050,2024-05-25,10,7,1,0,西日本
SHP-000323,W-07,FG-0052,2025-01-18,10,10,1,1,北日本
SHP-000324,W-05,FG-0049,2024-01-28,50,50,1,1,北日本
SHP-000325,W-18,FG-0061,2025-05-07,20,20,1,1,海外
SHP-000326,W-23,FG-0018,2024-08-18,100,100,1,1,東日本
SHP-000327,W-18,FG-0071,2024-06-26,100,100,1,1,北日本
SHP-000328,W-07,FG-0017,2025-04-24,10,10,1,1,西日本
SHP-000329,W-01,FG-0020,2025-11-07,10,10,1,1,北日本
SHP-000330,W-19,FG-0030,2024-11-13,100,100,1,1,北日本
SHP-000331,W-06,FG-0051,2025-02-21,10,10,1,1,海外
SHP-000332,W-09,FG-0079,2026-02-14,100,100,1,1,西日本
SHP-000333,W-13,FG-0006,2025-10-22,100,100,1,1,海外
SHP-000334,W-03,FG-0060,2024-12-24,50,50,1,1,海外
SHP-000335,W-05,FG-0058,2025-03-21,100,100,1,1,北日本
SHP-000336,W-01,FG-0067,2024-12-18,10,10,1,1,海外
SHP-000337,W-08,FG-0050,2025-04-29,10,10,1,1,北日本
SHP-000338,W-24,FG-0008,2026-01-24,100,66,1,0,北日本
SHP-000339,W-14,FG-0014,2025-06-26,100,100,1,1,北日本
SHP-000340,W-01,FG-0079,2024-04-23,50,50,0,1,西日本
SHP-000341,W-22,FG-0008,2025-08-25,20,20,1,1,西日本
SHP-000342,W-12,FG-0026,2026-02-14,20,20,1,1,北日本
SHP-000343,W-15,FG-0014,2025-11-05,100,100,0,1,海外
SHP-000344,W-03,FG-0025,2024-11-14,20,20,1,1,北日本
SHP-000345,W-14,FG-0011,2026-04-11,50,50,1,1,東日本
SHP-000346,W-07,FG-0029,2025-02-12,20,20,0,1,海外
SHP-000347,W-01,FG-0002,2026-02-18,50,50,0,1,東日本
SHP-000348,W-20,FG-0020,2024-07-28,20,20,0,1,東日本
SHP-000349,W-10,FG-0058,2024-03-11,100,100,1,1,東日本
SHP-000350,W-22,FG-0079,2024-11-20,50,50,1,1,海外
SHP-000351,W-24,FG-0046,2026-02-21,50,50,0,1,北日本
SHP-000352,W-13,FG-0075,2024-07-02,100,100,1,1,西日本
SHP-000353,W-16,FG-0078,2025-12-01,100,78,1,0,北日本
SHP-000354,W-12,FG-0064,2025-06-04,10,10,0,1,北日本
SHP-000355,W-20,FG-0022,2026-04-20,10,7,0,0,東日本
SHP-000356,W-13,FG-0042,2025-07-11,20,20,1,1,海外
SHP-000357,W-06,FG-0037,2026-04-04,20,20,0,1,北日本
SHP-000358,W-15,FG-0016,2025-07-15,100,100,1,1,北日本
SHP-000359,W-05,FG-0066,2024-12-13,50,50,1,1,海外
SHP-000360,W-21,FG-0057,2025-08-02,20,20,1,1,東日本
SHP-000361,W-21,FG-0024,2024-04-11,10,10,1,1,西日本
SHP-000362,W-05,FG-0049,2024-08-04,100,100,1,1,海外
SHP-000363,W-05,FG-0063,2024-06-17,20,20,1,1,北日本
SHP-000364,W-04,FG-0004,2025-03-04,10,10,1,1,北日本
SHP-000365,W-05,FG-0043,2024-10-13,50,50,1,1,西日本
SHP-000366,W-04,FG-0049,2024-06-07,10,10,0,1,海外
SHP-000367,W-07,FG-0004,2025-04-13,50,50,1,1,海外
SHP-000368,W-07,FG-0055,2024-05-23,20,20,1,1,東日本
SHP-000369,W-23,FG-0054,2025-09-10,100,100,1,1,東日本
SHP-000370,W-22,FG-0033,2024-02-08,50,50,1,1,西日本
SHP-000371,W-12,FG-0014,2025-05-15,50,31,1,0,北日本
SHP-000372,W-16,FG-0080,2024-02-16,20,20,1,1,海外
SHP-000373,W-10,FG-0030,2024-02-27,10,10,1,1,東日本
SHP-000374,W-22,FG-0034,2025-09-10,50,50,1,1,海外
SHP-000375,W-12,FG-0045,2024-09-22,10,10,1,1,東日本
SHP-000376,W-10,FG-0010,2026-02-24,100,100,1,1,北日本
SHP-000377,W-10,FG-0029,2025-10-20,10,10,1,1,北日本
SHP-000378,W-24,FG-0068,2024-01-26,100,100,1,1,海外
SHP-000379,W-22,FG-0064,2024-04-24,10,10,1,1,海外
SHP-000380,W-11,FG-0077,2024-08-06,50,50,1,1,北日本
SHP-000381,W-23,FG-0028,2024-09-26,10,10,0,1,北日本
SHP-000382,W-11,FG-0069,2024-01-27,100,100,1,1,西日本
SHP-000383,W-20,FG-0009,2024-04-01,100,100,1,1,東日本
SHP-000384,W-13,FG-0075,2025-04-06,100,100,1,1,東日本
SHP-000385,W-17,FG-0030,2024-03-15,10,10,1,1,東日本
SHP-000386,W-15,FG-0068,2025-01-06,50,50,1,1,北日本
SHP-000387,W-05,FG-0061,2026-04-13,10,10,1,1,北日本
SHP-000388,W-11,FG-0064,2024-06-20,20,20,1,1,西日本
SHP-000389,W-03,FG-0038,2024-05-13,50,50,1,1,西日本
SHP-000390,W-16,FG-0009,2025-11-03,10,10,1,1,西日本
SHP-000391,W-21,FG-0057,2025-03-24,10,10,1,1,東日本
SHP-000392,W-04,FG-0010,2026-03-11,50,50,1,1,東日本
SHP-000393,W-04,FG-0035,2024-05-18,10,10,0,1,西日本
SHP-000394,W-04,FG-0021,2025-08-21,50,50,1,1,東日本
SHP-000395,W-06,FG-0022,2024-01-01,10,10,1,1,西日本
SHP-000396,W-22,FG-0027,2024-07-09,20,20,1,1,東日本
SHP-000397,W-16,FG-0073,2024-11-18,50,50,1,1,東日本
SHP-000398,W-24,FG-0075,2025-07-28,20,20,0,1,海外
SHP-000399,W-01,FG-0003,2025-09-07,100,100,0,1,北日本
SHP-000400,W-23,FG-0043,2025-08-06,50,50,1,1,海外
SHP-000401,W-16,FG-0064,2025-02-16,20,20,1,1,東日本
SHP-000402,W-01,FG-0034,2025-09-18,100,100,0,1,北日本
SHP-000403,W-06,FG-0071,2026-01-28,10,10,1,1,西日本
SHP-000404,W-22,FG-0029,2024-08-03,20,20,0,1,海外
SHP-000405,W-15,FG-0074,2025-07-19,100,100,0,1,海外
SHP-000406,W-04,FG-0019,2024-12-12,20,20,0,1,東日本
SHP-000407,W-04,FG-0048,2024-11-04,10,10,1,1,海外
SHP-000408,W-14,FG-0059,2024-12-30,10,10,1,1,海外
SHP-000409,W-09,FG-0056,2024-03-06,20,20,0,1,北日本
SHP-000410,W-12,FG-0021,2026-01-03,100,100,1,1,北日本
SHP-000411,W-17,FG-0007,2026-03-02,50,50,1,1,西日本
SHP-000412,W-22,FG-0001,2025-08-23,100,100,1,1,海外
SHP-000413,W-10,FG-0044,2024-03-07,10,10,1,1,西日本
SHP-000414,W-10,FG-0078,2024-05-23,100,100,1,1,北日本
SHP-000415,W-06,FG-0028,2025-10-06,10,7,1,0,海外
SHP-000416,W-12,FG-0037,2025-09-19,20,20,1,1,北日本
SHP-000417,W-20,FG-0071,2025-05-08,10,10,1,1,西日本
SHP-000418,W-05,FG-0064,2025-06-11,100,100,1,1,海外
SHP-000419,W-05,FG-0066,2025-04-13,50,50,1,1,北日本
SHP-000420,W-22,FG-0022,2025-10-17,20,20,1,1,東日本
SHP-000421,W-01,FG-0024,2025-05-21,50,50,0,1,西日本
SHP-000422,W-10,FG-0055,2024-07-18,10,10,1,1,海外
SHP-000423,W-10,FG-0027,2025-02-15,50,50,1,1,西日本
SHP-000424,W-18,FG-0072,2026-04-10,100,100,1,1,海外
SHP-000425,W-07,FG-0031,2026-01-12,10,10,1,1,北日本
SHP-000426,W-04,FG-0027,2025-02-28,50,38,1,0,西日本
SHP-000427,W-07,FG-0033,2025-11-17,100,100,1,1,西日本
SHP-000428,W-02,FG-0065,2025-08-09,100,100,1,1,東日本
SHP-000429,W-16,FG-0034,2024-05-19,20,20,0,1,東日本
SHP-000430,W-03,FG-0002,2024-07-16,100,100,1,1,海外
SHP-000431,W-19,FG-0026,2024-02-14,50,50,1,1,北日本
SHP-000432,W-21,FG-0031,2025-08-16,10,10,1,1,北日本
SHP-000433,W-18,FG-0073,2026-02-03,100,87,1,0,海外
SHP-000434,W-21,FG-0080,2025-03-24,50,50,0,1,東日本
SHP-000435,W-11,FG-0009,2025-12-31,10,10,1,1,東日本
SHP-000436,W-04,FG-0044,2024-11-24,10,10,1,1,北日本
SHP-000437,W-14,FG-0046,2024-01-06,10,10,1,1,海外
SHP-000438,W-16,FG-0021,2024-01-31,20,20,1,1,西日本
SHP-000439,W-19,FG-0037,2024-09-01,100,100,1,1,海外
SHP-000440,W-10,FG-0002,2025-07-21,50,36,1,0,海外
SHP-000441,W-05,FG-0063,2024-03-05,50,50,1,1,西日本
SHP-000442,W-09,FG-0067,2025-02-08,20,20,1,1,北日本
SHP-000443,W-22,FG-0075,2026-02-21,100,100,1,1,東日本
SHP-000444,W-04,FG-0034,2025-12-09,20,20,1,1,西日本
SHP-000445,W-24,FG-0079,2025-01-12,50,50,1,1,北日本
SHP-000446,W-06,FG-0033,2024-12-29,100,100,1,1,西日本
SHP-000447,W-17,FG-0036,2026-03-10,10,10,1,1,北日本
SHP-000448,W-22,FG-0025,2025-11-04,50,50,1,1,北日本
SHP-000449,W-09,FG-0079,2025-06-13,20,15,1,0,北日本
SHP-000450,W-15,FG-0025,2026-04-09,10,10,1,1,西日本
SHP-000451,W-04,FG-0023,2025-11-17,10,10,1,1,北日本
SHP-000452,W-15,FG-0034,2025-09-20,20,20,1,1,北日本
SHP-000453,W-16,FG-0009,2025-11-17,10,10,1,1,海外
SHP-000454,W-14,FG-0014,2026-02-07,100,100,1,1,北日本
SHP-000455,W-23,FG-0079,2025-09-04,100,100,1,1,北日本
SHP-000456,W-10,FG-0008,2024-01-10,20,20,0,1,海外
SHP-000457,W-13,FG-0071,2024-06-04,100,100,1,1,東日本
SHP-000458,W-13,FG-0068,2024-01-02,100,100,1,1,海外
SHP-000459,W-22,FG-0047,2024-05-01,10,10,0,1,東日本
SHP-000460,W-11,FG-0014,2025-01-08,50,50,1,1,海外
SHP-000461,W-02,FG-0047,2025-07-12,10,10,1,1,東日本
SHP-000462,W-09,FG-0068,2024-10-23,100,100,1,1,海外
SHP-000463,W-15,FG-0024,2025-04-25,100,100,1,1,海外
SHP-000464,W-18,FG-0070,2025-07-17,50,50,1,1,海外
SHP-000465,W-20,FG-0005,2025-11-07,10,10,1,1,西日本
SHP-000466,W-10,FG-0053,2025-11-01,20,20,1,1,北日本
SHP-000467,W-20,FG-0070,2024-05-21,50,50,1,1,西日本
SHP-000468,W-04,FG-0053,2026-03-27,20,20,1,1,北日本
SHP-000469,W-01,FG-0029,2025-05-15,50,50,1,1,西日本
SHP-000470,W-11,FG-0061,2026-03-04,10,10,1,1,北日本
SHP-000471,W-03,FG-0022,2024-11-25,50,50,1,1,北日本
SHP-000472,W-21,FG-0009,2024-06-18,100,100,1,1,北日本
SHP-000473,W-24,FG-0058,2025-08-03,10,10,1,1,海外
SHP-000474,W-09,FG-0042,2025-06-30,100,100,1,1,海外
SHP-000475,W-06,FG-0035,2026-04-09,100,86,1,0,西日本
SHP-000476,W-08,FG-0064,2024-09-10,100,100,1,1,北日本
SHP-000477,W-17,FG-0030,2026-03-24,10,10,1,1,北日本
SHP-000478,W-06,FG-0067,2024-03-20,50,50,1,1,西日本
SHP-000479,W-20,FG-0062,2024-06-15,10,10,1,1,海外
SHP-000480,W-24,FG-0057,2024-09-04,50,50,1,1,東日本
SHP-000481,W-05,FG-0049,2024-01-13,10,10,1,1,東日本
SHP-000482,W-24,FG-0020,2025-02-28,100,100,1,1,海外
SHP-000483,W-04,FG-0073,2025-02-13,100,87,1,0,東日本
SHP-000484,W-17,FG-0068,2024-01-15,20,20,1,1,北日本
SHP-000485,W-22,FG-0024,2025-07-04,50,50,1,1,西日本
SHP-000486,W-14,FG-0035,2025-05-26,20,20,1,1,海外
SHP-000487,W-18,FG-0031,2024-08-22,50,50,0,1,東日本
SHP-000488,W-18,FG-0025,2025-09-11,10,10,0,1,東日本
SHP-000489,W-11,FG-0028,2024-02-01,100,100,0,1,海外
SHP-000490,W-13,FG-0008,2024-06-17,50,50,1,1,西日本
SHP-000491,W-22,FG-0042,2026-04-28,100,100,1,1,海外
SHP-000492,W-20,FG-0009,2024-08-07,100,100,1,1,東日本
SHP-000493,W-20,FG-0070,2024-05-24,100,100,0,1,西日本
SHP-000494,W-20,FG-0068,2025-10-23,100,100,1,1,東日本
SHP-000495,W-22,FG-0012,2024-05-31,100,78,1,0,東日本
SHP-000496,W-22,FG-0066,2024-02-05,20,20,1,1,西日本
SHP-000497,W-02,FG-0015,2026-04-29,50,50,1,1,東日本
SHP-000498,W-06,FG-0022,2025-07-11,100,100,0,1,西日本
SHP-000499,W-15,FG-0046,2024-12-11,20,20,1,1,北日本
SHP-000500,W-21,FG-0011,2024-06-07,10,10,1,1,西日本
SHP-000501,W-10,FG-0066,2025-12-07,10,10,0,1,西日本
SHP-000502,W-11,FG-0075,2025-10-31,10,10,1,1,西日本
SHP-000503,W-07,FG-0042,2025-12-13,20,20,1,1,西日本
SHP-000504,W-12,FG-0023,2025-06-02,50,50,0,1,西日本
SHP-000505,W-23,FG-0031,2024-01-18,100,100,1,1,西日本
SHP-000506,W-12,FG-0020,2025-03-28,100,100,1,1,海外
SHP-000507,W-24,FG-0057,2025-07-16,10,10,0,1,海外
SHP-000508,W-24,FG-0051,2026-03-07,10,10,0,1,東日本
SHP-000509,W-11,FG-0018,2026-04-24,20,20,1,1,北日本
SHP-000510,W-18,FG-0036,2025-09-12,100,100,1,1,東日本
SHP-000511,W-17,FG-0030,2024-03-30,50,50,1,1,海外
SHP-000512,W-17,FG-0040,2024-09-05,10,8,1,0,海外
SHP-000513,W-07,FG-0028,2025-06-28,100,100,1,1,東日本
SHP-000514,W-24,FG-0069,2024-08-22,100,100,1,1,東日本
SHP-000515,W-23,FG-0079,2025-01-07,50,44,1,0,海外
SHP-000516,W-08,FG-0074,2024-10-11,100,100,1,1,海外
SHP-000517,W-01,FG-0077,2024-08-12,50,50,0,1,東日本
SHP-000518,W-20,FG-0069,2026-04-18,20,20,1,1,東日本
SHP-000519,W-04,FG-0018,2024-08-30,100,100,1,1,西日本
SHP-000520,W-13,FG-0067,2024-03-25,100,100,1,1,北日本
SHP-000521,W-21,FG-0018,2024-10-19,100,100,1,1,海外
SHP-000522,W-07,FG-0012,2024-01-03,10,10,1,1,東日本
SHP-000523,W-19,FG-0046,2026-02-06,100,100,1,1,西日本
SHP-000524,W-09,FG-0034,2025-04-11,20,20,1,1,東日本
SHP-000525,W-08,FG-0046,2025-06-07,10,10,1,1,東日本
SHP-000526,W-19,FG-0052,2024-08-10,100,100,1,1,海外
SHP-000527,W-09,FG-0023,2025-06-20,100,100,1,1,北日本
SHP-000528,W-05,FG-0068,2026-02-21,100,100,1,1,海外
SHP-000529,W-02,FG-0070,2025-05-16,10,10,1,1,西日本
SHP-000530,W-15,FG-0079,2025-02-26,20,20,1,1,北日本
SHP-000531,W-06,FG-0015,2026-02-22,20,20,1,1,東日本
SHP-000532,W-14,FG-0065,2024-08-15,100,100,1,1,西日本
SHP-000533,W-07,FG-0011,2024-06-17,10,10,1,1,海外
SHP-000534,W-11,FG-0045,2025-04-12,50,50,1,1,北日本
SHP-000535,W-17,FG-0019,2026-01-03,10,10,1,1,北日本
SHP-000536,W-18,FG-0073,2024-05-25,100,100,1,1,北日本
SHP-000537,W-02,FG-0079,2024-07-12,100,100,0,1,東日本
SHP-000538,W-12,FG-0026,2025-01-25,100,100,0,1,海外
SHP-000539,W-24,FG-0035,2024-05-30,10,10,1,1,北日本
SHP-000540,W-23,FG-0037,2024-03-14,50,50,1,1,海外
SHP-000541,W-10,FG-0015,2024-01-30,50,50,1,1,北日本
SHP-000542,W-18,FG-0036,2024-01-19,100,100,1,1,東日本
SHP-000543,W-19,FG-0025,2026-04-03,20,20,1,1,北日本
SHP-000544,W-21,FG-0011,2026-02-20,20,20,0,1,西日本
SHP-000545,W-13,FG-0073,2024-07-02,50,50,1,1,東日本
SHP-000546,W-11,FG-0024,2025-02-08,50,34,1,0,海外
SHP-000547,W-24,FG-0060,2024-06-21,50,50,1,1,西日本
SHP-000548,W-04,FG-0020,2025-11-28,10,10,1,1,西日本
SHP-000549,W-18,FG-0021,2024-04-04,10,10,0,1,東日本
SHP-000550,W-04,FG-0052,2026-02-19,50,50,1,1,海外
SHP-000551,W-01,FG-0065,2025-02-13,50,50,1,1,北日本
SHP-000552,W-06,FG-0030,2025-01-04,100,100,1,1,海外
SHP-000553,W-13,FG-0029,2024-10-05,100,92,1,0,西日本
SHP-000554,W-13,FG-0047,2024-11-11,20,20,0,1,西日本
SHP-000555,W-01,FG-0043,2025-11-04,10,10,1,1,東日本
SHP-000556,W-18,FG-0075,2026-04-28,50,50,1,1,海外
SHP-000557,W-05,FG-0077,2024-03-05,20,20,0,1,北日本
SHP-000558,W-16,FG-0027,2025-07-15,10,10,1,1,東日本
SHP-000559,W-07,FG-0001,2025-11-22,20,20,1,1,北日本
SHP-000560,W-24,FG-0047,2024-05-17,10,10,1,1,北日本
SHP-000561,W-07,FG-0076,2026-01-07,10,10,1,1,西日本
SHP-000562,W-16,FG-0024,2025-04-06,100,90,1,0,海外
SHP-000563,W-10,FG-0067,2026-04-16,50,50,0,1,東日本
SHP-000564,W-01,FG-0002,2024-06-26,20,20,1,1,西日本
SHP-000565,W-21,FG-0043,2024-02-28,20,20,1,1,北日本
SHP-000566,W-07,FG-0024,2025-09-04,10,10,1,1,北日本
SHP-000567,W-06,FG-0056,2024-03-29,10,10,1,1,西日本
SHP-000568,W-17,FG-0049,2026-01-23,50,50,1,1,東日本
SHP-000569,W-03,FG-0011,2026-02-10,50,50,1,1,東日本
SHP-000570,W-05,FG-0002,2025-07-21,10,10,0,1,西日本
SHP-000571,W-23,FG-0047,2025-11-18,20,20,1,1,海外
SHP-000572,W-20,FG-0030,2024-11-24,10,10,1,1,海外
SHP-000573,W-05,FG-0009,2024-11-18,10,10,1,1,北日本
SHP-000574,W-18,FG-0029,2026-02-22,20,20,1,1,海外
SHP-000575,W-06,FG-0048,2024-01-03,100,100,1,1,東日本
SHP-000576,W-13,FG-0059,2026-04-21,20,20,1,1,東日本
SHP-000577,W-15,FG-0064,2026-01-27,100,100,1,1,西日本
SHP-000578,W-01,FG-0003,2025-05-16,100,67,1,0,西日本
SHP-000579,W-17,FG-0017,2026-04-24,50,50,1,1,海外
SHP-000580,W-20,FG-0013,2025-12-13,50,50,1,1,海外
SHP-000581,W-12,FG-0067,2025-08-20,20,20,1,1,北日本
SHP-000582,W-22,FG-0004,2024-07-14,20,20,1,1,北日本
SHP-000583,W-04,FG-0070,2024-05-31,50,50,1,1,北日本
SHP-000584,W-21,FG-0024,2024-04-28,50,50,1,1,海外
SHP-000585,W-12,FG-0050,2024-07-13,100,100,1,1,北日本
SHP-000586,W-02,FG-0009,2025-07-20,20,20,1,1,海外
SHP-000587,W-21,FG-0080,2025-10-17,10,10,1,1,西日本
SHP-000588,W-11,FG-0068,2024-10-20,10,10,1,1,東日本
SHP-000589,W-22,FG-0051,2025-03-14,50,50,1,1,北日本
SHP-000590,W-18,FG-0065,2025-01-08,50,50,1,1,西日本
SHP-000591,W-20,FG-0036,2026-04-17,50,50,1,1,北日本
SHP-000592,W-07,FG-0058,2025-02-26,10,10,1,1,東日本
SHP-000593,W-21,FG-0043,2025-08-29,100,100,1,1,西日本
SHP-000594,W-01,FG-0005,2024-08-14,10,10,0,1,東日本
SHP-000595,W-23,FG-0012,2025-08-06,20,20,1,1,北日本
SHP-000596,W-02,FG-0076,2026-03-06,50,50,1,1,東日本
SHP-000597,W-04,FG-0004,2025-06-15,10,10,1,1,海外
SHP-000598,W-07,FG-0058,2024-12-02,20,20,1,1,東日本
SHP-000599,W-19,FG-0015,2024-07-29,100,100,1,1,海外
SHP-000600,W-22,FG-0055,2026-02-15,50,38,1,0,海外
SHP-000601,W-17,FG-0070,2025-02-07,50,50,1,1,東日本
SHP-000602,W-21,FG-0028,2024-08-20,10,10,1,1,海外
SHP-000603,W-13,FG-0051,2025-08-23,20,17,1,0,北日本
SHP-000604,W-17,FG-0060,2024-09-27,100,100,1,1,北日本
SHP-000605,W-16,FG-0057,2025-04-24,10,10,1,1,北日本
SHP-000606,W-01,FG-0049,2026-01-23,20,17,1,0,北日本
SHP-000607,W-15,FG-0058,2024-08-20,20,20,1,1,海外
SHP-000608,W-10,FG-0028,2026-02-07,100,100,1,1,海外
SHP-000609,W-05,FG-0058,2024-02-27,20,20,1,1,北日本
SHP-000610,W-12,FG-0027,2025-12-27,100,100,1,1,北日本
SHP-000611,W-20,FG-0064,2024-07-27,100,100,0,1,海外
SHP-000612,W-10,FG-0015,2025-03-17,50,50,1,1,東日本
SHP-000613,W-13,FG-0033,2025-05-23,100,100,1,1,海外
SHP-000614,W-03,FG-0041,2024-08-31,10,10,1,1,北日本
SHP-000615,W-04,FG-0066,2024-09-21,50,50,1,1,北日本
SHP-000616,W-18,FG-0045,2024-01-18,50,50,0,1,西日本
SHP-000617,W-19,FG-0019,2024-10-15,20,20,1,1,北日本
SHP-000618,W-17,FG-0019,2025-03-11,50,50,1,1,西日本
SHP-000619,W-01,FG-0053,2025-02-25,20,20,1,1,海外
SHP-000620,W-21,FG-0057,2024-01-08,20,20,1,1,北日本
SHP-000621,W-06,FG-0035,2026-03-07,100,100,1,1,北日本
SHP-000622,W-03,FG-0037,2025-11-26,10,10,1,1,海外
SHP-000623,W-05,FG-0005,2025-02-23,20,18,1,0,西日本
SHP-000624,W-15,FG-0003,2024-06-13,100,100,1,1,西日本
SHP-000625,W-09,FG-0041,2024-10-07,100,71,1,0,海外
SHP-000626,W-23,FG-0079,2025-12-24,50,50,1,1,海外
SHP-000627,W-11,FG-0004,2025-09-22,10,10,1,1,西日本
SHP-000628,W-12,FG-0063,2024-08-30,20,20,1,1,北日本
SHP-000629,W-17,FG-0037,2025-11-29,50,50,1,1,海外
SHP-000630,W-21,FG-0069,2024-08-26,50,50,1,1,西日本
SHP-000631,W-10,FG-0022,2026-04-04,50,50,0,1,東日本
SHP-000632,W-11,FG-0035,2025-07-10,20,20,1,1,西日本
SHP-000633,W-04,FG-0080,2025-09-26,100,100,1,1,海外
SHP-000634,W-11,FG-0044,2024-06-11,20,20,0,1,西日本
SHP-000635,W-21,FG-0007,2025-08-16,50,50,1,1,西日本
SHP-000636,W-02,FG-0037,2025-09-22,100,100,1,1,東日本
SHP-000637,W-11,FG-0030,2025-08-10,20,20,0,1,海外
SHP-000638,W-21,FG-0066,2024-11-21,10,10,1,1,西日本
SHP-000639,W-24,FG-0068,2024-01-14,10,10,1,1,海外
SHP-000640,W-20,FG-0047,2024-03-23,50,50,1,1,西日本
SHP-000641,W-23,FG-0005,2025-08-07,20,20,1,1,西日本
SHP-000642,W-13,FG-0044,2025-06-30,100,100,1,1,西日本
SHP-000643,W-22,FG-0065,2024-03-17,50,50,1,1,東日本
SHP-000644,W-07,FG-0014,2026-03-09,100,82,1,0,西日本
SHP-000645,W-12,FG-0009,2025-01-07,20,20,1,1,東日本
SHP-000646,W-05,FG-0080,2024-05-04,10,10,1,1,海外
SHP-000647,W-11,FG-0071,2026-02-06,10,10,1,1,海外
SHP-000648,W-06,FG-0079,2025-07-04,100,100,1,1,東日本
SHP-000649,W-17,FG-0024,2024-09-21,20,20,1,1,北日本
SHP-000650,W-03,FG-0068,2025-09-26,100,100,0,1,東日本
SHP-000651,W-07,FG-0020,2026-04-08,50,30,1,0,海外
SHP-000652,W-06,FG-0050,2024-09-21,100,100,1,1,西日本
SHP-000653,W-05,FG-0043,2026-03-03,50,50,1,1,西日本
SHP-000654,W-02,FG-0018,2024-08-18,50,50,1,1,北日本
SHP-000655,W-05,FG-0007,2025-03-21,50,50,1,1,東日本
SHP-000656,W-10,FG-0011,2025-06-29,100,100,1,1,海外
SHP-000657,W-20,FG-0057,2025-03-06,50,50,1,1,北日本
SHP-000658,W-11,FG-0010,2025-11-27,100,100,1,1,海外
SHP-000659,W-18,FG-0063,2026-03-05,50,50,1,1,西日本
SHP-000660,W-23,FG-0054,2025-02-15,20,20,1,1,北日本
SHP-000661,W-12,FG-0053,2024-09-14,20,20,1,1,東日本
SHP-000662,W-23,FG-0024,2024-06-23,10,10,0,1,海外
SHP-000663,W-10,FG-0025,2025-07-11,10,10,1,1,北日本
SHP-000664,W-04,FG-0040,2024-10-10,100,100,1,1,西日本
SHP-000665,W-21,FG-0043,2024-03-22,10,10,1,1,東日本
SHP-000666,W-04,FG-0068,2024-02-10,20,20,1,1,海外
SHP-000667,W-09,FG-0004,2025-10-21,50,50,1,1,西日本
SHP-000668,W-12,FG-0017,2024-04-29,20,20,1,1,東日本
SHP-000669,W-07,FG-0060,2025-07-04,100,100,1,1,西日本
SHP-000670,W-13,FG-0005,2024-10-13,50,50,1,1,東日本
SHP-000671,W-13,FG-0047,2026-04-25,100,100,1,1,海外
SHP-000672,W-24,FG-0058,2025-04-21,20,20,1,1,東日本
SHP-000673,W-01,FG-0079,2025-01-22,100,100,1,1,海外
SHP-000674,W-10,FG-0007,2024-01-30,20,20,1,1,東日本
SHP-000675,W-18,FG-0063,2025-07-09,10,10,1,1,東日本
SHP-000676,W-14,FG-0062,2024-07-23,20,20,0,1,西日本
SHP-000677,W-07,FG-0019,2025-04-25,50,50,1,1,西日本
SHP-000678,W-18,FG-0029,2024-01-21,10,10,1,1,西日本
SHP-000679,W-13,FG-0066,2026-03-02,20,20,1,1,西日本
SHP-000680,W-21,FG-0047,2026-01-31,20,20,1,1,東日本
SHP-000681,W-23,FG-0034,2025-07-12,50,50,1,1,北日本
SHP-000682,W-06,FG-0015,2024-07-25,10,10,1,1,西日本
SHP-000683,W-22,FG-0046,2025-08-10,50,50,1,1,西日本
SHP-000684,W-09,FG-0038,2024-09-30,50,50,0,1,西日本
SHP-000685,W-22,FG-0034,2024-08-30,50,50,1,1,海外
SHP-000686,W-01,FG-0003,2025-03-31,10,8,0,0,東日本
SHP-000687,W-24,FG-0077,2026-04-03,10,10,1,1,海外
SHP-000688,W-23,FG-0034,2025-02-13,100,100,0,1,北日本
SHP-000689,W-16,FG-0077,2024-12-03,100,100,1,1,東日本
SHP-000690,W-04,FG-0031,2024-12-14,20,20,1,1,北日本
SHP-000691,W-05,FG-0040,2024-10-29,20,20,1,1,西日本
SHP-000692,W-09,FG-0002,2024-02-15,10,10,1,1,海外
SHP-000693,W-05,FG-0023,2025-11-01,20,20,0,1,海外
SHP-000694,W-20,FG-0006,2025-12-05,50,50,1,1,海外
SHP-000695,W-23,FG-0030,2025-09-20,20,14,1,0,海外
SHP-000696,W-12,FG-0037,2024-09-30,100,100,1,1,西日本
SHP-000697,W-09,FG-0012,2025-12-20,20,20,1,1,西日本
SHP-000698,W-17,FG-0014,2024-05-04,100,100,0,1,北日本
SHP-000699,W-10,FG-0004,2026-03-21,100,100,1,1,東日本
SHP-000700,W-10,FG-0022,2024-11-19,50,42,1,0,東日本
SHP-000701,W-06,FG-0039,2025-03-22,50,50,1,1,西日本
SHP-000702,W-13,FG-0020,2025-05-16,100,100,1,1,海外
SHP-000703,W-22,FG-0078,2025-02-21,100,91,1,0,海外
SHP-000704,W-22,FG-0080,2024-01-12,100,100,1,1,北日本
SHP-000705,W-09,FG-0039,2026-03-09,50,50,1,1,西日本
SHP-000706,W-17,FG-0071,2025-03-07,20,20,1,1,海外
SHP-000707,W-15,FG-0021,2024-07-07,20,15,1,0,海外
SHP-000708,W-24,FG-0072,2025-09-13,20,20,1,1,西日本
SHP-000709,W-12,FG-0043,2026-01-23,100,100,1,1,海外
SHP-000710,W-17,FG-0055,2024-09-16,10,10,1,1,東日本
SHP-000711,W-22,FG-0002,2025-03-16,10,10,1,1,東日本
SHP-000712,W-03,FG-0075,2024-10-21,10,10,1,1,北日本
SHP-000713,W-09,FG-0037,2025-10-29,20,20,1,1,東日本
SHP-000714,W-24,FG-0044,2024-10-31,20,20,1,1,海外
SHP-000715,W-16,FG-0058,2025-10-30,100,100,1,1,北日本
SHP-000716,W-20,FG-0064,2024-07-26,20,20,1,1,東日本
SHP-000717,W-19,FG-0038,2024-05-07,20,12,1,0,東日本
SHP-000718,W-03,FG-0018,2024-10-28,50,50,1,1,北日本
SHP-000719,W-22,FG-0027,2025-04-03,20,20,1,1,西日本
SHP-000720,W-24,FG-0026,2024-10-09,100,100,1,1,海外
SHP-000721,W-03,FG-0021,2026-02-28,50,50,1,1,東日本
SHP-000722,W-13,FG-0014,2024-12-23,20,20,1,1,北日本
SHP-000723,W-16,FG-0062,2026-01-28,10,10,1,1,東日本
SHP-000724,W-12,FG-0050,2024-01-12,50,50,1,1,東日本
SHP-000725,W-19,FG-0042,2025-02-12,100,69,1,0,海外
SHP-000726,W-15,FG-0059,2024-12-15,50,50,1,1,東日本
SHP-000727,W-07,FG-0079,2024-11-26,100,100,1,1,西日本
SHP-000728,W-04,FG-0037,2025-12-07,50,50,1,1,西日本
SHP-000729,W-03,FG-0028,2026-03-05,20,20,1,1,東日本
SHP-000730,W-06,FG-0067,2026-01-17,50,50,1,1,西日本
SHP-000731,W-16,FG-0050,2025-11-18,20,20,1,1,西日本
SHP-000732,W-16,FG-0002,2025-04-06,10,10,0,1,東日本
SHP-000733,W-01,FG-0058,2026-01-29,50,50,0,1,海外
SHP-000734,W-14,FG-0052,2025-11-22,10,10,0,1,東日本
SHP-000735,W-07,FG-0024,2024-12-05,100,64,0,0,西日本
SHP-000736,W-04,FG-0049,2025-02-09,10,10,1,1,西日本
SHP-000737,W-10,FG-0049,2024-07-07,20,20,1,1,海外
SHP-000738,W-15,FG-0066,2024-02-07,10,9,1,0,海外
SHP-000739,W-18,FG-0075,2025-06-05,20,20,1,1,海外
SHP-000740,W-14,FG-0077,2025-07-06,10,10,1,1,北日本
SHP-000741,W-13,FG-0013,2025-07-25,100,100,1,1,東日本
SHP-000742,W-04,FG-0048,2025-03-20,50,50,1,1,西日本
SHP-000743,W-24,FG-0071,2025-10-23,100,88,1,0,海外
SHP-000744,W-15,FG-0032,2026-04-12,50,50,1,1,東日本
SHP-000745,W-13,FG-0067,2024-05-09,20,20,1,1,北日本
SHP-000746,W-15,FG-0066,2026-02-09,10,7,1,0,東日本
SHP-000747,W-04,FG-0038,2024-11-08,10,10,1,1,海外
SHP-000748,W-08,FG-0042,2025-03-02,100,100,0,1,北日本
SHP-000749,W-09,FG-0058,2025-04-27,20,20,1,1,西日本
SHP-000750,W-07,FG-0053,2026-02-27,20,20,0,1,西日本
SHP-000751,W-09,FG-0025,2025-06-25,50,50,1,1,東日本
SHP-000752,W-22,FG-0079,2024-03-13,100,100,1,1,海外
SHP-000753,W-05,FG-0060,2024-09-28,10,10,1,1,海外
SHP-000754,W-20,FG-0074,2025-02-13,10,10,0,1,北日本
SHP-000755,W-08,FG-0011,2024-04-22,100,100,1,1,北日本
SHP-000756,W-24,FG-0048,2025-11-05,10,10,1,1,北日本
SHP-000757,W-23,FG-0071,2024-10-04,10,10,1,1,海外
SHP-000758,W-02,FG-0065,2024-09-12,50,50,1,1,西日本
SHP-000759,W-06,FG-0013,2025-10-23,100,100,1,1,東日本
SHP-000760,W-17,FG-0023,2026-01-12,100,100,0,1,西日本
SHP-000761,W-12,FG-0078,2025-11-22,50,50,1,1,海外
SHP-000762,W-12,FG-0070,2026-04-18,20,20,1,1,西日本
SHP-000763,W-03,FG-0021,2025-09-20,10,10,1,1,北日本
SHP-000764,W-06,FG-0043,2025-05-22,10,10,1,1,西日本
SHP-000765,W-04,FG-0022,2025-08-03,50,50,1,1,東日本
SHP-000766,W-18,FG-0022,2025-11-27,20,20,1,1,西日本
SHP-000767,W-02,FG-0039,2025-08-01,100,100,1,1,海外
SHP-000768,W-02,FG-0023,2024-01-16,10,10,1,1,海外
SHP-000769,W-02,FG-0004,2026-01-19,100,100,1,1,北日本
SHP-000770,W-04,FG-0005,2025-05-28,20,20,1,1,北日本
SHP-000771,W-09,FG-0076,2025-12-17,10,10,1,1,東日本
SHP-000772,W-22,FG-0021,2025-12-01,10,10,1,1,東日本
SHP-000773,W-04,FG-0026,2024-02-20,10,10,1,1,西日本
SHP-000774,W-02,FG-0059,2025-02-14,100,100,1,1,東日本
SHP-000775,W-13,FG-0059,2025-07-17,100,100,1,1,東日本
SHP-000776,W-09,FG-0033,2026-03-24,50,33,1,0,北日本
SHP-000777,W-16,FG-0048,2024-12-20,50,50,1,1,北日本
SHP-000778,W-18,FG-0037,2024-09-04,100,100,1,1,北日本
SHP-000779,W-15,FG-0058,2026-03-09,10,10,1,1,西日本
SHP-000780,W-24,FG-0035,2026-04-03,20,20,1,1,東日本
SHP-000781,W-07,FG-0001,2025-01-31,100,100,1,1,東日本
SHP-000782,W-13,FG-0027,2024-09-23,20,20,1,1,東日本
SHP-000783,W-06,FG-0023,2024-05-21,50,50,1,1,海外
SHP-000784,W-04,FG-0007,2024-07-02,100,100,1,1,東日本
SHP-000785,W-07,FG-0052,2025-02-17,100,64,1,0,東日本
SHP-000786,W-24,FG-0055,2026-01-06,20,20,1,1,東日本
SHP-000787,W-21,FG-0014,2025-02-24,100,100,1,1,海外
SHP-000788,W-16,FG-0058,2026-01-19,100,100,1,1,西日本
SHP-000789,W-03,FG-0073,2025-06-10,20,20,1,1,北日本
SHP-000790,W-06,FG-0077,2026-03-03,20,20,1,1,北日本
SHP-000791,W-13,FG-0041,2025-11-07,50,50,1,1,海外
SHP-000792,W-17,FG-0053,2024-10-17,50,50,1,1,西日本
SHP-000793,W-06,FG-0039,2025-05-13,10,10,1,1,東日本
SHP-000794,W-15,FG-0058,2025-04-05,50,50,1,1,海外
SHP-000795,W-16,FG-0003,2024-12-11,20,20,1,1,西日本
SHP-000796,W-01,FG-0033,2025-10-17,50,50,0,1,海外
SHP-000797,W-19,FG-0022,2026-02-16,50,50,1,1,東日本
SHP-000798,W-14,FG-0052,2024-04-03,100,100,1,1,北日本
SHP-000799,W-20,FG-0037,2025-06-07,20,20,1,1,東日本
SHP-000800,W-04,FG-0069,2024-07-15,100,100,0,1,北日本
SHP-000801,W-03,FG-0036,2024-04-26,100,100,1,1,東日本
SHP-000802,W-10,FG-0013,2025-11-03,100,100,1,1,西日本
SHP-000803,W-04,FG-0013,2025-12-12,50,50,1,1,東日本
SHP-000804,W-05,FG-0020,2025-04-23,100,100,1,1,北日本
SHP-000805,W-11,FG-0053,2025-06-03,100,100,1,1,西日本
SHP-000806,W-08,FG-0051,2024-04-06,100,100,1,1,海外
SHP-000807,W-13,FG-0039,2025-05-15,10,10,0,1,東日本
SHP-000808,W-13,FG-0033,2026-01-22,50,50,1,1,北日本
SHP-000809,W-12,FG-0032,2025-07-11,10,10,1,1,海外
SHP-000810,W-10,FG-0011,2025-02-06,50,50,1,1,北日本
SHP-000811,W-12,FG-0051,2026-03-21,10,7,0,0,海外
SHP-000812,W-03,FG-0070,2025-06-23,20,20,1,1,海外
SHP-000813,W-01,FG-0031,2024-05-27,100,100,1,1,東日本
SHP-000814,W-10,FG-0025,2025-12-02,10,10,1,1,北日本
SHP-000815,W-17,FG-0050,2024-06-22,10,10,1,1,北日本
SHP-000816,W-18,FG-0066,2025-11-15,20,20,1,1,東日本
SHP-000817,W-14,FG-0065,2025-02-27,10,10,1,1,西日本
SHP-000818,W-05,FG-0013,2024-04-21,50,50,1,1,西日本
SHP-000819,W-17,FG-0067,2024-02-13,100,100,1,1,北日本
SHP-000820,W-10,FG-0026,2025-07-08,10,10,1,1,北日本
SHP-000821,W-24,FG-0070,2025-12-10,100,100,1,1,西日本
SHP-000822,W-08,FG-0049,2025-06-25,10,10,1,1,海外
SHP-000823,W-14,FG-0030,2025-06-19,10,10,1,1,海外
SHP-000824,W-02,FG-0020,2024-02-28,50,50,1,1,北日本
SHP-000825,W-20,FG-0010,2024-01-31,10,10,1,1,北日本
SHP-000826,W-23,FG-0035,2025-07-22,20,20,1,1,海外
SHP-000827,W-16,FG-0027,2024-05-08,10,10,1,1,北日本
SHP-000828,W-02,FG-0055,2024-01-15,20,20,1,1,海外
SHP-000829,W-10,FG-0037,2025-01-13,20,20,1,1,西日本
SHP-000830,W-10,FG-0066,2024-10-10,20,20,1,1,海外
SHP-000831,W-05,FG-0028,2025-10-25,10,10,1,1,海外
SHP-000832,W-12,FG-0068,2026-03-18,10,10,1,1,海外
SHP-000833,W-19,FG-0065,2024-08-21,10,10,1,1,西日本
SHP-000834,W-03,FG-0018,2024-03-17,50,50,1,1,海外
SHP-000835,W-05,FG-0018,2025-02-03,20,20,1,1,東日本
SHP-000836,W-09,FG-0028,2024-08-21,10,10,1,1,東日本
SHP-000837,W-01,FG-0058,2024-11-04,20,20,1,1,東日本
SHP-000838,W-22,FG-0031,2026-02-24,50,50,1,1,北日本
SHP-000839,W-21,FG-0073,2024-04-20,10,10,0,1,東日本
SHP-000840,W-07,FG-0033,2024-07-03,50,50,1,1,西日本
SHP-000841,W-16,FG-0016,2025-10-23,50,50,1,1,海外
SHP-000842,W-06,FG-0012,2025-01-16,50,50,0,1,海外
SHP-000843,W-11,FG-0044,2025-03-05,100,100,1,1,北日本
SHP-000844,W-06,FG-0024,2025-06-23,100,100,1,1,海外
SHP-000845,W-14,FG-0027,2024-05-22,10,10,1,1,西日本
SHP-000846,W-08,FG-0019,2024-12-18,10,10,1,1,東日本
SHP-000847,W-03,FG-0040,2025-07-16,100,100,1,1,東日本
SHP-000848,W-24,FG-0056,2026-02-02,50,50,1,1,西日本
SHP-000849,W-06,FG-0079,2024-09-30,10,10,1,1,東日本
SHP-000850,W-13,FG-0054,2025-05-19,20,20,1,1,海外
SHP-000851,W-10,FG-0014,2025-07-21,50,50,0,1,西日本
SHP-000852,W-05,FG-0031,2025-04-07,20,20,1,1,北日本
SHP-000853,W-21,FG-0014,2024-12-10,100,100,0,1,東日本
SHP-000854,W-12,FG-0002,2026-01-17,100,100,1,1,海外
SHP-000855,W-16,FG-0044,2025-05-19,20,20,1,1,海外
SHP-000856,W-14,FG-0013,2025-05-27,50,50,0,1,西日本
SHP-000857,W-07,FG-0057,2024-10-28,100,100,1,1,東日本
SHP-000858,W-13,FG-0059,2024-03-13,20,20,1,1,海外
SHP-000859,W-22,FG-0012,2025-07-30,10,10,1,1,東日本
SHP-000860,W-01,FG-0058,2025-11-28,100,74,1,0,海外
SHP-000861,W-07,FG-0049,2025-11-28,20,20,1,1,海外
SHP-000862,W-08,FG-0016,2024-02-28,20,20,1,1,北日本
SHP-000863,W-15,FG-0001,2026-01-03,100,100,1,1,北日本
SHP-000864,W-09,FG-0070,2025-02-10,100,100,1,1,海外
SHP-000865,W-01,FG-0061,2024-06-27,10,10,1,1,海外
SHP-000866,W-16,FG-0036,2024-03-19,20,20,1,1,北日本
SHP-000867,W-07,FG-0072,2025-02-20,100,100,1,1,北日本
SHP-000868,W-09,FG-0076,2025-10-31,50,50,1,1,東日本
SHP-000869,W-18,FG-0053,2024-01-13,50,50,1,1,西日本
SHP-000870,W-21,FG-0078,2025-08-16,100,100,1,1,東日本
SHP-000871,W-09,FG-0018,2026-01-25,20,20,1,1,東日本
SHP-000872,W-05,FG-0012,2024-03-09,50,50,1,1,東日本
SHP-000873,W-07,FG-0019,2025-09-13,100,100,0,1,海外
SHP-000874,W-07,FG-0018,2026-01-08,100,71,1,0,海外
SHP-000875,W-09,FG-0028,2024-02-22,10,10,1,1,西日本
SHP-007001,W-21,FG-0051,2024-04-15,50,50,1,1,西日本
SHP-007002,W-20,FG-0063,2024-04-24,50,50,1,1,海外
SHP-007003,W-21,FG-0039,2024-08-27,10,10,1,1,海外
SHP-007004,W-15,FG-0009,2024-01-25,20,20,1,1,海外
SHP-007005,W-21,FG-0071,2025-05-07,100,100,1,1,西日本
SHP-007006,W-03,FG-0018,2024-11-12,10,10,1,1,海外
SHP-007007,W-23,FG-0068,2025-10-11,20,20,1,1,北日本
SHP-007008,W-01,FG-0013,2025-04-03,100,100,1,1,西日本
SHP-007009,W-03,FG-0049,2026-01-15,10,10,1,1,東日本
SHP-007010,W-21,FG-0032,2025-04-12,20,20,1,1,北日本
SHP-007011,W-12,FG-0007,2026-03-01,20,20,1,1,海外
SHP-007012,W-18,FG-0038,2024-12-27,20,20,0,1,海外
SHP-007013,W-04,FG-0065,2025-08-19,100,100,1,1,海外
SHP-007014,W-12,FG-0073,2024-08-09,10,10,0,1,西日本
SHP-007015,W-03,FG-0080,2024-06-05,50,50,1,1,西日本
SHP-007016,W-18,FG-0054,2025-01-14,20,20,1,1,東日本
SHP-007017,W-23,FG-0055,2025-03-16,20,20,1,1,東日本
SHP-007018,W-23,FG-0019,2025-12-26,20,20,1,1,東日本
SHP-007019,W-08,FG-0060,2025-07-22,50,50,1,1,海外
SHP-007020,W-14,FG-0038,2024-07-31,50,50,1,1,西日本
SHP-007021,W-05,FG-0075,2025-01-06,100,100,1,1,北日本
SHP-007022,W-09,FG-0079,2024-04-13,10,10,1,1,西日本
SHP-007023,W-03,FG-0041,2024-05-19,50,50,1,1,東日本
SHP-007024,W-04,FG-0072,2025-04-03,20,20,1,1,海外
SHP-007025,W-14,FG-0008,2026-03-01,100,100,1,1,東日本
SHP-007026,W-08,FG-0039,2024-07-11,10,10,1,1,東日本
SHP-007027,W-05,FG-0078,2024-10-14,50,50,1,1,海外
SHP-007028,W-06,FG-0036,2024-06-16,50,50,1,1,東日本
SHP-007029,W-20,FG-0073,2025-08-31,50,50,1,1,北日本
SHP-007030,W-04,FG-0031,2025-05-05,100,100,1,1,東日本
SHP-007031,W-01,FG-0003,2024-09-28,100,100,1,1,北日本
SHP-007032,W-12,FG-0063,2025-05-25,100,100,1,1,海外
SHP-007033,W-08,FG-0007,2026-04-27,100,100,0,1,北日本
SHP-007034,W-16,FG-0023,2024-05-16,50,50,0,1,海外
SHP-007035,W-01,FG-0053,2024-08-27,20,20,1,1,海外
SHP-007036,W-23,FG-0010,2024-04-09,100,100,1,1,西日本
SHP-007037,W-22,FG-0077,2024-02-11,50,50,1,1,北日本
SHP-007038,W-05,FG-0005,2024-06-23,20,20,1,1,海外
SHP-007039,W-08,FG-0068,2025-06-03,20,20,0,1,北日本
SHP-007040,W-10,FG-0023,2025-01-08,20,20,1,1,北日本
SHP-007041,W-19,FG-0078,2024-09-29,100,100,1,1,海外
SHP-007042,W-13,FG-0022,2026-02-19,100,100,1,1,海外
SHP-007043,W-06,FG-0061,2026-03-18,100,100,1,1,東日本
SHP-007044,W-15,FG-0004,2025-06-03,50,50,1,1,海外
SHP-007045,W-12,FG-0061,2024-11-27,20,14,1,0,北日本
SHP-007046,W-23,FG-0011,2025-02-19,50,50,1,1,北日本
SHP-007047,W-21,FG-0059,2025-07-17,10,10,1,1,海外
SHP-007048,W-06,FG-0022,2025-06-22,50,50,1,1,海外
SHP-007049,W-20,FG-0018,2026-02-10,100,100,0,1,北日本
SHP-007050,W-19,FG-0075,2025-01-01,10,10,1,1,西日本
SHP-007051,W-03,FG-0038,2024-11-12,10,10,1,1,西日本
SHP-007052,W-03,FG-0040,2026-01-11,20,20,1,1,東日本
SHP-007053,W-22,FG-0044,2024-03-10,20,20,1,1,海外
SHP-007054,W-06,FG-0024,2024-09-04,50,50,1,1,海外
SHP-007055,W-07,FG-0035,2024-01-17,20,20,1,1,北日本
SHP-007056,W-07,FG-0019,2026-02-02,100,100,0,1,海外
SHP-007057,W-23,FG-0028,2024-04-05,10,10,1,1,東日本
SHP-007058,W-01,FG-0050,2024-07-02,20,20,1,1,北日本
SHP-007059,W-04,FG-0003,2026-03-28,10,10,1,1,北日本
SHP-007060,W-08,FG-0029,2025-05-02,50,50,1,1,北日本
SHP-007061,W-03,FG-0007,2025-04-14,50,50,0,1,海外
SHP-007062,W-10,FG-0028,2024-05-18,50,50,1,1,海外
SHP-007063,W-10,FG-0020,2025-10-19,50,50,1,1,西日本
SHP-007064,W-22,FG-0046,2024-11-26,20,20,0,1,海外
SHP-007065,W-10,FG-0055,2025-11-05,50,50,1,1,海外
SHP-007066,W-17,FG-0052,2024-03-05,100,100,1,1,西日本
SHP-007067,W-06,FG-0040,2024-03-13,100,100,1,1,北日本
SHP-007068,W-11,FG-0052,2025-05-07,100,72,0,0,北日本
SHP-007069,W-02,FG-0022,2025-04-03,100,100,1,1,海外
SHP-007070,W-24,FG-0035,2024-09-17,20,20,0,1,海外
SHP-007071,W-11,FG-0066,2026-02-09,20,20,1,1,西日本
SHP-007072,W-18,FG-0065,2024-01-02,50,50,1,1,北日本
SHP-007073,W-04,FG-0033,2024-03-19,50,50,0,1,東日本
SHP-007074,W-14,FG-0005,2026-03-24,10,10,1,1,海外
SHP-007075,W-03,FG-0074,2025-02-26,10,10,1,1,海外
SHP-007076,W-14,FG-0008,2026-02-25,50,50,1,1,北日本
SHP-007077,W-13,FG-0013,2024-02-06,100,100,1,1,北日本
SHP-007078,W-18,FG-0033,2025-01-28,10,10,0,1,海外
SHP-007079,W-23,FG-0033,2024-11-23,100,100,1,1,東日本
SHP-007080,W-08,FG-0016,2025-10-24,100,100,1,1,北日本
SHP-007081,W-05,FG-0016,2024-10-19,50,50,1,1,海外
SHP-007082,W-22,FG-0051,2026-04-24,10,10,1,1,東日本
SHP-007083,W-24,FG-0020,2024-06-06,50,50,1,1,西日本
SHP-007084,W-12,FG-0040,2024-08-23,10,10,1,1,西日本
SHP-007085,W-15,FG-0025,2024-05-03,20,20,1,1,東日本
SHP-007086,W-23,FG-0072,2025-11-16,10,10,1,1,北日本
SHP-007087,W-04,FG-0005,2024-02-26,100,100,1,1,北日本
SHP-007088,W-19,FG-0064,2024-10-09,10,10,1,1,海外
SHP-007089,W-16,FG-0020,2024-09-12,20,17,1,0,東日本
SHP-007090,W-11,FG-0006,2024-08-17,50,50,1,1,西日本
SHP-007091,W-14,FG-0008,2024-03-18,10,10,1,1,東日本
SHP-007092,W-09,FG-0026,2024-04-20,20,20,1,1,西日本
SHP-007093,W-11,FG-0067,2025-01-30,50,50,1,1,北日本
SHP-007094,W-14,FG-0032,2024-06-02,100,100,0,1,北日本
SHP-007095,W-24,FG-0038,2024-08-08,100,100,1,1,北日本
SHP-007096,W-18,FG-0072,2024-02-11,50,50,0,1,西日本
SHP-007097,W-05,FG-0010,2024-11-11,20,20,1,1,北日本
SHP-007098,W-23,FG-0024,2024-09-18,50,50,0,1,北日本
SHP-007099,W-17,FG-0017,2025-12-22,20,20,0,1,海外
SHP-007100,W-20,FG-0063,2026-03-13,50,50,1,1,西日本
SHP-007101,W-21,FG-0018,2025-05-29,10,10,1,1,東日本
SHP-007102,W-01,FG-0046,2024-08-17,20,20,1,1,東日本
SHP-007103,W-15,FG-0013,2024-09-02,20,20,1,1,海外
SHP-007104,W-11,FG-0071,2024-11-27,10,10,1,1,海外
SHP-007105,W-16,FG-0020,2024-05-27,10,10,1,1,北日本
SHP-007106,W-03,FG-0063,2024-10-17,100,100,1,1,海外
SHP-007107,W-12,FG-0035,2024-01-26,100,100,1,1,東日本
SHP-007108,W-12,FG-0059,2025-08-28,10,10,1,1,海外
SHP-007109,W-15,FG-0026,2024-11-19,20,20,0,1,東日本
SHP-007110,W-11,FG-0002,2024-02-17,100,90,1,0,海外
SHP-007111,W-03,FG-0048,2025-09-25,10,10,0,1,西日本
SHP-007112,W-02,FG-0042,2024-05-14,50,50,1,1,西日本
SHP-007113,W-06,FG-0077,2024-07-06,20,20,1,1,北日本
SHP-007114,W-06,FG-0017,2025-06-28,50,50,0,1,北日本
SHP-007115,W-09,FG-0024,2024-04-06,50,46,1,0,北日本
SHP-007116,W-20,FG-0019,2025-12-10,10,10,1,1,海外
SHP-007117,W-16,FG-0049,2024-05-14,20,20,1,1,北日本
SHP-007118,W-05,FG-0014,2024-06-27,10,10,1,1,海外
SHP-007119,W-07,FG-0033,2026-01-22,100,100,1,1,西日本
SHP-007120,W-22,FG-0041,2024-11-11,50,50,1,1,西日本
SHP-007121,W-08,FG-0048,2025-09-12,20,20,1,1,西日本
SHP-007122,W-07,FG-0058,2026-03-30,100,100,1,1,北日本
SHP-007123,W-24,FG-0053,2024-05-09,20,20,1,1,北日本
SHP-007124,W-21,FG-0063,2026-03-30,50,50,1,1,東日本
SHP-007125,W-05,FG-0026,2024-04-23,20,20,1,1,北日本
SHP-007126,W-22,FG-0019,2026-04-06,10,10,0,1,海外
SHP-007127,W-18,FG-0006,2024-11-21,100,100,1,1,西日本
SHP-007128,W-08,FG-0076,2024-07-05,100,100,1,1,西日本
SHP-007129,W-20,FG-0032,2025-11-21,50,50,1,1,海外
SHP-007130,W-16,FG-0012,2025-10-22,10,10,1,1,西日本
SHP-007131,W-24,FG-0019,2025-02-19,50,50,0,1,東日本
SHP-007132,W-18,FG-0032,2026-04-09,20,20,0,1,北日本
SHP-007133,W-10,FG-0004,2026-01-08,20,20,1,1,北日本
SHP-007134,W-14,FG-0023,2024-02-06,50,50,1,1,西日本
SHP-007135,W-21,FG-0068,2024-01-06,100,100,1,1,北日本
SHP-007136,W-14,FG-0050,2024-05-12,10,10,0,1,海外
SHP-007137,W-14,FG-0062,2024-05-07,20,20,1,1,西日本
SHP-007138,W-09,FG-0054,2024-07-16,20,13,1,0,海外
SHP-007139,W-19,FG-0032,2025-03-15,50,50,1,1,東日本
SHP-007140,W-01,FG-0033,2026-02-24,100,100,0,1,東日本
SHP-007141,W-12,FG-0049,2025-12-27,50,50,1,1,海外
SHP-007142,W-02,FG-0038,2024-09-23,20,20,1,1,東日本
SHP-007143,W-07,FG-0060,2025-07-22,10,10,1,1,海外
SHP-007144,W-22,FG-0029,2025-12-14,10,10,0,1,北日本
SHP-007145,W-08,FG-0033,2025-11-03,20,13,1,0,東日本
SHP-007146,W-20,FG-0013,2024-06-24,20,20,1,1,西日本
SHP-007147,W-18,FG-0077,2024-05-14,50,50,1,1,東日本
SHP-007148,W-06,FG-0054,2025-01-08,10,10,1,1,東日本
SHP-007149,W-10,FG-0048,2024-04-04,10,10,0,1,北日本
SHP-007150,W-15,FG-0051,2025-07-17,50,50,1,1,西日本
SHP-007151,W-15,FG-0058,2025-03-12,10,10,1,1,西日本
SHP-007152,W-10,FG-0045,2025-09-20,50,50,1,1,東日本
SHP-007153,W-02,FG-0065,2024-03-15,10,10,1,1,東日本
SHP-007154,W-24,FG-0043,2025-06-06,100,100,1,1,東日本
SHP-007155,W-14,FG-0032,2025-11-04,20,20,1,1,北日本
SHP-007156,W-18,FG-0045,2024-06-27,10,10,1,1,海外
SHP-007157,W-18,FG-0001,2024-11-30,20,20,1,1,西日本
SHP-007158,W-11,FG-0067,2026-01-07,10,10,1,1,西日本
SHP-007159,W-07,FG-0043,2024-06-05,10,10,1,1,東日本
SHP-007160,W-12,FG-0038,2025-07-13,10,10,1,1,東日本
SHP-007161,W-06,FG-0006,2025-01-11,20,16,0,0,北日本
SHP-007162,W-16,FG-0007,2024-03-01,20,15,1,0,海外
SHP-007163,W-10,FG-0025,2025-07-01,50,50,0,1,西日本
SHP-007164,W-24,FG-0065,2024-03-02,10,10,1,1,東日本
SHP-007165,W-24,FG-0010,2024-07-31,100,86,1,0,海外
SHP-007166,W-15,FG-0007,2024-12-07,50,41,1,0,海外
SHP-007167,W-16,FG-0007,2024-02-13,10,7,1,0,西日本
SHP-007168,W-22,FG-0045,2025-09-15,50,50,1,1,北日本
SHP-007169,W-11,FG-0073,2025-07-10,10,10,1,1,東日本
SHP-007170,W-01,FG-0042,2025-07-31,20,20,0,1,東日本
SHP-007171,W-03,FG-0061,2024-10-06,10,10,1,1,海外
SHP-007172,W-07,FG-0002,2024-05-13,100,91,1,0,西日本
SHP-007173,W-02,FG-0043,2024-03-23,20,20,1,1,東日本
SHP-007174,W-08,FG-0064,2025-02-06,10,10,0,1,東日本
SHP-007175,W-03,FG-0038,2024-01-19,20,20,1,1,北日本
SHP-007176,W-08,FG-0069,2025-12-17,100,100,1,1,東日本
SHP-007177,W-17,FG-0032,2025-12-25,20,20,1,1,北日本
SHP-007178,W-22,FG-0017,2024-02-19,100,100,0,1,海外
SHP-007179,W-03,FG-0077,2026-01-04,10,10,1,1,海外
SHP-007180,W-12,FG-0065,2024-09-08,10,7,1,0,東日本
SHP-007181,W-01,FG-0015,2026-02-11,10,10,1,1,東日本
SHP-007182,W-22,FG-0068,2025-01-01,50,50,1,1,東日本
SHP-007183,W-03,FG-0065,2025-07-29,100,100,0,1,西日本
SHP-007184,W-17,FG-0064,2024-03-17,100,100,1,1,西日本
SHP-007185,W-21,FG-0053,2025-12-10,10,10,0,1,海外
SHP-007186,W-15,FG-0032,2025-06-27,20,20,1,1,海外
SHP-007187,W-18,FG-0038,2026-04-24,100,100,1,1,東日本
SHP-007188,W-10,FG-0010,2024-02-28,10,10,1,1,海外
SHP-007189,W-18,FG-0010,2024-03-06,10,10,1,1,海外
SHP-007190,W-02,FG-0049,2025-07-09,50,50,1,1,西日本
SHP-007191,W-20,FG-0003,2025-09-21,20,20,1,1,西日本
SHP-007192,W-02,FG-0041,2025-11-16,100,100,0,1,西日本
SHP-007193,W-19,FG-0064,2025-09-02,50,50,1,1,西日本
SHP-007194,W-24,FG-0077,2025-10-26,10,10,1,1,西日本
SHP-007195,W-20,FG-0051,2025-07-10,100,100,1,1,東日本
SHP-007196,W-14,FG-0075,2025-05-24,100,100,1,1,北日本
SHP-007197,W-02,FG-0079,2025-12-28,50,50,1,1,北日本
SHP-007198,W-05,FG-0058,2025-06-26,10,10,1,1,東日本
SHP-007199,W-14,FG-0057,2024-08-19,10,10,1,1,北日本
SHP-007200,W-15,FG-0030,2024-10-18,50,50,1,1,海外
SHP-007201,W-07,FG-0021,2024-04-22,20,20,0,1,北日本
SHP-007202,W-22,FG-0069,2026-04-29,20,20,1,1,東日本
SHP-007203,W-04,FG-0015,2024-04-28,10,10,1,1,東日本
SHP-007204,W-20,FG-0026,2025-05-26,50,50,1,1,海外
SHP-007205,W-19,FG-0052,2024-05-27,50,33,1,0,西日本
SHP-007206,W-02,FG-0046,2024-10-02,100,100,1,1,西日本
SHP-007207,W-12,FG-0023,2025-09-26,50,50,1,1,東日本
SHP-007208,W-18,FG-0011,2024-10-06,20,20,1,1,西日本
SHP-007209,W-21,FG-0028,2024-04-18,100,100,1,1,西日本
SHP-007210,W-02,FG-0034,2025-05-09,50,50,1,1,東日本
SHP-007211,W-01,FG-0060,2025-03-13,20,20,1,1,西日本
SHP-007212,W-20,FG-0080,2024-07-03,100,100,1,1,北日本
SHP-007213,W-16,FG-0062,2025-04-10,100,100,1,1,西日本
SHP-007214,W-05,FG-0010,2025-05-01,10,10,1,1,東日本
SHP-007215,W-02,FG-0014,2024-12-18,50,50,1,1,東日本
SHP-007216,W-05,FG-0080,2024-01-06,20,20,1,1,北日本
SHP-007217,W-12,FG-0032,2025-01-05,100,100,1,1,北日本
SHP-007218,W-09,FG-0002,2025-02-10,100,100,1,1,海外
SHP-007219,W-14,FG-0049,2025-05-31,100,100,1,1,北日本
SHP-007220,W-19,FG-0078,2025-01-24,20,17,1,0,海外
SHP-007221,W-04,FG-0026,2025-12-01,20,20,0,1,北日本
SHP-007222,W-04,FG-0042,2025-12-17,10,10,1,1,東日本
SHP-007223,W-16,FG-0023,2026-04-11,100,100,1,1,海外
SHP-007224,W-01,FG-0043,2024-11-11,100,100,0,1,北日本
SHP-007225,W-20,FG-0040,2025-10-15,50,50,1,1,北日本
SHP-007226,W-14,FG-0025,2025-08-13,20,20,1,1,東日本
SHP-007227,W-16,FG-0076,2024-08-16,100,100,1,1,海外
SHP-007228,W-23,FG-0066,2025-12-01,20,20,1,1,東日本
SHP-007229,W-21,FG-0022,2024-08-27,50,50,0,1,北日本
SHP-007230,W-21,FG-0035,2024-02-09,20,20,1,1,西日本
SHP-007231,W-21,FG-0063,2025-12-04,100,100,1,1,東日本
SHP-007232,W-21,FG-0069,2026-01-27,10,8,1,0,西日本
SHP-007233,W-09,FG-0063,2025-05-14,50,33,1,0,東日本
SHP-007234,W-08,FG-0030,2024-03-20,10,10,1,1,北日本
SHP-007235,W-10,FG-0054,2025-05-05,50,50,1,1,東日本
SHP-007236,W-13,FG-0046,2025-11-25,20,20,1,1,海外
SHP-007237,W-03,FG-0078,2025-03-28,10,10,1,1,西日本
SHP-007238,W-05,FG-0029,2025-06-27,20,20,1,1,海外
SHP-007239,W-02,FG-0048,2025-07-29,10,10,1,1,海外
SHP-007240,W-06,FG-0034,2024-08-11,20,20,1,1,北日本
SHP-007241,W-11,FG-0015,2025-12-28,20,20,1,1,北日本
SHP-007242,W-07,FG-0043,2025-04-23,10,10,1,1,北日本
SHP-007243,W-06,FG-0034,2026-04-07,10,10,1,1,北日本
SHP-007244,W-13,FG-0032,2024-09-10,20,20,0,1,北日本
SHP-007245,W-14,FG-0074,2026-04-22,20,16,1,0,北日本
SHP-007246,W-16,FG-0037,2025-01-02,10,10,1,1,西日本
SHP-007247,W-18,FG-0006,2024-11-07,100,100,1,1,西日本
SHP-007248,W-03,FG-0053,2024-05-21,10,10,1,1,東日本
SHP-007249,W-16,FG-0080,2024-06-03,20,20,1,1,海外
SHP-007250,W-23,FG-0041,2024-10-06,100,100,0,1,海外
SHP-007251,W-08,FG-0024,2025-03-29,100,100,1,1,海外
SHP-007252,W-14,FG-0041,2024-06-02,50,50,1,1,東日本
SHP-007253,W-21,FG-0069,2024-08-10,20,20,1,1,北日本
SHP-007254,W-07,FG-0011,2024-01-14,100,100,1,1,西日本
SHP-007255,W-02,FG-0015,2024-02-24,100,100,1,1,海外
SHP-007256,W-06,FG-0080,2025-03-26,10,8,1,0,西日本
SHP-007257,W-19,FG-0006,2024-08-05,20,20,1,1,北日本
SHP-007258,W-16,FG-0020,2024-04-07,20,20,1,1,北日本
SHP-007259,W-09,FG-0074,2024-07-10,10,10,1,1,西日本
SHP-007260,W-01,FG-0021,2025-06-08,100,100,1,1,西日本
SHP-007261,W-24,FG-0040,2024-02-10,100,68,1,0,東日本
SHP-007262,W-09,FG-0033,2024-07-23,100,100,1,1,東日本
SHP-007263,W-17,FG-0072,2024-01-06,100,100,0,1,北日本
SHP-007264,W-15,FG-0060,2025-01-17,20,20,1,1,東日本
SHP-007265,W-01,FG-0078,2025-11-10,50,50,1,1,北日本
SHP-007266,W-12,FG-0062,2025-09-10,100,82,0,0,北日本
SHP-007267,W-01,FG-0013,2024-03-22,10,8,1,0,東日本
SHP-007268,W-23,FG-0037,2025-02-04,10,8,1,0,西日本
SHP-007269,W-16,FG-0059,2024-01-03,10,10,1,1,東日本
SHP-007270,W-10,FG-0031,2024-06-17,100,100,0,1,東日本
SHP-007271,W-21,FG-0080,2024-02-10,20,20,1,1,西日本
SHP-007272,W-20,FG-0041,2025-03-29,50,50,1,1,西日本
SHP-007273,W-22,FG-0009,2025-09-06,20,20,0,1,北日本
SHP-007274,W-23,FG-0066,2026-02-01,10,10,1,1,海外
SHP-007275,W-08,FG-0050,2024-09-13,50,50,1,1,西日本
SHP-007276,W-03,FG-0080,2024-04-29,50,50,1,1,東日本
SHP-007277,W-09,FG-0080,2025-11-06,50,50,0,1,東日本
SHP-007278,W-21,FG-0011,2025-06-10,10,10,0,1,東日本
SHP-007279,W-03,FG-0046,2024-08-15,100,100,1,1,東日本
SHP-007280,W-11,FG-0005,2024-01-16,10,10,1,1,海外
SHP-007281,W-24,FG-0039,2025-02-08,10,10,1,1,海外
SHP-007282,W-04,FG-0052,2025-06-05,50,50,1,1,西日本
SHP-007283,W-20,FG-0067,2024-08-28,50,50,1,1,海外
SHP-007284,W-12,FG-0005,2025-02-15,50,50,1,1,東日本
SHP-007285,W-11,FG-0027,2025-10-11,100,100,0,1,西日本
SHP-007286,W-13,FG-0067,2024-05-17,100,100,1,1,東日本
SHP-007287,W-08,FG-0069,2026-02-06,20,20,1,1,東日本
SHP-007288,W-16,FG-0059,2024-04-03,100,100,1,1,北日本
SHP-007289,W-07,FG-0002,2024-06-26,20,20,1,1,海外
SHP-007290,W-20,FG-0078,2024-03-13,50,50,1,1,海外
SHP-007291,W-11,FG-0004,2025-12-19,100,100,1,1,西日本
SHP-007292,W-10,FG-0025,2025-11-16,50,50,1,1,西日本
SHP-007293,W-02,FG-0020,2025-06-08,10,10,1,1,西日本
SHP-007294,W-17,FG-0001,2024-04-09,100,100,1,1,北日本
SHP-007295,W-15,FG-0015,2025-02-23,10,10,1,1,西日本
SHP-007296,W-02,FG-0071,2026-01-08,20,20,1,1,北日本
SHP-007297,W-24,FG-0054,2024-09-26,50,50,1,1,西日本
SHP-007298,W-15,FG-0031,2025-03-02,10,10,1,1,西日本
SHP-007299,W-24,FG-0072,2026-02-28,10,10,0,1,西日本
SHP-007300,W-21,FG-0063,2024-11-29,20,20,1,1,海外
SHP-007301,W-07,FG-0065,2025-01-29,20,20,1,1,海外
SHP-007302,W-19,FG-0075,2025-05-11,100,100,0,1,西日本
SHP-007303,W-16,FG-0003,2025-03-09,50,50,0,1,西日本
SHP-007304,W-01,FG-0019,2025-11-25,100,100,1,1,北日本
SHP-007305,W-12,FG-0038,2025-03-28,100,100,0,1,北日本
SHP-007306,W-22,FG-0009,2025-04-01,50,50,1,1,海外
SHP-007307,W-22,FG-0037,2024-10-07,20,14,1,0,北日本
SHP-007308,W-07,FG-0029,2024-09-10,20,18,1,0,北日本
SHP-007309,W-19,FG-0053,2024-03-15,20,20,1,1,西日本
SHP-007310,W-14,FG-0051,2025-10-02,20,20,1,1,海外
SHP-007311,W-11,FG-0043,2024-07-12,20,20,1,1,北日本
SHP-007312,W-08,FG-0031,2026-01-28,20,20,1,1,西日本
SHP-007313,W-08,FG-0071,2024-03-11,50,50,1,1,北日本
SHP-007314,W-14,FG-0075,2025-06-09,10,10,1,1,海外
SHP-007315,W-23,FG-0020,2026-03-21,10,10,1,1,西日本
SHP-007316,W-10,FG-0077,2026-04-11,10,10,0,1,北日本
SHP-007317,W-19,FG-0080,2025-11-29,100,100,1,1,海外
SHP-007318,W-04,FG-0059,2024-10-09,20,20,1,1,東日本
SHP-007319,W-24,FG-0038,2025-09-15,10,10,1,1,西日本
SHP-007320,W-02,FG-0031,2024-09-13,100,81,1,0,西日本
SHP-007321,W-13,FG-0033,2024-07-21,20,20,1,1,海外
SHP-007322,W-03,FG-0008,2026-02-12,10,10,1,1,海外
SHP-007323,W-13,FG-0004,2025-11-10,10,10,1,1,海外
SHP-007324,W-05,FG-0029,2024-10-15,100,100,1,1,東日本
SHP-007325,W-17,FG-0072,2025-04-21,10,10,0,1,東日本
SHP-007326,W-15,FG-0061,2026-02-20,20,20,1,1,東日本
SHP-007327,W-13,FG-0070,2025-09-29,100,100,1,1,西日本
SHP-007328,W-12,FG-0003,2026-04-05,10,10,0,1,西日本
SHP-007329,W-24,FG-0033,2026-02-08,100,100,1,1,東日本
SHP-007330,W-11,FG-0077,2024-07-13,100,100,1,1,海外
SHP-007331,W-23,FG-0044,2024-05-10,100,100,1,1,海外
SHP-007332,W-24,FG-0036,2024-07-12,20,20,0,1,東日本
SHP-007333,W-14,FG-0040,2024-02-19,50,50,1,1,西日本
SHP-007334,W-09,FG-0015,2026-03-04,100,100,1,1,東日本
SHP-007335,W-04,FG-0019,2025-04-18,100,100,0,1,東日本
SHP-007336,W-02,FG-0014,2025-01-06,100,100,1,1,北日本
SHP-007337,W-10,FG-0006,2025-05-27,20,20,0,1,西日本
SHP-007338,W-01,FG-0008,2024-06-16,20,20,1,1,海外
SHP-007339,W-04,FG-0021,2025-04-22,10,10,1,1,海外
SHP-007340,W-11,FG-0075,2024-05-02,10,10,1,1,海外
SHP-007341,W-16,FG-0032,2026-01-30,50,50,1,1,海外
SHP-007342,W-19,FG-0041,2024-12-30,20,20,1,1,北日本
SHP-007343,W-16,FG-0033,2025-09-19,50,50,1,1,海外
SHP-007344,W-02,FG-0047,2024-10-15,50,50,1,1,海外
SHP-007345,W-18,FG-0018,2024-02-03,100,100,1,1,海外
SHP-007346,W-18,FG-0068,2025-06-06,10,10,1,1,海外
SHP-007347,W-10,FG-0022,2025-07-19,100,100,1,1,東日本
SHP-007348,W-24,FG-0063,2025-01-16,50,50,0,1,東日本
SHP-007349,W-15,FG-0072,2024-11-04,50,50,1,1,海外
SHP-007350,W-04,FG-0055,2024-01-11,20,20,1,1,東日本
SHP-007351,W-22,FG-0065,2024-11-23,100,100,0,1,北日本
SHP-007352,W-21,FG-0015,2025-02-04,10,10,1,1,西日本
SHP-007353,W-05,FG-0029,2025-12-14,20,20,1,1,海外
SHP-007354,W-19,FG-0012,2024-03-16,50,50,1,1,海外
SHP-007355,W-10,FG-0027,2025-03-25,50,50,0,1,東日本
SHP-007356,W-05,FG-0032,2025-05-07,20,20,1,1,海外
SHP-007357,W-11,FG-0036,2025-11-24,50,50,1,1,東日本
SHP-007358,W-19,FG-0025,2024-12-15,10,10,1,1,海外
SHP-007359,W-10,FG-0056,2025-01-16,100,100,1,1,西日本
SHP-007360,W-24,FG-0016,2025-03-02,50,43,1,0,東日本
SHP-007361,W-22,FG-0064,2026-03-23,50,50,1,1,北日本
SHP-007362,W-17,FG-0022,2024-10-06,10,10,1,1,東日本
SHP-007363,W-04,FG-0070,2024-10-22,20,20,1,1,海外
SHP-007364,W-11,FG-0075,2025-08-23,50,47,1,0,東日本
SHP-007365,W-14,FG-0053,2024-12-16,20,20,1,1,西日本
SHP-007366,W-03,FG-0079,2024-01-09,20,20,1,1,西日本
SHP-007367,W-02,FG-0033,2026-04-11,10,10,1,1,北日本
SHP-007368,W-07,FG-0044,2025-12-15,20,20,1,1,西日本
SHP-007369,W-15,FG-0051,2025-09-04,100,100,1,1,海外
SHP-007370,W-04,FG-0071,2025-10-20,100,64,1,0,北日本
SHP-007371,W-07,FG-0032,2026-01-18,50,50,1,1,海外
SHP-007372,W-04,FG-0033,2026-03-02,50,50,1,1,北日本
SHP-007373,W-17,FG-0076,2024-03-05,50,50,0,1,海外
SHP-007374,W-09,FG-0056,2024-06-20,50,50,1,1,西日本
SHP-007375,W-06,FG-0025,2025-12-31,100,100,1,1,海外
SHP-007376,W-19,FG-0064,2024-04-24,50,42,1,0,東日本
SHP-007377,W-06,FG-0037,2025-12-12,20,15,1,0,東日本
SHP-007378,W-12,FG-0065,2026-03-19,20,20,1,1,北日本
SHP-007379,W-20,FG-0057,2025-06-26,10,10,1,1,北日本
SHP-007380,W-10,FG-0026,2024-11-01,100,100,1,1,北日本
SHP-007381,W-13,FG-0050,2025-03-31,10,6,1,0,西日本
SHP-007382,W-15,FG-0044,2024-04-08,20,20,0,1,北日本
SHP-007383,W-23,FG-0039,2024-11-07,10,10,1,1,海外
SHP-007384,W-03,FG-0076,2025-12-12,50,50,1,1,東日本
SHP-007385,W-10,FG-0032,2024-09-06,100,100,1,1,東日本
SHP-007386,W-24,FG-0055,2024-07-30,10,10,1,1,東日本
SHP-007387,W-10,FG-0041,2024-03-30,20,20,1,1,北日本
SHP-007388,W-14,FG-0033,2025-11-26,50,50,1,1,東日本
SHP-007389,W-16,FG-0058,2024-09-24,20,20,1,1,東日本
SHP-007390,W-06,FG-0032,2025-02-23,50,50,1,1,西日本
SHP-007391,W-20,FG-0004,2024-05-13,50,50,1,1,西日本
SHP-007392,W-23,FG-0017,2024-06-13,50,50,1,1,北日本
SHP-007393,W-18,FG-0068,2025-03-15,50,50,1,1,北日本
SHP-007394,W-16,FG-0036,2026-04-08,100,100,1,1,西日本
SHP-007395,W-21,FG-0038,2024-08-20,20,20,1,1,北日本
SHP-007396,W-12,FG-0078,2025-03-13,50,50,1,1,北日本
SHP-007397,W-24,FG-0069,2024-02-15,50,50,1,1,東日本
SHP-007398,W-16,FG-0017,2024-06-12,50,50,1,1,北日本
SHP-007399,W-05,FG-0003,2024-03-03,50,50,1,1,西日本
SHP-007400,W-06,FG-0028,2024-09-12,10,10,1,1,北日本
SHP-007401,W-07,FG-0055,2024-11-18,100,100,1,1,東日本
SHP-007402,W-14,FG-0062,2025-04-03,20,20,1,1,北日本
SHP-007403,W-21,FG-0076,2025-12-26,10,10,1,1,東日本
SHP-007404,W-17,FG-0060,2025-11-13,50,50,1,1,東日本
SHP-007405,W-03,FG-0039,2025-04-17,10,10,1,1,東日本
SHP-007406,W-21,FG-0075,2025-09-16,100,100,1,1,海外
SHP-007407,W-21,FG-0008,2026-01-21,100,100,1,1,東日本
SHP-007408,W-23,FG-0002,2026-04-21,20,20,1,1,北日本
SHP-007409,W-19,FG-0045,2024-03-19,100,100,1,1,北日本
SHP-007410,W-16,FG-0044,2024-09-30,50,50,1,1,西日本
SHP-007411,W-21,FG-0033,2024-01-07,50,50,1,1,西日本
SHP-007412,W-02,FG-0035,2025-02-04,50,50,1,1,東日本
SHP-007413,W-19,FG-0038,2024-12-11,100,100,1,1,海外
SHP-007414,W-07,FG-0023,2024-05-18,50,50,1,1,北日本
SHP-007415,W-01,FG-0027,2024-05-25,10,10,1,1,西日本
SHP-007416,W-13,FG-0049,2025-05-23,100,100,1,1,西日本
SHP-007417,W-15,FG-0068,2026-01-08,20,20,0,1,海外
SHP-007418,W-07,FG-0076,2026-01-11,50,50,1,1,海外
SHP-007419,W-04,FG-0007,2025-10-25,50,50,1,1,東日本
SHP-007420,W-24,FG-0061,2024-09-12,20,20,1,1,北日本
SHP-007421,W-22,FG-0032,2024-10-02,50,50,1,1,北日本
SHP-007422,W-02,FG-0027,2025-08-31,10,10,1,1,北日本
SHP-007423,W-23,FG-0039,2025-11-24,20,20,1,1,北日本
SHP-007424,W-04,FG-0047,2024-09-14,10,10,1,1,北日本
SHP-007425,W-20,FG-0011,2025-10-11,50,50,1,1,東日本
SHP-007426,W-13,FG-0041,2024-04-08,50,50,1,1,東日本
SHP-007427,W-04,FG-0050,2025-03-14,100,100,1,1,東日本
SHP-007428,W-07,FG-0074,2024-07-26,100,100,1,1,東日本
SHP-007429,W-04,FG-0058,2026-02-07,20,20,1,1,海外
SHP-007430,W-11,FG-0030,2024-11-13,100,100,1,1,北日本
SHP-007431,W-10,FG-0009,2024-07-31,50,50,1,1,海外
SHP-007432,W-18,FG-0034,2026-01-28,50,50,1,1,西日本
SHP-007433,W-16,FG-0030,2025-08-15,50,50,0,1,東日本
SHP-007434,W-01,FG-0049,2024-05-30,20,20,1,1,北日本
SHP-007435,W-02,FG-0015,2026-03-03,20,20,1,1,西日本
SHP-007436,W-07,FG-0062,2024-04-30,10,10,1,1,海外
SHP-007437,W-18,FG-0017,2025-02-19,20,20,1,1,北日本
SHP-007438,W-21,FG-0055,2026-04-01,100,100,1,1,西日本
SHP-007439,W-06,FG-0050,2024-10-13,100,100,1,1,東日本
SHP-007440,W-24,FG-0028,2025-07-13,10,7,1,0,海外
SHP-007441,W-18,FG-0063,2024-04-26,20,20,1,1,北日本
SHP-007442,W-15,FG-0023,2024-08-11,20,20,1,1,海外
SHP-007443,W-10,FG-0077,2024-12-09,100,100,1,1,北日本
SHP-007444,W-12,FG-0034,2024-09-25,20,20,1,1,西日本
SHP-007445,W-12,FG-0046,2025-10-28,100,100,1,1,海外
SHP-007446,W-15,FG-0071,2024-11-10,20,20,0,1,海外
SHP-007447,W-07,FG-0056,2024-11-09,10,10,1,1,東日本
SHP-007448,W-17,FG-0002,2024-09-26,20,20,1,1,西日本
SHP-007449,W-03,FG-0058,2025-06-25,50,50,1,1,北日本
SHP-007450,W-12,FG-0006,2026-04-20,10,10,1,1,東日本
SHP-007451,W-16,FG-0064,2024-04-19,10,10,1,1,北日本
SHP-007452,W-02,FG-0034,2026-04-26,10,10,0,1,海外
SHP-007453,W-14,FG-0080,2025-08-01,100,100,1,1,北日本
SHP-007454,W-10,FG-0064,2025-12-01,50,37,1,0,海外
SHP-007455,W-13,FG-0071,2024-12-11,50,50,1,1,東日本
SHP-007456,W-12,FG-0023,2024-05-19,50,50,1,1,西日本
SHP-007457,W-10,FG-0029,2026-02-16,20,20,1,1,西日本
SHP-007458,W-04,FG-0032,2024-01-20,50,50,0,1,北日本
SHP-007459,W-02,FG-0020,2025-05-22,20,20,1,1,海外
SHP-007460,W-03,FG-0041,2024-10-22,10,10,1,1,西日本
SHP-007461,W-08,FG-0043,2025-03-22,50,50,0,1,東日本
SHP-007462,W-06,FG-0037,2024-07-29,50,50,1,1,北日本
SHP-007463,W-11,FG-0076,2024-11-08,20,20,1,1,西日本
SHP-007464,W-05,FG-0055,2024-09-16,100,100,0,1,海外
SHP-007465,W-08,FG-0063,2024-02-26,50,50,1,1,北日本
SHP-007466,W-01,FG-0050,2025-02-27,20,20,1,1,東日本
SHP-007467,W-16,FG-0071,2025-02-24,100,100,1,1,北日本
SHP-007468,W-20,FG-0017,2025-05-05,10,10,1,1,西日本
SHP-007469,W-24,FG-0030,2024-05-19,10,10,1,1,東日本
SHP-007470,W-13,FG-0029,2025-05-27,10,10,1,1,東日本
SHP-007471,W-14,FG-0015,2025-04-05,50,50,0,1,西日本
SHP-007472,W-18,FG-0006,2024-08-04,100,67,0,0,海外
SHP-007473,W-19,FG-0013,2025-04-21,20,20,0,1,東日本
SHP-007474,W-02,FG-0029,2026-04-29,10,10,1,1,北日本
SHP-007475,W-08,FG-0079,2025-05-29,10,10,1,1,東日本
SHP-007476,W-21,FG-0013,2025-12-29,50,50,1,1,北日本
SHP-007477,W-04,FG-0054,2025-02-24,10,10,1,1,西日本
SHP-007478,W-22,FG-0016,2026-03-09,50,50,1,1,北日本
SHP-007479,W-12,FG-0075,2026-02-27,20,20,1,1,海外
SHP-007480,W-22,FG-0003,2025-07-19,50,50,0,1,東日本
SHP-007481,W-03,FG-0074,2025-11-15,50,50,1,1,西日本
SHP-007482,W-01,FG-0022,2024-11-30,50,50,1,1,東日本
SHP-007483,W-23,FG-0004,2024-05-03,20,20,1,1,北日本
SHP-007484,W-22,FG-0004,2025-01-31,100,100,0,1,西日本
SHP-007485,W-07,FG-0067,2024-07-07,20,20,1,1,東日本
SHP-007486,W-08,FG-0078,2025-02-14,100,100,1,1,海外
SHP-007487,W-01,FG-0026,2025-12-11,50,50,1,1,海外
SHP-007488,W-09,FG-0078,2025-01-08,10,10,1,1,海外
SHP-007489,W-24,FG-0057,2025-09-02,50,50,1,1,西日本
SHP-007490,W-15,FG-0050,2025-01-18,20,20,1,1,西日本
SHP-007491,W-06,FG-0027,2024-05-06,100,100,0,1,東日本
SHP-007492,W-07,FG-0009,2024-03-25,20,20,1,1,東日本
SHP-007493,W-11,FG-0050,2025-06-16,100,100,1,1,西日本
SHP-007494,W-15,FG-0069,2024-05-15,10,10,1,1,北日本
SHP-007495,W-16,FG-0071,2025-02-24,20,20,1,1,東日本
SHP-007496,W-24,FG-0072,2025-10-01,20,20,1,1,海外
SHP-007497,W-12,FG-0059,2024-07-17,50,50,1,1,東日本
SHP-007498,W-05,FG-0065,2024-11-17,20,20,1,1,北日本
SHP-007499,W-08,FG-0078,2024-07-03,20,20,1,1,海外
SHP-007500,W-22,FG-0069,2024-07-22,100,100,1,1,北日本
SHP-007501,W-05,FG-0020,2024-08-26,10,10,1,1,北日本
SHP-007502,W-23,FG-0043,2024-01-08,20,20,1,1,西日本
SHP-007503,W-07,FG-0004,2024-08-08,50,50,1,1,北日本
SHP-007504,W-01,FG-0015,2024-01-01,10,10,1,1,北日本
SHP-007505,W-22,FG-0047,2024-10-09,20,20,1,1,東日本
SHP-007506,W-02,FG-0075,2025-11-01,20,20,1,1,西日本
SHP-007507,W-17,FG-0041,2024-03-29,50,50,1,1,海外
SHP-007508,W-20,FG-0042,2024-01-15,100,100,1,1,海外
SHP-007509,W-05,FG-0066,2024-11-15,10,10,1,1,北日本
SHP-007510,W-05,FG-0074,2024-03-12,10,10,1,1,西日本
SHP-007511,W-24,FG-0064,2024-10-10,100,100,1,1,海外
SHP-007512,W-23,FG-0006,2025-08-28,20,20,1,1,東日本
SHP-007513,W-21,FG-0073,2026-03-28,10,10,1,1,海外
SHP-007514,W-18,FG-0054,2025-01-26,10,10,1,1,東日本
SHP-007515,W-12,FG-0029,2024-12-22,50,50,0,1,海外
SHP-007516,W-02,FG-0064,2025-04-21,50,50,0,1,海外
SHP-007517,W-10,FG-0002,2024-02-17,20,20,1,1,海外
SHP-007518,W-12,FG-0066,2024-01-11,10,10,1,1,海外
SHP-007519,W-16,FG-0051,2024-12-23,50,50,1,1,東日本
SHP-007520,W-20,FG-0034,2024-12-24,100,100,1,1,海外
SHP-007521,W-09,FG-0024,2024-08-14,100,100,1,1,東日本
SHP-007522,W-20,FG-0026,2025-08-09,100,100,1,1,東日本
SHP-007523,W-05,FG-0052,2024-07-27,100,100,0,1,東日本
SHP-007524,W-05,FG-0035,2025-07-13,100,100,1,1,西日本
SHP-007525,W-05,FG-0026,2024-05-22,50,50,1,1,西日本
SHP-007526,W-14,FG-0018,2025-10-29,20,20,1,1,海外
SHP-007527,W-20,FG-0062,2025-11-30,10,10,1,1,海外
SHP-007528,W-09,FG-0013,2025-11-01,100,100,0,1,海外
SHP-007529,W-05,FG-0011,2026-02-12,20,20,1,1,東日本
SHP-007530,W-15,FG-0014,2024-12-26,20,20,0,1,西日本
SHP-007531,W-07,FG-0026,2025-05-07,10,10,1,1,東日本
SHP-007532,W-21,FG-0049,2024-07-23,20,20,1,1,東日本
SHP-007533,W-10,FG-0030,2024-04-13,50,46,1,0,北日本
SHP-007534,W-13,FG-0050,2025-05-13,10,10,1,1,西日本
SHP-007535,W-14,FG-0047,2024-03-07,10,10,1,1,東日本
SHP-007536,W-03,FG-0011,2024-01-24,20,20,1,1,東日本
SHP-007537,W-19,FG-0065,2024-11-01,50,50,1,1,海外
SHP-007538,W-17,FG-0010,2024-04-13,10,10,1,1,北日本
SHP-007539,W-15,FG-0037,2024-10-24,20,20,1,1,海外
SHP-007540,W-19,FG-0080,2025-03-10,50,39,1,0,西日本
SHP-007541,W-20,FG-0017,2025-12-06,20,20,1,1,西日本
SHP-007542,W-05,FG-0005,2024-11-12,100,100,1,1,東日本
SHP-007543,W-16,FG-0025,2024-03-17,100,100,1,1,西日本
SHP-007544,W-19,FG-0019,2025-03-05,10,10,1,1,海外
SHP-007545,W-06,FG-0032,2026-01-22,50,50,0,1,西日本
SHP-007546,W-12,FG-0024,2024-06-11,20,18,1,0,東日本
SHP-007547,W-18,FG-0048,2026-03-01,50,50,1,1,西日本
SHP-007548,W-17,FG-0030,2025-04-12,10,10,1,1,西日本
SHP-007549,W-01,FG-0071,2025-11-03,50,50,1,1,北日本
SHP-007550,W-20,FG-0041,2024-01-03,20,20,0,1,西日本
SHP-007551,W-07,FG-0025,2026-02-28,20,20,1,1,海外
SHP-007552,W-02,FG-0003,2024-01-18,10,10,1,1,北日本
SHP-007553,W-03,FG-0031,2025-08-17,20,20,1,1,北日本
SHP-007554,W-10,FG-0026,2024-01-03,10,10,1,1,西日本
SHP-007555,W-12,FG-0037,2025-01-24,100,100,1,1,東日本
SHP-007556,W-18,FG-0072,2024-06-02,10,10,0,1,海外
SHP-007557,W-15,FG-0032,2026-03-08,20,20,1,1,北日本
SHP-007558,W-15,FG-0061,2024-07-27,10,10,1,1,北日本
SHP-007559,W-07,FG-0034,2024-10-21,100,100,1,1,東日本
SHP-007560,W-01,FG-0079,2025-08-12,10,10,1,1,西日本
SHP-007561,W-01,FG-0048,2024-02-04,50,50,1,1,北日本
SHP-007562,W-06,FG-0051,2024-02-06,20,18,1,0,東日本
SHP-007563,W-08,FG-0073,2025-11-22,10,10,1,1,東日本
SHP-007564,W-07,FG-0021,2025-11-12,100,100,1,1,西日本
SHP-007565,W-06,FG-0003,2024-07-14,100,100,0,1,東日本
SHP-007566,W-13,FG-0063,2024-06-03,20,20,1,1,北日本
SHP-007567,W-24,FG-0034,2026-02-16,10,10,1,1,西日本
SHP-007568,W-14,FG-0021,2025-02-16,50,50,1,1,北日本
SHP-007569,W-11,FG-0054,2024-12-12,100,100,1,1,海外
SHP-007570,W-13,FG-0010,2025-06-15,20,20,1,1,西日本
SHP-007571,W-20,FG-0035,2024-04-15,20,20,1,1,北日本
SHP-007572,W-13,FG-0060,2025-12-24,20,20,0,1,東日本
SHP-007573,W-19,FG-0018,2025-09-08,50,50,1,1,西日本
SHP-007574,W-12,FG-0011,2024-02-09,20,20,0,1,西日本
SHP-007575,W-04,FG-0049,2026-04-04,10,10,1,1,西日本
SHP-007576,W-22,FG-0053,2024-10-29,50,35,1,0,東日本
SHP-007577,W-02,FG-0040,2025-12-17,100,100,1,1,海外
SHP-007578,W-16,FG-0002,2025-02-16,20,14,0,0,西日本
SHP-007579,W-13,FG-0062,2024-01-06,10,10,1,1,西日本
SHP-007580,W-23,FG-0041,2025-10-27,10,10,1,1,東日本
SHP-007581,W-18,FG-0074,2025-07-09,100,100,1,1,海外
SHP-007582,W-03,FG-0043,2024-06-03,50,50,1,1,北日本
SHP-007583,W-10,FG-0050,2026-04-10,10,10,1,1,北日本
SHP-007584,W-06,FG-0050,2025-12-02,20,20,1,1,海外
SHP-007585,W-06,FG-0039,2025-03-10,20,20,1,1,海外
SHP-007586,W-05,FG-0004,2026-03-02,100,100,0,1,海外
SHP-007587,W-19,FG-0059,2025-03-23,50,39,1,0,西日本
SHP-007588,W-14,FG-0039,2025-02-24,100,100,0,1,西日本
SHP-007589,W-18,FG-0059,2025-12-07,100,90,1,0,西日本
SHP-007590,W-05,FG-0038,2025-03-11,10,10,0,1,北日本
SHP-007591,W-23,FG-0072,2025-05-03,10,10,1,1,海外
SHP-007592,W-17,FG-0063,2024-03-13,10,9,1,0,海外
SHP-007593,W-17,FG-0012,2025-11-10,10,10,1,1,東日本
SHP-007594,W-05,FG-0034,2025-08-11,10,10,1,1,北日本
SHP-007595,W-06,FG-0050,2025-07-11,100,100,1,1,東日本
SHP-007596,W-02,FG-0076,2025-10-06,20,20,1,1,北日本
SHP-007597,W-02,FG-0013,2025-11-21,10,10,1,1,北日本
SHP-007598,W-11,FG-0044,2026-01-05,50,50,1,1,海外
SHP-007599,W-03,FG-0046,2024-02-14,20,20,1,1,西日本
SHP-007600,W-07,FG-0026,2026-04-15,50,50,1,1,海外
SHP-007601,W-01,FG-0007,2025-07-16,50,50,1,1,北日本
SHP-007602,W-22,FG-0008,2024-10-22,20,20,1,1,海外
SHP-007603,W-13,FG-0074,2026-01-28,20,20,1,1,西日本
SHP-007604,W-20,FG-0060,2024-11-13,10,10,1,1,西日本
SHP-007605,W-12,FG-0030,2025-03-19,100,100,1,1,北日本
SHP-007606,W-12,FG-0040,2024-12-11,50,50,1,1,海外
SHP-007607,W-03,FG-0053,2025-02-19,100,100,0,1,北日本
SHP-007608,W-22,FG-0057,2024-10-02,100,100,1,1,北日本
SHP-007609,W-18,FG-0080,2025-02-12,20,20,1,1,北日本
SHP-007610,W-07,FG-0071,2026-04-07,20,20,1,1,海外
SHP-007611,W-20,FG-0045,2024-01-20,50,50,1,1,西日本
SHP-007612,W-21,FG-0069,2024-11-17,50,50,1,1,北日本
SHP-007613,W-07,FG-0052,2025-08-13,100,100,1,1,海外
SHP-007614,W-18,FG-0026,2024-02-26,20,20,1,1,北日本
SHP-007615,W-01,FG-0007,2026-03-25,10,10,1,1,北日本
SHP-007616,W-05,FG-0025,2024-03-06,50,50,1,1,西日本
SHP-007617,W-12,FG-0058,2024-11-15,50,50,1,1,東日本
SHP-007618,W-04,FG-0039,2025-11-26,50,46,1,0,東日本
SHP-007619,W-15,FG-0044,2024-08-19,20,20,1,1,北日本
SHP-007620,W-24,FG-0008,2025-08-26,20,20,0,1,西日本
SHP-007621,W-02,FG-0070,2025-10-04,20,20,0,1,海外
SHP-007622,W-20,FG-0023,2026-01-14,10,7,1,0,北日本
SHP-007623,W-11,FG-0005,2024-05-20,20,20,0,1,西日本
SHP-007624,W-23,FG-0052,2025-05-10,100,84,1,0,北日本
SHP-007625,W-22,FG-0060,2024-02-16,20,20,0,1,海外
SHP-007626,W-09,FG-0053,2026-04-03,50,50,1,1,海外
SHP-007627,W-19,FG-0017,2025-10-30,10,10,1,1,海外
SHP-007628,W-07,FG-0080,2024-06-29,100,100,1,1,海外
SHP-007629,W-12,FG-0037,2024-02-14,20,20,1,1,東日本
SHP-007630,W-11,FG-0074,2026-03-29,20,20,1,1,西日本
SHP-007631,W-17,FG-0070,2025-03-03,20,20,1,1,東日本
SHP-007632,W-21,FG-0018,2025-04-06,10,10,1,1,西日本
SHP-007633,W-01,FG-0036,2024-11-26,50,50,1,1,東日本
SHP-007634,W-24,FG-0071,2024-06-22,50,34,1,0,東日本
SHP-007635,W-19,FG-0025,2025-09-10,50,50,1,1,海外
SHP-007636,W-17,FG-0015,2024-05-08,50,50,1,1,北日本
SHP-007637,W-24,FG-0014,2025-12-25,100,100,1,1,海外
SHP-007638,W-21,FG-0037,2026-01-08,10,10,1,1,西日本
SHP-007639,W-11,FG-0009,2024-10-21,20,20,1,1,西日本
SHP-007640,W-14,FG-0069,2026-04-06,100,100,1,1,西日本
SHP-007641,W-07,FG-0040,2026-01-01,10,10,1,1,海外
SHP-007642,W-06,FG-0050,2024-09-06,20,20,1,1,西日本
SHP-007643,W-21,FG-0009,2024-08-11,50,50,1,1,西日本
SHP-007644,W-08,FG-0027,2025-04-18,100,100,1,1,北日本
SHP-007645,W-02,FG-0080,2025-11-30,20,18,0,0,西日本
SHP-007646,W-23,FG-0067,2026-02-11,100,100,1,1,東日本
SHP-007647,W-16,FG-0030,2024-02-02,100,100,1,1,西日本
SHP-007648,W-20,FG-0061,2026-04-19,50,50,1,1,北日本
SHP-007649,W-12,FG-0070,2024-03-30,10,10,1,1,北日本
SHP-007650,W-20,FG-0031,2025-04-26,10,10,1,1,東日本
SHP-007651,W-14,FG-0059,2024-02-24,10,10,0,1,海外
SHP-007652,W-16,FG-0010,2026-03-14,20,20,0,1,海外
SHP-007653,W-16,FG-0015,2025-10-28,10,10,1,1,海外
SHP-007654,W-24,FG-0062,2025-06-02,10,10,1,1,北日本
SHP-007655,W-05,FG-0030,2025-02-06,10,10,1,1,東日本
SHP-007656,W-14,FG-0024,2025-01-05,100,100,1,1,東日本
SHP-007657,W-07,FG-0077,2025-11-15,50,50,1,1,東日本
SHP-007658,W-22,FG-0056,2024-05-31,10,10,1,1,北日本
SHP-007659,W-05,FG-0028,2026-01-18,50,50,1,1,西日本
SHP-007660,W-19,FG-0062,2024-03-25,100,100,1,1,北日本
SHP-007661,W-20,FG-0024,2026-02-16,100,100,1,1,北日本
SHP-007662,W-17,FG-0003,2024-01-11,100,100,1,1,北日本
SHP-007663,W-05,FG-0050,2026-02-05,100,100,1,1,東日本
SHP-007664,W-14,FG-0063,2024-04-14,20,15,1,0,東日本
SHP-007665,W-15,FG-0005,2024-09-03,100,91,1,0,西日本
SHP-007666,W-01,FG-0030,2025-12-02,100,100,1,1,東日本
SHP-007667,W-06,FG-0072,2025-09-08,10,10,1,1,海外
SHP-007668,W-14,FG-0079,2026-03-27,50,31,1,0,西日本
SHP-007669,W-18,FG-0053,2024-09-21,20,20,1,1,西日本
SHP-007670,W-02,FG-0048,2024-07-06,20,20,1,1,東日本
SHP-007671,W-16,FG-0057,2025-04-27,100,100,1,1,西日本
SHP-007672,W-13,FG-0039,2024-04-05,100,100,1,1,海外
SHP-007673,W-17,FG-0034,2025-03-31,100,100,0,1,西日本
SHP-007674,W-05,FG-0001,2026-03-18,100,100,1,1,西日本
SHP-007675,W-17,FG-0050,2024-09-26,10,10,1,1,西日本
SHP-007676,W-03,FG-0019,2026-04-20,100,100,1,1,東日本
SHP-007677,W-10,FG-0056,2024-08-07,20,20,1,1,北日本
SHP-007678,W-13,FG-0054,2024-01-08,100,100,0,1,西日本
SHP-007679,W-19,FG-0057,2025-01-18,50,50,0,1,西日本
SHP-007680,W-14,FG-0075,2024-02-13,50,50,1,1,海外
SHP-007681,W-22,FG-0036,2025-04-05,100,100,1,1,西日本
SHP-007682,W-04,FG-0055,2025-01-09,50,50,1,1,西日本
SHP-007683,W-14,FG-0037,2024-04-22,50,50,1,1,北日本
SHP-007684,W-14,FG-0044,2025-11-07,100,100,1,1,西日本
SHP-007685,W-02,FG-0038,2025-09-27,10,10,1,1,西日本
SHP-007686,W-15,FG-0049,2024-10-24,10,10,1,1,西日本
SHP-007687,W-17,FG-0041,2026-04-01,50,50,1,1,西日本
SHP-007688,W-03,FG-0036,2024-02-21,10,6,1,0,東日本
SHP-007689,W-24,FG-0040,2025-02-14,50,50,1,1,海外
SHP-007690,W-03,FG-0060,2024-02-12,100,71,1,0,東日本
SHP-007691,W-21,FG-0018,2025-11-13,50,50,1,1,西日本
SHP-007692,W-04,FG-0075,2024-11-03,20,20,1,1,西日本
SHP-007693,W-10,FG-0039,2024-12-18,100,100,1,1,東日本
SHP-007694,W-17,FG-0039,2026-03-26,10,10,1,1,東日本
SHP-007695,W-24,FG-0015,2025-04-02,10,6,1,0,北日本
SHP-007696,W-08,FG-0055,2025-05-06,100,100,1,1,北日本
SHP-007697,W-22,FG-0027,2024-09-16,50,38,1,0,東日本
SHP-007698,W-11,FG-0072,2024-10-25,50,44,1,0,海外
SHP-007699,W-16,FG-0053,2025-07-25,20,20,1,1,東日本
SHP-007700,W-18,FG-0058,2024-05-29,100,100,1,1,海外
SHP-007701,W-23,FG-0017,2025-06-27,100,100,1,1,北日本
SHP-007702,W-05,FG-0017,2024-09-15,10,10,0,1,北日本
SHP-007703,W-19,FG-0016,2025-10-03,100,100,1,1,海外
SHP-007704,W-15,FG-0018,2024-07-21,100,100,1,1,東日本
SHP-007705,W-14,FG-0034,2025-10-30,50,50,1,1,北日本
SHP-007706,W-06,FG-0030,2024-07-24,10,10,1,1,東日本
SHP-007707,W-03,FG-0057,2024-08-03,100,100,1,1,海外
SHP-007708,W-16,FG-0029,2025-07-03,20,20,1,1,西日本
SHP-007709,W-09,FG-0067,2025-02-17,20,20,1,1,北日本
SHP-007710,W-23,FG-0054,2024-07-30,100,100,0,1,北日本
SHP-007711,W-04,FG-0043,2024-01-17,20,20,1,1,東日本
SHP-007712,W-16,FG-0057,2024-03-05,100,100,1,1,北日本
SHP-007713,W-22,FG-0012,2026-03-30,50,50,1,1,海外
SHP-007714,W-19,FG-0009,2025-10-03,50,50,1,1,海外
SHP-007715,W-01,FG-0070,2024-02-04,20,20,0,1,西日本
SHP-007716,W-21,FG-0012,2025-12-09,20,20,0,1,海外
SHP-007717,W-18,FG-0054,2025-06-09,50,50,1,1,北日本
SHP-007718,W-14,FG-0001,2025-07-15,100,100,1,1,西日本
SHP-007719,W-16,FG-0031,2025-09-13,10,10,1,1,海外
SHP-007720,W-08,FG-0039,2026-03-03,10,10,1,1,海外
SHP-007721,W-07,FG-0021,2024-06-17,50,39,1,0,東日本
SHP-007722,W-06,FG-0043,2024-03-03,100,100,1,1,西日本
SHP-007723,W-06,FG-0041,2024-12-08,100,100,1,1,西日本
SHP-007724,W-08,FG-0037,2024-05-05,20,20,1,1,海外
SHP-007725,W-09,FG-0050,2026-02-25,10,10,1,1,東日本
SHP-007726,W-03,FG-0014,2025-07-18,10,10,1,1,海外
SHP-007727,W-20,FG-0030,2025-10-11,50,50,0,1,海外
SHP-007728,W-09,FG-0051,2025-02-09,20,20,1,1,東日本
SHP-007729,W-01,FG-0049,2025-06-28,50,50,1,1,西日本
SHP-007730,W-07,FG-0054,2025-01-20,20,20,1,1,東日本
SHP-007731,W-03,FG-0009,2024-03-01,100,100,1,1,東日本
SHP-007732,W-17,FG-0028,2024-03-31,50,50,1,1,東日本
SHP-007733,W-03,FG-0045,2025-08-13,50,50,1,1,北日本
SHP-007734,W-21,FG-0033,2026-02-14,50,50,1,1,北日本
SHP-007735,W-09,FG-0029,2025-11-28,10,10,1,1,北日本
SHP-007736,W-06,FG-0006,2025-06-01,20,20,1,1,東日本
SHP-007737,W-16,FG-0068,2025-10-20,100,100,1,1,西日本
SHP-007738,W-22,FG-0025,2024-08-27,20,13,1,0,東日本
SHP-007739,W-10,FG-0046,2026-03-03,50,50,0,1,東日本
SHP-007740,W-14,FG-0065,2024-11-25,50,50,1,1,海外
SHP-007741,W-02,FG-0008,2025-04-15,20,20,1,1,東日本
SHP-007742,W-15,FG-0019,2025-01-17,50,50,1,1,西日本
SHP-007743,W-02,FG-0079,2025-08-05,100,100,0,1,西日本
SHP-007744,W-01,FG-0042,2024-10-12,100,100,1,1,東日本
SHP-007745,W-10,FG-0070,2025-08-16,20,20,1,1,東日本
SHP-007746,W-10,FG-0013,2024-08-09,20,20,1,1,海外
SHP-007747,W-09,FG-0069,2024-08-30,10,10,1,1,東日本
SHP-007748,W-11,FG-0047,2024-02-24,100,100,1,1,東日本
SHP-007749,W-06,FG-0073,2025-01-19,100,100,1,1,北日本
SHP-007750,W-20,FG-0061,2026-01-26,50,50,1,1,西日本
SHP-007751,W-21,FG-0036,2025-08-10,100,100,1,1,北日本
SHP-007752,W-02,FG-0063,2025-05-16,100,100,1,1,東日本
SHP-007753,W-12,FG-0034,2024-05-04,100,100,1,1,西日本
SHP-007754,W-17,FG-0028,2025-12-14,50,50,0,1,海外
SHP-007755,W-08,FG-0018,2025-01-30,20,20,1,1,東日本
SHP-007756,W-19,FG-0056,2024-10-18,100,100,1,1,東日本
SHP-007757,W-08,FG-0005,2024-11-01,10,10,0,1,海外
SHP-007758,W-12,FG-0067,2024-01-10,100,100,1,1,北日本
SHP-007759,W-12,FG-0009,2024-08-22,20,13,1,0,北日本
SHP-007760,W-09,FG-0019,2024-10-21,50,32,1,0,海外
SHP-007761,W-04,FG-0026,2026-03-10,100,73,1,0,東日本
SHP-007762,W-04,FG-0067,2025-12-01,20,20,1,1,西日本
SHP-007763,W-14,FG-0050,2024-11-09,10,10,1,1,北日本
SHP-007764,W-22,FG-0047,2024-07-25,20,20,1,1,海外
SHP-007765,W-11,FG-0060,2024-12-14,10,10,1,1,海外
SHP-007766,W-17,FG-0003,2026-04-01,50,50,0,1,東日本
SHP-007767,W-18,FG-0007,2024-07-30,10,10,1,1,東日本
SHP-007768,W-09,FG-0007,2026-04-23,100,100,1,1,東日本
SHP-007769,W-23,FG-0068,2025-03-06,20,20,0,1,東日本
SHP-007770,W-03,FG-0007,2025-09-01,100,100,1,1,海外
SHP-007771,W-16,FG-0057,2025-12-24,10,10,1,1,北日本
SHP-007772,W-15,FG-0066,2025-08-20,20,20,1,1,東日本
SHP-007773,W-10,FG-0032,2025-03-16,50,50,1,1,海外
SHP-007774,W-03,FG-0015,2025-04-24,100,100,0,1,東日本
SHP-007775,W-02,FG-0070,2026-01-07,100,87,1,0,西日本
SHP-007776,W-05,FG-0014,2025-03-18,50,50,0,1,北日本
SHP-007777,W-20,FG-0076,2025-11-20,10,10,1,1,海外
SHP-007778,W-17,FG-0018,2024-06-29,50,34,1,0,海外
SHP-007779,W-21,FG-0013,2026-03-28,20,20,1,1,東日本
SHP-007780,W-17,FG-0068,2024-07-11,100,100,0,1,北日本
SHP-007781,W-16,FG-0001,2024-08-18,10,10,0,1,海外
SHP-007782,W-20,FG-0073,2025-05-28,20,14,1,0,北日本
SHP-007783,W-15,FG-0040,2024-06-21,10,10,1,1,東日本
SHP-007784,W-12,FG-0031,2025-11-07,100,100,1,1,東日本
SHP-007785,W-05,FG-0041,2025-10-01,50,50,1,1,東日本
SHP-007786,W-05,FG-0020,2026-03-29,20,20,1,1,海外
SHP-007787,W-18,FG-0043,2026-03-11,10,10,1,1,東日本
SHP-007788,W-22,FG-0012,2024-07-06,20,15,1,0,西日本
SHP-007789,W-21,FG-0030,2025-02-12,50,50,1,1,海外
SHP-007790,W-11,FG-0042,2025-06-11,100,100,1,1,東日本
SHP-007791,W-22,FG-0017,2025-08-29,50,50,0,1,海外
SHP-007792,W-05,FG-0045,2025-04-21,50,50,1,1,北日本
SHP-007793,W-21,FG-0046,2025-04-08,100,100,1,1,西日本
SHP-007794,W-05,FG-0072,2025-07-25,50,50,1,1,海外
SHP-007795,W-08,FG-0061,2024-03-31,10,10,1,1,北日本
SHP-007796,W-11,FG-0064,2024-02-04,10,10,1,1,北日本
SHP-007797,W-10,FG-0012,2024-01-02,50,50,1,1,西日本
SHP-007798,W-15,FG-0040,2024-09-06,50,50,1,1,西日本
SHP-007799,W-06,FG-0049,2024-09-22,50,50,1,1,西日本
SHP-007800,W-12,FG-0069,2024-10-21,20,20,1,1,海外
SHP-007801,W-19,FG-0013,2024-04-13,10,10,0,1,海外
SHP-007802,W-14,FG-0044,2026-03-27,10,10,1,1,北日本
SHP-007803,W-23,FG-0067,2025-01-03,100,100,1,1,西日本
SHP-007804,W-08,FG-0015,2025-01-09,20,16,1,0,北日本
SHP-007805,W-06,FG-0021,2025-08-26,20,20,0,1,西日本
SHP-007806,W-12,FG-0024,2024-02-23,20,20,1,1,西日本
SHP-007807,W-20,FG-0036,2026-03-04,10,10,1,1,北日本
SHP-007808,W-24,FG-0061,2024-06-14,100,100,1,1,北日本
SHP-007809,W-07,FG-0040,2024-11-13,50,50,1,1,西日本
SHP-007810,W-01,FG-0038,2025-01-24,10,10,1,1,東日本
SHP-007811,W-11,FG-0069,2024-08-22,50,50,0,1,東日本
SHP-007812,W-09,FG-0080,2025-07-21,10,10,1,1,海外
SHP-007813,W-02,FG-0066,2025-03-10,10,10,0,1,海外
SHP-007814,W-18,FG-0037,2024-10-12,50,50,1,1,北日本
SHP-007815,W-15,FG-0028,2025-05-17,20,20,1,1,西日本
SHP-007816,W-06,FG-0007,2024-04-18,50,50,1,1,北日本
SHP-007817,W-05,FG-0005,2024-08-14,50,50,1,1,西日本
SHP-007818,W-06,FG-0004,2024-04-24,20,20,1,1,西日本
SHP-007819,W-24,FG-0035,2025-02-24,10,10,1,1,海外
SHP-007820,W-22,FG-0035,2024-10-03,10,10,0,1,東日本
SHP-007821,W-01,FG-0065,2024-07-25,100,100,1,1,北日本
SHP-007822,W-24,FG-0079,2025-05-19,100,100,1,1,北日本
SHP-007823,W-22,FG-0020,2024-01-26,20,20,1,1,東日本
SHP-007824,W-04,FG-0020,2026-03-05,100,100,1,1,北日本
SHP-007825,W-01,FG-0011,2024-07-18,10,10,1,1,海外
SHP-007826,W-02,FG-0063,2026-03-16,10,10,1,1,東日本
SHP-007827,W-20,FG-0043,2025-06-26,10,10,0,1,北日本
SHP-007828,W-21,FG-0024,2024-10-10,100,100,0,1,海外
SHP-007829,W-16,FG-0002,2024-11-01,20,20,1,1,西日本
SHP-007830,W-17,FG-0033,2024-12-06,10,10,1,1,海外
SHP-007831,W-05,FG-0007,2026-01-18,100,100,1,1,北日本
SHP-007832,W-14,FG-0057,2025-05-31,100,100,1,1,北日本
SHP-007833,W-17,FG-0050,2024-08-01,50,50,1,1,西日本
SHP-007834,W-17,FG-0003,2025-01-14,20,20,1,1,西日本
SHP-007835,W-03,FG-0039,2024-05-01,50,31,1,0,西日本
SHP-007836,W-12,FG-0024,2024-04-21,10,10,1,1,東日本
SHP-007837,W-02,FG-0064,2024-03-23,100,100,1,1,東日本
SHP-007838,W-16,FG-0065,2024-11-06,100,100,1,1,海外
SHP-007839,W-24,FG-0020,2024-04-10,50,50,1,1,海外
SHP-007840,W-14,FG-0056,2024-02-08,20,20,0,1,東日本
SHP-007841,W-07,FG-0049,2024-11-16,10,10,1,1,北日本
SHP-007842,W-10,FG-0014,2025-09-19,10,10,1,1,東日本
SHP-007843,W-03,FG-0073,2025-02-27,100,100,1,1,北日本
SHP-007844,W-11,FG-0046,2024-08-15,50,50,1,1,北日本
SHP-007845,W-11,FG-0015,2026-02-15,100,100,1,1,海外
SHP-007846,W-08,FG-0035,2024-04-07,20,20,1,1,西日本
SHP-007847,W-05,FG-0057,2024-08-26,10,10,1,1,北日本
SHP-007848,W-19,FG-0055,2024-11-30,20,20,1,1,西日本
SHP-007849,W-03,FG-0035,2025-01-21,100,100,1,1,西日本
SHP-007850,W-23,FG-0040,2024-04-12,10,10,1,1,東日本
SHP-007851,W-23,FG-0060,2026-01-18,100,100,0,1,北日本
SHP-007852,W-13,FG-0065,2024-08-07,20,20,0,1,北日本
SHP-007853,W-01,FG-0052,2025-12-21,10,10,0,1,東日本
SHP-007854,W-16,FG-0031,2026-04-14,50,50,1,1,東日本
SHP-007855,W-05,FG-0050,2026-03-24,100,67,1,0,西日本
SHP-007856,W-09,FG-0005,2024-02-26,50,50,1,1,海外
SHP-007857,W-22,FG-0023,2025-01-14,100,100,1,1,海外
SHP-007858,W-24,FG-0001,2026-03-22,50,50,1,1,西日本
SHP-007859,W-24,FG-0055,2026-01-11,50,50,1,1,海外
SHP-007860,W-13,FG-0043,2025-04-29,20,17,1,0,北日本
SHP-007861,W-18,FG-0035,2025-08-06,10,10,1,1,東日本
SHP-007862,W-01,FG-0034,2025-05-28,10,10,1,1,東日本
SHP-007863,W-10,FG-0011,2025-12-18,100,100,1,1,西日本
SHP-007864,W-01,FG-0069,2025-03-28,10,10,0,1,海外
SHP-007865,W-05,FG-0039,2025-08-08,10,10,0,1,海外
SHP-007866,W-20,FG-0017,2025-10-13,100,100,1,1,北日本
SHP-007867,W-04,FG-0011,2025-09-27,20,20,1,1,北日本
SHP-007868,W-08,FG-0024,2025-11-30,20,20,0,1,西日本
SHP-007869,W-07,FG-0009,2026-04-29,100,100,1,1,海外
SHP-007870,W-01,FG-0016,2024-04-26,20,20,1,1,東日本
SHP-007871,W-06,FG-0026,2024-03-10,100,100,1,1,東日本
SHP-007872,W-10,FG-0050,2025-12-15,10,10,1,1,東日本
SHP-007873,W-16,FG-0041,2024-05-14,20,20,1,1,海外
SHP-007874,W-02,FG-0029,2026-04-05,100,100,1,1,西日本
SHP-007875,W-09,FG-0016,2024-12-01,10,10,1,1,北日本
SHP-011376,W-16,FG-0062,2024-07-16,100,100,1,1,西日本
SHP-011377,W-01,FG-0071,2024-02-03,10,10,1,1,東日本
SHP-011378,W-21,FG-0075,2024-02-20,20,20,1,1,海外
SHP-011379,W-20,FG-0006,2024-08-16,10,10,1,1,北日本
SHP-011380,W-08,FG-0045,2025-03-26,10,10,1,1,北日本
SHP-011381,W-11,FG-0045,2024-06-22,100,100,1,1,西日本
SHP-011382,W-10,FG-0025,2026-04-17,50,43,0,0,海外
SHP-011383,W-08,FG-0074,2024-01-06,10,6,1,0,北日本
SHP-011384,W-06,FG-0037,2024-10-07,50,50,1,1,北日本
SHP-011385,W-08,FG-0040,2026-02-15,20,20,1,1,北日本
SHP-011386,W-08,FG-0042,2025-05-17,20,20,1,1,海外
SHP-011387,W-16,FG-0006,2025-11-07,20,20,1,1,西日本
SHP-011388,W-01,FG-0040,2024-08-06,20,20,0,1,西日本
SHP-011389,W-16,FG-0029,2025-03-26,10,10,1,1,西日本
SHP-011390,W-05,FG-0011,2026-03-15,100,100,1,1,北日本
SHP-011391,W-08,FG-0056,2026-03-03,50,50,1,1,西日本
SHP-011392,W-05,FG-0006,2024-10-09,100,100,1,1,西日本
SHP-011393,W-04,FG-0037,2025-01-06,10,10,1,1,西日本
SHP-011394,W-17,FG-0038,2024-07-16,50,50,0,1,東日本
SHP-011395,W-14,FG-0077,2025-11-25,100,100,1,1,北日本
SHP-011396,W-11,FG-0050,2024-10-17,100,100,1,1,西日本
SHP-011397,W-24,FG-0058,2025-12-28,10,10,1,1,北日本
SHP-011398,W-02,FG-0003,2024-05-14,50,45,1,0,北日本
SHP-011399,W-23,FG-0060,2025-02-16,10,8,1,0,東日本
SHP-011400,W-14,FG-0057,2024-09-04,10,10,1,1,海外
SHP-011401,W-13,FG-0066,2025-10-07,100,100,1,1,海外
SHP-011402,W-02,FG-0005,2025-07-11,10,10,1,1,西日本
SHP-011403,W-20,FG-0033,2026-04-13,20,20,1,1,西日本
SHP-011404,W-17,FG-0006,2024-04-04,10,10,0,1,西日本
SHP-011405,W-16,FG-0075,2025-03-16,20,20,0,1,海外
SHP-011406,W-11,FG-0076,2026-04-15,100,100,1,1,東日本
SHP-011407,W-06,FG-0037,2025-02-26,100,100,1,1,海外
SHP-011408,W-07,FG-0065,2026-03-22,100,100,1,1,北日本
SHP-011409,W-23,FG-0066,2026-04-18,50,50,0,1,北日本
SHP-011410,W-09,FG-0063,2025-08-04,20,20,1,1,北日本
SHP-011411,W-09,FG-0036,2025-01-14,10,10,1,1,北日本
SHP-011412,W-24,FG-0013,2025-10-18,20,20,1,1,海外
SHP-011413,W-02,FG-0049,2024-06-18,20,20,1,1,西日本
SHP-011414,W-02,FG-0003,2024-01-15,100,83,1,0,西日本
SHP-011415,W-14,FG-0034,2024-10-13,100,100,1,1,西日本
SHP-011416,W-09,FG-0058,2025-03-14,10,10,0,1,北日本
SHP-011417,W-16,FG-0057,2024-03-12,10,10,1,1,北日本
SHP-011418,W-15,FG-0001,2026-02-10,50,50,1,1,東日本
SHP-011419,W-13,FG-0056,2025-03-02,50,50,1,1,東日本
SHP-011420,W-12,FG-0029,2024-12-28,50,50,1,1,西日本
SHP-011421,W-05,FG-0022,2026-01-13,50,50,1,1,海外
SHP-011422,W-04,FG-0002,2024-10-27,50,50,1,1,東日本
SHP-011423,W-13,FG-0061,2025-06-20,20,20,1,1,海外
SHP-011424,W-24,FG-0005,2025-01-20,100,100,1,1,海外
SHP-011425,W-14,FG-0050,2024-07-23,100,100,1,1,海外
SHP-011426,W-05,FG-0046,2024-10-31,20,20,1,1,東日本
SHP-011427,W-20,FG-0038,2024-09-07,10,10,1,1,北日本
SHP-011428,W-02,FG-0024,2026-02-12,50,50,1,1,北日本
SHP-011429,W-24,FG-0021,2026-04-16,100,100,1,1,北日本
SHP-011430,W-09,FG-0037,2025-04-01,50,50,0,1,西日本
SHP-011431,W-14,FG-0079,2024-11-27,20,20,1,1,西日本
SHP-011432,W-05,FG-0017,2024-07-24,10,10,1,1,海外
SHP-011433,W-16,FG-0025,2025-11-12,10,10,1,1,東日本
SHP-011434,W-23,FG-0067,2025-11-02,20,20,1,1,北日本
SHP-011435,W-04,FG-0043,2025-09-12,20,20,1,1,北日本
SHP-011436,W-09,FG-0068,2025-11-25,100,100,1,1,海外
SHP-011437,W-12,FG-0060,2024-01-02,10,10,1,1,海外
SHP-011438,W-23,FG-0002,2025-08-07,50,50,1,1,北日本
SHP-011439,W-02,FG-0069,2024-10-01,10,10,1,1,西日本
SHP-011440,W-10,FG-0041,2024-09-28,10,10,1,1,西日本
SHP-011441,W-04,FG-0050,2024-12-06,20,18,0,0,海外
SHP-011442,W-08,FG-0060,2026-03-16,100,100,0,1,東日本
SHP-011443,W-08,FG-0043,2024-05-09,50,50,1,1,東日本
SHP-011444,W-04,FG-0056,2025-05-02,10,10,1,1,東日本
SHP-011445,W-09,FG-0055,2025-06-28,20,20,1,1,海外
SHP-011446,W-12,FG-0055,2024-01-12,100,100,1,1,西日本
SHP-011447,W-05,FG-0056,2024-04-20,10,10,1,1,東日本
SHP-011448,W-06,FG-0036,2024-04-24,20,13,1,0,北日本
SHP-011449,W-23,FG-0019,2025-05-09,100,100,1,1,海外
SHP-011450,W-13,FG-0030,2024-10-31,10,10,1,1,海外
SHP-011451,W-05,FG-0022,2025-12-06,50,50,1,1,東日本
SHP-011452,W-04,FG-0052,2024-10-06,100,100,1,1,海外
SHP-011453,W-05,FG-0024,2025-03-23,50,50,1,1,西日本
SHP-011454,W-17,FG-0059,2024-02-11,50,50,1,1,西日本
SHP-011455,W-10,FG-0026,2024-12-12,50,50,1,1,海外
SHP-011456,W-08,FG-0046,2025-12-28,10,10,1,1,東日本
SHP-011457,W-06,FG-0051,2025-08-28,100,100,1,1,海外
SHP-011458,W-13,FG-0016,2024-12-09,100,100,1,1,西日本
SHP-011459,W-03,FG-0013,2026-01-27,50,50,1,1,北日本
SHP-011460,W-03,FG-0072,2025-11-13,20,20,1,1,北日本
SHP-011461,W-07,FG-0064,2026-04-26,50,50,1,1,西日本
SHP-011462,W-23,FG-0032,2024-02-08,100,100,1,1,東日本
SHP-011463,W-11,FG-0065,2025-12-20,10,10,1,1,北日本
SHP-011464,W-23,FG-0075,2024-01-01,20,20,1,1,東日本
SHP-011465,W-18,FG-0065,2025-07-14,10,10,1,1,海外
SHP-011466,W-21,FG-0036,2026-04-04,20,20,1,1,西日本
SHP-011467,W-10,FG-0077,2026-01-29,50,50,1,1,西日本
SHP-011468,W-14,FG-0051,2025-04-02,50,50,1,1,東日本
SHP-011469,W-16,FG-0071,2026-02-23,20,20,1,1,東日本
SHP-011470,W-06,FG-0080,2025-01-12,10,6,1,0,海外
SHP-011471,W-16,FG-0015,2026-03-11,20,20,1,1,北日本
SHP-011472,W-24,FG-0053,2024-03-05,20,20,1,1,北日本
SHP-011473,W-07,FG-0071,2024-08-01,50,50,1,1,東日本
SHP-011474,W-12,FG-0038,2026-01-01,100,100,1,1,海外
SHP-011475,W-22,FG-0045,2024-06-17,10,10,1,1,北日本
SHP-011476,W-19,FG-0057,2026-01-24,20,20,1,1,北日本
SHP-011477,W-01,FG-0046,2025-11-28,50,50,0,1,海外
SHP-011478,W-08,FG-0065,2026-04-14,100,100,1,1,東日本
SHP-011479,W-24,FG-0050,2026-01-07,100,100,1,1,北日本
SHP-011480,W-20,FG-0001,2025-03-05,20,20,1,1,北日本
SHP-011481,W-23,FG-0055,2025-08-14,10,10,1,1,西日本
SHP-011482,W-12,FG-0007,2025-10-15,50,50,1,1,東日本
SHP-011483,W-10,FG-0040,2026-02-24,100,100,0,1,東日本
SHP-011484,W-17,FG-0064,2024-06-17,50,50,1,1,西日本
SHP-011485,W-19,FG-0003,2024-12-10,10,6,1,0,北日本
SHP-011486,W-03,FG-0056,2026-04-10,50,50,0,1,北日本
SHP-011487,W-15,FG-0039,2025-01-06,20,20,0,1,海外
SHP-011488,W-20,FG-0019,2024-05-20,10,10,1,1,東日本
SHP-011489,W-17,FG-0003,2025-02-20,50,50,1,1,東日本
SHP-011490,W-07,FG-0074,2025-10-22,100,94,1,0,海外
SHP-011491,W-13,FG-0066,2025-04-12,20,20,1,1,東日本
SHP-011492,W-04,FG-0060,2024-06-06,10,10,1,1,東日本
SHP-011493,W-14,FG-0023,2025-01-24,20,20,1,1,海外
SHP-011494,W-14,FG-0047,2025-10-09,50,50,1,1,北日本
SHP-011495,W-07,FG-0023,2025-10-10,10,10,1,1,東日本
SHP-011496,W-08,FG-0016,2025-08-10,100,100,0,1,西日本
SHP-011497,W-06,FG-0043,2025-12-14,100,100,1,1,北日本
SHP-011498,W-03,FG-0033,2025-04-24,10,10,1,1,北日本
SHP-011499,W-22,FG-0023,2026-04-03,20,20,1,1,東日本
SHP-011500,W-07,FG-0023,2024-07-27,50,50,1,1,西日本
SHP-011501,W-10,FG-0033,2024-10-19,50,50,1,1,西日本
SHP-011502,W-01,FG-0012,2024-12-30,10,10,1,1,東日本
SHP-011503,W-10,FG-0016,2024-03-21,50,50,1,1,海外
SHP-011504,W-24,FG-0065,2026-02-10,100,91,1,0,東日本
SHP-011505,W-07,FG-0063,2025-08-02,20,20,1,1,東日本
SHP-011506,W-11,FG-0048,2024-03-13,50,50,0,1,東日本
SHP-011507,W-02,FG-0026,2025-10-14,10,10,1,1,海外
SHP-011508,W-10,FG-0041,2024-01-04,20,20,0,1,西日本
SHP-011509,W-09,FG-0070,2025-08-22,100,100,0,1,北日本
SHP-011510,W-08,FG-0039,2026-04-26,10,10,1,1,東日本
SHP-011511,W-24,FG-0023,2024-01-14,100,100,1,1,東日本
SHP-011512,W-13,FG-0046,2025-05-07,20,20,1,1,海外
SHP-011513,W-04,FG-0057,2025-01-23,10,10,1,1,北日本
SHP-011514,W-04,FG-0015,2024-08-18,20,17,1,0,北日本
SHP-011515,W-17,FG-0025,2026-04-10,20,20,1,1,北日本
SHP-011516,W-11,FG-0074,2025-12-28,10,10,1,1,西日本
SHP-011517,W-08,FG-0004,2024-06-02,20,20,1,1,西日本
SHP-011518,W-01,FG-0062,2025-12-01,100,100,1,1,北日本
SHP-011519,W-07,FG-0067,2025-03-14,50,50,1,1,北日本
SHP-011520,W-08,FG-0031,2024-07-24,20,20,1,1,西日本
SHP-011521,W-23,FG-0069,2025-05-29,100,100,1,1,東日本
SHP-011522,W-02,FG-0047,2025-09-29,10,10,1,1,西日本
SHP-011523,W-09,FG-0026,2024-02-05,100,100,0,1,東日本
SHP-011524,W-23,FG-0013,2026-04-01,20,20,1,1,西日本
SHP-011525,W-05,FG-0025,2025-02-03,10,10,1,1,北日本
SHP-011526,W-12,FG-0064,2024-05-18,10,10,1,1,北日本
SHP-011527,W-03,FG-0030,2024-04-20,10,7,1,0,北日本
SHP-011528,W-03,FG-0036,2024-01-28,50,50,1,1,北日本
SHP-011529,W-13,FG-0001,2025-12-14,100,94,1,0,北日本
SHP-011530,W-21,FG-0064,2025-09-06,10,10,1,1,東日本
SHP-011531,W-09,FG-0072,2025-03-13,10,10,0,1,海外
SHP-011532,W-04,FG-0003,2024-01-28,10,6,0,0,西日本
SHP-011533,W-17,FG-0023,2024-12-22,50,50,1,1,東日本
SHP-011534,W-15,FG-0064,2024-10-23,50,44,1,0,海外
SHP-011535,W-03,FG-0039,2024-01-10,50,35,1,0,東日本
SHP-011536,W-16,FG-0048,2025-06-04,10,10,0,1,東日本
SHP-011537,W-09,FG-0019,2025-01-02,20,20,1,1,東日本
SHP-011538,W-19,FG-0042,2024-11-29,10,8,1,0,北日本
SHP-011539,W-07,FG-0074,2025-06-24,20,20,1,1,西日本
SHP-011540,W-21,FG-0016,2025-06-14,50,50,1,1,東日本
SHP-011541,W-18,FG-0014,2025-07-26,10,10,1,1,西日本
SHP-011542,W-07,FG-0033,2025-02-11,20,20,1,1,北日本
SHP-011543,W-13,FG-0073,2024-04-06,10,10,1,1,北日本
SHP-011544,W-24,FG-0025,2025-08-19,20,20,1,1,海外
SHP-011545,W-14,FG-0079,2024-01-03,20,20,0,1,海外
SHP-011546,W-12,FG-0001,2025-06-20,20,20,1,1,東日本
SHP-011547,W-16,FG-0042,2024-10-24,100,100,1,1,西日本
SHP-011548,W-11,FG-0055,2025-12-18,50,50,1,1,西日本
SHP-011549,W-03,FG-0036,2024-01-14,100,65,1,0,西日本
SHP-011550,W-03,FG-0054,2025-12-05,20,20,1,1,海外
SHP-011551,W-20,FG-0028,2024-09-02,100,100,1,1,西日本
SHP-011552,W-18,FG-0017,2026-01-26,100,100,0,1,北日本
SHP-011553,W-11,FG-0041,2026-03-25,100,100,1,1,海外
SHP-011554,W-03,FG-0029,2024-11-08,50,50,1,1,西日本
SHP-011555,W-10,FG-0048,2025-10-02,10,10,1,1,海外
SHP-011556,W-05,FG-0014,2024-12-12,50,50,0,1,海外
SHP-011557,W-01,FG-0072,2025-08-12,100,100,1,1,東日本
SHP-011558,W-23,FG-0001,2025-04-29,100,100,1,1,東日本
SHP-011559,W-12,FG-0035,2025-07-05,50,50,1,1,西日本
SHP-011560,W-21,FG-0048,2026-02-21,100,100,1,1,海外
SHP-011561,W-07,FG-0032,2025-11-27,20,17,0,0,海外
SHP-011562,W-01,FG-0080,2024-08-02,10,10,1,1,海外
SHP-011563,W-10,FG-0033,2026-03-20,20,20,1,1,海外
SHP-011564,W-04,FG-0071,2024-01-28,100,100,1,1,東日本
SHP-011565,W-24,FG-0038,2025-08-16,100,100,1,1,海外
SHP-011566,W-23,FG-0049,2025-09-05,20,20,1,1,西日本
SHP-011567,W-20,FG-0035,2024-01-13,50,50,1,1,北日本
SHP-011568,W-15,FG-0014,2024-08-31,100,100,1,1,北日本
SHP-011569,W-10,FG-0019,2024-01-28,50,31,1,0,西日本
SHP-011570,W-06,FG-0006,2025-11-23,10,10,1,1,東日本
SHP-011571,W-20,FG-0042,2024-09-09,100,92,1,0,東日本
SHP-011572,W-21,FG-0002,2024-06-21,50,50,1,1,東日本
SHP-011573,W-16,FG-0007,2024-06-02,50,50,1,1,北日本
SHP-011574,W-14,FG-0011,2024-11-04,50,50,1,1,北日本
SHP-011575,W-05,FG-0005,2025-08-20,20,20,1,1,西日本
SHP-011576,W-21,FG-0030,2026-02-13,100,100,1,1,北日本
SHP-011577,W-20,FG-0032,2025-04-10,10,10,1,1,北日本
SHP-011578,W-02,FG-0001,2026-02-20,50,50,1,1,北日本
SHP-011579,W-22,FG-0038,2024-07-18,100,100,1,1,西日本
SHP-011580,W-12,FG-0051,2025-07-20,100,100,1,1,海外
SHP-011581,W-12,FG-0075,2025-05-16,50,50,1,1,海外
SHP-011582,W-10,FG-0018,2024-08-07,20,20,1,1,北日本
SHP-011583,W-19,FG-0028,2024-05-26,100,100,1,1,東日本
SHP-011584,W-06,FG-0008,2025-03-30,50,50,1,1,西日本
SHP-011585,W-15,FG-0031,2024-08-06,100,100,0,1,北日本
SHP-011586,W-01,FG-0047,2024-12-24,20,20,0,1,海外
SHP-011587,W-22,FG-0071,2025-07-06,100,94,1,0,海外
SHP-011588,W-08,FG-0062,2024-04-27,100,100,1,1,海外
SHP-011589,W-07,FG-0035,2024-10-18,20,20,1,1,西日本
SHP-011590,W-01,FG-0050,2024-07-13,100,100,1,1,西日本
SHP-011591,W-23,FG-0054,2025-07-18,50,50,1,1,北日本
SHP-011592,W-04,FG-0016,2026-04-24,10,10,1,1,西日本
SHP-011593,W-21,FG-0072,2025-07-05,20,20,1,1,西日本
SHP-011594,W-06,FG-0041,2024-02-12,20,12,1,0,西日本
SHP-011595,W-21,FG-0002,2024-11-28,50,50,1,1,東日本
SHP-011596,W-04,FG-0053,2026-03-14,50,50,1,1,北日本
SHP-011597,W-22,FG-0035,2025-12-17,50,50,1,1,西日本
SHP-011598,W-14,FG-0006,2026-01-03,20,20,0,1,北日本
SHP-011599,W-18,FG-0042,2025-07-27,100,100,1,1,東日本
SHP-011600,W-24,FG-0052,2024-04-12,50,50,0,1,海外
SHP-011601,W-08,FG-0025,2024-06-13,100,100,1,1,西日本
SHP-011602,W-15,FG-0051,2024-06-08,10,10,1,1,北日本
SHP-011603,W-10,FG-0011,2024-01-28,20,20,0,1,東日本
SHP-011604,W-08,FG-0001,2026-03-26,100,90,1,0,東日本
SHP-011605,W-16,FG-0038,2024-04-18,100,100,1,1,西日本
SHP-011606,W-02,FG-0020,2025-08-22,50,50,1,1,西日本
SHP-011607,W-14,FG-0021,2026-03-21,10,10,1,1,海外
SHP-011608,W-14,FG-0018,2025-05-12,50,50,1,1,海外
SHP-011609,W-10,FG-0069,2024-04-20,100,100,1,1,西日本
SHP-011610,W-14,FG-0037,2026-02-12,20,20,1,1,海外
SHP-011611,W-19,FG-0023,2025-12-16,50,50,1,1,東日本
SHP-011612,W-08,FG-0070,2024-03-26,10,10,1,1,海外
SHP-011613,W-05,FG-0063,2025-04-09,20,16,1,0,東日本
SHP-011614,W-04,FG-0047,2025-12-08,50,50,1,1,北日本
SHP-011615,W-01,FG-0076,2025-02-11,10,10,1,1,海外
SHP-011616,W-07,FG-0067,2024-03-03,50,50,1,1,東日本
SHP-011617,W-14,FG-0031,2025-11-02,10,10,1,1,北日本
SHP-011618,W-18,FG-0024,2024-08-21,100,79,1,0,海外
SHP-011619,W-05,FG-0029,2024-08-05,10,10,1,1,北日本
SHP-011620,W-12,FG-0068,2024-06-21,100,100,1,1,北日本
SHP-011621,W-05,FG-0022,2025-07-21,100,100,1,1,西日本
SHP-011622,W-22,FG-0049,2024-11-09,20,20,1,1,北日本
SHP-011623,W-18,FG-0024,2025-12-26,50,50,1,1,海外
SHP-011624,W-16,FG-0022,2024-06-06,100,100,1,1,海外
SHP-011625,W-08,FG-0029,2024-06-19,10,10,1,1,北日本
SHP-011626,W-15,FG-0049,2025-05-23,10,10,1,1,海外
SHP-011627,W-22,FG-0026,2024-08-10,10,10,1,1,海外
SHP-011628,W-11,FG-0072,2026-02-21,100,100,1,1,海外
SHP-011629,W-10,FG-0007,2024-07-12,10,10,1,1,西日本
SHP-011630,W-14,FG-0035,2026-01-19,50,50,1,1,西日本
SHP-011631,W-07,FG-0053,2024-04-25,20,20,1,1,西日本
SHP-011632,W-17,FG-0058,2024-11-13,20,17,0,0,西日本
SHP-011633,W-15,FG-0048,2025-06-16,50,50,1,1,西日本
SHP-011634,W-05,FG-0058,2025-06-18,50,50,0,1,西日本
SHP-011635,W-18,FG-0056,2024-04-11,100,100,1,1,北日本
SHP-011636,W-13,FG-0034,2024-02-26,100,100,1,1,北日本
SHP-011637,W-03,FG-0041,2026-03-26,20,17,1,0,東日本
SHP-011638,W-19,FG-0020,2024-05-10,100,100,1,1,海外
SHP-011639,W-15,FG-0033,2025-11-29,20,20,1,1,西日本
SHP-011640,W-18,FG-0004,2024-04-11,100,100,1,1,東日本
SHP-011641,W-03,FG-0075,2024-07-13,100,100,1,1,北日本
SHP-011642,W-19,FG-0076,2025-05-16,20,20,1,1,西日本
SHP-011643,W-22,FG-0002,2025-09-19,10,6,1,0,海外
SHP-011644,W-07,FG-0047,2026-01-23,100,100,0,1,東日本
SHP-011645,W-07,FG-0036,2026-01-09,100,100,1,1,海外
SHP-011646,W-07,FG-0076,2024-07-06,100,100,1,1,北日本
SHP-011647,W-13,FG-0037,2024-01-19,100,100,1,1,西日本
SHP-011648,W-10,FG-0042,2026-03-17,100,100,0,1,海外
SHP-011649,W-10,FG-0006,2026-01-24,20,20,1,1,東日本
SHP-011650,W-24,FG-0078,2024-01-27,50,50,0,1,東日本
SHP-011651,W-01,FG-0063,2024-02-13,10,10,1,1,海外
SHP-011652,W-21,FG-0046,2025-05-31,100,100,1,1,海外
SHP-011653,W-15,FG-0047,2025-05-20,50,50,1,1,北日本
SHP-011654,W-20,FG-0030,2024-08-26,50,50,1,1,東日本
SHP-011655,W-11,FG-0061,2024-02-23,20,20,1,1,東日本
SHP-011656,W-24,FG-0077,2025-07-09,20,20,1,1,北日本
SHP-011657,W-23,FG-0014,2025-10-30,10,10,1,1,海外
SHP-011658,W-12,FG-0001,2024-09-11,20,20,1,1,北日本
SHP-011659,W-24,FG-0002,2026-04-24,100,100,1,1,北日本
SHP-011660,W-23,FG-0049,2025-03-13,50,50,1,1,東日本
SHP-011661,W-04,FG-0004,2024-09-28,50,50,0,1,北日本
SHP-011662,W-08,FG-0075,2024-04-20,10,10,0,1,東日本
SHP-011663,W-05,FG-0010,2024-09-11,20,20,1,1,海外
SHP-011664,W-19,FG-0051,2026-04-03,50,50,1,1,北日本
SHP-011665,W-05,FG-0002,2024-08-02,50,50,1,1,海外
SHP-011666,W-16,FG-0069,2025-05-19,20,20,1,1,北日本
SHP-011667,W-20,FG-0073,2026-03-27,50,50,1,1,北日本
SHP-011668,W-14,FG-0022,2024-07-25,100,100,1,1,西日本
SHP-011669,W-17,FG-0017,2025-06-21,20,20,0,1,北日本
SHP-011670,W-12,FG-0039,2025-03-01,20,20,1,1,海外
SHP-011671,W-04,FG-0068,2024-10-05,100,100,1,1,海外
SHP-011672,W-10,FG-0071,2024-04-07,20,20,1,1,海外
SHP-011673,W-12,FG-0035,2024-09-02,100,100,1,1,海外
SHP-011674,W-19,FG-0076,2025-01-22,20,20,1,1,西日本
SHP-011675,W-08,FG-0031,2025-08-03,50,50,1,1,西日本
SHP-011676,W-13,FG-0061,2025-02-02,50,50,0,1,西日本
SHP-011677,W-23,FG-0055,2025-11-22,20,20,1,1,西日本
SHP-011678,W-03,FG-0021,2025-05-11,20,20,1,1,北日本
SHP-011679,W-22,FG-0043,2025-12-28,100,100,1,1,東日本
SHP-011680,W-16,FG-0069,2024-03-26,50,50,1,1,西日本
SHP-011681,W-06,FG-0067,2024-06-15,10,8,1,0,西日本
SHP-011682,W-05,FG-0065,2024-08-04,100,100,0,1,東日本
SHP-011683,W-13,FG-0065,2025-03-11,50,50,1,1,北日本
SHP-011684,W-05,FG-0032,2025-09-11,20,20,1,1,海外
SHP-011685,W-09,FG-0062,2025-01-12,100,100,1,1,東日本
SHP-011686,W-11,FG-0080,2026-01-25,50,50,1,1,海外
SHP-011687,W-09,FG-0059,2025-03-04,100,100,1,1,東日本
SHP-011688,W-22,FG-0056,2025-10-16,20,20,1,1,西日本
SHP-011689,W-19,FG-0060,2024-03-25,10,8,1,0,北日本
SHP-011690,W-20,FG-0028,2024-03-28,50,50,0,1,海外
SHP-011691,W-15,FG-0024,2026-01-05,50,50,1,1,東日本
SHP-011692,W-15,FG-0047,2024-04-12,50,50,1,1,西日本
SHP-011693,W-22,FG-0075,2024-12-02,50,50,1,1,東日本
SHP-011694,W-23,FG-0062,2024-05-09,50,50,1,1,海外
SHP-011695,W-09,FG-0014,2024-10-18,50,50,1,1,海外
SHP-011696,W-09,FG-0057,2025-08-11,50,36,1,0,海外
SHP-011697,W-06,FG-0046,2025-08-15,100,100,1,1,東日本
SHP-011698,W-23,FG-0001,2026-01-03,50,50,1,1,西日本
SHP-011699,W-01,FG-0026,2025-07-20,10,10,1,1,北日本
SHP-011700,W-17,FG-0051,2024-03-01,100,100,1,1,海外
SHP-011701,W-19,FG-0061,2025-11-19,20,17,1,0,東日本
SHP-011702,W-12,FG-0041,2024-04-25,20,20,1,1,海外
SHP-011703,W-17,FG-0010,2025-02-18,50,44,1,0,北日本
SHP-011704,W-11,FG-0006,2026-04-24,50,50,1,1,西日本
SHP-011705,W-02,FG-0053,2025-03-04,50,50,1,1,東日本
SHP-011706,W-03,FG-0005,2024-06-21,20,20,1,1,西日本
SHP-011707,W-20,FG-0042,2024-11-14,10,10,1,1,北日本
SHP-011708,W-06,FG-0064,2025-12-15,50,50,1,1,海外
SHP-011709,W-03,FG-0023,2024-03-17,10,10,1,1,西日本
SHP-011710,W-05,FG-0027,2025-01-20,10,10,1,1,北日本
SHP-011711,W-02,FG-0052,2024-12-25,50,50,1,1,海外
SHP-011712,W-20,FG-0068,2025-05-20,100,100,1,1,海外
SHP-011713,W-16,FG-0010,2025-05-08,50,50,1,1,海外
SHP-011714,W-13,FG-0012,2024-12-01,20,20,1,1,東日本
SHP-011715,W-14,FG-0054,2026-03-09,50,50,1,1,東日本
SHP-011716,W-19,FG-0051,2026-02-21,10,10,1,1,北日本
SHP-011717,W-07,FG-0041,2025-12-22,20,20,1,1,海外
SHP-011718,W-19,FG-0041,2025-01-27,50,50,1,1,海外
SHP-011719,W-01,FG-0027,2024-10-23,10,10,1,1,東日本
SHP-011720,W-12,FG-0006,2025-02-12,50,39,0,0,東日本
SHP-011721,W-07,FG-0054,2026-01-27,100,100,1,1,北日本
SHP-011722,W-15,FG-0062,2024-12-13,10,10,0,1,北日本
SHP-011723,W-08,FG-0057,2025-06-14,10,10,1,1,西日本
SHP-011724,W-22,FG-0015,2025-12-19,100,100,1,1,北日本
SHP-011725,W-01,FG-0003,2025-01-23,100,100,1,1,西日本
SHP-011726,W-09,FG-0044,2024-08-20,20,20,1,1,海外
SHP-011727,W-23,FG-0038,2025-09-19,20,20,1,1,北日本
SHP-011728,W-03,FG-0053,2024-11-10,50,50,1,1,海外
SHP-011729,W-19,FG-0024,2025-01-28,10,10,1,1,海外
SHP-011730,W-18,FG-0056,2026-02-20,10,10,1,1,海外
SHP-011731,W-05,FG-0077,2026-04-26,100,100,1,1,東日本
SHP-011732,W-12,FG-0026,2024-08-18,20,20,1,1,北日本
SHP-011733,W-16,FG-0045,2024-01-15,10,10,1,1,海外
SHP-011734,W-19,FG-0005,2025-11-25,10,10,1,1,北日本
SHP-011735,W-17,FG-0037,2025-04-19,20,20,1,1,西日本
SHP-011736,W-10,FG-0075,2025-01-22,100,100,1,1,東日本
SHP-011737,W-24,FG-0034,2024-07-22,20,20,1,1,北日本
SHP-011738,W-22,FG-0009,2024-09-14,100,100,1,1,海外
SHP-011739,W-15,FG-0011,2024-06-23,50,50,1,1,東日本
SHP-011740,W-23,FG-0072,2025-09-05,100,100,1,1,海外
SHP-011741,W-14,FG-0058,2025-09-21,20,20,0,1,西日本
SHP-011742,W-07,FG-0015,2025-01-28,20,20,1,1,東日本
SHP-011743,W-19,FG-0021,2024-06-16,50,50,1,1,東日本
SHP-011744,W-11,FG-0035,2026-03-28,50,50,1,1,海外
SHP-011745,W-16,FG-0045,2024-05-26,100,74,1,0,東日本
SHP-011746,W-22,FG-0050,2025-02-16,50,50,1,1,北日本
SHP-011747,W-21,FG-0054,2025-08-30,10,10,1,1,海外
SHP-011748,W-22,FG-0068,2024-10-31,10,10,1,1,北日本
SHP-011749,W-23,FG-0046,2025-07-08,100,100,1,1,西日本
SHP-011750,W-19,FG-0002,2024-03-08,20,20,0,1,海外
SHP-011751,W-17,FG-0019,2025-09-19,100,100,1,1,海外
SHP-011752,W-07,FG-0038,2026-01-02,20,18,1,0,西日本
SHP-011753,W-12,FG-0046,2024-10-23,50,50,1,1,北日本
SHP-011754,W-21,FG-0028,2026-03-24,20,20,1,1,西日本
SHP-011755,W-19,FG-0074,2024-10-29,20,20,1,1,東日本
SHP-011756,W-10,FG-0051,2025-04-15,100,100,1,1,北日本
SHP-011757,W-23,FG-0064,2024-06-02,10,10,1,1,東日本
SHP-011758,W-09,FG-0066,2024-09-05,10,10,0,1,西日本
SHP-011759,W-10,FG-0036,2025-06-24,50,50,1,1,西日本
SHP-011760,W-06,FG-0057,2024-10-11,10,10,1,1,東日本
SHP-011761,W-07,FG-0004,2025-02-09,20,20,1,1,東日本
SHP-011762,W-01,FG-0005,2024-03-01,10,10,1,1,東日本
SHP-011763,W-05,FG-0009,2025-09-24,20,20,1,1,海外
SHP-011764,W-13,FG-0036,2024-05-08,100,100,1,1,東日本
SHP-011765,W-07,FG-0073,2025-02-12,10,7,0,0,海外
SHP-011766,W-19,FG-0011,2025-12-20,50,50,1,1,東日本
SHP-011767,W-09,FG-0023,2025-12-12,100,62,1,0,海外
SHP-011768,W-15,FG-0036,2025-06-10,50,50,1,1,東日本
SHP-011769,W-10,FG-0033,2025-03-09,10,6,1,0,東日本
SHP-011770,W-20,FG-0015,2026-02-08,50,50,1,1,西日本
SHP-011771,W-18,FG-0066,2024-05-04,50,50,1,1,東日本
SHP-011772,W-07,FG-0042,2024-10-18,100,89,1,0,東日本
SHP-011773,W-20,FG-0048,2026-04-28,20,20,1,1,北日本
SHP-011774,W-22,FG-0069,2025-07-08,20,20,1,1,北日本
SHP-011775,W-06,FG-0041,2026-01-24,10,10,1,1,北日本
SHP-011776,W-24,FG-0072,2024-06-29,10,10,1,1,東日本
SHP-011777,W-10,FG-0071,2024-07-20,100,100,1,1,東日本
SHP-011778,W-23,FG-0049,2025-07-06,10,9,1,0,海外
SHP-011779,W-20,FG-0024,2026-02-14,10,10,1,1,海外
SHP-011780,W-18,FG-0020,2025-11-15,50,50,1,1,東日本
SHP-011781,W-04,FG-0052,2024-11-03,50,50,1,1,北日本
SHP-011782,W-03,FG-0001,2024-10-24,50,50,1,1,北日本
SHP-011783,W-24,FG-0043,2024-12-17,10,10,0,1,西日本
SHP-011784,W-09,FG-0017,2025-12-23,10,10,1,1,東日本
SHP-011785,W-01,FG-0049,2025-05-11,50,50,1,1,北日本
SHP-011786,W-05,FG-0055,2026-03-24,20,20,1,1,西日本
SHP-011787,W-16,FG-0034,2024-09-28,100,100,1,1,西日本
SHP-011788,W-06,FG-0028,2024-02-29,100,100,0,1,北日本
SHP-011789,W-10,FG-0064,2024-10-06,10,10,1,1,海外
SHP-011790,W-20,FG-0078,2025-02-18,10,10,1,1,西日本
SHP-011791,W-22,FG-0072,2024-02-24,100,100,1,1,海外
SHP-011792,W-19,FG-0009,2024-02-07,100,100,0,1,東日本
SHP-011793,W-21,FG-0020,2025-04-26,20,20,1,1,西日本
SHP-011794,W-19,FG-0055,2025-05-02,100,100,1,1,海外
SHP-011795,W-09,FG-0038,2025-07-27,20,20,0,1,海外
SHP-011796,W-04,FG-0067,2025-05-13,50,50,1,1,海外
SHP-011797,W-07,FG-0050,2025-07-06,100,100,1,1,東日本
SHP-011798,W-01,FG-0046,2024-04-30,10,10,1,1,西日本
SHP-011799,W-05,FG-0031,2025-04-25,100,100,1,1,北日本
SHP-011800,W-09,FG-0046,2025-05-15,10,10,0,1,北日本
SHP-011801,W-22,FG-0065,2025-04-09,50,50,1,1,北日本
SHP-011802,W-05,FG-0060,2025-05-06,20,20,1,1,北日本
SHP-011803,W-19,FG-0059,2025-12-28,10,10,0,1,東日本
SHP-011804,W-19,FG-0025,2025-05-26,50,50,1,1,東日本
SHP-011805,W-20,FG-0016,2024-03-01,10,10,1,1,海外
SHP-011806,W-18,FG-0005,2025-08-16,20,20,1,1,東日本
SHP-011807,W-04,FG-0036,2025-02-18,100,100,1,1,海外
SHP-011808,W-20,FG-0053,2026-04-12,20,14,1,0,西日本
SHP-011809,W-03,FG-0001,2026-01-18,50,50,1,1,西日本
SHP-011810,W-17,FG-0063,2024-03-01,20,20,1,1,海外
SHP-011811,W-11,FG-0070,2024-02-23,100,100,1,1,北日本
SHP-011812,W-21,FG-0008,2026-03-21,100,100,1,1,海外
SHP-011813,W-04,FG-0003,2025-05-14,50,50,1,1,東日本
SHP-011814,W-09,FG-0066,2025-07-06,20,16,0,0,海外
SHP-011815,W-11,FG-0062,2024-12-05,10,10,1,1,東日本
SHP-011816,W-21,FG-0007,2025-01-06,10,10,1,1,東日本
SHP-011817,W-02,FG-0027,2026-01-02,50,50,1,1,東日本
SHP-011818,W-01,FG-0052,2026-03-31,20,20,1,1,海外
SHP-011819,W-16,FG-0036,2026-02-10,50,50,1,1,東日本
SHP-011820,W-07,FG-0018,2024-01-12,50,50,1,1,西日本
SHP-011821,W-01,FG-0060,2025-05-29,100,100,1,1,西日本
SHP-011822,W-16,FG-0042,2026-03-09,50,50,0,1,北日本
SHP-011823,W-02,FG-0077,2025-02-10,50,50,1,1,東日本
SHP-011824,W-08,FG-0043,2025-09-26,50,50,1,1,海外
SHP-011825,W-22,FG-0005,2026-02-01,10,10,1,1,西日本
SHP-011826,W-14,FG-0074,2024-12-21,20,20,1,1,北日本
SHP-011827,W-08,FG-0012,2024-11-29,20,20,1,1,北日本
SHP-011828,W-03,FG-0073,2026-01-06,100,100,1,1,海外
SHP-011829,W-10,FG-0076,2025-05-17,10,10,1,1,海外
SHP-011830,W-14,FG-0026,2026-04-23,100,100,0,1,西日本
SHP-011831,W-06,FG-0035,2025-12-13,50,50,1,1,海外
SHP-011832,W-22,FG-0041,2024-11-15,10,10,1,1,北日本
SHP-011833,W-10,FG-0058,2025-10-15,20,18,1,0,東日本
SHP-011834,W-18,FG-0065,2024-11-07,100,100,1,1,北日本
SHP-011835,W-14,FG-0008,2026-02-01,100,100,1,1,西日本
SHP-011836,W-24,FG-0001,2025-01-17,10,10,1,1,西日本
SHP-011837,W-11,FG-0012,2025-10-26,10,10,1,1,東日本
SHP-011838,W-08,FG-0015,2024-10-02,100,100,1,1,海外
SHP-011839,W-04,FG-0008,2025-08-20,10,9,0,0,西日本
SHP-011840,W-05,FG-0015,2024-08-10,50,50,1,1,西日本
SHP-011841,W-02,FG-0027,2024-06-01,100,100,1,1,北日本
SHP-011842,W-02,FG-0024,2026-03-16,100,100,0,1,北日本
SHP-011843,W-10,FG-0073,2025-05-13,100,84,1,0,東日本
SHP-011844,W-02,FG-0030,2025-03-17,10,10,1,1,海外
SHP-011845,W-18,FG-0055,2024-12-16,20,20,1,1,東日本
SHP-011846,W-05,FG-0002,2024-07-07,20,20,1,1,海外
SHP-011847,W-13,FG-0011,2025-11-26,10,10,1,1,北日本
SHP-011848,W-02,FG-0063,2025-05-13,50,50,1,1,東日本
SHP-011849,W-17,FG-0006,2024-11-09,10,10,1,1,西日本
SHP-011850,W-19,FG-0019,2024-12-31,10,10,1,1,東日本
SHP-011851,W-04,FG-0051,2025-11-06,10,10,1,1,西日本
SHP-011852,W-12,FG-0034,2025-10-23,50,50,1,1,海外
SHP-011853,W-09,FG-0053,2026-01-20,50,45,1,0,東日本
SHP-011854,W-10,FG-0039,2024-04-10,50,50,1,1,西日本
SHP-011855,W-03,FG-0010,2025-12-20,10,10,1,1,海外
SHP-011856,W-11,FG-0065,2026-01-31,50,50,1,1,海外
SHP-011857,W-14,FG-0009,2025-08-13,50,50,1,1,東日本
SHP-011858,W-20,FG-0021,2025-07-04,20,20,1,1,海外
SHP-011859,W-21,FG-0080,2025-11-28,20,20,1,1,東日本
SHP-011860,W-12,FG-0006,2025-01-18,20,20,1,1,北日本
SHP-011861,W-21,FG-0033,2025-04-08,20,20,1,1,西日本
SHP-011862,W-16,FG-0074,2025-03-10,100,100,1,1,東日本
SHP-011863,W-09,FG-0007,2024-08-19,100,82,1,0,西日本
SHP-011864,W-13,FG-0053,2025-05-21,20,20,1,1,東日本
SHP-011865,W-01,FG-0011,2026-01-18,10,10,1,1,北日本
SHP-011866,W-08,FG-0080,2024-05-15,10,10,0,1,海外
SHP-011867,W-21,FG-0023,2024-09-09,20,20,1,1,海外
SHP-011868,W-16,FG-0031,2025-04-22,50,50,1,1,西日本
SHP-011869,W-13,FG-0056,2026-03-13,10,10,1,1,北日本
SHP-011870,W-10,FG-0026,2025-12-20,20,20,1,1,東日本
SHP-011871,W-08,FG-0009,2024-07-29,50,50,1,1,海外
SHP-011872,W-13,FG-0059,2025-12-06,10,10,1,1,北日本
SHP-011873,W-17,FG-0016,2025-04-25,100,100,1,1,海外
SHP-011874,W-03,FG-0065,2025-04-02,50,50,1,1,東日本
SHP-011875,W-23,FG-0041,2025-05-23,100,100,1,1,北日本
SHP-011876,W-04,FG-0056,2024-01-02,50,50,0,1,海外
SHP-011877,W-03,FG-0003,2025-10-20,50,50,1,1,北日本
SHP-011878,W-09,FG-0057,2024-02-17,10,10,1,1,西日本
SHP-011879,W-09,FG-0043,2025-10-26,20,20,1,1,海外
SHP-011880,W-08,FG-0029,2025-07-08,50,50,1,1,海外
SHP-011881,W-03,FG-0023,2025-12-19,10,6,1,0,海外
SHP-011882,W-04,FG-0004,2026-04-11,10,10,0,1,西日本
SHP-011883,W-04,FG-0065,2025-01-02,10,10,1,1,北日本
SHP-011884,W-20,FG-0044,2025-02-02,20,20,1,1,海外
SHP-011885,W-06,FG-0060,2025-09-22,100,100,1,1,東日本
SHP-011886,W-19,FG-0080,2025-01-17,50,50,1,1,海外
SHP-011887,W-02,FG-0072,2025-07-16,50,50,1,1,西日本
SHP-011888,W-05,FG-0057,2024-05-25,10,10,1,1,西日本
SHP-011889,W-19,FG-0007,2024-01-12,100,100,1,1,海外
SHP-011890,W-24,FG-0075,2025-06-30,10,10,0,1,西日本
SHP-011891,W-05,FG-0077,2025-01-25,100,100,1,1,北日本
SHP-011892,W-03,FG-0019,2025-06-28,10,10,1,1,北日本
SHP-011893,W-15,FG-0014,2025-04-13,20,20,1,1,西日本
SHP-011894,W-22,FG-0071,2024-12-04,100,91,1,0,西日本
SHP-011895,W-11,FG-0019,2025-02-09,100,100,1,1,東日本
SHP-011896,W-11,FG-0014,2025-02-27,10,10,1,1,西日本
SHP-011897,W-23,FG-0073,2025-10-02,10,10,1,1,北日本
SHP-011898,W-06,FG-0011,2025-10-20,10,10,1,1,西日本
SHP-011899,W-12,FG-0004,2025-03-08,20,20,1,1,東日本
SHP-011900,W-21,FG-0010,2025-09-20,100,100,1,1,東日本
SHP-011901,W-05,FG-0021,2025-12-14,100,100,1,1,海外
SHP-011902,W-19,FG-0072,2026-01-24,100,100,0,1,北日本
SHP-011903,W-22,FG-0068,2024-11-05,10,10,1,1,北日本
SHP-011904,W-04,FG-0071,2025-11-02,10,10,1,1,東日本
SHP-011905,W-23,FG-0011,2025-05-24,10,10,1,1,西日本
SHP-011906,W-05,FG-0032,2025-10-02,50,50,1,1,西日本
SHP-011907,W-21,FG-0075,2026-01-22,20,20,1,1,西日本
SHP-011908,W-18,FG-0026,2025-09-15,100,100,1,1,西日本
SHP-011909,W-13,FG-0042,2024-10-09,100,100,1,1,東日本
SHP-011910,W-04,FG-0025,2025-10-25,10,10,0,1,北日本
SHP-011911,W-06,FG-0076,2025-10-07,10,10,1,1,北日本
SHP-011912,W-22,FG-0071,2024-03-25,20,20,1,1,北日本
SHP-011913,W-21,FG-0080,2026-03-11,20,20,1,1,西日本
SHP-011914,W-03,FG-0006,2025-03-30,100,100,1,1,西日本
SHP-011915,W-23,FG-0074,2026-04-08,20,18,1,0,北日本
SHP-011916,W-21,FG-0071,2024-03-12,100,100,1,1,海外
SHP-011917,W-18,FG-0068,2025-01-30,50,32,1,0,海外
SHP-011918,W-01,FG-0070,2025-09-13,50,50,1,1,北日本
SHP-011919,W-03,FG-0068,2024-10-30,100,100,1,1,海外
SHP-011920,W-24,FG-0062,2024-02-04,50,50,0,1,東日本
SHP-011921,W-12,FG-0005,2024-07-04,100,100,1,1,北日本
SHP-011922,W-08,FG-0051,2024-11-17,100,100,1,1,西日本
SHP-011923,W-02,FG-0013,2026-02-19,50,50,0,1,東日本
SHP-011924,W-21,FG-0041,2025-11-21,100,100,1,1,西日本
SHP-011925,W-17,FG-0058,2024-04-18,20,20,1,1,海外
SHP-011926,W-07,FG-0018,2024-08-02,100,100,1,1,海外
SHP-011927,W-16,FG-0008,2024-11-05,100,88,1,0,海外
SHP-011928,W-24,FG-0062,2025-03-14,100,100,1,1,西日本
SHP-011929,W-03,FG-0061,2024-11-20,20,20,1,1,東日本
SHP-011930,W-02,FG-0080,2024-11-24,50,34,1,0,東日本
SHP-011931,W-18,FG-0049,2025-02-25,50,50,1,1,東日本
SHP-011932,W-16,FG-0071,2024-05-10,100,100,1,1,東日本
SHP-011933,W-20,FG-0069,2024-01-10,50,50,1,1,西日本
SHP-011934,W-14,FG-0067,2024-09-06,10,6,1,0,西日本
SHP-011935,W-18,FG-0053,2025-06-27,20,20,1,1,東日本
SHP-011936,W-22,FG-0010,2024-02-22,100,100,1,1,東日本
SHP-011937,W-09,FG-0012,2025-09-08,50,50,1,1,北日本
SHP-011938,W-08,FG-0058,2024-11-14,10,10,1,1,北日本
SHP-011939,W-08,FG-0035,2026-02-10,10,10,1,1,東日本
SHP-011940,W-15,FG-0077,2026-01-04,20,20,1,1,北日本
SHP-011941,W-02,FG-0030,2025-03-26,100,100,1,1,東日本
SHP-011942,W-22,FG-0072,2025-04-14,20,20,1,1,西日本
SHP-011943,W-21,FG-0041,2025-09-17,50,50,1,1,西日本
SHP-011944,W-02,FG-0030,2024-01-09,20,20,0,1,北日本
SHP-011945,W-06,FG-0009,2025-09-16,20,20,1,1,海外
SHP-011946,W-07,FG-0032,2024-11-14,50,47,1,0,海外
SHP-011947,W-03,FG-0044,2025-12-27,100,100,0,1,東日本
SHP-011948,W-10,FG-0072,2025-03-03,100,100,1,1,東日本
SHP-011949,W-15,FG-0006,2024-07-25,20,20,1,1,東日本
SHP-011950,W-13,FG-0039,2024-10-17,50,50,1,1,海外
SHP-011951,W-03,FG-0003,2025-05-09,20,20,1,1,東日本
SHP-011952,W-17,FG-0067,2024-01-03,50,50,0,1,海外
SHP-011953,W-03,FG-0063,2025-03-13,20,20,1,1,北日本
SHP-011954,W-04,FG-0029,2025-12-15,10,10,1,1,西日本
SHP-011955,W-21,FG-0048,2024-07-26,100,78,1,0,東日本
SHP-011956,W-09,FG-0070,2025-01-24,10,10,1,1,海外
SHP-011957,W-09,FG-0077,2026-02-02,20,20,1,1,海外
SHP-011958,W-19,FG-0013,2026-04-07,50,50,1,1,西日本
SHP-011959,W-06,FG-0072,2025-07-29,100,100,0,1,東日本
SHP-011960,W-13,FG-0006,2025-04-11,10,10,1,1,西日本
SHP-011961,W-13,FG-0069,2024-09-12,100,100,1,1,西日本
SHP-011962,W-10,FG-0020,2026-01-11,100,100,1,1,海外
SHP-011963,W-11,FG-0004,2025-01-24,20,20,0,1,東日本
SHP-011964,W-24,FG-0075,2026-04-27,10,10,1,1,北日本
SHP-011965,W-21,FG-0030,2024-10-07,100,100,1,1,北日本
SHP-011966,W-22,FG-0013,2024-03-05,50,50,1,1,北日本
SHP-011967,W-18,FG-0079,2025-09-25,10,10,1,1,北日本
SHP-011968,W-20,FG-0001,2025-02-14,10,10,0,1,北日本
SHP-011969,W-12,FG-0069,2025-11-25,50,50,1,1,北日本
SHP-011970,W-09,FG-0052,2024-10-20,10,10,1,1,東日本
SHP-011971,W-19,FG-0042,2024-02-24,100,100,1,1,東日本
SHP-011972,W-19,FG-0061,2025-07-04,20,20,0,1,西日本
SHP-011973,W-10,FG-0047,2024-08-15,50,50,1,1,東日本
SHP-011974,W-03,FG-0058,2025-08-02,20,20,1,1,東日本
SHP-011975,W-07,FG-0070,2025-01-12,100,100,1,1,西日本
SHP-011976,W-04,FG-0039,2025-11-16,10,10,1,1,東日本
SHP-011977,W-05,FG-0078,2024-09-18,100,100,1,1,海外
SHP-011978,W-17,FG-0041,2025-01-26,20,20,1,1,東日本
SHP-011979,W-10,FG-0018,2025-09-04,10,10,1,1,西日本
SHP-011980,W-13,FG-0012,2025-11-15,10,10,1,1,西日本
SHP-011981,W-17,FG-0050,2025-09-27,50,50,1,1,海外
SHP-011982,W-03,FG-0064,2024-12-05,10,10,1,1,北日本
SHP-011983,W-16,FG-0043,2025-03-23,10,10,1,1,西日本
SHP-011984,W-15,FG-0017,2025-12-05,20,20,0,1,西日本
SHP-011985,W-07,FG-0076,2025-06-08,10,10,0,1,西日本
SHP-011986,W-08,FG-0006,2025-12-31,50,50,1,1,北日本
SHP-011987,W-19,FG-0008,2025-07-03,20,20,1,1,海外
SHP-011988,W-20,FG-0016,2024-12-12,100,100,1,1,海外
SHP-011989,W-16,FG-0016,2025-04-04,50,50,1,1,東日本
SHP-011990,W-22,FG-0054,2025-01-23,20,20,1,1,東日本
SHP-011991,W-13,FG-0037,2024-01-27,100,100,1,1,西日本
SHP-011992,W-08,FG-0038,2025-04-29,50,50,1,1,東日本
SHP-011993,W-02,FG-0047,2025-02-26,100,100,1,1,海外
SHP-011994,W-08,FG-0029,2026-04-06,50,50,1,1,東日本
SHP-011995,W-14,FG-0051,2024-04-09,50,50,1,1,西日本
SHP-011996,W-21,FG-0051,2025-12-01,50,50,1,1,北日本
SHP-011997,W-21,FG-0040,2024-01-12,100,100,1,1,西日本
SHP-011998,W-13,FG-0051,2024-01-06,20,20,0,1,北日本
SHP-011999,W-17,FG-0080,2024-07-10,10,10,1,1,東日本
SHP-012000,W-16,FG-0072,2026-02-21,10,10,1,1,北日本
SHP-012001,W-17,FG-0004,2024-07-16,100,100,1,1,北日本
SHP-012002,W-06,FG-0057,2024-11-25,20,20,1,1,北日本
SHP-012003,W-11,FG-0041,2024-07-31,50,35,0,0,西日本
SHP-012004,W-19,FG-0041,2025-06-08,20,20,1,1,北日本
SHP-012005,W-20,FG-0046,2024-09-21,10,10,1,1,北日本
SHP-012006,W-19,FG-0038,2024-12-09,100,100,1,1,西日本
SHP-012007,W-06,FG-0016,2024-05-28,100,100,1,1,海外
SHP-012008,W-13,FG-0013,2026-01-23,10,10,1,1,西日本
SHP-012009,W-24,FG-0042,2025-07-28,50,50,1,1,海外
SHP-012010,W-01,FG-0057,2025-07-13,20,20,0,1,西日本
SHP-012011,W-06,FG-0039,2024-07-14,50,50,1,1,西日本
SHP-012012,W-22,FG-0075,2025-12-09,100,100,1,1,北日本
SHP-012013,W-05,FG-0060,2026-01-05,100,100,1,1,東日本
SHP-012014,W-07,FG-0049,2025-09-18,100,100,1,1,東日本
SHP-012015,W-10,FG-0041,2026-03-03,20,20,1,1,西日本
SHP-012016,W-17,FG-0033,2024-08-19,50,50,1,1,北日本
SHP-012017,W-07,FG-0069,2024-01-01,20,20,1,1,西日本
SHP-012018,W-14,FG-0011,2025-11-10,20,20,1,1,北日本
SHP-012019,W-15,FG-0074,2024-09-21,100,100,1,1,海外
SHP-012020,W-11,FG-0019,2025-06-13,100,100,1,1,西日本
SHP-012021,W-05,FG-0004,2024-10-06,20,20,1,1,海外
SHP-012022,W-14,FG-0067,2026-03-30,20,13,1,0,海外
SHP-012023,W-10,FG-0055,2025-06-05,50,50,1,1,北日本
SHP-012024,W-19,FG-0057,2025-04-02,50,50,1,1,東日本
SHP-012025,W-16,FG-0066,2024-05-05,20,20,1,1,西日本
SHP-012026,W-19,FG-0062,2025-08-15,20,20,1,1,東日本
SHP-012027,W-24,FG-0042,2025-09-27,50,50,1,1,西日本
SHP-012028,W-13,FG-0018,2025-01-04,50,50,1,1,東日本
SHP-012029,W-23,FG-0002,2025-07-04,20,20,1,1,北日本
SHP-012030,W-18,FG-0058,2024-04-22,20,20,1,1,西日本
SHP-012031,W-19,FG-0028,2025-10-14,100,100,1,1,東日本
SHP-012032,W-07,FG-0074,2024-05-11,50,50,0,1,東日本
SHP-012033,W-05,FG-0035,2025-12-18,10,10,0,1,西日本
SHP-012034,W-15,FG-0044,2024-05-08,10,6,1,0,海外
SHP-012035,W-18,FG-0025,2026-03-11,50,50,1,1,北日本
SHP-012036,W-16,FG-0020,2024-05-27,10,6,1,0,北日本
SHP-012037,W-20,FG-0071,2025-10-01,10,10,0,1,海外
SHP-012038,W-24,FG-0023,2025-05-31,100,100,1,1,北日本
SHP-012039,W-20,FG-0075,2026-03-13,100,100,1,1,北日本
SHP-012040,W-02,FG-0078,2025-06-25,20,15,1,0,東日本
SHP-012041,W-04,FG-0006,2025-03-24,50,50,0,1,東日本
SHP-012042,W-03,FG-0031,2025-03-21,10,10,1,1,海外
SHP-012043,W-13,FG-0014,2025-02-05,20,20,1,1,西日本
SHP-012044,W-03,FG-0070,2025-09-27,20,20,1,1,西日本
SHP-012045,W-04,FG-0024,2024-03-29,50,50,1,1,海外
SHP-012046,W-20,FG-0011,2024-09-23,20,20,1,1,東日本
SHP-012047,W-21,FG-0060,2025-06-01,20,15,1,0,海外
SHP-012048,W-22,FG-0069,2024-10-23,20,20,1,1,海外
SHP-012049,W-03,FG-0030,2025-06-08,100,100,1,1,海外
SHP-012050,W-15,FG-0039,2026-03-06,50,50,1,1,西日本
SHP-012051,W-03,FG-0060,2024-06-27,20,20,1,1,東日本
SHP-012052,W-12,FG-0029,2024-02-10,10,10,1,1,海外
SHP-012053,W-12,FG-0013,2025-11-07,20,20,1,1,東日本
SHP-012054,W-22,FG-0006,2026-02-04,100,100,1,1,西日本
SHP-012055,W-03,FG-0067,2025-12-30,20,20,1,1,海外
SHP-012056,W-24,FG-0074,2024-01-24,20,20,1,1,北日本
SHP-012057,W-15,FG-0023,2025-05-21,50,50,1,1,海外
SHP-012058,W-14,FG-0013,2024-08-28,50,50,1,1,西日本
SHP-012059,W-09,FG-0057,2025-02-12,20,20,1,1,西日本
SHP-012060,W-09,FG-0073,2024-08-24,20,20,1,1,北日本
SHP-012061,W-15,FG-0077,2025-06-24,100,100,1,1,東日本
SHP-012062,W-21,FG-0068,2024-03-29,100,100,1,1,北日本
SHP-012063,W-19,FG-0007,2024-11-05,10,10,1,1,北日本
SHP-012064,W-21,FG-0075,2025-01-09,20,20,0,1,北日本
SHP-012065,W-03,FG-0059,2026-04-17,100,100,1,1,西日本
SHP-012066,W-02,FG-0072,2024-08-15,50,50,1,1,西日本
SHP-012067,W-07,FG-0080,2024-08-21,50,50,0,1,東日本
SHP-012068,W-10,FG-0064,2024-03-11,10,10,1,1,北日本
SHP-012069,W-17,FG-0035,2026-02-04,100,100,1,1,北日本
SHP-012070,W-24,FG-0015,2025-11-19,100,100,1,1,東日本
SHP-012071,W-17,FG-0071,2025-12-11,20,20,1,1,海外
SHP-012072,W-11,FG-0070,2025-10-12,100,100,1,1,東日本
SHP-012073,W-22,FG-0001,2026-04-04,100,100,1,1,海外
SHP-012074,W-22,FG-0022,2026-03-02,10,10,1,1,北日本
SHP-012075,W-22,FG-0079,2025-02-10,50,50,1,1,北日本
SHP-012076,W-02,FG-0058,2025-09-15,10,10,1,1,西日本
SHP-012077,W-22,FG-0012,2024-05-17,100,100,1,1,海外
SHP-012078,W-06,FG-0068,2025-05-08,20,20,1,1,北日本
SHP-012079,W-14,FG-0003,2024-06-28,50,50,1,1,西日本
SHP-012080,W-09,FG-0001,2024-06-21,100,100,1,1,西日本
SHP-012081,W-17,FG-0028,2024-12-15,50,50,1,1,西日本
SHP-012082,W-22,FG-0071,2025-06-14,10,10,1,1,東日本
SHP-012083,W-16,FG-0029,2024-02-13,50,50,1,1,海外
SHP-012084,W-06,FG-0014,2026-01-26,10,10,1,1,海外
SHP-012085,W-09,FG-0009,2024-06-04,100,100,1,1,海外
SHP-012086,W-19,FG-0071,2024-10-26,20,20,1,1,北日本
SHP-012087,W-02,FG-0013,2025-02-26,10,10,1,1,東日本
SHP-012088,W-05,FG-0065,2025-03-14,20,14,1,0,西日本
SHP-012089,W-23,FG-0018,2026-04-24,10,10,1,1,西日本
SHP-012090,W-02,FG-0047,2024-07-31,50,50,1,1,西日本
SHP-012091,W-10,FG-0055,2024-09-23,100,100,1,1,東日本
SHP-012092,W-24,FG-0067,2025-11-26,50,36,1,0,北日本
SHP-012093,W-24,FG-0079,2026-04-19,10,10,1,1,海外
SHP-012094,W-23,FG-0027,2025-09-18,20,20,1,1,西日本
SHP-012095,W-23,FG-0011,2024-04-30,10,10,0,1,海外
SHP-012096,W-04,FG-0068,2025-08-25,10,7,1,0,西日本
SHP-012097,W-18,FG-0062,2024-10-04,100,100,1,1,西日本
SHP-012098,W-15,FG-0020,2024-08-21,10,10,1,1,海外
SHP-012099,W-21,FG-0004,2024-04-19,100,89,1,0,西日本
SHP-012100,W-23,FG-0052,2024-03-31,50,50,1,1,西日本
SHP-012101,W-05,FG-0043,2024-05-25,50,50,1,1,東日本
SHP-012102,W-04,FG-0064,2026-04-22,10,10,1,1,西日本
SHP-012103,W-24,FG-0066,2024-08-30,50,50,0,1,海外
SHP-012104,W-12,FG-0024,2024-01-19,10,10,1,1,西日本
SHP-012105,W-08,FG-0035,2025-03-15,50,50,1,1,東日本
SHP-012106,W-18,FG-0066,2025-05-05,20,20,1,1,東日本
SHP-012107,W-01,FG-0016,2024-01-18,50,50,1,1,北日本
SHP-012108,W-22,FG-0012,2026-03-23,10,10,1,1,北日本
SHP-012109,W-11,FG-0022,2024-11-02,20,20,1,1,東日本
SHP-012110,W-04,FG-0045,2025-01-20,20,18,1,0,西日本
SHP-012111,W-02,FG-0026,2024-10-15,10,6,1,0,西日本
SHP-012112,W-18,FG-0010,2026-02-05,20,20,1,1,東日本
SHP-012113,W-23,FG-0022,2024-10-26,20,20,1,1,西日本
SHP-012114,W-18,FG-0015,2024-04-11,20,20,1,1,西日本
SHP-012115,W-16,FG-0071,2024-09-15,20,20,1,1,東日本
SHP-012116,W-12,FG-0026,2026-01-08,10,10,1,1,西日本
SHP-012117,W-21,FG-0031,2024-09-19,100,100,0,1,海外
SHP-012118,W-05,FG-0032,2024-08-31,20,20,0,1,東日本
SHP-012119,W-02,FG-0047,2024-11-28,100,100,1,1,東日本
SHP-012120,W-10,FG-0068,2025-05-31,20,20,1,1,北日本
SHP-012121,W-05,FG-0012,2026-04-29,50,50,1,1,西日本
SHP-012122,W-13,FG-0008,2024-03-06,50,50,1,1,東日本
SHP-012123,W-22,FG-0068,2024-01-15,10,10,1,1,北日本
SHP-012124,W-06,FG-0080,2025-02-27,50,50,1,1,東日本
SHP-012125,W-16,FG-0056,2025-02-07,20,20,1,1,西日本
SHP-012126,W-02,FG-0044,2025-08-14,100,100,1,1,北日本
SHP-012127,W-06,FG-0015,2026-01-26,100,100,1,1,海外
SHP-012128,W-09,FG-0050,2024-05-12,100,100,1,1,東日本
SHP-012129,W-21,FG-0074,2025-04-24,10,10,1,1,北日本
SHP-012130,W-07,FG-0068,2026-02-10,100,100,1,1,海外
SHP-012131,W-03,FG-0033,2024-02-08,20,20,1,1,西日本
SHP-012132,W-23,FG-0055,2024-05-30,20,20,1,1,北日本
SHP-012133,W-02,FG-0032,2025-11-22,20,20,1,1,海外
SHP-012134,W-15,FG-0069,2025-05-18,100,100,1,1,北日本
SHP-012135,W-21,FG-0033,2024-03-10,10,10,1,1,西日本
SHP-012136,W-01,FG-0003,2024-06-23,20,20,1,1,海外
SHP-012137,W-13,FG-0055,2025-08-05,20,20,1,1,西日本
SHP-012138,W-12,FG-0057,2025-01-21,50,50,1,1,西日本
SHP-012139,W-14,FG-0067,2024-10-12,10,10,1,1,西日本
SHP-012140,W-20,FG-0055,2024-04-01,100,100,1,1,北日本
SHP-012141,W-06,FG-0063,2026-01-20,50,50,1,1,東日本
SHP-012142,W-03,FG-0004,2025-07-27,10,10,1,1,海外
SHP-012143,W-06,FG-0009,2026-01-12,10,10,1,1,西日本
SHP-012144,W-23,FG-0026,2025-07-19,20,20,1,1,西日本
SHP-012145,W-14,FG-0022,2025-04-24,20,20,0,1,西日本
SHP-012146,W-18,FG-0024,2026-02-07,20,20,1,1,北日本
SHP-012147,W-18,FG-0059,2025-07-04,100,100,1,1,東日本
SHP-012148,W-09,FG-0051,2025-10-03,50,50,1,1,西日本
SHP-012149,W-15,FG-0067,2024-03-26,20,20,1,1,北日本
SHP-012150,W-19,FG-0039,2026-01-09,100,100,1,1,東日本
SHP-012151,W-05,FG-0017,2025-10-29,20,20,1,1,北日本
SHP-012152,W-22,FG-0078,2025-10-26,100,88,1,0,北日本
SHP-012153,W-13,FG-0015,2025-06-17,10,10,1,1,海外
SHP-012154,W-02,FG-0021,2025-08-28,100,82,1,0,海外
SHP-012155,W-17,FG-0069,2024-03-28,50,50,1,1,北日本
SHP-012156,W-04,FG-0046,2026-03-03,50,50,1,1,北日本
SHP-012157,W-08,FG-0075,2026-02-19,10,10,1,1,東日本
SHP-012158,W-07,FG-0029,2025-05-26,10,10,1,1,東日本
SHP-012159,W-13,FG-0061,2024-12-25,100,100,1,1,東日本
SHP-012160,W-17,FG-0026,2025-12-08,20,20,1,1,東日本
SHP-012161,W-09,FG-0033,2024-02-15,10,7,1,0,東日本
SHP-012162,W-02,FG-0048,2024-09-22,20,20,1,1,海外
SHP-012163,W-11,FG-0060,2025-03-31,20,18,1,0,西日本
SHP-012164,W-02,FG-0019,2025-10-05,50,50,1,1,北日本
SHP-012165,W-23,FG-0045,2025-08-25,10,10,1,1,北日本
SHP-012166,W-10,FG-0038,2025-08-18,50,50,1,1,北日本
SHP-012167,W-01,FG-0068,2024-03-26,10,10,1,1,海外
SHP-012168,W-18,FG-0029,2025-07-27,50,50,1,1,東日本
SHP-012169,W-13,FG-0029,2025-12-15,100,100,1,1,西日本
SHP-012170,W-11,FG-0004,2025-09-29,20,20,1,1,北日本
SHP-012171,W-07,FG-0038,2024-08-05,100,100,0,1,海外
SHP-012172,W-15,FG-0059,2025-12-01,100,100,1,1,海外
SHP-012173,W-13,FG-0060,2025-01-14,100,100,1,1,北日本
SHP-012174,W-05,FG-0029,2025-08-26,100,100,1,1,海外
SHP-012175,W-21,FG-0039,2025-01-24,50,50,1,1,西日本
SHP-012176,W-10,FG-0077,2025-01-12,50,50,1,1,北日本
SHP-012177,W-14,FG-0006,2024-02-27,50,32,1,0,西日本
SHP-012178,W-23,FG-0018,2024-07-05,10,10,1,1,東日本
SHP-012179,W-08,FG-0022,2025-02-17,100,100,1,1,海外
SHP-012180,W-05,FG-0078,2024-10-28,20,20,1,1,西日本
SHP-012181,W-20,FG-0048,2025-07-13,10,10,0,1,海外
SHP-012182,W-07,FG-0004,2025-08-13,20,20,0,1,北日本
SHP-012183,W-01,FG-0043,2025-08-17,10,10,1,1,北日本
SHP-012184,W-07,FG-0036,2024-11-05,20,20,1,1,西日本
SHP-012185,W-17,FG-0032,2025-08-07,10,10,1,1,海外
SHP-012186,W-24,FG-0024,2025-01-14,20,20,1,1,北日本
SHP-012187,W-24,FG-0078,2024-05-22,50,50,1,1,西日本
SHP-012188,W-13,FG-0061,2025-05-17,50,50,1,1,東日本
SHP-012189,W-09,FG-0068,2025-09-13,20,20,1,1,西日本
SHP-012190,W-12,FG-0010,2025-09-26,10,10,0,1,海外
SHP-012191,W-09,FG-0019,2026-04-10,100,100,1,1,海外
SHP-012192,W-13,FG-0023,2026-04-09,20,20,1,1,海外
SHP-012193,W-02,FG-0020,2025-10-12,50,34,0,0,海外
SHP-012194,W-11,FG-0005,2026-03-19,10,10,1,1,西日本
SHP-012195,W-08,FG-0045,2024-01-20,100,100,1,1,東日本
SHP-012196,W-21,FG-0004,2025-02-21,50,50,1,1,東日本
SHP-012197,W-04,FG-0056,2024-10-07,100,100,1,1,西日本
SHP-012198,W-19,FG-0004,2024-02-28,100,74,0,0,西日本
SHP-012199,W-06,FG-0013,2025-04-10,10,10,1,1,東日本
SHP-012200,W-11,FG-0052,2024-11-21,10,10,1,1,西日本
SHP-012201,W-02,FG-0053,2025-11-30,20,20,1,1,西日本
SHP-012202,W-22,FG-0031,2025-08-31,100,100,0,1,北日本
SHP-012203,W-05,FG-0021,2025-05-17,50,50,1,1,西日本
SHP-012204,W-04,FG-0012,2025-06-05,100,100,1,1,西日本
SHP-012205,W-15,FG-0077,2025-05-25,20,20,1,1,西日本
SHP-012206,W-04,FG-0036,2026-03-08,50,50,1,1,海外
SHP-012207,W-09,FG-0054,2025-05-24,100,100,0,1,海外
SHP-012208,W-15,FG-0065,2025-06-17,100,73,1,0,海外
SHP-012209,W-24,FG-0026,2024-09-06,50,50,1,1,海外
SHP-012210,W-03,FG-0067,2026-02-05,10,10,1,1,海外
SHP-012211,W-23,FG-0054,2024-11-13,10,10,1,1,西日本
SHP-012212,W-03,FG-0037,2024-11-24,100,100,1,1,海外
SHP-012213,W-21,FG-0037,2024-08-07,100,100,0,1,北日本
SHP-012214,W-11,FG-0042,2024-11-18,50,50,0,1,北日本
SHP-012215,W-03,FG-0054,2025-05-26,20,20,0,1,北日本
SHP-012216,W-11,FG-0039,2025-10-24,20,20,1,1,海外
SHP-012217,W-23,FG-0065,2024-02-21,10,10,1,1,海外
SHP-012218,W-24,FG-0076,2024-04-26,20,20,0,1,海外
SHP-012219,W-17,FG-0012,2025-12-20,50,50,1,1,海外
SHP-012220,W-13,FG-0031,2025-04-21,20,20,1,1,東日本
SHP-012221,W-13,FG-0067,2026-03-01,10,10,1,1,西日本
SHP-012222,W-07,FG-0036,2024-06-27,50,50,1,1,北日本
SHP-012223,W-19,FG-0054,2024-06-17,100,100,1,1,北日本
SHP-012224,W-02,FG-0031,2024-08-08,10,10,1,1,海外
SHP-012225,W-14,FG-0047,2024-11-05,10,10,1,1,西日本
SHP-012226,W-13,FG-0025,2025-05-04,100,100,1,1,北日本
SHP-012227,W-21,FG-0008,2026-01-19,100,72,1,0,東日本
SHP-012228,W-18,FG-0034,2026-01-29,100,100,1,1,北日本
SHP-012229,W-01,FG-0080,2025-12-17,10,10,1,1,海外
SHP-012230,W-13,FG-0020,2025-01-23,100,100,1,1,北日本
SHP-012231,W-13,FG-0043,2024-11-12,50,50,0,1,海外
SHP-012232,W-13,FG-0062,2024-04-30,20,20,0,1,海外
SHP-012233,W-24,FG-0016,2024-06-15,50,50,1,1,北日本
SHP-012234,W-04,FG-0035,2024-07-07,20,20,1,1,東日本
SHP-012235,W-18,FG-0014,2025-10-31,10,10,1,1,東日本
SHP-012236,W-17,FG-0018,2024-08-27,10,10,1,1,東日本
SHP-012237,W-24,FG-0023,2025-03-01,100,100,1,1,西日本
SHP-012238,W-18,FG-0010,2024-12-29,20,20,1,1,北日本
SHP-012239,W-10,FG-0043,2026-03-14,50,50,1,1,北日本
SHP-012240,W-07,FG-0069,2024-02-17,20,20,1,1,西日本
SHP-012241,W-20,FG-0076,2025-02-05,100,100,1,1,西日本
SHP-012242,W-01,FG-0009,2024-04-02,50,50,1,1,東日本
SHP-012243,W-18,FG-0060,2026-02-03,10,10,1,1,西日本
SHP-012244,W-13,FG-0066,2025-05-05,10,10,1,1,北日本
SHP-012245,W-09,FG-0034,2025-03-07,50,50,0,1,海外
SHP-012246,W-24,FG-0070,2025-09-21,10,10,1,1,東日本
SHP-012247,W-21,FG-0002,2025-08-18,10,10,1,1,海外
SHP-012248,W-20,FG-0016,2025-11-11,10,10,1,1,西日本
SHP-012249,W-17,FG-0062,2025-02-16,20,20,1,1,北日本
SHP-012250,W-19,FG-0037,2024-11-28,100,100,1,1,北日本
SHP-009626,W-01,FG-0038,2025-09-07,100,100,1,1,北日本
SHP-009627,W-19,FG-0080,2025-08-16,20,20,1,1,西日本
SHP-009628,W-15,FG-0033,2024-07-14,20,20,1,1,東日本
SHP-009629,W-23,FG-0033,2026-02-22,50,50,1,1,西日本
SHP-009630,W-08,FG-0010,2025-09-02,100,100,1,1,北日本
SHP-009631,W-15,FG-0050,2024-02-10,50,50,1,1,東日本
SHP-009632,W-14,FG-0069,2026-03-17,20,20,1,1,海外
SHP-009633,W-09,FG-0068,2024-10-27,50,50,1,1,西日本
SHP-009634,W-18,FG-0013,2024-02-12,50,50,1,1,西日本
SHP-009635,W-05,FG-0052,2026-02-05,20,20,1,1,東日本
SHP-009636,W-14,FG-0038,2025-02-11,50,50,1,1,北日本
SHP-009637,W-12,FG-0039,2024-01-10,50,50,1,1,西日本
SHP-009638,W-09,FG-0049,2025-02-05,50,50,1,1,西日本
SHP-009639,W-03,FG-0009,2024-08-05,100,100,1,1,西日本
SHP-009640,W-13,FG-0048,2026-01-07,20,20,1,1,西日本
SHP-009641,W-16,FG-0010,2025-12-28,50,50,1,1,海外
SHP-009642,W-04,FG-0046,2025-08-09,100,100,1,1,北日本
SHP-009643,W-04,FG-0072,2025-08-08,20,20,1,1,北日本
SHP-009644,W-09,FG-0010,2024-02-20,50,50,1,1,東日本
SHP-009645,W-10,FG-0036,2025-12-30,100,100,1,1,北日本
SHP-009646,W-22,FG-0018,2025-11-09,100,81,1,0,東日本
SHP-009647,W-07,FG-0072,2025-10-23,20,20,1,1,東日本
SHP-009648,W-14,FG-0045,2024-05-02,100,100,1,1,西日本
SHP-009649,W-02,FG-0038,2024-04-10,20,20,1,1,西日本
SHP-009650,W-14,FG-0040,2025-09-19,100,100,1,1,北日本
SHP-009651,W-13,FG-0021,2024-03-08,20,20,1,1,北日本
SHP-009652,W-01,FG-0058,2024-07-06,20,20,0,1,海外
SHP-009653,W-02,FG-0062,2025-09-03,20,20,1,1,海外
SHP-009654,W-19,FG-0041,2025-06-15,100,100,1,1,海外
SHP-009655,W-06,FG-0054,2025-11-27,100,100,1,1,北日本
SHP-009656,W-24,FG-0052,2026-01-25,50,50,0,1,北日本
SHP-009657,W-22,FG-0071,2024-04-27,50,50,1,1,西日本
SHP-009658,W-18,FG-0027,2024-05-22,100,100,1,1,北日本
SHP-009659,W-14,FG-0018,2024-02-05,50,50,0,1,東日本
SHP-009660,W-10,FG-0049,2025-08-26,50,50,0,1,北日本
SHP-009661,W-12,FG-0014,2025-02-05,50,50,1,1,海外
SHP-009662,W-11,FG-0079,2026-03-27,10,10,1,1,西日本
SHP-009663,W-16,FG-0071,2024-03-24,20,20,1,1,東日本
SHP-009664,W-02,FG-0056,2025-02-28,50,50,1,1,西日本
SHP-009665,W-17,FG-0029,2025-12-08,50,34,1,0,海外
SHP-009666,W-01,FG-0055,2024-07-16,50,50,1,1,西日本
SHP-009667,W-20,FG-0046,2026-04-10,20,20,0,1,東日本
SHP-009668,W-19,FG-0041,2026-04-23,10,10,1,1,西日本
SHP-009669,W-16,FG-0042,2026-03-24,50,50,1,1,海外
SHP-009670,W-04,FG-0050,2024-07-14,20,20,1,1,海外
SHP-009671,W-24,FG-0068,2024-05-18,20,20,1,1,西日本
SHP-009672,W-13,FG-0067,2024-07-07,100,100,1,1,北日本
SHP-009673,W-17,FG-0077,2025-10-12,10,10,0,1,北日本
SHP-009674,W-17,FG-0071,2026-04-30,100,100,1,1,西日本
SHP-009675,W-22,FG-0031,2024-01-15,50,50,1,1,西日本
SHP-009676,W-23,FG-0062,2025-01-15,20,20,1,1,北日本
SHP-009677,W-13,FG-0076,2024-05-20,100,100,1,1,海外
SHP-009678,W-24,FG-0009,2025-01-16,100,100,1,1,海外
SHP-009679,W-05,FG-0073,2024-11-08,20,20,1,1,海外
SHP-009680,W-14,FG-0020,2026-04-05,100,100,1,1,海外
SHP-009681,W-02,FG-0064,2026-04-23,10,10,1,1,北日本
SHP-009682,W-21,FG-0046,2026-03-19,50,50,1,1,北日本
SHP-009683,W-01,FG-0028,2024-11-08,100,100,1,1,北日本
SHP-009684,W-18,FG-0032,2024-10-29,100,100,1,1,西日本
SHP-009685,W-21,FG-0078,2024-02-03,20,16,1,0,海外
SHP-009686,W-10,FG-0046,2025-03-24,10,10,1,1,海外
SHP-009687,W-03,FG-0074,2024-04-03,20,20,1,1,海外
SHP-009688,W-18,FG-0024,2025-02-11,100,100,1,1,海外
SHP-009689,W-23,FG-0032,2026-04-06,50,45,1,0,東日本
SHP-009690,W-12,FG-0032,2025-09-05,50,50,1,1,海外
SHP-009691,W-14,FG-0012,2024-03-31,100,100,1,1,北日本
SHP-009692,W-16,FG-0080,2026-02-08,20,20,1,1,海外
SHP-009693,W-13,FG-0026,2024-09-17,20,20,1,1,西日本
SHP-009694,W-14,FG-0060,2025-01-21,20,20,1,1,海外
SHP-009695,W-15,FG-0058,2024-06-06,10,10,0,1,海外
SHP-009696,W-14,FG-0002,2024-03-20,50,50,1,1,西日本
SHP-009697,W-24,FG-0044,2024-07-31,20,20,1,1,海外
SHP-009698,W-24,FG-0077,2024-03-27,50,50,1,1,海外
SHP-009699,W-16,FG-0006,2024-07-10,100,100,1,1,海外
SHP-009700,W-18,FG-0035,2024-04-15,10,10,1,1,海外
SHP-009701,W-24,FG-0068,2025-06-22,20,20,1,1,北日本
SHP-009702,W-10,FG-0024,2025-09-02,50,50,1,1,東日本
SHP-009703,W-04,FG-0028,2024-02-05,50,50,1,1,西日本
SHP-009704,W-22,FG-0015,2024-03-18,20,20,1,1,西日本
SHP-009705,W-07,FG-0010,2025-09-30,100,100,1,1,西日本
SHP-009706,W-02,FG-0037,2024-01-06,10,10,1,1,海外
SHP-009707,W-22,FG-0050,2026-01-15,20,20,1,1,東日本
SHP-009708,W-19,FG-0029,2026-03-23,20,20,1,1,東日本
SHP-009709,W-20,FG-0018,2026-02-21,10,10,1,1,海外
SHP-009710,W-03,FG-0070,2026-02-10,50,50,1,1,西日本
SHP-009711,W-14,FG-0015,2025-09-25,100,100,0,1,北日本
SHP-009712,W-09,FG-0033,2025-03-14,50,50,0,1,北日本
SHP-009713,W-22,FG-0035,2024-04-27,50,50,1,1,北日本
SHP-009714,W-23,FG-0079,2025-06-07,100,100,1,1,西日本
SHP-009715,W-07,FG-0024,2025-12-22,100,100,1,1,北日本
SHP-009716,W-04,FG-0037,2025-12-13,20,20,1,1,北日本
SHP-009717,W-13,FG-0049,2024-03-31,20,20,1,1,北日本
SHP-009718,W-07,FG-0035,2025-08-06,100,100,1,1,海外
SHP-009719,W-20,FG-0057,2024-07-06,100,100,1,1,西日本
SHP-009720,W-02,FG-0066,2024-06-10,20,20,1,1,海外
SHP-009721,W-17,FG-0052,2025-09-07,100,100,1,1,西日本
SHP-009722,W-16,FG-0065,2024-01-09,20,20,1,1,海外
SHP-009723,W-21,FG-0002,2024-02-16,50,50,1,1,西日本
SHP-009724,W-06,FG-0011,2024-04-08,20,20,1,1,東日本
SHP-009725,W-12,FG-0011,2025-09-30,20,20,0,1,西日本
SHP-009726,W-10,FG-0022,2025-05-06,100,100,1,1,北日本
SHP-009727,W-12,FG-0008,2024-04-10,50,50,1,1,海外
SHP-009728,W-22,FG-0059,2024-09-14,20,20,1,1,北日本
SHP-009729,W-03,FG-0043,2025-11-19,20,20,0,1,東日本
SHP-009730,W-12,FG-0020,2026-02-13,20,20,0,1,東日本
SHP-009731,W-17,FG-0079,2025-09-30,100,87,1,0,北日本
SHP-009732,W-22,FG-0023,2025-10-19,100,100,1,1,北日本
SHP-009733,W-06,FG-0068,2024-03-25,100,100,1,1,北日本
SHP-009734,W-08,FG-0069,2024-04-06,50,50,1,1,海外
SHP-009735,W-09,FG-0033,2024-08-10,100,100,0,1,海外
SHP-009736,W-12,FG-0003,2024-11-16,50,50,1,1,西日本
SHP-009737,W-06,FG-0070,2026-04-04,10,10,1,1,西日本
SHP-009738,W-21,FG-0039,2025-02-05,10,10,1,1,東日本
SHP-009739,W-15,FG-0061,2024-10-05,50,50,1,1,西日本
SHP-009740,W-09,FG-0037,2025-08-29,20,20,1,1,西日本
SHP-009741,W-21,FG-0027,2026-04-07,50,50,1,1,海外
SHP-009742,W-15,FG-0043,2025-07-21,20,20,0,1,北日本
SHP-009743,W-04,FG-0044,2024-03-15,10,10,1,1,西日本
SHP-009744,W-24,FG-0071,2024-09-03,100,100,0,1,海外
SHP-009745,W-14,FG-0015,2025-11-02,20,20,1,1,西日本
SHP-009746,W-19,FG-0079,2024-06-17,100,100,1,1,西日本
SHP-009747,W-06,FG-0008,2026-01-19,50,50,1,1,北日本
SHP-009748,W-07,FG-0069,2024-06-19,50,50,0,1,東日本
SHP-009749,W-03,FG-0067,2025-12-24,50,50,1,1,北日本
SHP-009750,W-11,FG-0008,2025-06-28,100,100,1,1,西日本
SHP-009751,W-17,FG-0033,2024-12-12,10,10,1,1,東日本
SHP-009752,W-23,FG-0042,2024-11-18,20,20,1,1,北日本
SHP-009753,W-12,FG-0011,2025-10-23,50,35,1,0,北日本
SHP-009754,W-07,FG-0026,2025-05-24,10,10,1,1,海外
SHP-009755,W-15,FG-0048,2025-12-02,50,50,1,1,北日本
SHP-009756,W-24,FG-0030,2024-02-23,100,100,1,1,海外
SHP-009757,W-10,FG-0018,2024-06-18,10,10,1,1,東日本
SHP-009758,W-02,FG-0034,2024-10-25,50,50,0,1,東日本
SHP-009759,W-01,FG-0024,2026-04-29,100,100,1,1,東日本
SHP-009760,W-08,FG-0064,2025-01-08,100,67,0,0,西日本
SHP-009761,W-01,FG-0072,2024-02-19,20,20,1,1,北日本
SHP-009762,W-03,FG-0015,2024-01-02,20,20,1,1,北日本
SHP-009763,W-19,FG-0058,2024-09-11,20,20,1,1,北日本
SHP-009764,W-07,FG-0044,2024-10-14,10,10,1,1,北日本
SHP-009765,W-05,FG-0034,2024-04-13,20,20,1,1,東日本
SHP-009766,W-05,FG-0065,2025-07-27,100,100,1,1,北日本
SHP-009767,W-19,FG-0071,2024-12-19,20,20,1,1,北日本
SHP-009768,W-20,FG-0030,2024-12-02,50,50,1,1,西日本
SHP-009769,W-18,FG-0011,2025-10-06,20,20,1,1,西日本
SHP-009770,W-14,FG-0060,2025-09-15,100,100,1,1,西日本
SHP-009771,W-19,FG-0028,2025-08-16,20,20,1,1,海外
SHP-009772,W-01,FG-0038,2024-04-25,20,20,1,1,西日本
SHP-009773,W-08,FG-0041,2024-07-26,20,20,0,1,西日本
SHP-009774,W-05,FG-0072,2026-04-09,10,10,1,1,東日本
SHP-009775,W-13,FG-0035,2024-09-09,100,100,1,1,東日本
SHP-009776,W-15,FG-0035,2025-04-13,10,10,1,1,西日本
SHP-009777,W-20,FG-0059,2025-03-30,10,10,1,1,西日本
SHP-009778,W-22,FG-0050,2025-11-23,50,50,1,1,東日本
SHP-009779,W-11,FG-0048,2024-01-11,50,50,1,1,西日本
SHP-009780,W-01,FG-0036,2026-03-31,100,80,1,0,北日本
SHP-009781,W-10,FG-0017,2025-12-24,10,10,1,1,西日本
SHP-009782,W-13,FG-0057,2026-04-21,100,100,1,1,北日本
SHP-009783,W-23,FG-0010,2024-12-22,10,10,1,1,北日本
SHP-009784,W-07,FG-0057,2025-07-08,50,50,1,1,北日本
SHP-009785,W-03,FG-0053,2025-12-23,10,10,1,1,北日本
SHP-009786,W-24,FG-0075,2024-03-08,100,100,0,1,東日本
SHP-009787,W-01,FG-0074,2024-04-16,20,20,1,1,西日本
SHP-009788,W-18,FG-0039,2025-03-06,50,50,0,1,西日本
SHP-009789,W-02,FG-0078,2026-02-28,50,50,1,1,東日本
SHP-009790,W-02,FG-0057,2025-05-01,50,50,1,1,東日本
SHP-009791,W-02,FG-0079,2025-08-03,10,10,1,1,西日本
SHP-009792,W-19,FG-0047,2024-10-28,10,10,1,1,東日本
SHP-009793,W-01,FG-0041,2025-10-30,100,100,1,1,海外
SHP-009794,W-08,FG-0061,2025-11-09,100,100,1,1,東日本
SHP-009795,W-14,FG-0004,2025-02-01,10,7,1,0,東日本
SHP-009796,W-09,FG-0049,2024-05-27,20,20,1,1,海外
SHP-009797,W-24,FG-0022,2024-11-19,50,50,1,1,東日本
SHP-009798,W-14,FG-0004,2025-03-14,100,100,1,1,北日本
SHP-009799,W-07,FG-0045,2025-07-05,10,10,1,1,西日本
SHP-009800,W-10,FG-0007,2024-03-12,50,50,0,1,北日本
SHP-009801,W-05,FG-0008,2024-12-20,100,100,1,1,東日本
SHP-009802,W-15,FG-0038,2025-06-21,50,50,1,1,海外
SHP-009803,W-10,FG-0041,2026-03-03,20,20,0,1,東日本
SHP-009804,W-12,FG-0055,2025-06-23,50,47,0,0,東日本
SHP-009805,W-23,FG-0003,2025-11-13,20,20,1,1,東日本
SHP-009806,W-11,FG-0034,2024-12-16,100,100,1,1,海外
SHP-009807,W-05,FG-0021,2024-05-06,100,100,1,1,海外
SHP-009808,W-21,FG-0056,2024-03-19,100,100,1,1,海外
SHP-009809,W-23,FG-0075,2025-11-18,50,50,1,1,北日本
SHP-009810,W-21,FG-0043,2024-06-30,100,100,1,1,北日本
SHP-009811,W-06,FG-0049,2024-05-30,100,100,1,1,海外
SHP-009812,W-02,FG-0007,2026-04-16,20,20,1,1,北日本
SHP-009813,W-20,FG-0001,2024-07-13,50,50,1,1,東日本
SHP-009814,W-04,FG-0047,2025-07-10,20,20,1,1,西日本
SHP-009815,W-15,FG-0015,2026-03-04,10,10,1,1,海外
SHP-009816,W-07,FG-0046,2025-04-23,50,50,1,1,海外
SHP-009817,W-13,FG-0058,2025-12-05,50,50,1,1,海外
SHP-009818,W-22,FG-0058,2024-01-18,100,100,1,1,東日本
SHP-009819,W-02,FG-0012,2024-02-08,20,20,1,1,東日本
SHP-009820,W-20,FG-0039,2024-10-19,50,50,1,1,西日本
SHP-009821,W-19,FG-0041,2025-12-21,10,10,1,1,西日本
SHP-009822,W-22,FG-0062,2024-12-19,20,20,1,1,東日本
SHP-009823,W-06,FG-0021,2025-12-27,50,50,1,1,東日本
SHP-009824,W-22,FG-0015,2025-06-27,20,20,1,1,東日本
SHP-009825,W-18,FG-0050,2025-03-01,20,20,1,1,北日本
SHP-009826,W-12,FG-0027,2024-06-29,20,20,1,1,西日本
SHP-009827,W-08,FG-0079,2025-09-03,20,20,1,1,北日本
SHP-009828,W-18,FG-0027,2025-08-23,10,10,1,1,北日本
SHP-009829,W-02,FG-0041,2025-12-28,10,10,1,1,北日本
SHP-009830,W-03,FG-0014,2026-04-24,100,100,1,1,北日本
SHP-009831,W-18,FG-0035,2026-01-24,100,100,1,1,西日本
SHP-009832,W-12,FG-0069,2025-10-05,50,50,1,1,北日本
SHP-009833,W-10,FG-0029,2025-11-04,50,50,1,1,海外
SHP-009834,W-05,FG-0059,2026-02-16,50,47,0,0,東日本
SHP-009835,W-09,FG-0058,2025-11-23,100,100,1,1,海外
SHP-009836,W-15,FG-0059,2025-10-15,10,10,1,1,海外
SHP-009837,W-12,FG-0057,2025-05-31,10,10,1,1,北日本
SHP-009838,W-03,FG-0027,2026-04-14,100,100,1,1,東日本
SHP-009839,W-12,FG-0074,2025-07-29,100,100,1,1,西日本
SHP-009840,W-01,FG-0056,2024-12-29,50,50,1,1,北日本
SHP-009841,W-12,FG-0042,2025-02-10,100,100,1,1,海外
SHP-009842,W-22,FG-0009,2025-04-17,10,9,0,0,海外
SHP-009843,W-01,FG-0018,2025-10-02,20,20,1,1,海外
SHP-009844,W-19,FG-0079,2024-12-18,50,50,1,1,北日本
SHP-009845,W-07,FG-0007,2026-01-22,100,100,1,1,海外
SHP-009846,W-11,FG-0055,2024-07-19,20,20,1,1,北日本
SHP-009847,W-01,FG-0034,2024-04-12,20,20,1,1,海外
SHP-009848,W-08,FG-0067,2024-02-11,10,9,1,0,西日本
SHP-009849,W-05,FG-0060,2025-08-03,10,10,1,1,東日本
SHP-009850,W-24,FG-0025,2024-07-07,10,10,0,1,西日本
SHP-009851,W-13,FG-0031,2025-01-01,100,90,1,0,北日本
SHP-009852,W-23,FG-0045,2025-06-22,50,50,1,1,北日本
SHP-009853,W-11,FG-0023,2025-03-25,20,13,1,0,東日本
SHP-009854,W-04,FG-0056,2024-05-26,20,20,1,1,海外
SHP-009855,W-20,FG-0078,2024-01-09,10,10,1,1,東日本
SHP-009856,W-19,FG-0037,2025-01-18,100,100,1,1,北日本
SHP-009857,W-15,FG-0010,2025-03-02,50,50,1,1,西日本
SHP-009858,W-18,FG-0012,2024-04-29,10,10,1,1,北日本
SHP-009859,W-03,FG-0065,2024-02-28,50,36,1,0,北日本
SHP-009860,W-10,FG-0076,2025-12-24,50,50,1,1,西日本
SHP-009861,W-02,FG-0018,2026-02-01,20,20,1,1,北日本
SHP-009862,W-07,FG-0009,2025-12-01,10,10,0,1,北日本
SHP-009863,W-15,FG-0012,2025-10-23,10,10,0,1,北日本
SHP-009864,W-17,FG-0010,2025-09-21,50,50,1,1,西日本
SHP-009865,W-08,FG-0021,2024-07-14,50,50,1,1,海外
SHP-009866,W-07,FG-0039,2025-03-15,100,100,1,1,北日本
SHP-009867,W-17,FG-0068,2025-06-28,100,100,1,1,西日本
SHP-009868,W-18,FG-0026,2024-12-04,50,50,1,1,西日本
SHP-009869,W-08,FG-0050,2025-03-23,100,100,1,1,北日本
SHP-009870,W-07,FG-0070,2024-04-23,50,50,1,1,東日本
SHP-009871,W-12,FG-0028,2024-06-17,20,12,1,0,海外
SHP-009872,W-02,FG-0061,2025-03-28,20,20,1,1,東日本
SHP-009873,W-23,FG-0048,2025-03-05,10,10,1,1,海外
SHP-009874,W-05,FG-0023,2025-09-05,50,50,0,1,西日本
SHP-009875,W-14,FG-0010,2024-04-20,20,20,1,1,海外
SHP-009876,W-15,FG-0055,2024-06-01,50,50,0,1,北日本
SHP-009877,W-03,FG-0041,2025-06-06,20,16,1,0,海外
SHP-009878,W-24,FG-0071,2025-03-04,50,50,1,1,西日本
SHP-009879,W-08,FG-0038,2026-01-12,10,7,1,0,海外
SHP-009880,W-02,FG-0042,2024-01-29,50,50,1,1,海外
SHP-009881,W-19,FG-0038,2024-08-05,10,8,1,0,東日本
SHP-009882,W-23,FG-0010,2024-07-09,50,50,1,1,北日本
SHP-009883,W-03,FG-0057,2025-01-03,10,10,1,1,海外
SHP-009884,W-24,FG-0042,2024-05-11,50,50,1,1,海外
SHP-009885,W-14,FG-0046,2025-06-01,20,20,1,1,西日本
SHP-009886,W-02,FG-0010,2024-06-01,10,10,1,1,海外
SHP-009887,W-22,FG-0006,2024-02-20,10,7,1,0,海外
SHP-009888,W-04,FG-0050,2025-02-18,100,100,1,1,東日本
SHP-009889,W-12,FG-0001,2025-05-10,100,100,1,1,北日本
SHP-009890,W-21,FG-0013,2024-05-24,50,50,1,1,北日本
SHP-009891,W-14,FG-0078,2025-06-08,20,20,1,1,北日本
SHP-009892,W-21,FG-0067,2025-02-24,20,20,1,1,海外
SHP-009893,W-24,FG-0003,2024-09-10,10,10,0,1,海外
SHP-009894,W-05,FG-0012,2026-01-27,50,50,1,1,西日本
SHP-009895,W-16,FG-0007,2025-10-20,50,50,1,1,北日本
SHP-009896,W-08,FG-0062,2025-08-02,20,20,1,1,西日本
SHP-009897,W-22,FG-0059,2025-02-13,10,10,1,1,西日本
SHP-009898,W-10,FG-0034,2024-04-18,50,50,1,1,北日本
SHP-009899,W-09,FG-0040,2025-04-05,10,10,1,1,東日本
SHP-009900,W-10,FG-0031,2024-06-26,10,10,1,1,西日本
SHP-009901,W-16,FG-0075,2025-06-17,100,100,1,1,北日本
SHP-009902,W-11,FG-0023,2025-08-02,20,20,1,1,西日本
SHP-009903,W-22,FG-0060,2026-04-12,20,20,1,1,東日本
SHP-009904,W-08,FG-0052,2024-05-29,20,20,1,1,西日本
SHP-009905,W-11,FG-0017,2024-02-22,10,10,1,1,西日本
SHP-009906,W-04,FG-0017,2025-01-27,20,20,1,1,北日本
SHP-009907,W-18,FG-0023,2025-08-02,10,10,1,1,東日本
SHP-009908,W-22,FG-0033,2025-04-13,50,50,1,1,西日本
SHP-009909,W-09,FG-0071,2025-11-04,20,16,1,0,北日本
SHP-009910,W-02,FG-0005,2025-10-18,20,20,1,1,北日本
SHP-009911,W-01,FG-0029,2025-10-27,50,35,0,0,北日本
SHP-009912,W-03,FG-0068,2024-09-18,10,10,0,1,海外
SHP-009913,W-22,FG-0061,2024-07-24,50,50,1,1,海外
SHP-009914,W-08,FG-0049,2024-12-23,100,100,1,1,東日本
SHP-009915,W-07,FG-0026,2025-07-03,10,10,1,1,海外
SHP-009916,W-03,FG-0059,2025-07-29,20,20,0,1,海外
SHP-009917,W-15,FG-0077,2025-10-10,100,100,1,1,北日本
SHP-009918,W-14,FG-0032,2024-04-07,10,10,1,1,東日本
SHP-009919,W-15,FG-0038,2025-03-26,10,10,1,1,北日本
SHP-009920,W-17,FG-0066,2024-05-13,100,100,1,1,北日本
SHP-009921,W-04,FG-0008,2025-07-29,10,10,1,1,東日本
SHP-009922,W-16,FG-0037,2025-07-22,50,40,1,0,北日本
SHP-009923,W-15,FG-0057,2026-01-30,20,20,0,1,東日本
SHP-009924,W-19,FG-0035,2024-01-21,10,10,1,1,東日本
SHP-009925,W-10,FG-0059,2025-12-26,20,20,1,1,西日本
SHP-009926,W-07,FG-0015,2025-07-14,20,20,1,1,西日本
SHP-009927,W-16,FG-0029,2025-02-17,20,20,1,1,西日本
SHP-009928,W-02,FG-0023,2025-06-25,20,20,1,1,海外
SHP-009929,W-16,FG-0039,2024-10-20,20,20,0,1,東日本
SHP-009930,W-07,FG-0004,2025-06-13,50,50,1,1,東日本
SHP-009931,W-17,FG-0058,2024-07-20,50,50,1,1,西日本
SHP-009932,W-22,FG-0036,2024-02-18,50,50,1,1,海外
SHP-009933,W-18,FG-0073,2025-11-14,20,20,1,1,東日本
SHP-009934,W-17,FG-0079,2026-02-26,20,20,1,1,海外
SHP-009935,W-09,FG-0047,2024-08-08,100,100,1,1,東日本
SHP-009936,W-17,FG-0020,2025-04-19,100,100,1,1,海外
SHP-009937,W-14,FG-0075,2025-03-12,50,50,1,1,西日本
SHP-009938,W-07,FG-0075,2025-09-10,50,50,0,1,北日本
SHP-009939,W-11,FG-0075,2025-10-19,100,100,1,1,東日本
SHP-009940,W-23,FG-0010,2026-03-18,50,50,1,1,西日本
SHP-009941,W-08,FG-0064,2024-12-21,100,100,1,1,海外
SHP-009942,W-07,FG-0017,2024-05-25,50,50,0,1,西日本
SHP-009943,W-22,FG-0069,2025-09-24,100,100,1,1,西日本
SHP-009944,W-01,FG-0037,2024-10-21,10,10,1,1,東日本
SHP-009945,W-12,FG-0024,2024-09-09,10,10,1,1,北日本
SHP-009946,W-06,FG-0017,2024-06-02,50,50,1,1,西日本
SHP-009947,W-18,FG-0034,2024-05-26,50,50,1,1,西日本
SHP-009948,W-17,FG-0009,2024-09-08,50,50,1,1,北日本
SHP-009949,W-13,FG-0066,2026-03-13,10,10,1,1,北日本
SHP-009950,W-08,FG-0036,2025-07-21,50,50,0,1,西日本
SHP-009951,W-05,FG-0055,2025-11-28,100,100,0,1,東日本
SHP-009952,W-15,FG-0065,2026-01-01,20,20,1,1,西日本
SHP-009953,W-03,FG-0041,2025-08-13,50,50,1,1,東日本
SHP-009954,W-08,FG-0051,2024-03-10,100,90,1,0,東日本
SHP-009955,W-12,FG-0037,2024-06-17,20,20,1,1,海外
SHP-009956,W-12,FG-0027,2025-07-15,20,20,1,1,北日本
SHP-009957,W-21,FG-0059,2025-07-11,20,20,1,1,東日本
SHP-009958,W-11,FG-0055,2026-03-12,100,100,1,1,西日本
SHP-009959,W-11,FG-0061,2025-02-16,10,10,0,1,北日本
SHP-009960,W-07,FG-0016,2025-07-28,50,50,0,1,北日本
SHP-009961,W-18,FG-0079,2026-02-23,20,20,1,1,東日本
SHP-009962,W-21,FG-0003,2024-02-06,50,50,1,1,海外
SHP-009963,W-12,FG-0044,2024-04-05,50,50,1,1,東日本
SHP-009964,W-07,FG-0070,2025-10-27,10,10,1,1,海外
SHP-009965,W-23,FG-0026,2024-07-04,50,50,1,1,北日本
SHP-009966,W-02,FG-0060,2025-10-11,50,50,1,1,東日本
SHP-009967,W-06,FG-0018,2024-03-23,100,100,1,1,西日本
SHP-009968,W-07,FG-0060,2025-03-22,100,100,1,1,北日本
SHP-009969,W-12,FG-0016,2025-01-31,10,10,1,1,海外
SHP-009970,W-17,FG-0059,2025-01-01,20,20,1,1,海外
SHP-009971,W-16,FG-0042,2025-06-23,10,10,0,1,東日本
SHP-009972,W-04,FG-0078,2025-05-06,100,100,1,1,西日本
SHP-009973,W-01,FG-0059,2024-06-25,100,100,0,1,海外
SHP-009974,W-18,FG-0007,2025-12-30,10,10,0,1,北日本
SHP-009975,W-18,FG-0036,2025-08-10,100,79,1,0,海外
SHP-009976,W-14,FG-0020,2025-03-26,10,10,1,1,北日本
SHP-009977,W-03,FG-0012,2025-02-27,10,10,1,1,海外
SHP-009978,W-02,FG-0054,2024-04-14,10,10,1,1,西日本
SHP-009979,W-02,FG-0043,2025-03-15,100,100,1,1,北日本
SHP-009980,W-17,FG-0053,2025-03-12,10,10,1,1,西日本
SHP-009981,W-23,FG-0033,2024-06-06,50,46,1,0,北日本
SHP-009982,W-02,FG-0019,2024-02-04,10,10,1,1,東日本
SHP-009983,W-06,FG-0018,2024-10-27,50,50,1,1,西日本
SHP-009984,W-17,FG-0052,2024-10-29,50,50,1,1,東日本
SHP-009985,W-06,FG-0027,2025-02-23,10,10,0,1,西日本
SHP-009986,W-07,FG-0007,2024-06-17,50,30,1,0,西日本
SHP-009987,W-17,FG-0028,2025-06-20,50,50,1,1,西日本
SHP-009988,W-03,FG-0070,2025-02-21,50,50,1,1,西日本
SHP-009989,W-14,FG-0053,2024-08-10,50,50,1,1,北日本
SHP-009990,W-10,FG-0010,2024-10-21,50,50,1,1,東日本
SHP-009991,W-01,FG-0023,2024-04-30,50,50,1,1,北日本
SHP-009992,W-15,FG-0060,2024-05-21,100,100,1,1,北日本
SHP-009993,W-10,FG-0032,2025-12-27,10,10,1,1,西日本
SHP-009994,W-10,FG-0079,2025-08-03,10,10,1,1,北日本
SHP-009995,W-22,FG-0005,2024-11-30,10,10,1,1,北日本
SHP-009996,W-13,FG-0059,2024-03-26,10,10,1,1,東日本
SHP-009997,W-24,FG-0074,2025-12-20,50,50,1,1,東日本
SHP-009998,W-11,FG-0047,2025-11-01,100,76,1,0,西日本
SHP-009999,W-16,FG-0008,2024-05-06,100,100,1,1,海外
SHP-010000,W-20,FG-0050,2024-09-02,100,100,1,1,北日本
SHP-010001,W-12,FG-0037,2025-08-15,50,50,0,1,北日本
SHP-010002,W-03,FG-0067,2024-02-08,50,50,1,1,西日本
SHP-010003,W-02,FG-0020,2025-04-23,10,10,1,1,海外
SHP-010004,W-10,FG-0019,2025-03-17,10,10,1,1,北日本
SHP-010005,W-16,FG-0015,2024-11-24,50,50,1,1,海外
SHP-010006,W-19,FG-0046,2026-01-08,50,50,0,1,海外
SHP-010007,W-19,FG-0008,2025-08-30,20,20,1,1,東日本
SHP-010008,W-08,FG-0045,2026-01-15,100,90,1,0,東日本
SHP-010009,W-13,FG-0027,2024-08-15,20,20,1,1,西日本
SHP-010010,W-02,FG-0006,2024-01-23,100,100,1,1,北日本
SHP-010011,W-08,FG-0011,2025-12-13,50,50,1,1,東日本
SHP-010012,W-23,FG-0005,2024-08-04,10,10,1,1,北日本
SHP-010013,W-20,FG-0043,2024-06-16,20,20,0,1,西日本
SHP-010014,W-09,FG-0071,2024-05-07,50,50,1,1,海外
SHP-010015,W-05,FG-0058,2024-02-04,20,16,1,0,北日本
SHP-010016,W-21,FG-0024,2024-12-26,20,20,1,1,西日本
SHP-010017,W-13,FG-0008,2025-11-15,100,100,1,1,海外
SHP-010018,W-09,FG-0026,2026-01-16,10,10,1,1,東日本
SHP-010019,W-18,FG-0053,2024-07-07,50,30,0,0,西日本
SHP-010020,W-17,FG-0073,2025-08-09,20,20,1,1,北日本
SHP-010021,W-01,FG-0003,2024-05-02,10,10,1,1,海外
SHP-010022,W-18,FG-0071,2025-01-17,50,50,1,1,海外
SHP-010023,W-02,FG-0074,2025-09-12,10,10,1,1,北日本
SHP-010024,W-08,FG-0068,2024-04-13,10,10,1,1,東日本
SHP-010025,W-20,FG-0064,2026-04-17,10,10,1,1,東日本
SHP-010026,W-10,FG-0035,2025-11-06,10,10,1,1,東日本
SHP-010027,W-20,FG-0039,2025-09-05,10,10,1,1,海外
SHP-010028,W-19,FG-0077,2025-01-02,100,100,1,1,東日本
SHP-010029,W-18,FG-0072,2026-04-14,100,100,0,1,東日本
SHP-010030,W-21,FG-0025,2024-02-07,10,10,1,1,北日本
SHP-010031,W-19,FG-0033,2025-03-28,100,100,0,1,東日本
SHP-010032,W-11,FG-0030,2024-11-24,100,100,0,1,海外
SHP-010033,W-04,FG-0051,2025-05-16,10,10,1,1,東日本
SHP-010034,W-04,FG-0024,2024-07-03,20,20,1,1,西日本
SHP-010035,W-07,FG-0035,2024-03-16,50,50,1,1,海外
SHP-010036,W-11,FG-0071,2025-03-24,10,10,1,1,東日本
SHP-010037,W-09,FG-0065,2024-10-09,50,50,0,1,海外
SHP-010038,W-09,FG-0050,2024-10-09,100,100,0,1,西日本
SHP-010039,W-24,FG-0023,2024-11-08,20,14,1,0,北日本
SHP-010040,W-12,FG-0039,2024-02-06,50,50,1,1,東日本
SHP-010041,W-17,FG-0074,2025-01-28,20,20,1,1,北日本
SHP-010042,W-17,FG-0015,2024-09-24,50,50,1,1,西日本
SHP-010043,W-08,FG-0011,2025-07-05,10,10,0,1,東日本
SHP-010044,W-14,FG-0018,2026-02-21,100,100,1,1,東日本
SHP-010045,W-18,FG-0014,2024-11-24,20,20,1,1,北日本
SHP-010046,W-05,FG-0014,2025-05-16,20,20,1,1,海外
SHP-010047,W-04,FG-0037,2026-01-31,50,50,0,1,西日本
SHP-010048,W-24,FG-0079,2025-06-27,100,90,1,0,西日本
SHP-010049,W-11,FG-0007,2025-03-28,10,10,1,1,海外
SHP-010050,W-20,FG-0037,2024-11-02,10,10,0,1,東日本
SHP-010051,W-10,FG-0044,2025-06-03,100,100,0,1,海外
SHP-010052,W-15,FG-0011,2025-07-29,50,33,1,0,北日本
SHP-010053,W-17,FG-0050,2025-10-03,50,50,1,1,西日本
SHP-010054,W-18,FG-0044,2026-03-08,100,100,1,1,東日本
SHP-010055,W-09,FG-0032,2024-05-24,100,100,1,1,海外
SHP-010056,W-11,FG-0075,2026-03-24,10,10,1,1,東日本
SHP-010057,W-03,FG-0010,2024-01-28,20,20,1,1,東日本
SHP-010058,W-06,FG-0055,2025-04-22,100,100,1,1,東日本
SHP-010059,W-12,FG-0078,2025-09-11,20,20,1,1,西日本
SHP-010060,W-02,FG-0054,2024-03-05,100,100,1,1,東日本
SHP-010061,W-15,FG-0059,2026-03-19,100,100,1,1,北日本
SHP-010062,W-21,FG-0044,2024-04-26,10,10,1,1,西日本
SHP-010063,W-03,FG-0069,2025-09-21,10,10,1,1,東日本
SHP-010064,W-07,FG-0056,2024-10-19,10,9,1,0,東日本
SHP-010065,W-23,FG-0031,2024-06-13,20,14,1,0,北日本
SHP-010066,W-02,FG-0072,2024-07-16,100,100,1,1,北日本
SHP-010067,W-14,FG-0018,2024-03-14,100,100,1,1,海外
SHP-010068,W-17,FG-0065,2025-02-03,10,10,1,1,海外
SHP-010069,W-21,FG-0004,2025-12-21,10,10,1,1,東日本
SHP-010070,W-05,FG-0041,2025-07-21,20,20,1,1,北日本
SHP-010071,W-13,FG-0074,2024-05-28,10,10,0,1,海外
SHP-010072,W-12,FG-0064,2025-05-16,10,10,1,1,東日本
SHP-010073,W-06,FG-0018,2024-07-21,100,64,1,0,東日本
SHP-010074,W-02,FG-0080,2024-01-11,50,50,1,1,海外
SHP-010075,W-03,FG-0017,2025-11-30,10,9,1,0,西日本
SHP-010076,W-14,FG-0028,2026-01-05,20,20,1,1,北日本
SHP-010077,W-16,FG-0018,2025-04-13,10,10,0,1,西日本
SHP-010078,W-12,FG-0038,2025-07-24,100,100,1,1,西日本
SHP-010079,W-16,FG-0030,2024-03-02,100,100,1,1,東日本
SHP-010080,W-05,FG-0069,2025-03-05,50,50,1,1,西日本
SHP-010081,W-01,FG-0070,2024-02-04,50,50,1,1,西日本
SHP-010082,W-24,FG-0018,2024-01-10,10,10,1,1,海外
SHP-010083,W-07,FG-0052,2024-05-30,10,10,1,1,東日本
SHP-010084,W-19,FG-0035,2024-02-27,20,20,0,1,海外
SHP-010085,W-24,FG-0033,2026-03-31,10,10,1,1,西日本
SHP-010086,W-06,FG-0056,2024-09-01,20,20,1,1,西日本
SHP-010087,W-13,FG-0075,2025-02-11,20,20,1,1,北日本
SHP-010088,W-14,FG-0067,2024-06-27,100,100,0,1,東日本
SHP-010089,W-05,FG-0064,2025-04-26,100,100,0,1,海外
SHP-010090,W-14,FG-0030,2025-04-13,10,10,0,1,西日本
SHP-010091,W-11,FG-0032,2025-09-16,100,100,1,1,海外
SHP-010092,W-03,FG-0051,2025-02-14,10,10,1,1,東日本
SHP-010093,W-02,FG-0069,2026-02-20,50,39,1,0,北日本
SHP-010094,W-14,FG-0032,2024-10-17,20,20,0,1,東日本
SHP-010095,W-10,FG-0038,2025-09-03,100,100,0,1,西日本
SHP-010096,W-02,FG-0005,2026-01-03,50,50,1,1,北日本
SHP-010097,W-24,FG-0030,2026-04-30,100,100,1,1,東日本
SHP-010098,W-12,FG-0033,2026-03-04,100,100,1,1,西日本
SHP-010099,W-10,FG-0016,2024-05-31,20,20,1,1,海外
SHP-010100,W-23,FG-0062,2025-08-02,100,65,1,0,海外
SHP-010101,W-17,FG-0016,2026-01-01,100,100,1,1,北日本
SHP-010102,W-20,FG-0068,2024-05-04,100,60,1,0,東日本
SHP-010103,W-10,FG-0020,2025-02-02,50,50,1,1,北日本
SHP-010104,W-23,FG-0044,2025-09-28,20,20,1,1,北日本
SHP-010105,W-17,FG-0070,2024-02-01,20,20,1,1,海外
SHP-010106,W-11,FG-0075,2024-10-22,20,20,1,1,北日本
SHP-010107,W-13,FG-0021,2026-01-19,10,10,0,1,東日本
SHP-010108,W-06,FG-0042,2025-03-17,50,50,1,1,東日本
SHP-010109,W-06,FG-0015,2024-05-14,10,10,0,1,東日本
SHP-010110,W-01,FG-0003,2025-07-02,20,20,1,1,北日本
SHP-010111,W-23,FG-0043,2025-05-03,10,6,1,0,東日本
SHP-010112,W-05,FG-0076,2026-03-05,10,10,1,1,北日本
SHP-010113,W-05,FG-0019,2024-03-20,100,100,1,1,北日本
SHP-010114,W-06,FG-0073,2024-01-27,10,10,1,1,東日本
SHP-010115,W-19,FG-0014,2025-04-16,10,10,1,1,北日本
SHP-010116,W-04,FG-0050,2025-11-15,20,20,1,1,海外
SHP-010117,W-14,FG-0069,2026-02-08,100,100,1,1,東日本
SHP-010118,W-23,FG-0059,2024-10-30,10,10,1,1,東日本
SHP-010119,W-12,FG-0046,2026-03-14,100,100,0,1,西日本
SHP-010120,W-12,FG-0062,2025-02-22,50,50,0,1,東日本
SHP-010121,W-23,FG-0053,2024-09-14,50,50,1,1,西日本
SHP-010122,W-09,FG-0065,2025-10-08,20,20,1,1,海外
SHP-010123,W-12,FG-0079,2026-04-24,50,50,1,1,海外
SHP-010124,W-19,FG-0022,2025-10-13,100,100,1,1,海外
SHP-010125,W-01,FG-0077,2025-12-04,50,50,1,1,西日本
SHP-010126,W-09,FG-0066,2025-06-19,20,17,0,0,西日本
SHP-010127,W-18,FG-0034,2024-02-25,10,10,1,1,海外
SHP-010128,W-04,FG-0012,2024-07-20,10,10,1,1,西日本
SHP-010129,W-10,FG-0058,2024-09-04,10,10,1,1,北日本
SHP-010130,W-24,FG-0032,2024-06-28,20,20,1,1,海外
SHP-010131,W-18,FG-0065,2025-08-30,50,50,1,1,北日本
SHP-010132,W-24,FG-0015,2025-05-04,100,100,1,1,北日本
SHP-010133,W-15,FG-0002,2026-01-23,100,100,0,1,西日本
SHP-010134,W-24,FG-0021,2026-04-06,10,10,0,1,東日本
SHP-010135,W-20,FG-0070,2025-06-02,10,10,1,1,西日本
SHP-010136,W-15,FG-0072,2026-01-17,10,10,1,1,北日本
SHP-010137,W-02,FG-0001,2024-11-14,100,100,1,1,海外
SHP-010138,W-17,FG-0071,2025-09-07,50,43,1,0,北日本
SHP-010139,W-12,FG-0004,2026-03-21,20,20,1,1,西日本
SHP-010140,W-22,FG-0051,2025-11-27,50,50,1,1,西日本
SHP-010141,W-15,FG-0024,2024-05-18,50,50,1,1,海外
SHP-010142,W-17,FG-0002,2025-01-02,20,20,1,1,海外
SHP-010143,W-15,FG-0063,2024-03-13,50,50,1,1,北日本
SHP-010144,W-19,FG-0002,2025-01-24,50,50,1,1,北日本
SHP-010145,W-01,FG-0058,2025-09-08,20,13,1,0,海外
SHP-010146,W-17,FG-0038,2025-07-11,50,50,1,1,西日本
SHP-010147,W-08,FG-0061,2024-07-10,100,100,0,1,北日本
SHP-010148,W-24,FG-0015,2026-01-07,20,20,1,1,西日本
SHP-010149,W-15,FG-0043,2025-12-07,20,20,1,1,北日本
SHP-010150,W-22,FG-0003,2024-10-04,20,20,1,1,海外
SHP-010151,W-14,FG-0021,2024-03-12,20,20,1,1,東日本
SHP-010152,W-10,FG-0012,2025-05-20,20,20,1,1,海外
SHP-010153,W-21,FG-0080,2025-03-09,100,100,0,1,東日本
SHP-010154,W-21,FG-0079,2025-09-10,10,10,1,1,北日本
SHP-010155,W-20,FG-0049,2024-08-29,10,10,1,1,北日本
SHP-010156,W-24,FG-0028,2025-01-29,20,20,1,1,海外
SHP-010157,W-20,FG-0048,2024-03-18,50,50,1,1,東日本
SHP-010158,W-08,FG-0051,2024-01-26,50,50,1,1,北日本
SHP-010159,W-09,FG-0040,2025-04-27,100,100,0,1,北日本
SHP-010160,W-23,FG-0014,2024-04-24,10,10,1,1,北日本
SHP-010161,W-04,FG-0002,2024-02-03,100,100,1,1,海外
SHP-010162,W-12,FG-0056,2025-10-23,50,50,1,1,西日本
SHP-010163,W-07,FG-0046,2026-02-09,20,20,1,1,海外
SHP-010164,W-13,FG-0021,2025-02-18,50,50,1,1,東日本
SHP-010165,W-14,FG-0033,2024-09-18,10,8,1,0,海外
SHP-010166,W-24,FG-0040,2024-10-17,10,10,1,1,東日本
SHP-010167,W-19,FG-0047,2024-03-24,20,20,1,1,海外
SHP-010168,W-16,FG-0012,2025-11-27,100,100,1,1,東日本
SHP-010169,W-10,FG-0040,2024-11-16,100,84,1,0,東日本
SHP-010170,W-11,FG-0036,2025-01-19,100,100,1,1,北日本
SHP-010171,W-18,FG-0018,2025-07-22,50,50,1,1,西日本
SHP-010172,W-14,FG-0024,2024-11-14,10,10,1,1,北日本
SHP-010173,W-06,FG-0030,2025-12-01,10,10,1,1,東日本
SHP-010174,W-14,FG-0029,2024-10-23,100,100,1,1,北日本
SHP-010175,W-14,FG-0079,2026-04-20,20,20,1,1,北日本
SHP-010176,W-14,FG-0075,2026-04-29,100,79,1,0,西日本
SHP-010177,W-12,FG-0071,2025-08-16,10,10,1,1,東日本
SHP-010178,W-12,FG-0039,2026-03-05,10,10,1,1,西日本
SHP-010179,W-06,FG-0071,2025-07-12,20,20,1,1,海外
SHP-010180,W-02,FG-0042,2025-07-05,100,100,1,1,西日本
SHP-010181,W-08,FG-0027,2024-06-24,100,100,1,1,西日本
SHP-010182,W-19,FG-0066,2024-04-23,100,100,1,1,東日本
SHP-010183,W-03,FG-0010,2024-01-11,100,100,1,1,西日本
SHP-010184,W-21,FG-0024,2024-10-15,10,10,1,1,北日本
SHP-010185,W-09,FG-0023,2024-11-03,20,20,0,1,北日本
SHP-010186,W-22,FG-0072,2025-09-17,10,10,1,1,北日本
SHP-010187,W-15,FG-0034,2026-01-27,10,10,1,1,東日本
SHP-010188,W-04,FG-0042,2025-02-05,100,100,1,1,東日本
SHP-010189,W-07,FG-0014,2024-04-23,50,50,1,1,海外
SHP-010190,W-24,FG-0002,2025-06-01,100,100,1,1,東日本
SHP-010191,W-24,FG-0021,2025-08-18,10,10,1,1,東日本
SHP-010192,W-07,FG-0009,2024-01-12,20,20,0,1,西日本
SHP-010193,W-09,FG-0066,2025-07-21,100,100,0,1,北日本
SHP-010194,W-21,FG-0080,2025-02-19,100,100,1,1,西日本
SHP-010195,W-05,FG-0051,2024-10-01,10,10,0,1,海外
SHP-010196,W-24,FG-0070,2024-10-15,100,76,1,0,海外
SHP-010197,W-23,FG-0024,2025-06-07,20,20,0,1,海外
SHP-010198,W-23,FG-0065,2025-09-21,10,10,1,1,東日本
SHP-010199,W-03,FG-0054,2025-07-06,50,50,1,1,北日本
SHP-010200,W-06,FG-0062,2025-11-18,50,50,1,1,北日本
SHP-010201,W-15,FG-0051,2026-03-22,10,10,1,1,西日本
SHP-010202,W-19,FG-0003,2024-04-17,100,100,1,1,北日本
SHP-010203,W-22,FG-0027,2025-01-12,10,8,1,0,東日本
SHP-010204,W-17,FG-0079,2024-09-11,10,10,1,1,西日本
SHP-010205,W-10,FG-0078,2024-04-21,20,20,1,1,海外
SHP-010206,W-20,FG-0049,2025-11-21,10,10,1,1,西日本
SHP-010207,W-16,FG-0012,2025-10-30,10,10,1,1,北日本
SHP-010208,W-19,FG-0049,2026-03-09,100,100,1,1,東日本
SHP-010209,W-12,FG-0034,2026-03-01,20,20,1,1,西日本
SHP-010210,W-10,FG-0061,2024-04-21,10,10,0,1,北日本
SHP-010211,W-01,FG-0009,2025-10-18,100,84,0,0,北日本
SHP-010212,W-17,FG-0021,2025-06-27,20,20,1,1,北日本
SHP-010213,W-15,FG-0020,2026-02-23,20,20,1,1,北日本
SHP-010214,W-21,FG-0040,2025-10-21,20,20,0,1,北日本
SHP-010215,W-18,FG-0036,2026-02-16,50,50,1,1,海外
SHP-010216,W-06,FG-0071,2025-11-28,20,20,1,1,北日本
SHP-010217,W-20,FG-0026,2025-07-18,50,50,1,1,海外
SHP-010218,W-10,FG-0072,2025-03-26,10,7,1,0,西日本
SHP-010219,W-17,FG-0060,2024-11-20,20,20,0,1,西日本
SHP-010220,W-16,FG-0008,2025-05-13,50,50,1,1,東日本
SHP-010221,W-17,FG-0061,2025-06-26,100,100,1,1,海外
SHP-010222,W-03,FG-0030,2026-02-12,20,20,1,1,海外
SHP-010223,W-24,FG-0024,2025-08-15,50,50,1,1,東日本
SHP-010224,W-19,FG-0043,2024-10-19,20,20,1,1,海外
SHP-010225,W-15,FG-0036,2024-07-29,100,100,1,1,西日本
SHP-010226,W-08,FG-0040,2026-03-08,100,83,1,0,東日本
SHP-010227,W-23,FG-0044,2024-09-23,100,100,1,1,東日本
SHP-010228,W-15,FG-0054,2024-07-24,10,10,1,1,北日本
SHP-010229,W-21,FG-0003,2025-02-06,50,50,1,1,東日本
SHP-010230,W-22,FG-0058,2026-04-09,10,10,1,1,北日本
SHP-010231,W-12,FG-0002,2024-05-20,100,100,1,1,東日本
SHP-010232,W-17,FG-0079,2024-06-19,100,79,1,0,東日本
SHP-010233,W-08,FG-0067,2024-06-25,20,20,1,1,東日本
SHP-010234,W-19,FG-0074,2025-10-21,10,10,1,1,東日本
SHP-010235,W-07,FG-0027,2025-03-19,10,10,1,1,北日本
SHP-010236,W-18,FG-0044,2025-02-22,10,10,1,1,西日本
SHP-010237,W-17,FG-0003,2024-09-06,50,50,1,1,東日本
SHP-010238,W-22,FG-0077,2025-03-08,50,50,1,1,北日本
SHP-010239,W-21,FG-0025,2025-09-25,50,50,1,1,北日本
SHP-010240,W-23,FG-0039,2026-02-27,10,10,1,1,海外
SHP-010241,W-13,FG-0057,2026-02-07,10,10,1,1,北日本
SHP-010242,W-03,FG-0019,2025-12-06,50,46,0,0,東日本
SHP-010243,W-12,FG-0015,2025-01-08,50,50,1,1,北日本
SHP-010244,W-05,FG-0005,2025-11-04,100,100,0,1,北日本
SHP-010245,W-05,FG-0038,2025-11-17,20,20,1,1,北日本
SHP-010246,W-11,FG-0031,2025-05-13,20,20,1,1,海外
SHP-010247,W-10,FG-0048,2024-05-20,20,20,1,1,北日本
SHP-010248,W-20,FG-0039,2024-11-20,20,20,1,1,西日本
SHP-010249,W-01,FG-0001,2025-07-26,50,50,1,1,西日本
SHP-010250,W-23,FG-0013,2024-07-26,10,10,1,1,北日本
SHP-010251,W-19,FG-0001,2025-10-13,100,100,1,1,西日本
SHP-010252,W-15,FG-0077,2026-01-25,20,20,1,1,北日本
SHP-010253,W-19,FG-0002,2026-02-14,10,10,1,1,西日本
SHP-010254,W-14,FG-0038,2024-03-14,20,20,1,1,海外
SHP-010255,W-20,FG-0058,2025-10-24,10,10,1,1,東日本
SHP-010256,W-15,FG-0039,2025-12-07,100,100,1,1,西日本
SHP-010257,W-02,FG-0075,2025-07-04,50,50,1,1,東日本
SHP-010258,W-18,FG-0059,2025-11-23,100,100,1,1,海外
SHP-010259,W-13,FG-0067,2024-06-22,100,100,1,1,東日本
SHP-010260,W-10,FG-0056,2025-04-21,20,20,1,1,東日本
SHP-010261,W-16,FG-0044,2025-04-17,100,100,1,1,西日本
SHP-010262,W-01,FG-0043,2024-11-03,10,10,1,1,東日本
SHP-010263,W-09,FG-0043,2025-04-12,50,50,1,1,西日本
SHP-010264,W-12,FG-0059,2025-04-11,20,15,1,0,東日本
SHP-010265,W-01,FG-0034,2024-09-25,100,100,1,1,海外
SHP-010266,W-04,FG-0016,2026-03-06,50,50,0,1,西日本
SHP-010267,W-15,FG-0066,2025-01-19,50,50,1,1,東日本
SHP-010268,W-21,FG-0040,2024-11-22,20,20,1,1,西日本
SHP-010269,W-04,FG-0059,2025-08-16,50,36,1,0,西日本
SHP-010270,W-06,FG-0059,2024-09-09,20,20,1,1,海外
SHP-010271,W-19,FG-0005,2025-08-15,100,100,1,1,西日本
SHP-010272,W-11,FG-0074,2024-10-06,20,20,1,1,北日本
SHP-010273,W-11,FG-0072,2025-11-05,10,10,0,1,海外
SHP-010274,W-10,FG-0009,2024-03-24,10,10,1,1,東日本
SHP-010275,W-11,FG-0061,2024-08-07,50,50,1,1,北日本
SHP-010276,W-20,FG-0061,2024-04-19,50,50,0,1,西日本
SHP-010277,W-18,FG-0049,2024-10-06,20,20,1,1,海外
SHP-010278,W-11,FG-0003,2024-08-10,20,20,0,1,西日本
SHP-010279,W-14,FG-0003,2026-04-29,20,20,0,1,海外
SHP-010280,W-24,FG-0034,2024-09-01,10,10,1,1,海外
SHP-010281,W-17,FG-0048,2026-04-28,100,100,0,1,北日本
SHP-010282,W-22,FG-0063,2025-04-06,20,20,1,1,北日本
SHP-010283,W-10,FG-0014,2024-12-24,10,10,1,1,北日本
SHP-010284,W-08,FG-0033,2024-02-06,50,31,1,0,海外
SHP-010285,W-03,FG-0049,2026-02-16,100,100,1,1,北日本
SHP-010286,W-06,FG-0047,2025-09-26,50,50,1,1,海外
SHP-010287,W-12,FG-0032,2026-03-26,20,20,1,1,北日本
SHP-010288,W-03,FG-0061,2025-08-16,100,100,1,1,海外
SHP-010289,W-02,FG-0013,2026-04-07,20,20,1,1,東日本
SHP-010290,W-12,FG-0029,2025-03-08,10,10,1,1,北日本
SHP-010291,W-11,FG-0024,2026-03-26,20,20,0,1,北日本
SHP-010292,W-21,FG-0073,2024-11-15,10,10,1,1,東日本
SHP-010293,W-23,FG-0018,2025-03-22,20,20,1,1,西日本
SHP-010294,W-01,FG-0006,2026-02-22,100,100,0,1,海外
SHP-010295,W-20,FG-0013,2024-07-14,50,41,1,0,北日本
SHP-010296,W-15,FG-0050,2025-04-30,50,50,1,1,西日本
SHP-010297,W-23,FG-0037,2024-04-05,10,10,1,1,西日本
SHP-010298,W-21,FG-0003,2025-02-21,10,10,1,1,北日本
SHP-010299,W-19,FG-0076,2025-01-11,100,100,1,1,北日本
SHP-010300,W-01,FG-0041,2025-10-29,50,50,1,1,東日本
SHP-010301,W-09,FG-0013,2026-01-08,100,100,1,1,海外
SHP-010302,W-16,FG-0005,2024-05-24,10,10,1,1,北日本
SHP-010303,W-23,FG-0065,2025-06-26,50,50,1,1,東日本
SHP-010304,W-14,FG-0040,2024-01-14,20,20,1,1,東日本
SHP-010305,W-22,FG-0049,2025-01-04,20,20,1,1,海外
SHP-010306,W-17,FG-0027,2024-07-17,100,100,1,1,西日本
SHP-010307,W-14,FG-0066,2025-02-20,10,10,1,1,西日本
SHP-010308,W-24,FG-0034,2025-07-25,10,10,1,1,西日本
SHP-010309,W-15,FG-0007,2024-07-30,100,100,1,1,東日本
SHP-010310,W-07,FG-0062,2026-02-02,10,10,1,1,東日本
SHP-010311,W-06,FG-0020,2024-12-06,100,100,1,1,北日本
SHP-010312,W-10,FG-0054,2025-06-08,10,10,1,1,東日本
SHP-010313,W-10,FG-0033,2026-03-10,20,20,1,1,東日本
SHP-010314,W-05,FG-0049,2024-04-07,100,100,1,1,北日本
SHP-010315,W-12,FG-0022,2024-12-01,100,100,1,1,海外
SHP-010316,W-07,FG-0072,2025-09-23,20,20,1,1,北日本
SHP-010317,W-05,FG-0031,2025-06-08,20,20,1,1,東日本
SHP-010318,W-06,FG-0067,2024-07-26,100,100,1,1,北日本
SHP-010319,W-05,FG-0031,2025-01-21,100,100,1,1,海外
SHP-010320,W-23,FG-0014,2025-03-05,50,50,1,1,西日本
SHP-010321,W-17,FG-0075,2025-10-21,20,20,1,1,東日本
SHP-010322,W-21,FG-0025,2024-10-10,20,20,1,1,東日本
SHP-010323,W-12,FG-0017,2024-01-05,50,50,1,1,海外
SHP-010324,W-09,FG-0055,2025-02-11,100,100,1,1,東日本
SHP-010325,W-23,FG-0034,2025-08-30,50,50,1,1,東日本
SHP-010326,W-06,FG-0037,2024-10-07,20,20,1,1,東日本
SHP-010327,W-02,FG-0051,2026-02-28,20,20,1,1,北日本
SHP-010328,W-04,FG-0029,2025-01-08,50,50,1,1,東日本
SHP-010329,W-22,FG-0024,2024-07-16,100,100,1,1,北日本
SHP-010330,W-19,FG-0018,2025-03-13,50,50,1,1,東日本
SHP-010331,W-09,FG-0014,2025-07-20,50,41,1,0,東日本
SHP-010332,W-24,FG-0034,2025-06-25,10,10,1,1,東日本
SHP-010333,W-08,FG-0006,2024-07-24,20,20,1,1,海外
SHP-010334,W-02,FG-0011,2026-01-23,20,20,1,1,東日本
SHP-010335,W-13,FG-0063,2026-04-24,10,10,1,1,海外
SHP-010336,W-06,FG-0024,2025-01-22,20,20,1,1,東日本
SHP-010337,W-14,FG-0008,2024-11-22,10,10,0,1,西日本
SHP-010338,W-01,FG-0037,2025-07-28,20,20,1,1,北日本
SHP-010339,W-13,FG-0030,2024-08-20,50,50,1,1,東日本
SHP-010340,W-05,FG-0003,2024-11-04,100,74,0,0,東日本
SHP-010341,W-19,FG-0026,2024-04-02,50,50,1,1,西日本
SHP-010342,W-04,FG-0036,2026-03-23,50,50,1,1,西日本
SHP-010343,W-18,FG-0013,2024-12-31,10,10,1,1,海外
SHP-010344,W-18,FG-0028,2025-03-06,50,50,1,1,海外
SHP-010345,W-17,FG-0023,2024-10-08,20,20,1,1,北日本
SHP-010346,W-12,FG-0011,2024-07-17,100,100,1,1,東日本
SHP-010347,W-17,FG-0004,2024-01-17,50,50,1,1,東日本
SHP-010348,W-17,FG-0045,2025-04-19,100,100,1,1,海外
SHP-010349,W-17,FG-0012,2024-08-14,100,100,1,1,西日本
SHP-010350,W-10,FG-0019,2026-03-14,10,10,1,1,東日本
SHP-010351,W-11,FG-0029,2024-10-02,100,100,1,1,北日本
SHP-010352,W-12,FG-0079,2024-02-21,10,10,1,1,北日本
SHP-010353,W-12,FG-0014,2025-09-02,50,34,1,0,北日本
SHP-010354,W-02,FG-0068,2024-11-22,100,89,1,0,西日本
SHP-010355,W-10,FG-0038,2024-10-19,100,100,1,1,西日本
SHP-010356,W-12,FG-0016,2025-10-18,50,50,1,1,西日本
SHP-010357,W-20,FG-0003,2025-12-10,50,50,1,1,東日本
SHP-010358,W-07,FG-0001,2024-07-16,10,10,1,1,西日本
SHP-010359,W-15,FG-0039,2024-04-21,100,100,1,1,東日本
SHP-010360,W-02,FG-0051,2024-09-27,100,100,1,1,東日本
SHP-010361,W-13,FG-0080,2026-03-14,50,50,1,1,西日本
SHP-010362,W-17,FG-0053,2025-09-01,10,10,1,1,東日本
SHP-010363,W-19,FG-0048,2024-02-26,100,75,1,0,東日本
SHP-010364,W-18,FG-0012,2024-11-19,100,100,1,1,東日本
SHP-010365,W-05,FG-0020,2025-09-19,20,20,1,1,北日本
SHP-010366,W-10,FG-0063,2024-06-02,10,10,0,1,西日本
SHP-010367,W-01,FG-0072,2025-04-13,10,10,1,1,海外
SHP-010368,W-03,FG-0077,2026-01-28,20,20,1,1,東日本
SHP-010369,W-12,FG-0045,2025-08-01,10,10,1,1,西日本
SHP-010370,W-24,FG-0006,2026-02-19,100,100,0,1,海外
SHP-010371,W-14,FG-0051,2024-09-01,100,100,0,1,海外
SHP-010372,W-04,FG-0023,2024-02-10,10,10,1,1,海外
SHP-010373,W-03,FG-0037,2025-03-04,10,6,1,0,西日本
SHP-010374,W-21,FG-0004,2025-10-19,20,20,1,1,西日本
SHP-010375,W-17,FG-0003,2024-05-23,50,50,1,1,海外
SHP-010376,W-01,FG-0048,2026-02-01,10,10,1,1,海外
SHP-010377,W-13,FG-0042,2024-03-24,100,100,1,1,西日本
SHP-010378,W-20,FG-0063,2024-12-22,100,100,1,1,東日本
SHP-010379,W-20,FG-0027,2024-01-31,20,20,1,1,海外
SHP-010380,W-10,FG-0016,2025-12-23,10,10,1,1,北日本
SHP-010381,W-05,FG-0018,2024-06-29,100,100,1,1,西日本
SHP-010382,W-18,FG-0063,2026-04-25,100,100,1,1,東日本
SHP-010383,W-14,FG-0064,2024-01-11,20,20,0,1,東日本
SHP-010384,W-24,FG-0048,2025-07-24,50,50,1,1,海外
SHP-010385,W-06,FG-0019,2024-06-04,10,7,1,0,西日本
SHP-010386,W-20,FG-0060,2025-03-31,100,100,1,1,海外
SHP-010387,W-14,FG-0041,2025-07-20,10,10,1,1,北日本
SHP-010388,W-11,FG-0008,2025-06-19,50,50,1,1,西日本
SHP-010389,W-22,FG-0025,2024-06-26,50,50,1,1,西日本
SHP-010390,W-20,FG-0005,2026-01-07,10,10,1,1,東日本
SHP-010391,W-20,FG-0028,2024-03-30,50,50,1,1,海外
SHP-010392,W-18,FG-0030,2025-10-22,10,10,1,1,海外
SHP-010393,W-18,FG-0051,2025-11-11,20,20,1,1,北日本
SHP-010394,W-12,FG-0058,2026-02-06,50,50,1,1,東日本
SHP-010395,W-02,FG-0023,2025-06-07,50,50,1,1,西日本
SHP-010396,W-10,FG-0041,2026-03-15,100,100,1,1,西日本
SHP-010397,W-24,FG-0003,2024-05-25,20,20,1,1,北日本
SHP-010398,W-14,FG-0029,2024-08-06,10,10,1,1,海外
SHP-010399,W-04,FG-0039,2026-01-24,10,10,1,1,海外
SHP-010400,W-04,FG-0041,2024-06-25,10,10,0,1,海外
SHP-010401,W-21,FG-0063,2025-08-20,10,10,1,1,東日本
SHP-010402,W-23,FG-0015,2024-11-27,20,20,1,1,西日本
SHP-010403,W-21,FG-0078,2024-12-11,20,18,0,0,海外
SHP-010404,W-08,FG-0017,2025-04-07,10,10,1,1,西日本
SHP-010405,W-06,FG-0042,2024-08-29,20,20,1,1,海外
SHP-010406,W-02,FG-0009,2024-04-07,50,50,1,1,東日本
SHP-010407,W-10,FG-0046,2025-01-31,100,100,1,1,西日本
SHP-010408,W-12,FG-0074,2026-04-24,10,10,1,1,東日本
SHP-010409,W-04,FG-0011,2025-02-28,20,20,0,1,北日本
SHP-010410,W-01,FG-0049,2025-03-09,20,16,1,0,海外
SHP-010411,W-17,FG-0058,2024-12-31,20,20,1,1,西日本
SHP-010412,W-10,FG-0061,2025-10-28,100,100,1,1,北日本
SHP-010413,W-23,FG-0058,2024-06-13,50,50,1,1,西日本
SHP-010414,W-11,FG-0055,2025-09-27,20,20,1,1,海外
SHP-010415,W-12,FG-0001,2025-10-27,10,10,1,1,北日本
SHP-010416,W-19,FG-0034,2025-09-15,100,100,1,1,東日本
SHP-010417,W-07,FG-0025,2025-09-22,10,10,1,1,西日本
SHP-010418,W-13,FG-0015,2024-04-17,100,100,1,1,海外
SHP-010419,W-02,FG-0013,2024-05-04,50,50,1,1,東日本
SHP-010420,W-06,FG-0011,2025-09-30,50,50,0,1,西日本
SHP-010421,W-05,FG-0059,2024-01-04,100,100,1,1,西日本
SHP-010422,W-22,FG-0001,2024-03-21,20,20,1,1,北日本
SHP-010423,W-09,FG-0053,2025-02-21,50,50,1,1,西日本
SHP-010424,W-07,FG-0064,2026-01-22,10,10,1,1,海外
SHP-010425,W-02,FG-0072,2025-08-08,10,10,1,1,海外
SHP-010426,W-17,FG-0069,2024-10-15,50,36,1,0,海外
SHP-010427,W-18,FG-0033,2025-06-19,10,10,1,1,西日本
SHP-010428,W-13,FG-0080,2025-12-21,20,20,1,1,北日本
SHP-010429,W-07,FG-0057,2025-05-14,50,50,0,1,海外
SHP-010430,W-20,FG-0038,2024-11-05,10,10,1,1,東日本
SHP-010431,W-12,FG-0054,2024-06-13,100,100,1,1,北日本
SHP-010432,W-22,FG-0059,2025-11-23,20,18,1,0,西日本
SHP-010433,W-24,FG-0008,2024-11-03,100,100,1,1,西日本
SHP-010434,W-15,FG-0025,2024-12-23,100,100,1,1,海外
SHP-010435,W-10,FG-0001,2025-11-03,10,10,1,1,海外
SHP-010436,W-20,FG-0060,2026-02-04,10,10,1,1,海外
SHP-010437,W-15,FG-0016,2025-04-01,50,50,1,1,海外
SHP-010438,W-10,FG-0035,2026-03-28,10,10,1,1,海外
SHP-010439,W-21,FG-0019,2025-02-13,20,20,1,1,北日本
SHP-010440,W-22,FG-0074,2024-12-28,20,20,1,1,東日本
SHP-010441,W-15,FG-0080,2025-01-03,10,10,1,1,東日本
SHP-010442,W-01,FG-0036,2024-09-18,100,100,1,1,北日本
SHP-010443,W-17,FG-0025,2024-06-25,10,10,1,1,西日本
SHP-010444,W-16,FG-0062,2024-04-09,20,18,1,0,北日本
SHP-010445,W-21,FG-0072,2025-10-12,50,50,1,1,西日本
SHP-010446,W-20,FG-0080,2025-04-04,20,20,1,1,東日本
SHP-010447,W-23,FG-0042,2025-06-09,10,10,1,1,東日本
SHP-010448,W-03,FG-0074,2024-02-26,10,10,1,1,東日本
SHP-010449,W-13,FG-0048,2024-09-29,10,8,1,0,西日本
SHP-010450,W-17,FG-0056,2024-05-07,10,10,1,1,西日本
SHP-010451,W-21,FG-0050,2026-03-28,100,100,1,1,海外
SHP-010452,W-15,FG-0043,2025-12-06,10,10,1,1,北日本
SHP-010453,W-16,FG-0059,2025-10-15,10,10,1,1,東日本
SHP-010454,W-04,FG-0069,2025-07-31,50,50,1,1,北日本
SHP-010455,W-09,FG-0030,2025-11-13,20,20,1,1,北日本
SHP-010456,W-06,FG-0004,2024-05-09,100,100,1,1,海外
SHP-010457,W-19,FG-0070,2025-09-24,50,50,1,1,北日本
SHP-010458,W-21,FG-0063,2024-01-20,20,20,1,1,海外
SHP-010459,W-10,FG-0034,2025-05-19,50,50,1,1,西日本
SHP-010460,W-07,FG-0014,2025-08-06,50,50,1,1,西日本
SHP-010461,W-05,FG-0038,2024-05-18,10,10,1,1,海外
SHP-010462,W-24,FG-0019,2024-05-07,50,50,1,1,西日本
SHP-010463,W-17,FG-0020,2025-03-27,20,20,1,1,西日本
SHP-010464,W-23,FG-0072,2024-07-20,50,42,1,0,北日本
SHP-010465,W-19,FG-0030,2024-06-26,100,100,1,1,海外
SHP-010466,W-01,FG-0049,2024-05-20,100,100,1,1,北日本
SHP-010467,W-14,FG-0014,2025-03-21,10,10,1,1,東日本
SHP-010468,W-21,FG-0060,2025-09-15,20,20,1,1,北日本
SHP-010469,W-04,FG-0044,2025-03-28,10,10,1,1,東日本
SHP-010470,W-08,FG-0037,2024-07-21,20,20,1,1,東日本
SHP-010471,W-22,FG-0030,2025-05-13,10,10,1,1,北日本
SHP-010472,W-01,FG-0005,2025-06-26,10,10,0,1,東日本
SHP-010473,W-18,FG-0041,2024-01-17,10,10,0,1,西日本
SHP-010474,W-08,FG-0071,2025-08-11,100,100,1,1,海外
SHP-010475,W-03,FG-0071,2024-09-24,100,100,1,1,東日本
SHP-010476,W-08,FG-0038,2024-05-29,10,10,1,1,西日本
SHP-010477,W-18,FG-0074,2025-12-29,10,10,1,1,北日本
SHP-010478,W-21,FG-0031,2025-11-20,50,50,1,1,北日本
SHP-010479,W-10,FG-0003,2026-01-24,10,10,1,1,西日本
SHP-010480,W-18,FG-0073,2025-10-27,100,100,1,1,東日本
SHP-010481,W-06,FG-0045,2026-02-23,100,100,1,1,海外
SHP-010482,W-19,FG-0016,2025-10-11,10,10,1,1,北日本
SHP-010483,W-04,FG-0048,2024-01-06,10,10,1,1,西日本
SHP-010484,W-20,FG-0073,2024-07-08,50,50,1,1,西日本
SHP-010485,W-24,FG-0063,2024-07-29,100,100,1,1,東日本
SHP-010486,W-01,FG-0003,2025-02-10,10,10,1,1,東日本
SHP-010487,W-13,FG-0027,2026-01-02,10,10,1,1,西日本
SHP-010488,W-16,FG-0041,2024-05-05,50,50,1,1,西日本
SHP-010489,W-06,FG-0004,2025-03-12,10,10,0,1,東日本
SHP-010490,W-12,FG-0073,2024-02-23,50,50,1,1,東日本
SHP-010491,W-01,FG-0073,2025-08-23,10,10,1,1,海外
SHP-010492,W-14,FG-0003,2024-07-22,10,10,1,1,東日本
SHP-010493,W-06,FG-0009,2024-09-05,20,20,1,1,北日本
SHP-010494,W-03,FG-0043,2025-06-27,10,10,1,1,東日本
SHP-010495,W-14,FG-0072,2026-02-23,20,18,1,0,西日本
SHP-010496,W-02,FG-0001,2025-11-18,10,10,1,1,東日本
SHP-010497,W-21,FG-0011,2024-05-14,50,50,1,1,海外
SHP-010498,W-05,FG-0017,2024-06-19,100,100,1,1,東日本
SHP-010499,W-16,FG-0060,2025-10-24,50,50,1,1,東日本
SHP-010500,W-23,FG-0044,2024-08-30,50,50,0,1,北日本
SHP-001751,W-01,FG-0024,2025-08-29,100,100,1,1,北日本
SHP-001752,W-07,FG-0033,2025-06-08,50,50,1,1,海外
SHP-001753,W-20,FG-0017,2025-09-21,100,100,1,1,海外
SHP-001754,W-20,FG-0053,2025-07-03,10,10,1,1,西日本
SHP-001755,W-23,FG-0076,2026-02-27,20,20,1,1,北日本
SHP-001756,W-12,FG-0077,2025-02-26,50,50,1,1,西日本
SHP-001757,W-19,FG-0068,2025-08-31,20,20,1,1,西日本
SHP-001758,W-23,FG-0052,2026-04-15,50,50,1,1,東日本
SHP-001759,W-22,FG-0020,2024-06-04,100,64,1,0,北日本
SHP-001760,W-17,FG-0026,2024-03-23,100,81,0,0,海外
SHP-001761,W-01,FG-0065,2025-06-06,100,100,1,1,西日本
SHP-001762,W-07,FG-0002,2024-11-22,50,50,1,1,海外
SHP-001763,W-01,FG-0066,2025-04-08,10,10,1,1,東日本
SHP-001764,W-09,FG-0004,2024-09-24,100,100,1,1,北日本
SHP-001765,W-17,FG-0049,2024-02-04,10,10,1,1,東日本
SHP-001766,W-22,FG-0033,2025-03-06,20,20,1,1,海外
SHP-001767,W-22,FG-0065,2024-02-15,100,100,1,1,東日本
SHP-001768,W-08,FG-0056,2025-03-31,50,50,1,1,東日本
SHP-001769,W-16,FG-0032,2026-04-03,20,20,1,1,西日本
SHP-001770,W-20,FG-0061,2024-11-13,100,100,1,1,海外
SHP-001771,W-12,FG-0066,2024-08-10,100,100,1,1,北日本
SHP-001772,W-07,FG-0049,2026-03-06,10,10,1,1,北日本
SHP-001773,W-18,FG-0018,2025-10-29,10,10,1,1,海外
SHP-001774,W-12,FG-0002,2025-08-10,20,20,1,1,西日本
SHP-001775,W-02,FG-0044,2024-07-10,50,35,1,0,北日本
SHP-001776,W-15,FG-0025,2024-11-16,50,50,1,1,東日本
SHP-001777,W-23,FG-0004,2026-03-03,20,20,1,1,西日本
SHP-001778,W-24,FG-0047,2025-04-28,50,50,1,1,北日本
SHP-001779,W-18,FG-0047,2024-05-27,20,20,1,1,東日本
SHP-001780,W-18,FG-0030,2024-06-01,20,20,1,1,西日本
SHP-001781,W-06,FG-0035,2024-12-21,50,50,1,1,北日本
SHP-001782,W-17,FG-0016,2024-02-17,50,50,1,1,西日本
SHP-001783,W-06,FG-0056,2024-09-17,50,50,1,1,東日本
SHP-001784,W-21,FG-0019,2024-07-21,20,20,1,1,西日本
SHP-001785,W-01,FG-0079,2026-03-08,50,50,1,1,東日本
SHP-001786,W-06,FG-0007,2024-08-10,100,100,0,1,海外
SHP-001787,W-19,FG-0072,2025-03-30,10,10,1,1,西日本
SHP-001788,W-08,FG-0041,2025-02-24,20,20,1,1,海外
SHP-001789,W-18,FG-0052,2024-06-19,100,100,1,1,東日本
SHP-001790,W-02,FG-0022,2024-09-05,10,10,1,1,海外
SHP-001791,W-10,FG-0020,2024-01-17,100,100,1,1,西日本
SHP-001792,W-19,FG-0036,2025-02-15,100,100,1,1,東日本
SHP-001793,W-02,FG-0055,2025-07-21,50,50,0,1,海外
SHP-001794,W-05,FG-0033,2024-05-17,20,20,0,1,海外
SHP-001795,W-24,FG-0020,2025-12-24,50,50,1,1,北日本
SHP-001796,W-16,FG-0076,2024-08-30,10,10,1,1,東日本
SHP-001797,W-17,FG-0052,2025-05-27,100,100,1,1,海外
SHP-001798,W-12,FG-0003,2025-09-24,100,100,1,1,東日本
SHP-001799,W-20,FG-0046,2025-11-22,10,10,1,1,西日本
SHP-001800,W-11,FG-0049,2026-01-10,10,10,1,1,北日本
SHP-001801,W-08,FG-0066,2025-12-04,100,100,0,1,北日本
SHP-001802,W-22,FG-0053,2025-10-11,20,15,1,0,海外
SHP-001803,W-21,FG-0071,2026-01-28,20,20,1,1,西日本
SHP-001804,W-04,FG-0018,2025-03-17,10,10,0,1,東日本
SHP-001805,W-18,FG-0043,2024-09-03,10,7,0,0,西日本
SHP-001806,W-24,FG-0027,2026-02-13,10,10,1,1,東日本
SHP-001807,W-03,FG-0019,2024-10-15,10,10,1,1,海外
SHP-001808,W-15,FG-0041,2024-09-23,50,50,1,1,海外
SHP-001809,W-24,FG-0031,2024-01-23,20,20,1,1,東日本
SHP-001810,W-16,FG-0026,2025-08-17,10,10,1,1,東日本
SHP-001811,W-20,FG-0069,2024-01-03,20,20,1,1,西日本
SHP-001812,W-07,FG-0005,2025-03-13,20,20,0,1,東日本
SHP-001813,W-06,FG-0045,2026-01-03,50,50,1,1,北日本
SHP-001814,W-06,FG-0031,2025-11-21,10,10,1,1,東日本
SHP-001815,W-21,FG-0061,2024-01-06,10,10,1,1,東日本
SHP-001816,W-19,FG-0047,2024-02-08,100,100,1,1,西日本
SHP-001817,W-02,FG-0062,2024-07-31,50,50,1,1,東日本
SHP-001818,W-03,FG-0068,2024-03-31,10,10,1,1,西日本
SHP-001819,W-18,FG-0044,2025-04-19,50,50,1,1,海外
SHP-001820,W-06,FG-0055,2025-04-08,100,100,1,1,東日本
SHP-001821,W-03,FG-0016,2025-09-04,20,20,1,1,海外
SHP-001822,W-19,FG-0051,2025-02-05,10,10,1,1,東日本
SHP-001823,W-10,FG-0021,2024-01-26,10,9,1,0,東日本
SHP-001824,W-05,FG-0070,2026-02-21,20,20,1,1,西日本
SHP-001825,W-20,FG-0010,2024-04-11,100,100,0,1,東日本
SHP-001826,W-17,FG-0039,2025-12-29,20,20,1,1,西日本
SHP-001827,W-05,FG-0057,2024-02-12,10,6,1,0,海外
SHP-001828,W-01,FG-0052,2024-01-27,10,10,1,1,東日本
SHP-001829,W-11,FG-0015,2025-05-01,10,10,1,1,西日本
SHP-001830,W-16,FG-0073,2025-02-23,50,50,1,1,海外
SHP-001831,W-02,FG-0030,2025-11-24,50,50,1,1,海外
SHP-001832,W-09,FG-0050,2025-09-18,20,20,1,1,北日本
SHP-001833,W-18,FG-0019,2024-07-30,50,50,1,1,東日本
SHP-001834,W-21,FG-0023,2024-08-09,20,20,1,1,北日本
SHP-001835,W-22,FG-0069,2024-05-14,10,7,1,0,海外
SHP-001836,W-08,FG-0036,2024-07-28,10,10,1,1,西日本
SHP-001837,W-15,FG-0035,2025-11-19,20,20,1,1,北日本
SHP-001838,W-19,FG-0068,2025-02-28,20,20,1,1,西日本
SHP-001839,W-12,FG-0072,2024-10-18,20,20,1,1,海外
SHP-001840,W-04,FG-0052,2024-05-15,10,10,1,1,東日本
SHP-001841,W-11,FG-0070,2024-07-07,50,50,1,1,海外
SHP-001842,W-19,FG-0064,2025-08-28,50,50,1,1,西日本
SHP-001843,W-15,FG-0031,2025-12-01,100,100,1,1,西日本
SHP-001844,W-13,FG-0046,2024-02-05,50,34,0,0,西日本
SHP-001845,W-21,FG-0068,2024-08-05,50,50,1,1,北日本
SHP-001846,W-10,FG-0077,2025-05-04,100,100,1,1,海外
SHP-001847,W-01,FG-0071,2025-10-13,100,100,1,1,西日本
SHP-001848,W-23,FG-0072,2025-03-23,20,20,1,1,北日本
SHP-001849,W-16,FG-0057,2024-10-10,100,100,1,1,東日本
SHP-001850,W-03,FG-0005,2024-06-21,10,10,1,1,北日本
SHP-001851,W-09,FG-0037,2025-05-27,10,10,1,1,西日本
SHP-001852,W-04,FG-0079,2025-03-16,100,100,1,1,北日本
SHP-001853,W-10,FG-0069,2026-04-01,100,100,1,1,北日本
SHP-001854,W-06,FG-0017,2024-05-02,100,100,0,1,西日本
SHP-001855,W-02,FG-0009,2024-11-18,50,50,1,1,東日本
SHP-001856,W-22,FG-0040,2026-01-22,100,100,0,1,東日本
SHP-001857,W-23,FG-0070,2025-01-13,100,100,1,1,海外
SHP-001858,W-07,FG-0056,2025-07-23,100,100,1,1,北日本
SHP-001859,W-08,FG-0033,2025-06-28,100,100,1,1,東日本
SHP-001860,W-07,FG-0025,2024-12-31,50,50,1,1,西日本
SHP-001861,W-19,FG-0019,2025-11-07,50,50,0,1,東日本
SHP-001862,W-01,FG-0024,2025-03-01,100,100,1,1,海外
SHP-001863,W-23,FG-0006,2026-02-09,100,100,1,1,西日本
SHP-001864,W-17,FG-0064,2024-05-13,10,10,1,1,西日本
SHP-001865,W-09,FG-0040,2025-11-04,100,100,0,1,西日本
SHP-001866,W-06,FG-0075,2025-11-02,20,20,1,1,北日本
SHP-001867,W-05,FG-0029,2024-12-17,100,100,1,1,西日本
SHP-001868,W-14,FG-0041,2024-01-20,50,50,1,1,海外
SHP-001869,W-20,FG-0030,2026-03-06,50,50,1,1,北日本
SHP-001870,W-01,FG-0035,2025-03-13,10,10,1,1,西日本
SHP-001871,W-21,FG-0074,2025-10-22,100,100,0,1,海外
SHP-001872,W-08,FG-0034,2024-08-15,10,10,0,1,海外
SHP-001873,W-06,FG-0016,2025-05-11,20,20,1,1,北日本
SHP-001874,W-08,FG-0041,2024-04-17,20,20,1,1,北日本
SHP-001875,W-14,FG-0060,2024-07-09,50,50,1,1,東日本
SHP-001876,W-06,FG-0050,2026-03-04,100,100,1,1,東日本
SHP-001877,W-11,FG-0056,2024-12-08,10,10,0,1,西日本
SHP-001878,W-18,FG-0048,2024-02-05,20,13,1,0,海外
SHP-001879,W-21,FG-0020,2026-04-15,20,20,1,1,北日本
SHP-001880,W-02,FG-0045,2026-04-28,50,42,1,0,海外
SHP-001881,W-15,FG-0072,2024-05-02,50,50,1,1,海外
SHP-001882,W-18,FG-0024,2025-08-27,100,100,1,1,海外
SHP-001883,W-02,FG-0017,2025-12-29,50,50,1,1,海外
SHP-001884,W-10,FG-0073,2025-07-03,20,13,1,0,東日本
SHP-001885,W-17,FG-0062,2025-09-29,50,50,1,1,西日本
SHP-001886,W-14,FG-0035,2026-03-30,20,20,0,1,海外
SHP-001887,W-01,FG-0010,2024-03-26,10,10,1,1,北日本
SHP-001888,W-22,FG-0033,2025-05-20,100,100,1,1,西日本
SHP-001889,W-24,FG-0061,2025-10-17,20,20,1,1,東日本
SHP-001890,W-12,FG-0077,2025-08-31,100,100,1,1,東日本
SHP-001891,W-16,FG-0012,2026-01-31,20,20,1,1,西日本
SHP-001892,W-14,FG-0057,2025-08-26,20,20,1,1,西日本
SHP-001893,W-14,FG-0046,2025-10-11,10,8,1,0,東日本
SHP-001894,W-07,FG-0009,2025-06-07,50,50,1,1,海外
SHP-001895,W-22,FG-0020,2026-04-10,100,100,1,1,東日本
SHP-001896,W-04,FG-0024,2025-09-07,50,50,1,1,海外
SHP-001897,W-24,FG-0026,2025-02-21,20,20,1,1,北日本
SHP-001898,W-01,FG-0057,2025-05-30,50,50,1,1,北日本
SHP-001899,W-24,FG-0058,2025-01-03,100,100,1,1,西日本
SHP-001900,W-03,FG-0040,2025-07-24,20,20,1,1,北日本
SHP-001901,W-05,FG-0008,2024-08-15,20,20,0,1,海外
SHP-001902,W-13,FG-0031,2024-09-14,50,50,1,1,海外
SHP-001903,W-17,FG-0003,2025-10-17,10,10,1,1,北日本
SHP-001904,W-16,FG-0069,2026-04-20,100,100,1,1,海外
SHP-001905,W-21,FG-0076,2024-07-21,20,20,1,1,海外
SHP-001906,W-23,FG-0067,2024-03-29,100,100,1,1,東日本
SHP-001907,W-24,FG-0025,2024-11-08,20,20,1,1,北日本
SHP-001908,W-24,FG-0056,2025-04-12,100,79,1,0,北日本
SHP-001909,W-15,FG-0019,2024-06-13,50,50,1,1,海外
SHP-001910,W-20,FG-0023,2026-04-09,20,13,1,0,東日本
SHP-001911,W-23,FG-0005,2024-10-14,10,10,1,1,西日本
SHP-001912,W-01,FG-0002,2024-09-01,50,50,1,1,北日本
SHP-001913,W-03,FG-0052,2025-04-23,100,100,1,1,西日本
SHP-001914,W-11,FG-0034,2024-03-29,20,18,1,0,西日本
SHP-001915,W-19,FG-0014,2025-11-30,100,100,1,1,東日本
SHP-001916,W-22,FG-0060,2024-10-12,50,50,1,1,海外
SHP-001917,W-17,FG-0064,2024-02-29,100,100,1,1,北日本
SHP-001918,W-17,FG-0040,2026-04-27,10,10,1,1,西日本
SHP-001919,W-12,FG-0005,2026-04-08,10,10,1,1,西日本
SHP-001920,W-08,FG-0013,2025-08-01,100,100,1,1,海外
SHP-001921,W-06,FG-0016,2024-07-18,20,20,1,1,西日本
SHP-001922,W-17,FG-0080,2024-10-07,100,100,1,1,東日本
SHP-001923,W-23,FG-0056,2024-10-28,10,10,1,1,海外
SHP-001924,W-10,FG-0064,2026-01-10,100,100,1,1,西日本
SHP-001925,W-23,FG-0079,2025-07-14,10,10,1,1,西日本
SHP-001926,W-09,FG-0035,2025-09-12,50,50,1,1,北日本
SHP-001927,W-18,FG-0029,2026-04-10,10,10,1,1,北日本
SHP-001928,W-23,FG-0007,2025-04-18,50,50,1,1,北日本
SHP-001929,W-20,FG-0021,2024-04-15,50,50,1,1,西日本
SHP-001930,W-09,FG-0018,2026-02-09,10,10,1,1,東日本
SHP-001931,W-08,FG-0046,2024-02-15,20,20,1,1,北日本
SHP-001932,W-02,FG-0019,2026-04-28,100,100,1,1,北日本
SHP-001933,W-18,FG-0033,2025-07-22,50,50,1,1,西日本
SHP-001934,W-24,FG-0048,2024-05-30,50,50,1,1,東日本
SHP-001935,W-13,FG-0071,2024-06-25,50,50,1,1,北日本
SHP-001936,W-08,FG-0017,2024-08-16,50,50,1,1,東日本
SHP-001937,W-06,FG-0008,2024-06-05,20,20,1,1,西日本
SHP-001938,W-04,FG-0033,2024-05-07,10,10,1,1,北日本
SHP-001939,W-24,FG-0005,2024-05-02,20,20,1,1,海外
SHP-001940,W-06,FG-0058,2024-09-08,50,50,1,1,東日本
SHP-001941,W-12,FG-0004,2024-03-03,100,100,1,1,海外
SHP-001942,W-13,FG-0010,2025-05-06,20,20,1,1,北日本
SHP-001943,W-02,FG-0031,2025-07-01,20,20,1,1,東日本
SHP-001944,W-22,FG-0016,2025-03-13,100,100,1,1,北日本
SHP-001945,W-23,FG-0059,2026-04-09,100,100,1,1,東日本
SHP-001946,W-13,FG-0017,2026-04-26,20,20,1,1,海外
SHP-001947,W-08,FG-0057,2025-06-07,50,44,1,0,西日本
SHP-001948,W-01,FG-0030,2024-11-08,20,20,1,1,西日本
SHP-001949,W-12,FG-0069,2024-06-14,10,10,0,1,北日本
SHP-001950,W-12,FG-0027,2025-12-25,100,100,1,1,東日本
SHP-001951,W-19,FG-0075,2024-04-14,50,50,1,1,海外
SHP-001952,W-17,FG-0053,2025-09-13,50,50,1,1,海外
SHP-001953,W-15,FG-0019,2024-05-17,20,20,1,1,海外
SHP-001954,W-12,FG-0024,2025-09-28,100,100,1,1,北日本
SHP-001955,W-06,FG-0022,2024-01-06,50,50,1,1,東日本
SHP-001956,W-02,FG-0019,2024-10-28,100,100,1,1,西日本
SHP-001957,W-11,FG-0065,2024-12-19,50,50,1,1,海外
SHP-001958,W-24,FG-0032,2024-06-18,100,100,1,1,北日本
SHP-001959,W-06,FG-0044,2025-08-09,20,13,1,0,海外
SHP-001960,W-14,FG-0043,2026-02-19,20,12,1,0,西日本
SHP-001961,W-03,FG-0032,2024-04-07,10,10,1,1,西日本
SHP-001962,W-03,FG-0023,2024-01-24,100,100,1,1,北日本
SHP-001963,W-12,FG-0003,2025-10-09,20,20,0,1,西日本
SHP-001964,W-01,FG-0062,2024-07-13,20,20,1,1,海外
SHP-001965,W-08,FG-0064,2025-07-03,10,7,0,0,海外
SHP-001966,W-20,FG-0080,2025-03-15,100,100,1,1,海外
SHP-001967,W-08,FG-0080,2026-04-07,10,10,1,1,海外
SHP-001968,W-09,FG-0062,2024-04-02,100,100,1,1,北日本
SHP-001969,W-17,FG-0077,2025-03-01,20,20,1,1,北日本
SHP-001970,W-07,FG-0022,2025-04-26,100,100,1,1,北日本
SHP-001971,W-12,FG-0069,2025-04-20,10,6,1,0,海外
SHP-001972,W-16,FG-0038,2025-06-22,50,50,1,1,西日本
SHP-001973,W-02,FG-0017,2024-02-22,100,100,1,1,海外
SHP-001974,W-11,FG-0002,2025-08-15,100,100,1,1,東日本
SHP-001975,W-01,FG-0034,2025-01-02,50,50,1,1,西日本
SHP-001976,W-24,FG-0036,2026-02-27,50,50,1,1,西日本
SHP-001977,W-13,FG-0014,2024-12-06,10,10,1,1,東日本
SHP-001978,W-09,FG-0035,2024-07-19,100,100,1,1,北日本
SHP-001979,W-04,FG-0065,2024-05-24,10,10,1,1,西日本
SHP-001980,W-08,FG-0074,2024-07-02,20,20,1,1,東日本
SHP-001981,W-19,FG-0071,2025-10-06,50,50,1,1,東日本
SHP-001982,W-04,FG-0055,2024-08-11,100,100,1,1,西日本
SHP-001983,W-23,FG-0064,2025-04-16,10,10,1,1,西日本
SHP-001984,W-14,FG-0004,2025-11-04,50,50,1,1,西日本
SHP-001985,W-06,FG-0050,2025-12-13,100,100,1,1,北日本
SHP-001986,W-24,FG-0001,2025-07-13,50,50,1,1,北日本
SHP-001987,W-22,FG-0025,2024-04-14,10,10,0,1,西日本
SHP-001988,W-20,FG-0059,2024-06-22,10,10,1,1,西日本
SHP-001989,W-03,FG-0033,2025-02-27,50,50,0,1,海外
SHP-001990,W-11,FG-0053,2025-01-17,10,10,1,1,海外
SHP-001991,W-12,FG-0043,2025-01-03,50,50,1,1,西日本
SHP-001992,W-21,FG-0014,2024-09-01,100,100,1,1,東日本
SHP-001993,W-14,FG-0075,2024-05-17,10,10,1,1,北日本
SHP-001994,W-24,FG-0044,2024-08-20,50,50,1,1,西日本
SHP-001995,W-16,FG-0014,2025-04-29,100,100,1,1,北日本
SHP-001996,W-22,FG-0018,2024-05-27,20,20,1,1,西日本
SHP-001997,W-13,FG-0045,2024-09-01,10,10,1,1,西日本
SHP-001998,W-03,FG-0066,2024-08-23,10,10,1,1,西日本
SHP-001999,W-11,FG-0040,2024-09-13,50,50,1,1,北日本
SHP-002000,W-07,FG-0001,2024-06-24,20,20,1,1,東日本
SHP-002001,W-02,FG-0059,2024-03-07,50,50,1,1,海外
SHP-002002,W-21,FG-0043,2026-03-06,50,50,1,1,海外
SHP-002003,W-13,FG-0008,2024-03-28,50,50,1,1,北日本
SHP-002004,W-06,FG-0029,2026-04-14,50,50,1,1,海外
SHP-002005,W-10,FG-0007,2024-07-27,20,20,1,1,海外
SHP-002006,W-21,FG-0035,2024-02-21,10,10,1,1,北日本
SHP-002007,W-17,FG-0037,2025-07-28,50,50,1,1,西日本
SHP-002008,W-04,FG-0077,2025-06-17,10,10,1,1,東日本
SHP-002009,W-22,FG-0075,2024-12-19,50,50,1,1,海外
SHP-002010,W-04,FG-0010,2025-10-26,100,100,1,1,西日本
SHP-002011,W-10,FG-0040,2026-02-04,20,12,1,0,北日本
SHP-002012,W-13,FG-0036,2024-11-02,10,10,1,1,海外
SHP-002013,W-01,FG-0071,2025-01-11,100,100,1,1,海外
SHP-002014,W-08,FG-0039,2025-08-16,10,10,1,1,北日本
SHP-002015,W-02,FG-0032,2026-03-08,10,10,1,1,東日本
SHP-002016,W-17,FG-0075,2024-06-17,50,39,1,0,西日本
SHP-002017,W-10,FG-0039,2025-07-29,10,8,1,0,西日本
SHP-002018,W-11,FG-0056,2025-04-07,50,50,1,1,東日本
SHP-002019,W-18,FG-0067,2025-07-09,10,10,1,1,西日本
SHP-002020,W-22,FG-0005,2025-02-18,20,18,0,0,西日本
SHP-002021,W-13,FG-0044,2026-02-21,10,10,0,1,北日本
SHP-002022,W-21,FG-0004,2025-12-15,50,50,1,1,北日本
SHP-002023,W-05,FG-0042,2024-04-17,10,10,1,1,北日本
SHP-002024,W-19,FG-0008,2024-05-27,10,10,1,1,東日本
SHP-002025,W-16,FG-0023,2024-03-01,100,100,1,1,西日本
SHP-002026,W-16,FG-0042,2025-08-16,50,50,1,1,北日本
SHP-002027,W-23,FG-0026,2025-12-03,20,20,1,1,西日本
SHP-002028,W-04,FG-0072,2025-12-31,100,100,1,1,北日本
SHP-002029,W-01,FG-0009,2024-09-06,20,20,1,1,北日本
SHP-002030,W-02,FG-0049,2024-05-08,100,100,1,1,北日本
SHP-002031,W-03,FG-0043,2024-01-03,50,50,1,1,北日本
SHP-002032,W-13,FG-0063,2024-09-20,20,20,1,1,西日本
SHP-002033,W-14,FG-0006,2024-10-26,100,100,1,1,東日本
SHP-002034,W-02,FG-0048,2026-01-18,50,50,0,1,東日本
SHP-002035,W-17,FG-0017,2024-06-29,100,100,1,1,北日本
SHP-002036,W-02,FG-0019,2024-02-03,50,50,1,1,海外
SHP-002037,W-07,FG-0049,2025-02-21,100,100,1,1,西日本
SHP-002038,W-14,FG-0051,2025-10-22,50,50,1,1,西日本
SHP-002039,W-07,FG-0033,2025-03-25,20,20,1,1,東日本
SHP-002040,W-01,FG-0052,2024-11-29,100,100,1,1,海外
SHP-002041,W-17,FG-0006,2024-05-17,100,100,1,1,西日本
SHP-002042,W-21,FG-0067,2024-04-23,20,20,1,1,西日本
SHP-002043,W-08,FG-0036,2026-01-16,100,100,1,1,海外
SHP-002044,W-06,FG-0053,2025-04-23,50,44,1,0,東日本
SHP-002045,W-22,FG-0003,2024-09-10,50,50,1,1,西日本
SHP-002046,W-11,FG-0018,2024-10-02,20,20,1,1,海外
SHP-002047,W-03,FG-0006,2024-07-22,50,50,1,1,海外
SHP-002048,W-10,FG-0015,2025-04-22,20,18,1,0,西日本
SHP-002049,W-19,FG-0048,2025-06-20,100,100,0,1,西日本
SHP-002050,W-23,FG-0072,2025-08-13,20,20,1,1,海外
SHP-002051,W-18,FG-0039,2025-12-12,100,100,1,1,海外
SHP-002052,W-22,FG-0002,2024-04-23,10,10,1,1,北日本
SHP-002053,W-18,FG-0077,2024-05-02,100,100,1,1,海外
SHP-002054,W-07,FG-0055,2025-11-24,50,50,1,1,北日本
SHP-002055,W-09,FG-0020,2025-04-27,20,20,1,1,海外
SHP-002056,W-23,FG-0073,2025-12-22,10,10,1,1,西日本
SHP-002057,W-03,FG-0024,2025-11-22,50,50,1,1,西日本
SHP-002058,W-07,FG-0035,2025-06-03,100,100,1,1,東日本
SHP-002059,W-19,FG-0050,2024-01-12,50,50,1,1,海外
SHP-002060,W-13,FG-0065,2024-03-11,50,50,1,1,西日本
SHP-002061,W-11,FG-0025,2024-07-24,100,100,1,1,東日本
SHP-002062,W-09,FG-0064,2025-12-23,100,100,1,1,西日本
SHP-002063,W-01,FG-0072,2024-06-29,10,10,1,1,北日本
SHP-002064,W-20,FG-0039,2024-09-13,20,18,1,0,北日本
SHP-002065,W-13,FG-0065,2024-11-26,50,50,1,1,東日本
SHP-002066,W-12,FG-0020,2024-08-28,20,20,1,1,東日本
SHP-002067,W-14,FG-0070,2026-03-10,20,20,1,1,西日本
SHP-002068,W-23,FG-0044,2025-03-04,20,20,1,1,東日本
SHP-002069,W-19,FG-0040,2026-04-03,20,20,1,1,北日本
SHP-002070,W-24,FG-0028,2025-09-19,10,10,1,1,東日本
SHP-002071,W-11,FG-0041,2025-01-07,50,50,1,1,北日本
SHP-002072,W-21,FG-0038,2026-02-11,50,50,1,1,東日本
SHP-002073,W-16,FG-0046,2025-03-04,50,50,1,1,北日本
SHP-002074,W-18,FG-0005,2024-11-30,50,50,1,1,海外
SHP-002075,W-12,FG-0021,2024-04-04,10,10,1,1,東日本
SHP-002076,W-15,FG-0044,2026-02-24,50,50,1,1,西日本
SHP-002077,W-15,FG-0003,2025-06-02,10,10,1,1,東日本
SHP-002078,W-20,FG-0026,2025-02-14,20,20,1,1,海外
SHP-002079,W-09,FG-0058,2025-05-21,100,100,1,1,海外
SHP-002080,W-04,FG-0076,2026-01-02,50,50,0,1,海外
SHP-002081,W-22,FG-0005,2026-03-29,10,10,1,1,北日本
SHP-002082,W-13,FG-0019,2026-02-19,10,10,1,1,西日本
SHP-002083,W-18,FG-0002,2024-04-04,100,100,1,1,北日本
SHP-002084,W-21,FG-0022,2025-11-07,10,10,0,1,西日本
SHP-002085,W-07,FG-0048,2024-09-18,10,10,1,1,東日本
SHP-002086,W-10,FG-0003,2024-07-13,20,20,1,1,北日本
SHP-002087,W-08,FG-0077,2024-12-15,10,10,1,1,海外
SHP-002088,W-23,FG-0062,2024-06-01,50,50,1,1,西日本
SHP-002089,W-09,FG-0066,2024-08-09,100,100,1,1,北日本
SHP-002090,W-09,FG-0033,2024-03-21,100,100,1,1,東日本
SHP-002091,W-03,FG-0036,2026-03-27,20,20,1,1,東日本
SHP-002092,W-05,FG-0025,2025-05-14,10,10,1,1,西日本
SHP-002093,W-16,FG-0068,2024-11-23,100,100,0,1,海外
SHP-002094,W-22,FG-0016,2026-03-28,100,100,1,1,海外
SHP-002095,W-13,FG-0023,2025-11-13,10,10,1,1,西日本
SHP-002096,W-07,FG-0014,2024-05-06,50,50,1,1,海外
SHP-002097,W-21,FG-0048,2024-01-30,50,50,1,1,海外
SHP-002098,W-18,FG-0007,2025-07-21,10,10,1,1,北日本
SHP-002099,W-15,FG-0018,2024-01-14,100,100,1,1,北日本
SHP-002100,W-19,FG-0011,2024-12-31,10,10,1,1,北日本
SHP-002101,W-16,FG-0073,2024-07-25,50,50,1,1,北日本
SHP-002102,W-02,FG-0018,2024-07-21,20,20,1,1,海外
SHP-002103,W-03,FG-0051,2024-05-23,100,100,1,1,海外
SHP-002104,W-06,FG-0058,2024-04-01,50,50,1,1,東日本
SHP-002105,W-15,FG-0005,2026-02-21,20,20,1,1,東日本
SHP-002106,W-17,FG-0009,2024-08-26,100,92,1,0,北日本
SHP-002107,W-22,FG-0050,2025-05-27,10,10,1,1,海外
SHP-002108,W-05,FG-0035,2025-07-28,20,20,1,1,北日本
SHP-002109,W-10,FG-0063,2025-12-20,10,10,1,1,海外
SHP-002110,W-20,FG-0042,2024-06-05,20,20,1,1,北日本
SHP-002111,W-05,FG-0055,2025-09-15,50,50,1,1,海外
SHP-002112,W-21,FG-0012,2025-11-11,20,20,0,1,北日本
SHP-002113,W-04,FG-0003,2024-06-28,100,100,1,1,西日本
SHP-002114,W-14,FG-0069,2025-07-19,50,50,1,1,北日本
SHP-002115,W-12,FG-0054,2024-03-26,10,10,1,1,西日本
SHP-002116,W-18,FG-0014,2025-10-20,20,20,1,1,北日本
SHP-002117,W-18,FG-0002,2025-11-18,20,20,1,1,北日本
SHP-002118,W-01,FG-0078,2024-09-25,50,50,1,1,海外
SHP-002119,W-04,FG-0046,2025-09-17,100,100,1,1,西日本
SHP-002120,W-17,FG-0067,2025-12-18,100,100,1,1,東日本
SHP-002121,W-16,FG-0074,2026-03-25,10,10,1,1,海外
SHP-002122,W-15,FG-0033,2025-07-13,100,100,1,1,西日本
SHP-002123,W-01,FG-0002,2025-12-07,20,20,1,1,東日本
SHP-002124,W-04,FG-0047,2025-02-14,10,10,1,1,西日本
SHP-002125,W-14,FG-0028,2024-11-05,100,100,1,1,北日本
SHP-002126,W-13,FG-0010,2025-01-15,10,10,0,1,海外
SHP-002127,W-12,FG-0023,2025-03-07,20,20,1,1,海外
SHP-002128,W-08,FG-0009,2025-08-06,100,100,1,1,北日本
SHP-002129,W-05,FG-0046,2024-06-24,100,100,1,1,海外
SHP-002130,W-14,FG-0072,2025-01-10,100,90,1,0,北日本
SHP-002131,W-12,FG-0010,2026-04-05,10,10,1,1,北日本
SHP-002132,W-19,FG-0047,2025-06-15,20,20,1,1,北日本
SHP-002133,W-17,FG-0031,2024-04-11,50,50,1,1,海外
SHP-002134,W-07,FG-0052,2024-05-17,10,10,1,1,東日本
SHP-002135,W-04,FG-0080,2025-11-13,10,10,1,1,海外
SHP-002136,W-24,FG-0036,2025-07-10,100,100,1,1,東日本
SHP-002137,W-07,FG-0052,2025-04-17,100,72,1,0,西日本
SHP-002138,W-14,FG-0073,2024-04-12,20,20,1,1,東日本
SHP-002139,W-16,FG-0074,2024-03-04,100,77,0,0,西日本
SHP-002140,W-10,FG-0058,2024-01-04,50,50,1,1,西日本
SHP-002141,W-01,FG-0018,2025-12-07,10,10,0,1,西日本
SHP-002142,W-07,FG-0044,2025-11-21,50,50,1,1,西日本
SHP-002143,W-11,FG-0026,2024-12-12,100,100,1,1,北日本
SHP-002144,W-05,FG-0035,2024-03-20,50,50,1,1,東日本
SHP-002145,W-20,FG-0016,2025-06-06,50,50,1,1,東日本
SHP-002146,W-12,FG-0023,2025-09-17,20,20,1,1,西日本
SHP-002147,W-12,FG-0033,2024-12-04,100,100,1,1,海外
SHP-002148,W-09,FG-0045,2025-03-20,50,50,1,1,海外
SHP-002149,W-12,FG-0011,2024-11-01,50,50,1,1,東日本
SHP-002150,W-14,FG-0029,2025-12-30,100,69,1,0,西日本
SHP-002151,W-04,FG-0032,2025-07-14,20,20,1,1,東日本
SHP-002152,W-22,FG-0032,2024-07-15,100,100,1,1,西日本
SHP-002153,W-15,FG-0004,2026-03-20,100,100,1,1,西日本
SHP-002154,W-03,FG-0026,2024-03-18,50,50,0,1,東日本
SHP-002155,W-18,FG-0064,2024-05-27,20,20,1,1,西日本
SHP-002156,W-08,FG-0052,2026-02-19,50,50,1,1,北日本
SHP-002157,W-12,FG-0074,2024-03-13,10,10,1,1,北日本
SHP-002158,W-02,FG-0020,2024-08-23,20,20,1,1,東日本
SHP-002159,W-17,FG-0026,2025-05-04,100,100,1,1,西日本
SHP-002160,W-16,FG-0059,2025-09-25,50,43,1,0,西日本
SHP-002161,W-03,FG-0032,2025-10-04,100,100,1,1,東日本
SHP-002162,W-16,FG-0074,2026-04-12,100,100,1,1,海外
SHP-002163,W-05,FG-0068,2024-08-31,10,10,1,1,北日本
SHP-002164,W-17,FG-0059,2025-03-02,20,20,1,1,東日本
SHP-002165,W-13,FG-0065,2025-05-13,100,100,1,1,東日本
SHP-002166,W-19,FG-0036,2024-05-11,100,100,1,1,西日本
SHP-002167,W-23,FG-0042,2025-04-09,10,10,1,1,東日本
SHP-002168,W-23,FG-0034,2026-01-01,100,100,1,1,北日本
SHP-002169,W-12,FG-0074,2025-07-08,100,100,1,1,西日本
SHP-002170,W-24,FG-0025,2025-02-24,50,50,1,1,北日本
SHP-002171,W-15,FG-0025,2024-02-03,10,10,1,1,北日本
SHP-002172,W-11,FG-0066,2025-06-20,100,100,1,1,西日本
SHP-002173,W-17,FG-0074,2025-02-06,100,100,1,1,東日本
SHP-002174,W-15,FG-0008,2024-12-04,10,10,1,1,西日本
SHP-002175,W-24,FG-0024,2025-02-02,20,20,1,1,西日本
SHP-002176,W-16,FG-0067,2024-02-04,100,100,1,1,西日本
SHP-002177,W-02,FG-0005,2024-06-11,50,50,1,1,海外
SHP-002178,W-14,FG-0030,2025-04-29,100,100,1,1,西日本
SHP-002179,W-02,FG-0020,2025-06-25,10,10,1,1,西日本
SHP-002180,W-07,FG-0068,2024-12-20,10,10,1,1,北日本
SHP-002181,W-10,FG-0029,2025-10-28,10,10,1,1,北日本
SHP-002182,W-22,FG-0038,2025-04-28,20,20,1,1,北日本
SHP-002183,W-04,FG-0058,2025-04-18,50,50,1,1,海外
SHP-002184,W-05,FG-0069,2024-05-07,50,50,1,1,北日本
SHP-002185,W-24,FG-0001,2026-01-07,50,46,0,0,東日本
SHP-002186,W-10,FG-0023,2026-03-16,20,20,0,1,海外
SHP-002187,W-20,FG-0023,2025-10-31,20,20,1,1,東日本
SHP-002188,W-19,FG-0069,2024-10-30,100,100,1,1,西日本
SHP-002189,W-20,FG-0020,2024-02-06,100,100,1,1,海外
SHP-002190,W-14,FG-0036,2025-04-17,50,50,1,1,西日本
SHP-002191,W-24,FG-0042,2026-03-04,10,10,1,1,東日本
SHP-002192,W-16,FG-0036,2024-10-06,100,100,1,1,東日本
SHP-002193,W-02,FG-0024,2024-01-26,10,10,1,1,東日本
SHP-002194,W-24,FG-0014,2025-03-10,100,100,1,1,西日本
SHP-002195,W-12,FG-0053,2025-06-10,100,100,1,1,東日本
SHP-002196,W-06,FG-0045,2024-10-19,50,50,1,1,北日本
SHP-002197,W-17,FG-0038,2025-01-11,10,10,1,1,海外
SHP-002198,W-05,FG-0016,2024-11-30,100,100,1,1,東日本
SHP-002199,W-16,FG-0011,2024-09-21,10,6,1,0,東日本
SHP-002200,W-19,FG-0049,2024-05-07,100,100,1,1,海外
SHP-002201,W-10,FG-0057,2024-01-05,20,20,1,1,海外
SHP-002202,W-02,FG-0046,2026-01-07,50,50,0,1,東日本
SHP-002203,W-12,FG-0076,2024-11-29,20,18,0,0,東日本
SHP-002204,W-03,FG-0035,2025-04-14,20,20,1,1,東日本
SHP-002205,W-11,FG-0050,2025-10-30,20,20,1,1,東日本
SHP-002206,W-15,FG-0007,2026-02-28,100,100,1,1,北日本
SHP-002207,W-02,FG-0054,2024-02-27,100,100,1,1,北日本
SHP-002208,W-12,FG-0049,2026-01-08,50,50,1,1,北日本
SHP-002209,W-19,FG-0034,2024-11-07,100,100,1,1,西日本
SHP-002210,W-06,FG-0031,2025-06-11,20,16,1,0,海外
SHP-002211,W-03,FG-0057,2026-04-18,10,10,1,1,海外
SHP-002212,W-15,FG-0021,2024-05-25,20,20,1,1,北日本
SHP-002213,W-09,FG-0066,2025-12-31,50,50,1,1,海外
SHP-002214,W-04,FG-0040,2025-02-17,20,20,1,1,西日本
SHP-002215,W-20,FG-0028,2025-08-16,100,87,1,0,東日本
SHP-002216,W-06,FG-0022,2026-02-28,100,100,1,1,東日本
SHP-002217,W-18,FG-0023,2024-02-26,100,100,1,1,海外
SHP-002218,W-24,FG-0011,2024-09-28,50,50,0,1,海外
SHP-002219,W-18,FG-0067,2025-09-11,10,10,1,1,西日本
SHP-002220,W-06,FG-0022,2024-10-02,20,20,1,1,西日本
SHP-002221,W-01,FG-0071,2024-10-10,50,50,1,1,西日本
SHP-002222,W-10,FG-0028,2024-05-15,50,50,1,1,海外
SHP-002223,W-22,FG-0046,2025-11-20,100,100,1,1,西日本
SHP-002224,W-03,FG-0018,2025-01-29,10,10,1,1,北日本
SHP-002225,W-21,FG-0005,2025-02-27,10,10,1,1,海外
SHP-002226,W-19,FG-0040,2024-04-21,50,50,1,1,海外
SHP-002227,W-12,FG-0066,2024-06-27,20,20,1,1,北日本
SHP-002228,W-05,FG-0067,2025-11-08,50,50,1,1,西日本
SHP-002229,W-05,FG-0029,2025-11-06,50,50,1,1,西日本
SHP-002230,W-12,FG-0038,2026-01-03,20,20,1,1,北日本
SHP-002231,W-16,FG-0078,2024-03-26,100,100,0,1,海外
SHP-002232,W-07,FG-0026,2024-03-16,50,50,1,1,西日本
SHP-002233,W-17,FG-0041,2025-06-24,100,100,1,1,西日本
SHP-002234,W-13,FG-0014,2025-09-09,100,100,0,1,東日本
SHP-002235,W-20,FG-0066,2024-07-25,10,8,1,0,北日本
SHP-002236,W-13,FG-0035,2024-11-24,50,50,1,1,海外
SHP-002237,W-15,FG-0045,2024-02-01,20,20,1,1,西日本
SHP-002238,W-05,FG-0033,2024-10-01,100,100,1,1,海外
SHP-002239,W-11,FG-0030,2024-09-11,50,50,0,1,北日本
SHP-002240,W-22,FG-0043,2024-04-15,50,50,1,1,東日本
SHP-002241,W-17,FG-0076,2025-12-20,100,100,1,1,東日本
SHP-002242,W-02,FG-0062,2025-04-14,10,10,1,1,海外
SHP-002243,W-19,FG-0008,2025-07-22,100,100,1,1,東日本
SHP-002244,W-17,FG-0079,2024-12-05,50,50,1,1,西日本
SHP-002245,W-08,FG-0054,2024-07-12,10,10,1,1,西日本
SHP-002246,W-20,FG-0009,2026-03-12,50,50,1,1,北日本
SHP-002247,W-24,FG-0077,2026-03-23,10,10,1,1,北日本
SHP-002248,W-24,FG-0021,2025-08-30,50,50,1,1,海外
SHP-002249,W-21,FG-0076,2025-03-16,50,50,1,1,西日本
SHP-002250,W-17,FG-0054,2025-01-26,50,50,0,1,北日本
SHP-002251,W-19,FG-0008,2025-03-17,50,50,1,1,海外
SHP-002252,W-05,FG-0080,2024-05-12,20,20,0,1,西日本
SHP-002253,W-24,FG-0040,2024-07-16,10,10,1,1,海外
SHP-002254,W-09,FG-0075,2024-08-17,20,20,1,1,西日本
SHP-002255,W-09,FG-0021,2025-04-23,10,6,1,0,西日本
SHP-002256,W-24,FG-0026,2025-04-21,50,50,1,1,海外
SHP-002257,W-10,FG-0077,2026-01-20,100,100,1,1,西日本
SHP-002258,W-07,FG-0003,2025-05-15,10,10,1,1,海外
SHP-002259,W-06,FG-0003,2024-12-20,20,15,1,0,海外
SHP-002260,W-02,FG-0051,2024-12-07,50,50,1,1,西日本
SHP-002261,W-01,FG-0014,2024-10-22,10,10,1,1,西日本
SHP-002262,W-09,FG-0034,2024-07-10,10,10,1,1,西日本
SHP-002263,W-19,FG-0001,2024-07-28,10,10,1,1,海外
SHP-002264,W-16,FG-0038,2024-08-15,50,50,1,1,西日本
SHP-002265,W-21,FG-0001,2025-08-29,20,20,1,1,北日本
SHP-002266,W-16,FG-0069,2024-07-20,50,50,1,1,北日本
SHP-002267,W-22,FG-0052,2025-06-04,100,81,0,0,海外
SHP-002268,W-22,FG-0073,2025-07-16,50,50,1,1,北日本
SHP-002269,W-09,FG-0048,2024-05-21,50,50,1,1,東日本
SHP-002270,W-20,FG-0020,2024-01-31,50,39,1,0,海外
SHP-002271,W-13,FG-0008,2026-02-20,50,50,1,1,海外
SHP-002272,W-18,FG-0023,2025-09-21,50,50,1,1,西日本
SHP-002273,W-21,FG-0038,2026-01-09,50,50,1,1,西日本
SHP-002274,W-07,FG-0074,2024-02-11,50,50,1,1,西日本
SHP-002275,W-21,FG-0046,2025-07-13,100,100,1,1,東日本
SHP-002276,W-09,FG-0028,2026-02-06,10,10,1,1,北日本
SHP-002277,W-09,FG-0059,2024-02-10,20,20,1,1,西日本
SHP-002278,W-21,FG-0030,2024-08-08,10,10,1,1,東日本
SHP-002279,W-03,FG-0061,2024-11-05,10,10,1,1,北日本
SHP-002280,W-02,FG-0046,2026-02-17,10,10,0,1,西日本
SHP-002281,W-17,FG-0030,2024-07-15,10,10,1,1,東日本
SHP-002282,W-01,FG-0051,2024-07-28,20,20,0,1,海外
SHP-002283,W-13,FG-0022,2025-01-18,100,100,0,1,海外
SHP-002284,W-23,FG-0046,2026-04-20,20,20,1,1,東日本
SHP-002285,W-12,FG-0033,2025-05-04,20,20,1,1,西日本
SHP-002286,W-05,FG-0055,2024-07-04,100,100,1,1,北日本
SHP-002287,W-14,FG-0056,2024-07-20,100,100,0,1,西日本
SHP-002288,W-06,FG-0009,2024-07-13,100,100,1,1,北日本
SHP-002289,W-18,FG-0006,2025-08-10,20,20,1,1,西日本
SHP-002290,W-13,FG-0066,2024-12-23,50,50,1,1,北日本
SHP-002291,W-07,FG-0056,2024-04-25,20,20,1,1,北日本
SHP-002292,W-05,FG-0036,2025-08-29,20,20,1,1,東日本
SHP-002293,W-06,FG-0051,2024-09-19,10,10,1,1,東日本
SHP-002294,W-23,FG-0037,2025-06-11,50,50,1,1,海外
SHP-002295,W-14,FG-0065,2024-05-13,50,50,1,1,海外
SHP-002296,W-18,FG-0026,2024-04-15,100,100,1,1,西日本
SHP-002297,W-05,FG-0024,2025-07-14,100,100,1,1,東日本
SHP-002298,W-23,FG-0009,2024-04-11,20,20,1,1,西日本
SHP-002299,W-07,FG-0049,2026-04-15,10,10,1,1,西日本
SHP-002300,W-14,FG-0059,2025-07-05,50,50,0,1,東日本
SHP-002301,W-20,FG-0058,2025-09-22,50,50,0,1,北日本
SHP-002302,W-16,FG-0072,2026-03-18,10,10,1,1,北日本
SHP-002303,W-05,FG-0014,2024-12-03,20,20,0,1,西日本
SHP-002304,W-24,FG-0020,2025-01-03,100,100,1,1,海外
SHP-002305,W-11,FG-0012,2025-03-07,20,20,1,1,西日本
SHP-002306,W-22,FG-0043,2025-02-11,100,100,1,1,北日本
SHP-002307,W-01,FG-0054,2024-08-25,20,20,1,1,北日本
SHP-002308,W-04,FG-0057,2026-03-17,10,10,1,1,北日本
SHP-002309,W-21,FG-0023,2024-03-27,20,20,1,1,東日本
SHP-002310,W-16,FG-0068,2025-07-13,10,10,0,1,海外
SHP-002311,W-13,FG-0034,2025-01-11,10,10,1,1,北日本
SHP-002312,W-05,FG-0030,2024-02-18,20,20,0,1,西日本
SHP-002313,W-04,FG-0068,2024-07-20,100,93,1,0,北日本
SHP-002314,W-01,FG-0059,2025-12-19,50,50,1,1,北日本
SHP-002315,W-07,FG-0054,2024-09-12,10,10,1,1,東日本
SHP-002316,W-07,FG-0019,2024-01-03,100,100,1,1,東日本
SHP-002317,W-07,FG-0044,2026-04-25,100,100,1,1,東日本
SHP-002318,W-20,FG-0078,2024-09-24,10,6,1,0,海外
SHP-002319,W-10,FG-0043,2025-12-24,100,72,1,0,西日本
SHP-002320,W-16,FG-0057,2024-01-23,10,6,1,0,東日本
SHP-002321,W-22,FG-0016,2024-03-28,100,100,1,1,海外
SHP-002322,W-23,FG-0050,2025-12-04,50,50,1,1,北日本
SHP-002323,W-14,FG-0037,2024-06-03,10,10,0,1,北日本
SHP-002324,W-24,FG-0043,2024-04-09,10,10,1,1,西日本
SHP-002325,W-13,FG-0060,2024-08-14,10,10,1,1,海外
SHP-002326,W-05,FG-0064,2024-02-02,50,50,1,1,海外
SHP-002327,W-08,FG-0022,2025-12-05,20,20,1,1,東日本
SHP-002328,W-05,FG-0072,2024-09-05,10,10,1,1,海外
SHP-002329,W-23,FG-0020,2025-07-23,100,100,1,1,北日本
SHP-002330,W-16,FG-0075,2024-07-25,20,20,1,1,東日本
SHP-002331,W-22,FG-0057,2024-01-29,10,10,1,1,西日本
SHP-002332,W-19,FG-0004,2025-03-14,50,50,1,1,西日本
SHP-002333,W-11,FG-0076,2025-08-24,50,50,1,1,東日本
SHP-002334,W-17,FG-0040,2024-06-14,10,10,0,1,海外
SHP-002335,W-22,FG-0057,2025-01-03,50,50,0,1,西日本
SHP-002336,W-09,FG-0022,2024-10-04,100,100,1,1,東日本
SHP-002337,W-19,FG-0061,2024-05-26,100,100,1,1,北日本
SHP-002338,W-14,FG-0017,2025-09-23,50,50,1,1,西日本
SHP-002339,W-03,FG-0038,2024-04-15,20,20,1,1,西日本
SHP-002340,W-08,FG-0063,2024-06-22,100,100,1,1,海外
SHP-002341,W-03,FG-0014,2025-10-14,20,20,1,1,北日本
SHP-002342,W-10,FG-0028,2025-04-04,50,41,1,0,海外
SHP-002343,W-08,FG-0031,2025-06-24,100,100,1,1,海外
SHP-002344,W-23,FG-0026,2024-07-03,50,50,1,1,北日本
SHP-002345,W-09,FG-0072,2025-11-01,10,6,1,0,北日本
SHP-002346,W-14,FG-0023,2025-12-22,20,20,1,1,海外
SHP-002347,W-09,FG-0077,2024-08-06,20,20,1,1,北日本
SHP-002348,W-04,FG-0062,2024-02-17,10,10,1,1,西日本
SHP-002349,W-21,FG-0014,2026-04-02,100,77,1,0,海外
SHP-002350,W-14,FG-0033,2024-04-16,50,50,1,1,海外
SHP-002351,W-01,FG-0058,2025-11-22,10,10,1,1,東日本
SHP-002352,W-17,FG-0004,2025-07-07,100,100,1,1,西日本
SHP-002353,W-15,FG-0076,2025-03-12,100,100,1,1,東日本
SHP-002354,W-22,FG-0030,2025-03-06,100,100,1,1,西日本
SHP-002355,W-17,FG-0044,2025-11-05,50,50,1,1,北日本
SHP-002356,W-23,FG-0043,2025-05-14,100,100,1,1,北日本
SHP-002357,W-23,FG-0011,2025-11-04,100,71,1,0,北日本
SHP-002358,W-21,FG-0070,2024-02-04,10,10,1,1,北日本
SHP-002359,W-04,FG-0041,2024-05-17,50,50,1,1,海外
SHP-002360,W-24,FG-0007,2025-04-13,100,100,1,1,海外
SHP-002361,W-14,FG-0079,2025-09-10,20,20,1,1,東日本
SHP-002362,W-02,FG-0028,2025-07-12,50,50,1,1,西日本
SHP-002363,W-13,FG-0029,2025-04-08,10,7,1,0,海外
SHP-002364,W-14,FG-0076,2024-08-01,10,10,1,1,北日本
SHP-002365,W-20,FG-0041,2024-04-14,100,92,1,0,海外
SHP-002366,W-04,FG-0001,2025-01-27,50,50,1,1,北日本
SHP-002367,W-14,FG-0051,2024-10-16,50,50,1,1,東日本
SHP-002368,W-12,FG-0035,2025-08-01,20,20,1,1,東日本
SHP-002369,W-03,FG-0030,2025-08-22,10,10,1,1,北日本
SHP-002370,W-10,FG-0044,2024-03-16,20,20,1,1,東日本
SHP-002371,W-11,FG-0032,2025-02-28,10,10,1,1,西日本
SHP-002372,W-22,FG-0075,2025-11-29,100,100,1,1,東日本
SHP-002373,W-08,FG-0053,2024-10-10,50,50,1,1,西日本
SHP-002374,W-01,FG-0078,2024-03-06,10,10,1,1,東日本
SHP-002375,W-11,FG-0045,2024-01-23,50,31,1,0,西日本
SHP-002376,W-24,FG-0020,2024-09-23,10,10,1,1,海外
SHP-002377,W-01,FG-0058,2025-12-05,20,20,0,1,西日本
SHP-002378,W-02,FG-0024,2025-02-14,10,10,0,1,北日本
SHP-002379,W-04,FG-0077,2024-03-07,100,66,1,0,西日本
SHP-002380,W-13,FG-0072,2026-03-14,50,50,1,1,北日本
SHP-002381,W-07,FG-0002,2025-10-08,50,50,1,1,東日本
SHP-002382,W-13,FG-0069,2024-03-16,100,100,1,1,東日本
SHP-002383,W-22,FG-0064,2025-05-30,10,10,1,1,西日本
SHP-002384,W-01,FG-0032,2024-04-20,20,20,1,1,海外
SHP-002385,W-10,FG-0024,2025-11-14,100,100,1,1,西日本
SHP-002386,W-01,FG-0028,2024-07-12,10,10,1,1,西日本
SHP-002387,W-22,FG-0069,2025-09-09,50,50,1,1,東日本
SHP-002388,W-06,FG-0027,2025-08-01,10,10,0,1,東日本
SHP-002389,W-22,FG-0003,2026-02-24,50,40,1,0,東日本
SHP-002390,W-07,FG-0076,2025-03-10,50,50,1,1,西日本
SHP-002391,W-11,FG-0070,2024-12-02,100,100,1,1,東日本
SHP-002392,W-18,FG-0044,2024-10-21,100,100,1,1,東日本
SHP-002393,W-19,FG-0058,2025-02-19,100,76,1,0,西日本
SHP-002394,W-01,FG-0069,2024-09-26,20,20,1,1,海外
SHP-002395,W-09,FG-0007,2025-10-25,50,50,1,1,北日本
SHP-002396,W-18,FG-0079,2026-01-01,50,50,1,1,北日本
SHP-002397,W-04,FG-0053,2024-01-05,10,10,0,1,北日本
SHP-002398,W-22,FG-0039,2024-01-09,100,100,0,1,海外
SHP-002399,W-19,FG-0005,2025-12-11,100,100,1,1,北日本
SHP-002400,W-22,FG-0023,2026-02-17,20,20,1,1,東日本
SHP-002401,W-17,FG-0001,2024-09-23,10,10,0,1,東日本
SHP-002402,W-11,FG-0019,2024-08-03,10,10,1,1,西日本
SHP-002403,W-19,FG-0053,2024-10-20,100,100,1,1,西日本
SHP-002404,W-24,FG-0004,2024-02-13,10,10,1,1,北日本
SHP-002405,W-08,FG-0063,2024-09-09,20,20,1,1,北日本
SHP-002406,W-24,FG-0010,2025-07-17,100,100,1,1,東日本
SHP-002407,W-09,FG-0029,2024-11-12,10,10,0,1,北日本
SHP-002408,W-02,FG-0071,2026-04-05,20,15,1,0,西日本
SHP-002409,W-09,FG-0035,2025-05-02,10,10,1,1,東日本
SHP-002410,W-06,FG-0035,2026-02-18,20,20,1,1,西日本
SHP-002411,W-04,FG-0026,2025-02-14,10,10,1,1,北日本
SHP-002412,W-05,FG-0044,2024-07-27,20,20,0,1,北日本
SHP-002413,W-02,FG-0007,2024-12-02,10,10,1,1,東日本
SHP-002414,W-04,FG-0059,2024-05-11,50,50,1,1,北日本
SHP-002415,W-20,FG-0079,2024-08-13,50,50,1,1,東日本
SHP-002416,W-12,FG-0002,2025-06-25,100,72,0,0,海外
SHP-002417,W-24,FG-0062,2025-03-20,100,100,1,1,北日本
SHP-002418,W-22,FG-0032,2026-02-03,50,50,1,1,海外
SHP-002419,W-12,FG-0030,2025-08-16,20,20,1,1,西日本
SHP-002420,W-20,FG-0042,2024-04-16,20,20,1,1,北日本
SHP-002421,W-19,FG-0025,2026-03-26,10,10,1,1,海外
SHP-002422,W-09,FG-0069,2025-04-26,100,100,1,1,東日本
SHP-002423,W-19,FG-0072,2026-03-19,100,100,1,1,西日本
SHP-002424,W-07,FG-0063,2024-08-01,50,44,0,0,東日本
SHP-002425,W-04,FG-0027,2026-01-25,20,20,1,1,東日本
SHP-002426,W-10,FG-0042,2024-02-17,50,50,1,1,東日本
SHP-002427,W-23,FG-0015,2025-07-04,50,50,1,1,海外
SHP-002428,W-17,FG-0017,2024-09-08,100,100,1,1,海外
SHP-002429,W-04,FG-0060,2025-11-26,50,50,1,1,北日本
SHP-002430,W-03,FG-0073,2025-08-27,50,50,1,1,海外
SHP-002431,W-03,FG-0017,2024-08-30,10,10,1,1,北日本
SHP-002432,W-04,FG-0047,2024-02-23,100,100,1,1,西日本
SHP-002433,W-19,FG-0066,2026-03-15,50,45,1,0,北日本
SHP-002434,W-05,FG-0066,2025-07-14,100,100,1,1,北日本
SHP-002435,W-14,FG-0022,2026-03-04,50,50,1,1,西日本
SHP-002436,W-18,FG-0014,2025-09-22,20,20,1,1,北日本
SHP-002437,W-11,FG-0078,2024-05-15,100,100,1,1,東日本
SHP-002438,W-12,FG-0006,2025-05-12,10,10,1,1,西日本
SHP-002439,W-13,FG-0020,2025-07-26,10,10,1,1,海外
SHP-002440,W-18,FG-0050,2024-03-30,100,100,1,1,東日本
SHP-002441,W-08,FG-0028,2024-03-16,100,100,1,1,北日本
SHP-002442,W-08,FG-0004,2026-04-14,10,10,1,1,西日本
SHP-002443,W-06,FG-0064,2025-12-07,20,15,1,0,西日本
SHP-002444,W-12,FG-0079,2024-06-11,10,10,1,1,東日本
SHP-002445,W-10,FG-0062,2024-09-11,10,10,1,1,北日本
SHP-002446,W-01,FG-0075,2025-05-12,50,50,1,1,海外
SHP-002447,W-23,FG-0051,2024-08-14,10,8,1,0,北日本
SHP-002448,W-22,FG-0070,2025-12-22,50,50,1,1,北日本
SHP-002449,W-02,FG-0029,2025-08-12,50,50,1,1,北日本
SHP-002450,W-09,FG-0052,2025-01-14,50,50,1,1,西日本
SHP-002451,W-16,FG-0043,2025-03-26,50,44,1,0,海外
SHP-002452,W-06,FG-0056,2025-05-24,10,10,1,1,東日本
SHP-002453,W-05,FG-0012,2025-11-27,10,10,1,1,海外
SHP-002454,W-01,FG-0040,2025-11-28,50,50,1,1,北日本
SHP-002455,W-04,FG-0067,2025-11-14,20,20,1,1,北日本
SHP-002456,W-02,FG-0010,2024-03-09,50,50,1,1,西日本
SHP-002457,W-18,FG-0049,2025-01-10,100,100,1,1,西日本
SHP-002458,W-10,FG-0045,2024-01-16,100,100,0,1,西日本
SHP-002459,W-16,FG-0034,2025-10-12,10,10,1,1,北日本
SHP-002460,W-20,FG-0073,2024-05-02,20,20,0,1,北日本
SHP-002461,W-07,FG-0033,2026-02-26,100,100,1,1,東日本
SHP-002462,W-19,FG-0033,2024-08-08,50,50,0,1,東日本
SHP-002463,W-04,FG-0056,2025-10-04,20,20,1,1,西日本
SHP-002464,W-21,FG-0024,2024-08-13,50,50,1,1,海外
SHP-002465,W-23,FG-0041,2025-04-01,20,20,1,1,海外
SHP-002466,W-23,FG-0075,2025-04-05,50,50,1,1,西日本
SHP-002467,W-13,FG-0020,2024-05-26,50,50,1,1,東日本
SHP-002468,W-02,FG-0032,2024-01-08,10,10,1,1,西日本
SHP-002469,W-06,FG-0056,2024-01-27,20,20,1,1,北日本
SHP-002470,W-20,FG-0075,2025-07-29,100,100,0,1,東日本
SHP-002471,W-04,FG-0037,2024-12-21,100,100,1,1,西日本
SHP-002472,W-22,FG-0025,2026-03-16,20,20,1,1,海外
SHP-002473,W-23,FG-0076,2024-03-20,100,100,0,1,海外
SHP-002474,W-22,FG-0048,2025-02-13,10,10,1,1,北日本
SHP-002475,W-22,FG-0009,2026-01-17,100,100,1,1,北日本
SHP-002476,W-04,FG-0032,2025-02-21,20,20,1,1,西日本
SHP-002477,W-10,FG-0053,2024-03-14,100,100,0,1,海外
SHP-002478,W-21,FG-0055,2025-12-09,10,10,0,1,海外
SHP-002479,W-21,FG-0010,2024-08-05,20,20,1,1,西日本
SHP-002480,W-23,FG-0038,2025-07-16,100,100,1,1,東日本
SHP-002481,W-02,FG-0010,2025-04-29,10,10,1,1,東日本
SHP-002482,W-21,FG-0069,2024-11-29,20,20,0,1,東日本
SHP-002483,W-24,FG-0029,2024-11-03,100,100,1,1,西日本
SHP-002484,W-13,FG-0047,2024-01-26,50,50,1,1,西日本
SHP-002485,W-16,FG-0027,2025-11-18,20,20,1,1,海外
SHP-002486,W-02,FG-0069,2024-10-11,50,50,0,1,北日本
SHP-002487,W-24,FG-0040,2024-07-10,10,10,0,1,北日本
SHP-002488,W-07,FG-0024,2026-02-05,50,50,1,1,北日本
SHP-002489,W-24,FG-0002,2025-04-04,50,35,1,0,西日本
SHP-002490,W-08,FG-0070,2026-04-11,100,100,1,1,東日本
SHP-002491,W-13,FG-0034,2026-02-17,100,100,1,1,東日本
SHP-002492,W-23,FG-0041,2024-09-13,10,9,1,0,東日本
SHP-002493,W-04,FG-0032,2024-06-14,20,17,1,0,北日本
SHP-002494,W-06,FG-0045,2024-10-05,50,50,1,1,海外
SHP-002495,W-10,FG-0019,2025-02-19,100,100,1,1,西日本
SHP-002496,W-03,FG-0052,2025-07-08,50,50,1,1,西日本
SHP-002497,W-03,FG-0044,2024-10-26,50,50,1,1,海外
SHP-002498,W-21,FG-0011,2024-09-08,10,10,1,1,北日本
SHP-002499,W-23,FG-0053,2025-11-08,50,50,1,1,西日本
SHP-002500,W-18,FG-0005,2024-05-18,50,50,1,1,西日本
SHP-002501,W-10,FG-0001,2025-12-18,10,10,0,1,北日本
SHP-002502,W-23,FG-0036,2025-01-22,50,50,1,1,海外
SHP-002503,W-10,FG-0015,2025-02-20,20,20,1,1,海外
SHP-002504,W-07,FG-0063,2025-12-16,100,100,1,1,北日本
SHP-002505,W-16,FG-0072,2024-08-18,10,10,1,1,海外
SHP-002506,W-18,FG-0031,2024-04-27,100,100,1,1,海外
SHP-002507,W-11,FG-0071,2025-12-29,50,50,1,1,西日本
SHP-002508,W-13,FG-0032,2024-11-17,100,100,1,1,北日本
SHP-002509,W-18,FG-0027,2024-03-23,10,10,1,1,西日本
SHP-002510,W-21,FG-0049,2024-05-28,20,20,1,1,西日本
SHP-002511,W-18,FG-0042,2024-10-22,20,13,1,0,西日本
SHP-002512,W-12,FG-0054,2025-10-27,10,10,1,1,東日本
SHP-002513,W-05,FG-0042,2025-12-30,50,50,1,1,西日本
SHP-002514,W-06,FG-0056,2024-12-29,10,10,0,1,北日本
SHP-002515,W-16,FG-0015,2025-05-10,100,100,1,1,北日本
SHP-002516,W-02,FG-0008,2025-09-15,50,50,1,1,海外
SHP-002517,W-21,FG-0068,2024-07-29,50,50,1,1,北日本
SHP-002518,W-19,FG-0018,2025-06-01,100,100,1,1,西日本
SHP-002519,W-11,FG-0072,2024-11-18,50,50,1,1,海外
SHP-002520,W-17,FG-0010,2025-05-08,100,100,1,1,北日本
SHP-002521,W-06,FG-0017,2026-02-11,50,50,1,1,東日本
SHP-002522,W-03,FG-0062,2024-09-22,100,66,1,0,西日本
SHP-002523,W-24,FG-0049,2026-02-24,100,100,1,1,海外
SHP-002524,W-08,FG-0017,2025-07-17,50,50,0,1,西日本
SHP-002525,W-13,FG-0041,2024-12-19,50,50,1,1,東日本
SHP-002526,W-22,FG-0016,2025-03-27,100,100,1,1,海外
SHP-002527,W-03,FG-0080,2025-07-26,20,20,1,1,北日本
SHP-002528,W-09,FG-0010,2026-01-07,20,20,1,1,東日本
SHP-002529,W-11,FG-0003,2025-02-24,20,20,0,1,西日本
SHP-002530,W-06,FG-0053,2025-07-02,50,50,1,1,東日本
SHP-002531,W-23,FG-0010,2025-09-28,100,73,1,0,西日本
SHP-002532,W-09,FG-0029,2024-04-04,10,8,1,0,東日本
SHP-002533,W-11,FG-0023,2024-07-05,50,50,1,1,西日本
SHP-002534,W-10,FG-0007,2026-03-11,50,50,1,1,東日本
SHP-002535,W-19,FG-0017,2024-07-04,100,100,1,1,東日本
SHP-002536,W-15,FG-0066,2024-06-10,10,10,0,1,海外
SHP-002537,W-04,FG-0037,2024-05-26,10,8,1,0,東日本
SHP-002538,W-07,FG-0001,2024-05-18,100,100,1,1,北日本
SHP-002539,W-10,FG-0026,2024-03-01,10,10,0,1,西日本
SHP-002540,W-19,FG-0040,2025-11-11,10,10,1,1,北日本
SHP-002541,W-08,FG-0005,2024-07-17,100,100,1,1,北日本
SHP-002542,W-10,FG-0030,2025-09-17,20,20,1,1,海外
SHP-002543,W-03,FG-0030,2024-01-24,100,100,1,1,北日本
SHP-002544,W-23,FG-0076,2025-05-07,20,20,1,1,海外
SHP-002545,W-08,FG-0034,2025-02-22,10,10,0,1,海外
SHP-002546,W-13,FG-0017,2024-02-11,10,10,1,1,西日本
SHP-002547,W-15,FG-0053,2024-04-27,20,20,1,1,東日本
SHP-002548,W-08,FG-0028,2026-03-08,50,50,1,1,北日本
SHP-002549,W-04,FG-0051,2025-11-27,20,20,1,1,北日本
SHP-002550,W-12,FG-0030,2024-03-31,100,100,1,1,西日本
SHP-002551,W-03,FG-0043,2024-12-17,50,50,1,1,北日本
SHP-002552,W-19,FG-0075,2025-03-15,20,20,1,1,海外
SHP-002553,W-08,FG-0053,2025-07-30,50,50,0,1,東日本
SHP-002554,W-08,FG-0049,2025-05-25,50,50,1,1,西日本
SHP-002555,W-05,FG-0014,2025-08-26,100,100,1,1,東日本
SHP-002556,W-01,FG-0011,2025-09-18,100,100,1,1,海外
SHP-002557,W-13,FG-0066,2026-03-13,100,100,1,1,西日本
SHP-002558,W-13,FG-0076,2024-09-07,100,84,1,0,北日本
SHP-002559,W-18,FG-0048,2025-07-02,50,50,1,1,西日本
SHP-002560,W-01,FG-0009,2024-06-29,20,20,0,1,東日本
SHP-002561,W-11,FG-0066,2024-10-10,50,50,1,1,西日本
SHP-002562,W-06,FG-0075,2025-08-21,20,12,1,0,海外
SHP-002563,W-23,FG-0065,2025-11-28,100,100,1,1,東日本
SHP-002564,W-21,FG-0017,2025-08-04,20,20,1,1,西日本
SHP-002565,W-19,FG-0075,2025-11-28,50,50,1,1,北日本
SHP-002566,W-14,FG-0043,2025-06-19,10,10,0,1,東日本
SHP-002567,W-14,FG-0033,2024-01-25,100,100,1,1,東日本
SHP-002568,W-22,FG-0032,2024-09-13,20,20,1,1,西日本
SHP-002569,W-10,FG-0008,2024-11-17,10,10,1,1,西日本
SHP-002570,W-01,FG-0071,2024-12-17,20,20,1,1,東日本
SHP-002571,W-09,FG-0022,2026-02-23,100,100,1,1,北日本
SHP-002572,W-24,FG-0066,2025-09-27,100,100,1,1,海外
SHP-002573,W-09,FG-0074,2024-03-09,20,15,1,0,東日本
SHP-002574,W-20,FG-0066,2024-06-15,20,20,1,1,海外
SHP-002575,W-17,FG-0056,2026-02-12,100,100,0,1,西日本
SHP-002576,W-01,FG-0030,2025-03-16,50,50,0,1,海外
SHP-002577,W-14,FG-0014,2025-06-21,10,10,1,1,北日本
SHP-002578,W-19,FG-0008,2025-06-09,10,10,1,1,北日本
SHP-002579,W-03,FG-0024,2024-12-22,50,50,1,1,海外
SHP-002580,W-15,FG-0044,2026-01-07,10,10,1,1,西日本
SHP-002581,W-02,FG-0018,2024-08-11,100,100,0,1,北日本
SHP-002582,W-17,FG-0010,2025-01-05,50,50,0,1,海外
SHP-002583,W-09,FG-0042,2026-04-16,10,10,1,1,北日本
SHP-002584,W-08,FG-0038,2024-10-12,50,50,1,1,海外
SHP-002585,W-04,FG-0034,2025-10-11,20,20,1,1,東日本
SHP-002586,W-08,FG-0035,2025-10-06,50,50,1,1,西日本
SHP-002587,W-10,FG-0043,2024-08-12,100,100,1,1,海外
SHP-002588,W-07,FG-0078,2025-10-11,100,100,1,1,北日本
SHP-002589,W-20,FG-0055,2025-12-18,100,100,1,1,西日本
SHP-002590,W-11,FG-0047,2024-12-04,10,10,1,1,海外
SHP-002591,W-20,FG-0076,2024-01-29,100,100,0,1,海外
SHP-002592,W-15,FG-0076,2025-10-09,10,10,1,1,海外
SHP-002593,W-16,FG-0009,2026-01-14,20,20,1,1,東日本
SHP-002594,W-09,FG-0048,2025-10-24,20,20,1,1,海外
SHP-002595,W-16,FG-0076,2025-11-06,50,50,1,1,西日本
SHP-002596,W-14,FG-0006,2024-02-16,100,100,1,1,北日本
SHP-002597,W-04,FG-0048,2024-04-12,20,20,1,1,海外
SHP-002598,W-05,FG-0057,2024-10-24,100,100,1,1,海外
SHP-002599,W-21,FG-0040,2024-11-25,20,20,1,1,北日本
SHP-002600,W-06,FG-0039,2025-06-11,100,100,1,1,西日本
SHP-002601,W-03,FG-0018,2024-03-22,50,50,1,1,北日本
SHP-002602,W-23,FG-0046,2024-04-05,50,50,1,1,西日本
SHP-002603,W-07,FG-0009,2024-10-31,100,100,1,1,西日本
SHP-002604,W-23,FG-0079,2026-03-14,100,100,1,1,北日本
SHP-002605,W-24,FG-0028,2024-02-05,50,50,1,1,西日本
SHP-002606,W-24,FG-0016,2025-08-23,100,100,1,1,東日本
SHP-002607,W-16,FG-0057,2025-04-27,50,50,1,1,北日本
SHP-002608,W-03,FG-0059,2025-07-25,100,60,1,0,北日本
SHP-002609,W-23,FG-0070,2025-08-25,10,10,1,1,西日本
SHP-002610,W-19,FG-0064,2025-10-25,50,50,1,1,海外
SHP-002611,W-11,FG-0011,2025-07-01,10,10,1,1,東日本
SHP-002612,W-18,FG-0006,2024-01-26,20,20,0,1,海外
SHP-002613,W-07,FG-0018,2025-07-04,10,10,1,1,北日本
SHP-002614,W-19,FG-0040,2024-06-23,10,10,0,1,西日本
SHP-002615,W-24,FG-0045,2024-04-19,100,100,1,1,西日本
SHP-002616,W-12,FG-0038,2024-07-14,100,100,1,1,北日本
SHP-002617,W-08,FG-0067,2025-06-07,50,50,1,1,東日本
SHP-002618,W-08,FG-0027,2026-04-04,50,50,1,1,海外
SHP-002619,W-11,FG-0077,2025-07-18,20,20,1,1,東日本
SHP-002620,W-03,FG-0050,2026-01-29,20,20,1,1,北日本
SHP-002621,W-23,FG-0030,2026-02-08,10,10,1,1,海外
SHP-002622,W-05,FG-0047,2025-11-21,10,10,1,1,北日本
SHP-002623,W-06,FG-0054,2025-11-26,10,10,1,1,東日本
SHP-002624,W-22,FG-0055,2026-01-19,50,50,1,1,西日本
SHP-002625,W-04,FG-0020,2025-02-23,20,20,1,1,西日本
SHP-000876,W-05,FG-0031,2024-10-06,100,100,0,1,東日本
SHP-000877,W-23,FG-0051,2025-01-27,10,10,1,1,北日本
SHP-000878,W-23,FG-0013,2024-07-03,20,20,1,1,西日本
SHP-000879,W-17,FG-0031,2025-04-20,100,100,1,1,海外
SHP-000880,W-16,FG-0057,2024-09-14,10,10,1,1,西日本
SHP-000881,W-21,FG-0031,2026-02-17,10,10,1,1,西日本
SHP-000882,W-07,FG-0007,2024-09-14,100,100,1,1,西日本
SHP-000883,W-10,FG-0057,2025-02-13,20,20,1,1,東日本
SHP-000884,W-21,FG-0021,2025-09-10,50,50,1,1,東日本
SHP-000885,W-12,FG-0009,2025-06-12,10,10,1,1,西日本
SHP-000886,W-07,FG-0056,2026-03-20,50,50,1,1,西日本
SHP-000887,W-06,FG-0031,2024-09-22,50,50,1,1,西日本
SHP-000888,W-21,FG-0017,2025-09-05,50,50,0,1,西日本
SHP-000889,W-15,FG-0045,2024-02-09,10,10,1,1,東日本
SHP-000890,W-22,FG-0049,2026-02-22,50,50,1,1,海外
SHP-000891,W-04,FG-0020,2024-05-13,10,10,1,1,東日本
SHP-000892,W-22,FG-0012,2024-10-17,100,100,1,1,北日本
SHP-000893,W-18,FG-0054,2024-05-02,10,10,1,1,海外
SHP-000894,W-21,FG-0079,2025-08-09,20,20,1,1,北日本
SHP-000895,W-05,FG-0005,2025-04-11,10,10,1,1,西日本
SHP-000896,W-04,FG-0075,2025-02-19,20,20,1,1,海外
SHP-000897,W-19,FG-0043,2025-01-23,10,10,0,1,海外
SHP-000898,W-06,FG-0045,2024-08-06,10,10,1,1,北日本
SHP-000899,W-21,FG-0037,2025-09-28,50,50,1,1,西日本
SHP-000900,W-23,FG-0043,2024-06-20,50,50,1,1,海外
SHP-000901,W-10,FG-0020,2025-08-03,10,10,1,1,海外
SHP-000902,W-23,FG-0076,2024-09-10,50,46,1,0,北日本
SHP-000903,W-13,FG-0004,2025-01-27,20,20,1,1,西日本
SHP-000904,W-13,FG-0015,2024-08-12,50,50,1,1,西日本
SHP-000905,W-03,FG-0035,2025-02-26,20,20,1,1,西日本
SHP-000906,W-09,FG-0015,2026-01-13,10,10,1,1,北日本
SHP-000907,W-03,FG-0040,2024-07-29,20,20,1,1,東日本
SHP-000908,W-03,FG-0039,2026-04-04,100,100,1,1,東日本
SHP-000909,W-24,FG-0022,2024-01-12,50,50,1,1,北日本
SHP-000910,W-11,FG-0013,2024-06-29,100,100,1,1,北日本
SHP-000911,W-17,FG-0080,2024-03-08,100,100,1,1,海外
SHP-000912,W-23,FG-0041,2025-09-04,50,50,1,1,東日本
SHP-000913,W-01,FG-0067,2025-06-19,50,50,0,1,西日本
SHP-000914,W-11,FG-0050,2026-02-22,50,50,0,1,海外
SHP-000915,W-14,FG-0052,2025-07-17,50,50,1,1,西日本
SHP-000916,W-13,FG-0048,2025-10-17,50,50,1,1,北日本
SHP-000917,W-11,FG-0041,2025-07-22,50,50,0,1,海外
SHP-000918,W-20,FG-0026,2024-01-13,20,20,1,1,西日本
SHP-000919,W-16,FG-0018,2025-08-06,10,8,1,0,北日本
SHP-000920,W-03,FG-0025,2024-08-04,10,10,0,1,海外
SHP-000921,W-13,FG-0041,2025-04-29,50,46,0,0,海外
SHP-000922,W-09,FG-0063,2025-09-29,50,50,1,1,北日本
SHP-000923,W-11,FG-0072,2025-08-17,20,20,1,1,海外
SHP-000924,W-16,FG-0071,2024-05-05,50,50,1,1,北日本
SHP-000925,W-11,FG-0002,2024-07-13,10,10,1,1,海外
SHP-000926,W-21,FG-0042,2024-06-01,50,50,1,1,東日本
SHP-000927,W-03,FG-0016,2024-02-27,50,50,1,1,北日本
SHP-000928,W-03,FG-0015,2025-03-25,100,100,1,1,西日本
SHP-000929,W-01,FG-0072,2025-12-05,100,100,1,1,東日本
SHP-000930,W-18,FG-0029,2024-10-30,50,50,1,1,西日本
SHP-000931,W-14,FG-0013,2025-08-26,20,20,0,1,東日本
SHP-000932,W-22,FG-0036,2024-11-18,20,20,0,1,海外
SHP-000933,W-08,FG-0069,2025-06-19,10,10,1,1,北日本
SHP-000934,W-06,FG-0043,2024-12-02,20,20,1,1,海外
SHP-000935,W-03,FG-0012,2024-04-26,100,100,1,1,西日本
SHP-000936,W-22,FG-0008,2024-11-27,10,10,1,1,海外
SHP-000937,W-07,FG-0034,2025-12-21,20,20,1,1,東日本
SHP-000938,W-02,FG-0011,2025-06-26,20,20,1,1,東日本
SHP-000939,W-21,FG-0024,2024-05-29,20,20,1,1,北日本
SHP-000940,W-14,FG-0077,2024-01-06,10,10,1,1,北日本
SHP-000941,W-02,FG-0064,2026-04-30,10,10,0,1,西日本
SHP-000942,W-17,FG-0044,2025-12-03,50,50,1,1,西日本
SHP-000943,W-08,FG-0048,2024-11-15,20,20,1,1,海外
SHP-000944,W-20,FG-0002,2024-02-04,20,20,1,1,西日本
SHP-000945,W-20,FG-0005,2026-03-12,50,50,1,1,西日本
SHP-000946,W-23,FG-0033,2025-09-21,100,100,1,1,西日本
SHP-000947,W-10,FG-0072,2025-10-11,20,12,1,0,西日本
SHP-000948,W-04,FG-0080,2024-06-01,100,100,1,1,西日本
SHP-000949,W-05,FG-0050,2025-02-06,100,100,1,1,海外
SHP-000950,W-22,FG-0037,2024-07-14,10,10,0,1,海外
SHP-000951,W-02,FG-0036,2025-03-12,20,20,1,1,北日本
SHP-000952,W-15,FG-0069,2025-03-02,100,100,0,1,西日本
SHP-000953,W-17,FG-0033,2024-06-02,10,10,1,1,東日本
SHP-000954,W-21,FG-0023,2024-04-02,100,100,1,1,西日本
SHP-000955,W-14,FG-0057,2024-10-21,10,10,1,1,東日本
SHP-000956,W-16,FG-0071,2025-05-09,100,100,1,1,西日本
SHP-000957,W-09,FG-0036,2025-02-09,10,10,1,1,海外
SHP-000958,W-15,FG-0048,2025-04-22,50,50,1,1,西日本
SHP-000959,W-03,FG-0029,2025-06-04,50,50,1,1,海外
SHP-000960,W-12,FG-0023,2025-11-10,50,50,1,1,西日本
SHP-000961,W-13,FG-0006,2024-12-02,50,50,1,1,海外
SHP-000962,W-17,FG-0052,2025-09-03,20,20,1,1,海外
SHP-000963,W-02,FG-0068,2025-10-19,10,6,1,0,海外
SHP-000964,W-11,FG-0061,2025-10-04,100,100,1,1,海外
SHP-000965,W-06,FG-0028,2025-09-13,10,10,1,1,東日本
SHP-000966,W-08,FG-0009,2024-04-14,50,50,0,1,西日本
SHP-000967,W-09,FG-0047,2026-04-27,10,10,1,1,東日本
SHP-000968,W-11,FG-0018,2025-08-02,20,20,0,1,東日本
SHP-000969,W-05,FG-0040,2025-03-04,100,74,1,0,東日本
SHP-000970,W-24,FG-0063,2025-11-19,50,50,1,1,海外
SHP-000971,W-04,FG-0071,2025-12-21,50,40,1,0,北日本
SHP-000972,W-06,FG-0057,2025-04-28,100,100,1,1,海外
SHP-000973,W-19,FG-0063,2025-01-05,50,50,1,1,西日本
SHP-000974,W-03,FG-0037,2024-11-19,50,50,1,1,東日本
SHP-000975,W-09,FG-0035,2024-01-25,20,20,1,1,海外
SHP-000976,W-18,FG-0008,2024-09-04,10,10,1,1,北日本
SHP-000977,W-17,FG-0072,2025-03-05,10,7,1,0,海外
SHP-000978,W-14,FG-0014,2024-08-20,50,50,1,1,西日本
SHP-000979,W-10,FG-0034,2025-07-15,20,20,1,1,北日本
SHP-000980,W-15,FG-0039,2024-12-19,20,20,1,1,東日本
SHP-000981,W-02,FG-0019,2025-06-29,10,10,1,1,北日本
SHP-000982,W-01,FG-0047,2025-12-10,10,10,0,1,西日本
SHP-000983,W-21,FG-0053,2025-04-07,50,50,1,1,西日本
SHP-000984,W-14,FG-0030,2024-07-13,10,10,0,1,海外
SHP-000985,W-08,FG-0029,2024-09-29,10,10,1,1,東日本
SHP-000986,W-20,FG-0031,2024-03-25,50,50,1,1,西日本
SHP-000987,W-11,FG-0053,2025-02-21,20,20,1,1,東日本
SHP-000988,W-08,FG-0008,2025-05-11,10,10,1,1,海外
SHP-000989,W-18,FG-0055,2024-04-01,10,10,1,1,北日本
SHP-000990,W-10,FG-0069,2025-11-28,10,10,1,1,北日本
SHP-000991,W-09,FG-0064,2025-11-28,20,20,1,1,北日本
SHP-000992,W-23,FG-0031,2025-11-24,20,20,1,1,西日本
SHP-000993,W-08,FG-0005,2026-03-26,100,74,1,0,東日本
SHP-000994,W-11,FG-0077,2025-12-06,10,8,1,0,西日本
SHP-000995,W-05,FG-0079,2024-08-19,20,20,1,1,海外
SHP-000996,W-15,FG-0044,2024-01-03,100,100,1,1,西日本
SHP-000997,W-02,FG-0059,2025-11-28,10,10,1,1,西日本
SHP-000998,W-22,FG-0051,2025-09-09,100,100,1,1,東日本
SHP-000999,W-13,FG-0009,2025-07-10,20,20,1,1,西日本
SHP-001000,W-12,FG-0056,2025-08-18,100,100,1,1,北日本
SHP-001001,W-17,FG-0027,2025-01-19,50,50,1,1,東日本
SHP-001002,W-08,FG-0005,2024-09-30,20,20,1,1,東日本
SHP-001003,W-12,FG-0011,2024-12-13,100,100,1,1,北日本
SHP-001004,W-05,FG-0025,2025-08-26,10,10,1,1,北日本
SHP-001005,W-21,FG-0061,2026-04-19,10,10,1,1,西日本
SHP-001006,W-18,FG-0060,2025-11-01,20,20,1,1,西日本
SHP-001007,W-04,FG-0079,2024-03-17,50,50,1,1,東日本
SHP-001008,W-09,FG-0039,2025-02-16,20,20,1,1,東日本
SHP-001009,W-16,FG-0035,2026-01-19,20,20,1,1,東日本
SHP-001010,W-15,FG-0050,2025-11-20,10,8,1,0,東日本
SHP-001011,W-04,FG-0043,2025-09-01,10,10,1,1,東日本
SHP-001012,W-05,FG-0054,2026-04-28,20,20,0,1,東日本
SHP-001013,W-20,FG-0071,2024-03-31,20,20,1,1,北日本
SHP-001014,W-02,FG-0012,2025-08-22,20,20,1,1,北日本
SHP-001015,W-14,FG-0050,2024-12-16,10,10,1,1,海外
SHP-001016,W-17,FG-0011,2024-06-03,10,10,1,1,西日本
SHP-001017,W-18,FG-0075,2024-06-15,100,100,1,1,西日本
SHP-001018,W-04,FG-0007,2024-07-31,10,10,1,1,海外
SHP-001019,W-05,FG-0016,2024-02-01,100,100,1,1,東日本
SHP-001020,W-18,FG-0076,2025-12-02,100,100,1,1,西日本
SHP-001021,W-04,FG-0055,2025-06-12,20,20,1,1,海外
SHP-001022,W-24,FG-0033,2025-11-13,20,20,1,1,北日本
SHP-001023,W-04,FG-0072,2025-02-08,100,100,0,1,東日本
SHP-001024,W-01,FG-0073,2025-04-13,10,6,1,0,海外
SHP-001025,W-06,FG-0004,2025-05-24,20,20,1,1,北日本
SHP-001026,W-04,FG-0055,2025-04-01,20,20,0,1,北日本
SHP-001027,W-11,FG-0065,2024-07-07,100,100,1,1,北日本
SHP-001028,W-22,FG-0051,2026-04-01,10,6,1,0,海外
SHP-001029,W-11,FG-0037,2025-07-14,100,100,1,1,北日本
SHP-001030,W-09,FG-0023,2025-07-22,20,20,1,1,北日本
SHP-001031,W-12,FG-0033,2024-12-24,100,100,1,1,海外
SHP-001032,W-16,FG-0035,2025-04-13,100,100,0,1,海外
SHP-001033,W-21,FG-0009,2024-06-30,100,84,1,0,北日本
SHP-001034,W-10,FG-0050,2025-03-04,10,10,1,1,北日本
SHP-001035,W-17,FG-0051,2025-06-24,10,10,1,1,東日本
SHP-001036,W-17,FG-0007,2024-04-28,10,10,1,1,東日本
SHP-001037,W-19,FG-0008,2025-06-23,50,50,1,1,東日本
SHP-001038,W-02,FG-0038,2024-08-04,100,100,1,1,北日本
SHP-001039,W-03,FG-0011,2024-10-28,50,50,1,1,海外
SHP-001040,W-16,FG-0037,2025-08-19,100,100,1,1,西日本
SHP-001041,W-03,FG-0075,2025-04-15,10,10,1,1,西日本
SHP-001042,W-20,FG-0019,2025-02-07,100,100,1,1,東日本
SHP-001043,W-07,FG-0026,2025-07-04,100,100,1,1,北日本
SHP-001044,W-13,FG-0019,2025-11-22,10,10,0,1,西日本
SHP-001045,W-13,FG-0004,2026-04-19,50,33,1,0,東日本
SHP-001046,W-16,FG-0075,2024-05-24,50,50,1,1,北日本
SHP-001047,W-22,FG-0040,2026-04-30,100,100,1,1,東日本
SHP-001048,W-09,FG-0003,2024-12-27,20,20,1,1,海外
SHP-001049,W-08,FG-0052,2024-03-24,50,50,1,1,東日本
SHP-001050,W-10,FG-0041,2025-11-02,10,10,1,1,海外
SHP-001051,W-13,FG-0025,2025-11-01,100,84,1,0,海外
SHP-001052,W-24,FG-0029,2025-07-12,20,20,1,1,海外
SHP-001053,W-21,FG-0066,2024-01-12,10,10,1,1,北日本
SHP-001054,W-11,FG-0006,2024-04-18,100,100,0,1,西日本
SHP-001055,W-13,FG-0064,2024-01-30,20,20,1,1,海外
SHP-001056,W-03,FG-0037,2024-01-19,50,50,1,1,北日本
SHP-001057,W-07,FG-0011,2026-03-13,50,50,1,1,東日本
SHP-001058,W-16,FG-0031,2026-02-13,20,20,1,1,西日本
SHP-001059,W-03,FG-0079,2024-06-15,100,100,1,1,海外
SHP-001060,W-17,FG-0046,2025-01-03,50,50,1,1,東日本
SHP-001061,W-19,FG-0067,2026-04-30,50,50,1,1,海外
SHP-001062,W-07,FG-0047,2025-07-02,20,20,1,1,北日本
SHP-001063,W-19,FG-0028,2024-05-22,100,100,1,1,東日本
SHP-001064,W-04,FG-0022,2024-04-06,50,50,1,1,西日本
SHP-001065,W-23,FG-0069,2025-12-10,100,100,0,1,西日本
SHP-001066,W-11,FG-0049,2025-03-19,50,50,1,1,海外
SHP-001067,W-05,FG-0066,2024-03-24,10,10,0,1,西日本
SHP-001068,W-20,FG-0076,2024-04-23,10,10,1,1,西日本
SHP-001069,W-20,FG-0025,2024-04-13,50,50,1,1,北日本
SHP-001070,W-20,FG-0064,2025-03-10,10,10,1,1,北日本
SHP-001071,W-20,FG-0032,2024-06-01,20,20,1,1,西日本
SHP-001072,W-05,FG-0065,2024-03-20,100,100,1,1,東日本
SHP-001073,W-11,FG-0038,2025-01-23,100,88,1,0,東日本
SHP-001074,W-24,FG-0030,2026-02-04,20,20,1,1,海外
SHP-001075,W-22,FG-0009,2024-10-06,10,10,0,1,西日本
SHP-001076,W-02,FG-0068,2024-10-17,20,20,0,1,西日本
SHP-001077,W-21,FG-0002,2025-01-24,10,10,1,1,北日本
SHP-001078,W-23,FG-0015,2024-12-02,50,50,1,1,北日本
SHP-001079,W-01,FG-0074,2024-06-09,10,10,1,1,西日本
SHP-001080,W-23,FG-0005,2025-05-03,50,50,1,1,西日本
SHP-001081,W-07,FG-0027,2026-04-19,10,10,1,1,北日本
SHP-001082,W-24,FG-0047,2024-01-21,20,16,1,0,西日本
SHP-001083,W-02,FG-0039,2025-03-23,10,10,1,1,海外
SHP-001084,W-18,FG-0054,2024-11-16,10,10,1,1,東日本
SHP-001085,W-21,FG-0016,2024-07-21,50,50,1,1,東日本
SHP-001086,W-07,FG-0009,2025-07-11,20,16,1,0,西日本
SHP-001087,W-08,FG-0040,2025-05-01,10,10,0,1,海外
SHP-001088,W-11,FG-0055,2025-03-17,20,20,1,1,西日本
SHP-001089,W-02,FG-0059,2025-05-10,20,20,1,1,海外
SHP-001090,W-20,FG-0056,2026-04-19,10,10,1,1,西日本
SHP-001091,W-14,FG-0055,2025-06-16,10,10,1,1,西日本
SHP-001092,W-21,FG-0045,2025-01-16,100,100,1,1,海外
SHP-001093,W-10,FG-0021,2025-09-13,10,10,0,1,北日本
SHP-001094,W-02,FG-0051,2024-10-21,20,12,1,0,海外
SHP-001095,W-03,FG-0022,2024-05-23,100,100,1,1,西日本
SHP-001096,W-09,FG-0012,2024-12-19,20,20,1,1,海外
SHP-001097,W-04,FG-0063,2024-07-31,10,10,1,1,東日本
SHP-001098,W-05,FG-0025,2025-03-09,10,10,1,1,西日本
SHP-001099,W-05,FG-0023,2026-01-23,50,50,1,1,海外
SHP-001100,W-22,FG-0047,2025-06-06,10,10,1,1,東日本
SHP-001101,W-11,FG-0004,2026-01-13,10,7,1,0,東日本
SHP-001102,W-20,FG-0009,2024-04-23,100,100,1,1,西日本
SHP-001103,W-07,FG-0042,2026-01-18,10,10,1,1,西日本
SHP-001104,W-20,FG-0047,2026-03-25,50,50,1,1,北日本
SHP-001105,W-12,FG-0027,2024-08-01,10,10,1,1,海外
SHP-001106,W-20,FG-0045,2025-11-25,100,100,1,1,西日本
SHP-001107,W-15,FG-0034,2024-09-23,20,20,1,1,海外
SHP-001108,W-07,FG-0045,2025-11-20,10,10,1,1,北日本
SHP-001109,W-06,FG-0046,2025-06-18,20,20,1,1,東日本
SHP-001110,W-17,FG-0010,2025-07-23,10,10,1,1,北日本
SHP-001111,W-01,FG-0058,2024-07-08,10,10,1,1,海外
SHP-001112,W-09,FG-0067,2026-01-16,10,10,1,1,海外
SHP-001113,W-19,FG-0072,2025-12-24,50,31,1,0,東日本
SHP-001114,W-14,FG-0017,2024-04-21,10,10,1,1,北日本
SHP-001115,W-05,FG-0063,2024-09-18,50,50,1,1,西日本
SHP-001116,W-11,FG-0021,2026-02-28,50,50,1,1,北日本
SHP-001117,W-13,FG-0047,2025-11-09,20,20,1,1,北日本
SHP-001118,W-21,FG-0004,2024-03-27,20,20,1,1,東日本
SHP-001119,W-15,FG-0027,2025-02-21,20,20,1,1,西日本
SHP-001120,W-19,FG-0067,2026-02-26,50,50,1,1,海外
SHP-001121,W-14,FG-0054,2025-09-20,50,50,0,1,海外
SHP-001122,W-14,FG-0013,2024-02-24,20,20,1,1,西日本
SHP-001123,W-10,FG-0063,2024-06-11,10,10,1,1,海外
SHP-001124,W-04,FG-0005,2024-11-06,100,100,1,1,海外
SHP-001125,W-09,FG-0075,2024-08-05,20,20,0,1,西日本
SHP-001126,W-22,FG-0078,2025-05-28,10,10,1,1,北日本
SHP-001127,W-06,FG-0050,2025-11-09,50,50,1,1,西日本
SHP-001128,W-12,FG-0074,2024-09-01,50,50,1,1,西日本
SHP-001129,W-05,FG-0076,2024-10-28,50,50,1,1,西日本
SHP-001130,W-10,FG-0010,2025-07-24,100,100,0,1,西日本
SHP-001131,W-23,FG-0028,2025-12-19,50,50,1,1,北日本
SHP-001132,W-24,FG-0030,2026-03-23,10,10,1,1,北日本
SHP-001133,W-06,FG-0017,2025-01-21,20,20,1,1,西日本
SHP-001134,W-13,FG-0054,2024-11-05,50,31,1,0,北日本
SHP-001135,W-19,FG-0048,2024-11-11,20,20,1,1,海外
SHP-001136,W-03,FG-0019,2025-03-21,10,10,1,1,海外
SHP-001137,W-09,FG-0046,2024-09-27,10,10,1,1,東日本
SHP-001138,W-09,FG-0068,2024-11-14,10,10,1,1,海外
SHP-001139,W-01,FG-0007,2024-10-26,50,50,1,1,西日本
SHP-001140,W-06,FG-0031,2025-07-12,10,10,0,1,海外
SHP-001141,W-04,FG-0079,2024-11-19,100,100,1,1,東日本
SHP-001142,W-24,FG-0001,2025-08-27,100,100,1,1,北日本
SHP-001143,W-15,FG-0013,2025-03-11,100,100,0,1,東日本
SHP-001144,W-23,FG-0053,2025-07-15,50,50,1,1,海外
SHP-001145,W-11,FG-0044,2026-04-18,50,50,1,1,北日本
SHP-001146,W-13,FG-0060,2024-04-22,20,20,0,1,東日本
SHP-001147,W-06,FG-0033,2026-03-11,20,20,1,1,北日本
SHP-001148,W-11,FG-0064,2025-12-09,10,10,1,1,北日本
SHP-001149,W-04,FG-0047,2024-10-01,20,12,1,0,北日本
SHP-001150,W-20,FG-0061,2026-01-08,100,100,1,1,西日本
SHP-001151,W-13,FG-0019,2026-01-02,50,50,1,1,西日本
SHP-001152,W-20,FG-0071,2024-01-06,10,10,1,1,東日本
SHP-001153,W-06,FG-0038,2025-01-29,20,20,1,1,北日本
SHP-001154,W-19,FG-0010,2025-06-19,10,10,1,1,海外
SHP-001155,W-11,FG-0054,2024-09-03,100,100,1,1,北日本
SHP-001156,W-05,FG-0028,2024-12-06,100,100,1,1,北日本
SHP-001157,W-06,FG-0054,2025-12-08,50,50,1,1,海外
SHP-001158,W-24,FG-0013,2024-12-13,10,10,1,1,西日本
SHP-001159,W-24,FG-0017,2024-01-04,10,10,1,1,東日本
SHP-001160,W-14,FG-0074,2024-03-12,10,10,1,1,海外
SHP-001161,W-13,FG-0018,2025-09-05,20,20,1,1,北日本
SHP-001162,W-04,FG-0026,2025-07-22,50,50,1,1,北日本
SHP-001163,W-21,FG-0059,2024-10-05,50,50,1,1,海外
SHP-001164,W-18,FG-0071,2025-08-25,10,10,1,1,北日本
SHP-001165,W-11,FG-0034,2024-07-06,100,100,1,1,北日本
SHP-001166,W-20,FG-0071,2024-11-11,20,20,1,1,東日本
SHP-001167,W-15,FG-0061,2025-11-07,20,20,1,1,東日本
SHP-001168,W-10,FG-0021,2026-02-08,20,20,1,1,西日本
SHP-001169,W-20,FG-0070,2025-05-28,10,10,1,1,東日本
SHP-001170,W-09,FG-0054,2024-05-06,100,100,1,1,海外
SHP-001171,W-06,FG-0042,2025-01-27,20,20,0,1,北日本
SHP-001172,W-06,FG-0027,2024-03-10,10,10,1,1,西日本
SHP-001173,W-21,FG-0003,2024-01-21,10,10,1,1,東日本
SHP-001174,W-13,FG-0047,2025-08-07,20,20,1,1,東日本
SHP-001175,W-21,FG-0059,2024-07-24,100,100,1,1,北日本
SHP-001176,W-18,FG-0051,2024-04-06,100,100,1,1,海外
SHP-001177,W-03,FG-0001,2025-05-08,10,10,1,1,西日本
SHP-001178,W-02,FG-0037,2026-01-12,10,10,1,1,西日本
SHP-001179,W-14,FG-0024,2025-10-07,100,100,1,1,西日本
SHP-001180,W-18,FG-0002,2026-04-02,20,20,1,1,海外
SHP-001181,W-08,FG-0072,2025-08-06,20,20,1,1,東日本
SHP-001182,W-15,FG-0019,2025-12-11,100,100,0,1,西日本
SHP-001183,W-10,FG-0005,2025-10-24,20,20,1,1,北日本
SHP-001184,W-04,FG-0011,2025-12-06,10,10,1,1,東日本
SHP-001185,W-20,FG-0065,2024-07-01,20,20,1,1,東日本
SHP-001186,W-11,FG-0062,2025-06-08,50,50,1,1,東日本
SHP-001187,W-04,FG-0002,2024-05-05,50,50,1,1,西日本
SHP-001188,W-21,FG-0069,2025-11-06,100,100,0,1,北日本
SHP-001189,W-20,FG-0019,2024-03-28,50,32,1,0,北日本
SHP-001190,W-08,FG-0048,2024-10-28,10,10,1,1,東日本
SHP-001191,W-23,FG-0079,2026-02-11,100,100,1,1,海外
SHP-001192,W-13,FG-0054,2024-09-29,100,100,1,1,海外
SHP-001193,W-14,FG-0042,2025-05-02,20,20,1,1,海外
SHP-001194,W-20,FG-0065,2025-01-17,50,50,1,1,西日本
SHP-001195,W-24,FG-0036,2024-08-29,100,100,1,1,西日本
SHP-001196,W-05,FG-0035,2025-03-08,100,64,1,0,北日本
SHP-001197,W-16,FG-0011,2024-01-23,100,100,1,1,西日本
SHP-001198,W-14,FG-0054,2025-08-17,100,100,1,1,西日本
SHP-001199,W-21,FG-0075,2025-08-20,50,50,1,1,北日本
SHP-001200,W-21,FG-0002,2025-01-30,50,50,1,1,東日本
SHP-001201,W-01,FG-0032,2025-12-28,20,20,1,1,西日本
SHP-001202,W-16,FG-0006,2024-03-03,50,50,1,1,北日本
SHP-001203,W-05,FG-0001,2025-05-23,10,10,1,1,東日本
SHP-001204,W-03,FG-0052,2025-08-03,10,10,1,1,西日本
SHP-001205,W-18,FG-0030,2026-04-08,20,14,1,0,西日本
SHP-001206,W-01,FG-0073,2025-01-16,10,10,0,1,北日本
SHP-001207,W-04,FG-0069,2024-12-02,50,50,1,1,海外
SHP-001208,W-14,FG-0002,2025-04-03,50,50,1,1,西日本
SHP-001209,W-02,FG-0073,2024-07-23,10,10,1,1,東日本
SHP-001210,W-07,FG-0078,2024-01-31,20,20,1,1,海外
SHP-001211,W-18,FG-0062,2024-02-04,50,50,1,1,東日本
SHP-001212,W-12,FG-0074,2024-02-24,10,10,1,1,東日本
SHP-001213,W-11,FG-0058,2024-11-16,50,50,1,1,北日本
SHP-001214,W-05,FG-0001,2025-07-21,100,100,1,1,海外
SHP-001215,W-20,FG-0009,2025-10-15,10,10,1,1,海外
SHP-001216,W-02,FG-0023,2025-06-21,10,10,1,1,西日本
SHP-001217,W-09,FG-0035,2024-08-15,20,20,0,1,北日本
SHP-001218,W-19,FG-0074,2026-02-24,10,8,1,0,西日本
SHP-001219,W-17,FG-0077,2026-01-22,20,20,1,1,北日本
SHP-001220,W-02,FG-0072,2025-03-06,10,10,1,1,西日本
SHP-001221,W-19,FG-0076,2025-03-05,10,7,1,0,海外
SHP-001222,W-16,FG-0045,2024-02-27,50,50,1,1,西日本
SHP-001223,W-11,FG-0024,2025-06-12,20,20,1,1,東日本
SHP-001224,W-10,FG-0061,2025-08-02,20,20,1,1,東日本
SHP-001225,W-10,FG-0066,2026-03-06,20,20,1,1,西日本
SHP-001226,W-17,FG-0053,2025-05-31,100,100,1,1,北日本
SHP-001227,W-21,FG-0061,2025-06-11,10,10,1,1,海外
SHP-001228,W-02,FG-0049,2025-04-13,50,50,1,1,西日本
SHP-001229,W-23,FG-0015,2025-03-26,10,10,1,1,東日本
SHP-001230,W-18,FG-0078,2025-09-29,100,100,1,1,北日本
SHP-001231,W-17,FG-0078,2026-02-15,100,100,1,1,海外
SHP-001232,W-24,FG-0036,2024-06-19,20,20,1,1,北日本
SHP-001233,W-22,FG-0056,2026-04-29,100,100,0,1,海外
SHP-001234,W-21,FG-0011,2024-08-29,50,50,1,1,海外
SHP-001235,W-12,FG-0034,2024-08-22,50,50,1,1,西日本
SHP-001236,W-16,FG-0046,2024-08-24,100,100,1,1,西日本
SHP-001237,W-05,FG-0033,2026-02-04,20,20,1,1,西日本
SHP-001238,W-07,FG-0022,2026-01-03,20,20,1,1,西日本
SHP-001239,W-19,FG-0019,2024-03-02,100,100,0,1,東日本
SHP-001240,W-19,FG-0029,2025-07-24,10,10,1,1,北日本
SHP-001241,W-09,FG-0028,2024-07-16,100,100,1,1,西日本
SHP-001242,W-08,FG-0041,2025-07-25,10,8,1,0,北日本
SHP-001243,W-20,FG-0049,2024-04-12,50,50,1,1,海外
SHP-001244,W-17,FG-0018,2026-03-28,10,10,1,1,北日本
SHP-001245,W-24,FG-0023,2025-10-20,50,50,1,1,西日本
SHP-001246,W-14,FG-0031,2024-05-22,10,10,1,1,東日本
SHP-001247,W-14,FG-0045,2025-11-11,20,20,1,1,西日本
SHP-001248,W-11,FG-0072,2025-07-07,10,10,1,1,海外
SHP-001249,W-14,FG-0058,2024-03-30,100,100,1,1,西日本
SHP-001250,W-21,FG-0048,2024-10-31,10,10,1,1,北日本
SHP-001251,W-04,FG-0027,2025-11-06,50,50,1,1,東日本
SHP-001252,W-14,FG-0065,2024-04-25,50,50,1,1,海外
SHP-001253,W-20,FG-0032,2026-04-24,10,10,1,1,北日本
SHP-001254,W-19,FG-0023,2025-03-23,50,50,1,1,東日本
SHP-001255,W-02,FG-0028,2024-07-03,50,50,1,1,西日本
SHP-001256,W-13,FG-0008,2025-04-25,10,10,1,1,北日本
SHP-001257,W-02,FG-0052,2025-08-26,10,10,1,1,海外
SHP-001258,W-09,FG-0031,2024-05-01,20,20,0,1,西日本
SHP-001259,W-24,FG-0015,2026-03-06,20,20,1,1,北日本
SHP-001260,W-21,FG-0025,2025-09-18,100,100,1,1,北日本
SHP-001261,W-20,FG-0011,2024-12-06,10,10,0,1,西日本
SHP-001262,W-16,FG-0064,2026-04-18,20,20,1,1,北日本
SHP-001263,W-08,FG-0064,2024-02-03,50,50,1,1,北日本
SHP-001264,W-05,FG-0050,2024-02-28,100,100,0,1,西日本
SHP-001265,W-19,FG-0075,2024-10-19,10,10,0,1,北日本
SHP-001266,W-18,FG-0075,2024-12-18,100,100,1,1,海外
SHP-001267,W-05,FG-0064,2024-01-22,100,100,1,1,東日本
SHP-001268,W-19,FG-0040,2025-08-29,20,20,1,1,海外
SHP-001269,W-24,FG-0054,2025-08-11,100,100,1,1,西日本
SHP-001270,W-15,FG-0012,2026-02-04,50,50,1,1,西日本
SHP-001271,W-12,FG-0065,2024-03-24,20,20,1,1,東日本
SHP-001272,W-13,FG-0047,2024-12-18,100,100,1,1,北日本
SHP-001273,W-24,FG-0080,2024-12-26,100,100,1,1,西日本
SHP-001274,W-19,FG-0045,2024-10-12,10,10,0,1,東日本
SHP-001275,W-09,FG-0023,2025-11-01,10,10,1,1,海外
SHP-001276,W-12,FG-0010,2024-03-01,50,50,0,1,西日本
SHP-001277,W-22,FG-0027,2025-11-04,20,20,1,1,東日本
SHP-001278,W-04,FG-0032,2025-01-23,10,10,1,1,西日本
SHP-001279,W-20,FG-0058,2025-02-18,20,20,1,1,東日本
SHP-001280,W-05,FG-0043,2025-03-08,20,20,1,1,北日本
SHP-001281,W-10,FG-0049,2026-03-18,100,100,0,1,北日本
SHP-001282,W-03,FG-0059,2025-06-18,100,90,0,0,北日本
SHP-001283,W-16,FG-0063,2025-11-30,10,10,1,1,海外
SHP-001284,W-23,FG-0070,2025-09-05,20,20,1,1,西日本
SHP-001285,W-07,FG-0011,2024-05-09,20,20,0,1,東日本
SHP-001286,W-20,FG-0047,2025-04-17,100,100,1,1,海外
SHP-001287,W-15,FG-0020,2024-08-15,100,73,1,0,西日本
SHP-001288,W-20,FG-0009,2026-03-08,100,100,1,1,北日本
SHP-001289,W-03,FG-0060,2024-04-23,20,20,1,1,海外
SHP-001290,W-12,FG-0042,2025-04-22,50,50,1,1,海外
SHP-001291,W-21,FG-0037,2024-07-11,10,10,1,1,北日本
SHP-001292,W-23,FG-0067,2024-08-14,50,50,1,1,北日本
SHP-001293,W-16,FG-0038,2024-12-23,100,100,1,1,北日本
SHP-001294,W-09,FG-0039,2025-11-06,20,20,1,1,西日本
SHP-001295,W-24,FG-0013,2024-06-24,50,50,1,1,東日本
SHP-001296,W-11,FG-0006,2024-05-04,10,8,1,0,東日本
SHP-001297,W-22,FG-0041,2024-09-17,20,20,1,1,東日本
SHP-001298,W-09,FG-0065,2025-07-23,50,50,1,1,北日本
SHP-001299,W-17,FG-0071,2026-03-09,100,100,1,1,西日本
SHP-001300,W-03,FG-0020,2025-03-06,50,50,1,1,西日本
SHP-001301,W-05,FG-0014,2024-10-29,20,20,1,1,海外
SHP-001302,W-04,FG-0002,2024-04-26,100,100,0,1,西日本
SHP-001303,W-22,FG-0001,2026-03-01,50,50,1,1,北日本
SHP-001304,W-03,FG-0030,2024-05-10,20,20,1,1,海外
SHP-001305,W-18,FG-0037,2026-01-10,50,50,1,1,西日本
SHP-001306,W-01,FG-0013,2024-11-22,20,20,1,1,海外
SHP-001307,W-22,FG-0033,2025-08-20,50,50,0,1,西日本
SHP-001308,W-19,FG-0059,2024-06-24,50,50,1,1,北日本
SHP-001309,W-03,FG-0067,2026-04-02,100,100,1,1,西日本
SHP-001310,W-15,FG-0029,2025-07-04,50,50,1,1,東日本
SHP-001311,W-19,FG-0021,2024-01-10,10,10,1,1,東日本
SHP-001312,W-24,FG-0060,2024-07-28,20,20,1,1,東日本
SHP-001313,W-15,FG-0015,2026-04-21,20,20,1,1,東日本
SHP-001314,W-03,FG-0067,2024-08-23,10,10,1,1,東日本
SHP-001315,W-11,FG-0033,2026-03-17,50,50,1,1,北日本
SHP-001316,W-17,FG-0029,2024-05-24,100,100,1,1,北日本
SHP-001317,W-13,FG-0046,2025-06-18,10,10,1,1,東日本
SHP-001318,W-03,FG-0079,2024-10-04,100,100,1,1,東日本
SHP-001319,W-09,FG-0014,2024-10-25,50,50,1,1,西日本
SHP-001320,W-22,FG-0021,2025-08-18,10,10,1,1,西日本
SHP-001321,W-21,FG-0080,2026-03-29,20,20,1,1,西日本
SHP-001322,W-13,FG-0034,2024-02-18,20,20,1,1,海外
SHP-001323,W-03,FG-0044,2024-09-19,10,10,1,1,西日本
SHP-001324,W-09,FG-0040,2024-07-22,20,20,1,1,北日本
SHP-001325,W-14,FG-0025,2024-06-05,10,10,1,1,北日本
SHP-001326,W-08,FG-0014,2025-06-26,100,100,1,1,西日本
SHP-001327,W-05,FG-0050,2024-05-29,10,10,1,1,北日本
SHP-001328,W-09,FG-0017,2026-01-23,20,20,1,1,東日本
SHP-001329,W-07,FG-0076,2024-02-29,10,10,1,1,西日本
SHP-001330,W-17,FG-0023,2025-02-10,100,100,1,1,西日本
SHP-001331,W-24,FG-0009,2026-03-20,20,20,1,1,西日本
SHP-001332,W-18,FG-0027,2025-07-08,10,10,1,1,東日本
SHP-001333,W-21,FG-0030,2024-09-17,20,20,1,1,海外
SHP-001334,W-02,FG-0002,2024-07-04,10,10,0,1,西日本
SHP-001335,W-05,FG-0052,2025-03-24,20,20,1,1,海外
SHP-001336,W-20,FG-0043,2024-02-15,100,100,1,1,東日本
SHP-001337,W-20,FG-0048,2025-07-25,100,100,1,1,北日本
SHP-001338,W-24,FG-0065,2025-10-15,20,20,1,1,東日本
SHP-001339,W-06,FG-0044,2024-10-29,50,50,1,1,海外
SHP-001340,W-18,FG-0010,2024-03-23,10,10,1,1,東日本
SHP-001341,W-18,FG-0074,2024-03-08,10,10,1,1,西日本
SHP-001342,W-14,FG-0005,2025-06-24,20,20,1,1,西日本
SHP-001343,W-11,FG-0057,2026-02-10,20,20,1,1,海外
SHP-001344,W-12,FG-0073,2024-11-21,20,20,1,1,西日本
SHP-001345,W-15,FG-0032,2024-06-06,50,50,1,1,北日本
SHP-001346,W-20,FG-0037,2024-10-07,10,10,1,1,海外
SHP-001347,W-23,FG-0050,2025-02-02,50,50,1,1,北日本
SHP-001348,W-16,FG-0077,2026-03-30,100,100,1,1,西日本
SHP-001349,W-15,FG-0007,2026-02-09,20,20,1,1,海外
SHP-001350,W-07,FG-0016,2024-05-30,10,10,1,1,北日本
SHP-001351,W-15,FG-0060,2026-02-20,10,10,1,1,東日本
SHP-001352,W-06,FG-0054,2025-03-28,50,50,1,1,東日本
SHP-001353,W-09,FG-0046,2024-03-25,10,10,0,1,西日本
SHP-001354,W-09,FG-0060,2024-01-14,20,20,1,1,西日本
SHP-001355,W-03,FG-0014,2025-10-12,20,20,1,1,東日本
SHP-001356,W-06,FG-0068,2024-07-21,100,100,1,1,北日本
SHP-001357,W-15,FG-0080,2024-01-12,10,10,1,1,西日本
SHP-001358,W-14,FG-0044,2025-11-01,100,77,1,0,西日本
SHP-001359,W-16,FG-0002,2025-10-07,20,20,1,1,海外
SHP-001360,W-18,FG-0025,2026-03-30,20,20,1,1,北日本
SHP-001361,W-11,FG-0047,2025-03-12,50,50,1,1,北日本
SHP-001362,W-10,FG-0069,2024-06-08,50,50,1,1,西日本
SHP-001363,W-11,FG-0076,2025-05-13,10,10,0,1,東日本
SHP-001364,W-14,FG-0015,2024-09-14,20,20,1,1,西日本
SHP-001365,W-16,FG-0061,2024-07-04,100,100,1,1,西日本
SHP-001366,W-18,FG-0013,2024-02-28,20,20,1,1,東日本
SHP-001367,W-17,FG-0048,2024-02-07,10,10,1,1,西日本
SHP-001368,W-12,FG-0005,2025-08-31,50,50,1,1,北日本
SHP-001369,W-02,FG-0021,2025-04-19,100,100,0,1,西日本
SHP-001370,W-22,FG-0018,2024-01-14,20,20,1,1,西日本
SHP-001371,W-24,FG-0019,2025-09-20,100,100,1,1,西日本
SHP-001372,W-20,FG-0070,2024-06-21,10,10,1,1,海外
SHP-001373,W-19,FG-0025,2025-03-25,50,50,1,1,西日本
SHP-001374,W-15,FG-0011,2024-05-04,10,8,1,0,北日本
SHP-001375,W-05,FG-0052,2026-02-01,50,50,1,1,北日本
SHP-001376,W-15,FG-0040,2024-05-25,50,50,1,1,西日本
SHP-001377,W-11,FG-0037,2025-12-07,20,20,1,1,東日本
SHP-001378,W-21,FG-0008,2025-06-12,50,50,1,1,海外
SHP-001379,W-14,FG-0010,2024-04-22,100,89,1,0,北日本
SHP-001380,W-18,FG-0032,2024-04-11,50,50,1,1,西日本
SHP-001381,W-15,FG-0035,2026-01-29,10,10,1,1,西日本
SHP-001382,W-04,FG-0039,2025-04-26,10,10,1,1,海外
SHP-001383,W-09,FG-0005,2024-02-23,10,10,1,1,東日本
SHP-001384,W-20,FG-0026,2026-01-03,50,50,1,1,海外
SHP-001385,W-18,FG-0035,2024-01-19,50,46,1,0,海外
SHP-001386,W-14,FG-0061,2025-02-03,100,100,1,1,北日本
SHP-001387,W-04,FG-0052,2025-06-30,50,50,1,1,海外
SHP-001388,W-21,FG-0056,2025-12-08,100,100,1,1,北日本
SHP-001389,W-14,FG-0061,2025-03-04,20,20,1,1,東日本
SHP-001390,W-03,FG-0031,2025-08-25,20,16,1,0,西日本
SHP-001391,W-24,FG-0002,2025-12-12,20,20,1,1,北日本
SHP-001392,W-09,FG-0045,2025-04-17,100,100,1,1,海外
SHP-001393,W-23,FG-0004,2025-12-30,10,10,0,1,北日本
SHP-001394,W-13,FG-0075,2025-04-26,50,50,1,1,海外
SHP-001395,W-15,FG-0020,2025-10-10,20,20,1,1,北日本
SHP-001396,W-09,FG-0075,2024-08-22,50,50,1,1,西日本
SHP-001397,W-03,FG-0077,2026-04-28,100,100,1,1,西日本
SHP-001398,W-13,FG-0013,2025-05-31,50,39,1,0,東日本
SHP-001399,W-02,FG-0064,2026-04-09,50,50,1,1,海外
SHP-001400,W-08,FG-0074,2025-11-03,20,20,1,1,西日本
SHP-001401,W-19,FG-0075,2024-04-14,50,50,1,1,北日本
SHP-001402,W-20,FG-0005,2025-07-22,50,50,1,1,西日本
SHP-001403,W-18,FG-0064,2024-01-29,10,10,1,1,北日本
SHP-001404,W-16,FG-0079,2026-02-01,50,50,1,1,北日本
SHP-001405,W-15,FG-0070,2024-01-04,50,50,1,1,海外
SHP-001406,W-23,FG-0005,2024-03-13,50,50,1,1,西日本
SHP-001407,W-05,FG-0011,2024-12-01,50,38,0,0,海外
SHP-001408,W-11,FG-0046,2024-04-03,10,10,1,1,北日本
SHP-001409,W-16,FG-0050,2025-04-01,10,9,1,0,海外
SHP-001410,W-11,FG-0060,2025-08-15,20,20,1,1,北日本
SHP-001411,W-01,FG-0024,2025-02-22,100,100,1,1,海外
SHP-001412,W-11,FG-0066,2026-04-16,50,50,1,1,海外
SHP-001413,W-13,FG-0067,2025-02-07,20,20,1,1,西日本
SHP-001414,W-06,FG-0031,2025-06-30,20,20,0,1,海外
SHP-001415,W-12,FG-0034,2025-06-13,100,100,1,1,西日本
SHP-001416,W-06,FG-0049,2024-07-13,50,38,1,0,西日本
SHP-001417,W-12,FG-0036,2024-12-29,100,100,1,1,東日本
SHP-001418,W-12,FG-0063,2025-12-25,100,100,1,1,北日本
SHP-001419,W-22,FG-0054,2025-05-22,50,50,1,1,北日本
SHP-001420,W-11,FG-0080,2025-09-26,20,20,1,1,北日本
SHP-001421,W-18,FG-0067,2024-12-16,10,9,1,0,海外
SHP-001422,W-22,FG-0079,2026-03-10,10,8,1,0,海外
SHP-001423,W-10,FG-0054,2024-06-14,50,50,1,1,西日本
SHP-001424,W-09,FG-0072,2025-10-18,50,50,0,1,北日本
SHP-001425,W-01,FG-0037,2026-04-22,100,100,1,1,海外
SHP-001426,W-01,FG-0024,2024-09-03,50,50,1,1,北日本
SHP-001427,W-20,FG-0037,2024-04-13,50,50,1,1,東日本
SHP-001428,W-05,FG-0027,2024-05-13,50,50,1,1,東日本
SHP-001429,W-20,FG-0016,2025-09-26,10,10,1,1,北日本
SHP-001430,W-09,FG-0032,2024-03-27,20,20,0,1,東日本
SHP-001431,W-22,FG-0078,2024-02-01,50,50,1,1,東日本
SHP-001432,W-09,FG-0021,2026-02-15,100,100,1,1,東日本
SHP-001433,W-08,FG-0077,2025-11-06,100,100,1,1,海外
SHP-001434,W-17,FG-0030,2026-01-25,10,10,1,1,北日本
SHP-001435,W-09,FG-0034,2024-02-14,100,100,1,1,西日本
SHP-001436,W-18,FG-0030,2025-04-23,100,100,1,1,海外
SHP-001437,W-07,FG-0067,2024-12-12,10,8,1,0,北日本
SHP-001438,W-07,FG-0018,2026-02-09,100,100,1,1,海外
SHP-001439,W-02,FG-0024,2026-01-16,100,100,1,1,北日本
SHP-001440,W-06,FG-0003,2025-07-21,20,20,0,1,海外
SHP-001441,W-07,FG-0027,2026-01-15,100,100,1,1,東日本
SHP-001442,W-22,FG-0018,2025-06-09,100,100,1,1,北日本
SHP-001443,W-06,FG-0080,2025-10-26,20,20,0,1,東日本
SHP-001444,W-23,FG-0072,2024-08-11,100,100,1,1,東日本
SHP-001445,W-22,FG-0070,2025-12-18,50,50,1,1,東日本
SHP-001446,W-04,FG-0020,2024-01-02,100,100,1,1,西日本
SHP-001447,W-12,FG-0030,2025-05-27,100,100,1,1,北日本
SHP-001448,W-13,FG-0033,2025-05-14,50,50,1,1,北日本
SHP-001449,W-18,FG-0019,2024-05-31,50,50,1,1,海外
SHP-001450,W-15,FG-0066,2024-12-23,50,50,1,1,北日本
SHP-001451,W-16,FG-0006,2024-05-11,100,100,1,1,北日本
SHP-001452,W-19,FG-0043,2024-12-28,50,50,1,1,東日本
SHP-001453,W-12,FG-0029,2024-01-15,20,20,1,1,海外
SHP-001454,W-04,FG-0063,2024-08-04,100,100,1,1,東日本
SHP-001455,W-09,FG-0050,2026-02-15,100,100,1,1,海外
SHP-001456,W-18,FG-0066,2024-10-24,50,50,1,1,海外
SHP-001457,W-09,FG-0013,2025-03-11,50,50,1,1,海外
SHP-001458,W-04,FG-0021,2024-08-01,10,10,1,1,東日本
SHP-001459,W-11,FG-0014,2024-09-17,50,50,1,1,北日本
SHP-001460,W-15,FG-0045,2024-09-26,100,100,1,1,北日本
SHP-001461,W-01,FG-0007,2025-09-08,50,50,1,1,東日本
SHP-001462,W-01,FG-0011,2025-05-18,50,50,1,1,東日本
SHP-001463,W-01,FG-0034,2025-02-02,50,50,1,1,東日本
SHP-001464,W-22,FG-0020,2024-07-18,50,50,1,1,西日本
SHP-001465,W-16,FG-0078,2024-01-22,10,10,1,1,海外
SHP-001466,W-08,FG-0003,2024-07-02,20,20,1,1,東日本
SHP-001467,W-19,FG-0071,2025-04-14,20,20,1,1,東日本
SHP-001468,W-08,FG-0013,2025-08-11,20,20,1,1,西日本
SHP-001469,W-19,FG-0022,2024-07-15,20,20,1,1,東日本
SHP-001470,W-16,FG-0019,2024-04-10,50,50,1,1,西日本
SHP-001471,W-20,FG-0006,2024-10-05,100,100,1,1,東日本
SHP-001472,W-13,FG-0063,2024-06-24,100,100,1,1,西日本
SHP-001473,W-16,FG-0060,2026-04-10,50,50,1,1,東日本
SHP-001474,W-20,FG-0045,2025-12-23,10,10,1,1,西日本
SHP-001475,W-08,FG-0048,2025-12-13,10,10,1,1,西日本
SHP-001476,W-02,FG-0024,2026-03-05,10,10,1,1,海外
SHP-001477,W-21,FG-0075,2025-02-14,20,20,1,1,北日本
SHP-001478,W-16,FG-0007,2025-12-16,10,10,1,1,東日本
SHP-001479,W-13,FG-0024,2024-06-16,20,20,1,1,東日本
SHP-001480,W-13,FG-0032,2025-07-12,100,62,0,0,東日本
SHP-001481,W-11,FG-0036,2024-02-09,20,20,1,1,東日本
SHP-001482,W-19,FG-0032,2024-12-13,50,50,1,1,北日本
SHP-001483,W-06,FG-0063,2024-08-04,20,20,1,1,海外
SHP-001484,W-13,FG-0019,2026-04-25,100,100,1,1,西日本
SHP-001485,W-23,FG-0044,2024-02-11,50,50,1,1,東日本
SHP-001486,W-17,FG-0054,2024-08-24,10,10,0,1,東日本
SHP-001487,W-21,FG-0020,2025-01-27,50,50,1,1,北日本
SHP-001488,W-11,FG-0019,2025-04-28,50,50,0,1,西日本
SHP-001489,W-07,FG-0016,2026-04-14,50,50,1,1,東日本
SHP-001490,W-13,FG-0075,2025-07-29,10,10,1,1,北日本
SHP-001491,W-06,FG-0058,2025-12-01,100,100,1,1,北日本
SHP-001492,W-05,FG-0051,2025-10-01,100,100,1,1,北日本
SHP-001493,W-07,FG-0022,2025-09-16,20,20,1,1,海外
SHP-001494,W-18,FG-0050,2025-02-04,100,100,1,1,北日本
SHP-001495,W-21,FG-0024,2024-01-06,20,14,1,0,東日本
SHP-001496,W-23,FG-0030,2024-11-22,20,20,1,1,西日本
SHP-001497,W-14,FG-0027,2024-06-26,10,10,0,1,東日本
SHP-001498,W-23,FG-0066,2025-12-06,100,100,1,1,海外
SHP-001499,W-15,FG-0064,2024-04-01,50,50,1,1,西日本
SHP-001500,W-05,FG-0007,2024-04-03,20,20,0,1,海外
SHP-001501,W-04,FG-0012,2026-01-04,50,50,0,1,西日本
SHP-001502,W-02,FG-0058,2025-12-12,50,50,1,1,東日本
SHP-001503,W-18,FG-0064,2024-11-08,10,10,1,1,東日本
SHP-001504,W-24,FG-0044,2024-10-19,20,20,1,1,東日本
SHP-001505,W-05,FG-0061,2025-08-01,20,20,1,1,西日本
SHP-001506,W-10,FG-0034,2026-01-08,100,100,0,1,海外
SHP-001507,W-10,FG-0051,2025-06-26,100,68,1,0,海外
SHP-001508,W-13,FG-0022,2025-04-14,10,10,1,1,東日本
SHP-001509,W-06,FG-0017,2025-03-27,50,50,1,1,海外
SHP-001510,W-13,FG-0015,2024-04-24,10,8,1,0,西日本
SHP-001511,W-08,FG-0064,2025-09-22,20,17,1,0,北日本
SHP-001512,W-06,FG-0003,2024-12-28,50,50,1,1,西日本
SHP-001513,W-05,FG-0071,2026-04-02,100,100,1,1,北日本
SHP-001514,W-09,FG-0031,2024-06-12,100,100,1,1,東日本
SHP-001515,W-18,FG-0056,2026-04-26,20,20,1,1,西日本
SHP-001516,W-13,FG-0045,2025-01-26,10,10,1,1,北日本
SHP-001517,W-02,FG-0028,2025-01-22,10,8,1,0,北日本
SHP-001518,W-24,FG-0077,2025-10-18,100,100,1,1,北日本
SHP-001519,W-20,FG-0029,2024-01-15,50,50,1,1,海外
SHP-001520,W-22,FG-0044,2025-09-16,10,10,1,1,北日本
SHP-001521,W-05,FG-0031,2026-02-11,20,20,1,1,西日本
SHP-001522,W-22,FG-0057,2025-02-21,50,50,1,1,海外
SHP-001523,W-03,FG-0008,2025-10-12,50,50,1,1,東日本
SHP-001524,W-15,FG-0007,2025-05-10,20,20,1,1,北日本
SHP-001525,W-13,FG-0063,2025-03-06,50,50,1,1,東日本
SHP-001526,W-18,FG-0024,2024-05-28,10,10,1,1,西日本
SHP-001527,W-01,FG-0075,2025-09-28,20,20,1,1,西日本
SHP-001528,W-21,FG-0066,2024-06-06,50,50,1,1,東日本
SHP-001529,W-15,FG-0076,2025-06-23,20,20,1,1,北日本
SHP-001530,W-24,FG-0079,2025-02-20,100,100,0,1,北日本
SHP-001531,W-14,FG-0043,2025-08-17,20,20,1,1,東日本
SHP-001532,W-09,FG-0047,2024-09-14,100,100,1,1,北日本
SHP-001533,W-08,FG-0003,2025-05-02,10,7,1,0,東日本
SHP-001534,W-14,FG-0021,2024-08-06,100,100,0,1,北日本
SHP-001535,W-24,FG-0063,2025-12-13,20,20,1,1,北日本
SHP-001536,W-06,FG-0009,2024-11-09,50,50,1,1,東日本
SHP-001537,W-11,FG-0069,2024-06-04,100,100,1,1,北日本
SHP-001538,W-24,FG-0009,2025-08-06,100,100,1,1,北日本
SHP-001539,W-09,FG-0028,2025-10-15,10,10,1,1,海外
SHP-001540,W-04,FG-0001,2026-04-11,100,100,1,1,北日本
SHP-001541,W-13,FG-0001,2025-06-18,100,100,1,1,海外
SHP-001542,W-23,FG-0057,2025-09-27,10,8,1,0,海外
SHP-001543,W-07,FG-0069,2024-12-20,20,20,1,1,東日本
SHP-001544,W-17,FG-0035,2025-03-07,100,100,1,1,西日本
SHP-001545,W-11,FG-0034,2025-08-08,50,50,1,1,東日本
SHP-001546,W-09,FG-0021,2025-07-08,20,20,1,1,西日本
SHP-001547,W-06,FG-0004,2026-01-18,20,15,1,0,西日本
SHP-001548,W-17,FG-0053,2025-07-07,100,100,1,1,西日本
SHP-001549,W-02,FG-0027,2025-01-02,20,20,1,1,西日本
SHP-001550,W-05,FG-0034,2024-06-11,20,16,1,0,西日本
SHP-001551,W-24,FG-0050,2025-05-13,50,50,1,1,北日本
SHP-001552,W-13,FG-0075,2024-12-07,20,20,0,1,北日本
SHP-001553,W-02,FG-0010,2025-11-20,20,20,1,1,東日本
SHP-001554,W-15,FG-0024,2025-04-02,10,10,1,1,西日本
SHP-001555,W-07,FG-0023,2024-12-24,100,100,1,1,東日本
SHP-001556,W-22,FG-0049,2025-01-15,10,10,1,1,北日本
SHP-001557,W-07,FG-0050,2025-03-08,10,10,1,1,東日本
SHP-001558,W-01,FG-0022,2026-02-09,50,50,1,1,海外
SHP-001559,W-20,FG-0036,2024-08-25,50,50,1,1,北日本
SHP-001560,W-13,FG-0039,2024-06-25,20,16,0,0,西日本
SHP-001561,W-04,FG-0028,2026-01-10,50,50,1,1,東日本
SHP-001562,W-21,FG-0053,2024-07-06,100,100,1,1,東日本
SHP-001563,W-08,FG-0049,2026-04-25,100,100,1,1,北日本
SHP-001564,W-05,FG-0056,2025-09-20,100,100,1,1,東日本
SHP-001565,W-10,FG-0031,2024-06-22,20,20,1,1,西日本
SHP-001566,W-19,FG-0066,2024-05-14,10,10,1,1,西日本
SHP-001567,W-04,FG-0007,2025-08-03,10,8,1,0,海外
SHP-001568,W-07,FG-0029,2024-12-12,50,50,1,1,海外
SHP-001569,W-08,FG-0062,2025-06-01,20,20,1,1,海外
SHP-001570,W-01,FG-0035,2025-06-20,50,50,1,1,北日本
SHP-001571,W-22,FG-0074,2024-04-03,50,50,1,1,北日本
SHP-001572,W-11,FG-0079,2026-04-13,50,50,1,1,北日本
SHP-001573,W-02,FG-0001,2024-06-25,20,20,1,1,北日本
SHP-001574,W-18,FG-0022,2024-03-20,20,20,1,1,海外
SHP-001575,W-24,FG-0010,2024-10-14,100,100,1,1,西日本
SHP-001576,W-19,FG-0020,2025-09-07,20,20,1,1,海外
SHP-001577,W-19,FG-0072,2025-03-28,10,10,0,1,北日本
SHP-001578,W-01,FG-0056,2024-03-05,100,61,1,0,西日本
SHP-001579,W-10,FG-0044,2026-04-24,10,7,1,0,北日本
SHP-001580,W-15,FG-0077,2024-09-29,50,50,0,1,北日本
SHP-001581,W-04,FG-0046,2025-01-07,100,100,1,1,北日本
SHP-001582,W-21,FG-0029,2025-11-07,100,78,1,0,西日本
SHP-001583,W-03,FG-0031,2025-11-01,100,100,1,1,北日本
SHP-001584,W-23,FG-0007,2024-05-26,10,8,1,0,北日本
SHP-001585,W-16,FG-0017,2024-09-07,20,12,1,0,東日本
SHP-001586,W-15,FG-0072,2025-03-18,100,100,1,1,海外
SHP-001587,W-10,FG-0016,2025-06-07,20,20,1,1,海外
SHP-001588,W-11,FG-0015,2024-07-17,20,16,1,0,北日本
SHP-001589,W-14,FG-0037,2026-04-06,20,20,1,1,海外
SHP-001590,W-20,FG-0044,2024-09-29,10,10,0,1,北日本
SHP-001591,W-18,FG-0022,2025-09-20,50,36,1,0,西日本
SHP-001592,W-11,FG-0017,2024-07-26,20,20,1,1,海外
SHP-001593,W-11,FG-0008,2025-01-21,10,10,0,1,海外
SHP-001594,W-10,FG-0059,2025-09-16,10,10,1,1,北日本
SHP-001595,W-12,FG-0059,2025-03-20,20,20,1,1,海外
SHP-001596,W-03,FG-0005,2024-07-18,20,20,1,1,北日本
SHP-001597,W-15,FG-0008,2024-07-01,10,10,1,1,東日本
SHP-001598,W-22,FG-0013,2026-04-26,50,50,1,1,海外
SHP-001599,W-10,FG-0007,2024-09-28,20,20,1,1,北日本
SHP-001600,W-11,FG-0016,2026-04-17,50,50,1,1,北日本
SHP-001601,W-04,FG-0011,2025-02-21,10,10,1,1,西日本
SHP-001602,W-23,FG-0040,2025-04-16,100,100,1,1,海外
SHP-001603,W-07,FG-0036,2026-04-10,10,10,1,1,東日本
SHP-001604,W-23,FG-0032,2025-04-03,10,10,1,1,西日本
SHP-001605,W-02,FG-0062,2024-04-05,20,20,1,1,北日本
SHP-001606,W-03,FG-0009,2024-10-13,20,15,1,0,海外
SHP-001607,W-07,FG-0022,2024-06-29,100,100,1,1,東日本
SHP-001608,W-19,FG-0030,2026-03-31,20,20,1,1,北日本
SHP-001609,W-11,FG-0037,2024-05-26,100,100,1,1,西日本
SHP-001610,W-01,FG-0014,2025-07-20,50,50,1,1,北日本
SHP-001611,W-13,FG-0040,2025-05-14,50,50,1,1,東日本
SHP-001612,W-19,FG-0064,2025-06-30,50,50,1,1,北日本
SHP-001613,W-24,FG-0011,2024-01-05,50,50,1,1,海外
SHP-001614,W-12,FG-0069,2024-06-07,100,100,1,1,西日本
SHP-001615,W-13,FG-0043,2024-04-26,50,50,1,1,北日本
SHP-001616,W-15,FG-0021,2024-01-14,10,6,1,0,海外
SHP-001617,W-16,FG-0006,2025-03-26,100,100,1,1,西日本
SHP-001618,W-09,FG-0042,2025-01-16,10,10,1,1,西日本
SHP-001619,W-13,FG-0058,2024-12-03,100,100,1,1,北日本
SHP-001620,W-16,FG-0043,2026-04-15,10,10,1,1,東日本
SHP-001621,W-23,FG-0048,2026-02-03,100,61,1,0,西日本
SHP-001622,W-22,FG-0067,2024-08-20,100,100,1,1,西日本
SHP-001623,W-15,FG-0006,2024-10-08,20,20,1,1,東日本
SHP-001624,W-21,FG-0059,2025-01-02,20,18,1,0,北日本
SHP-001625,W-13,FG-0018,2025-04-10,50,50,1,1,北日本
SHP-001626,W-09,FG-0046,2024-07-09,10,10,1,1,北日本
SHP-001627,W-20,FG-0074,2025-09-10,20,20,1,1,海外
SHP-001628,W-11,FG-0031,2024-08-20,100,100,1,1,西日本
SHP-001629,W-14,FG-0011,2025-03-19,10,9,1,0,海外
SHP-001630,W-23,FG-0064,2024-11-15,10,10,1,1,西日本
SHP-001631,W-15,FG-0074,2025-05-22,100,100,1,1,東日本
SHP-001632,W-23,FG-0026,2025-03-01,10,10,0,1,北日本
SHP-001633,W-17,FG-0046,2025-02-09,10,10,1,1,東日本
SHP-001634,W-23,FG-0079,2025-08-19,20,20,1,1,北日本
SHP-001635,W-06,FG-0063,2024-04-15,100,100,1,1,東日本
SHP-001636,W-09,FG-0048,2025-11-09,50,50,1,1,西日本
SHP-001637,W-11,FG-0074,2024-03-15,50,50,0,1,西日本
SHP-001638,W-04,FG-0072,2026-02-12,50,50,1,1,西日本
SHP-001639,W-03,FG-0070,2026-02-19,50,50,1,1,北日本
SHP-001640,W-04,FG-0056,2024-07-20,20,20,1,1,東日本
SHP-001641,W-04,FG-0069,2025-02-03,100,100,0,1,西日本
SHP-001642,W-22,FG-0065,2025-06-29,20,20,0,1,西日本
SHP-001643,W-24,FG-0050,2024-06-26,20,20,1,1,東日本
SHP-001644,W-08,FG-0031,2025-02-13,20,20,1,1,北日本
SHP-001645,W-16,FG-0007,2025-02-09,100,100,1,1,北日本
SHP-001646,W-03,FG-0051,2026-03-05,10,10,1,1,東日本
SHP-001647,W-20,FG-0024,2025-10-21,50,50,1,1,西日本
SHP-001648,W-24,FG-0015,2024-02-02,10,8,1,0,北日本
SHP-001649,W-06,FG-0036,2025-02-19,100,100,1,1,西日本
SHP-001650,W-07,FG-0021,2025-03-08,50,50,0,1,海外
SHP-001651,W-17,FG-0015,2024-12-27,50,50,1,1,西日本
SHP-001652,W-03,FG-0058,2026-03-21,50,50,1,1,北日本
SHP-001653,W-06,FG-0013,2024-03-18,10,10,0,1,北日本
SHP-001654,W-22,FG-0007,2024-03-27,100,100,0,1,東日本
SHP-001655,W-20,FG-0026,2026-02-07,10,10,1,1,東日本
SHP-001656,W-13,FG-0067,2025-07-03,100,100,1,1,海外
SHP-001657,W-09,FG-0055,2024-02-26,20,20,1,1,海外
SHP-001658,W-05,FG-0058,2025-09-22,20,20,0,1,東日本
SHP-001659,W-13,FG-0058,2025-07-21,50,50,1,1,海外
SHP-001660,W-17,FG-0031,2026-03-16,50,50,1,1,北日本
SHP-001661,W-24,FG-0058,2024-11-06,10,10,1,1,西日本
SHP-001662,W-07,FG-0058,2025-03-29,100,100,0,1,海外
SHP-001663,W-04,FG-0023,2024-04-29,50,50,1,1,北日本
SHP-001664,W-14,FG-0062,2025-04-25,100,100,1,1,海外
SHP-001665,W-11,FG-0053,2025-09-02,100,100,1,1,海外
SHP-001666,W-17,FG-0049,2024-02-06,50,50,1,1,北日本
SHP-001667,W-12,FG-0015,2025-09-22,100,100,1,1,東日本
SHP-001668,W-10,FG-0017,2024-02-22,20,13,1,0,西日本
SHP-001669,W-17,FG-0003,2025-03-22,100,100,0,1,海外
SHP-001670,W-02,FG-0027,2024-07-29,50,50,1,1,西日本
SHP-001671,W-06,FG-0077,2025-03-28,100,100,1,1,海外
SHP-001672,W-06,FG-0023,2025-01-28,20,20,0,1,西日本
SHP-001673,W-17,FG-0063,2026-02-11,50,50,1,1,海外
SHP-001674,W-10,FG-0011,2025-01-26,10,10,1,1,海外
SHP-001675,W-15,FG-0009,2024-05-17,50,50,1,1,北日本
SHP-001676,W-16,FG-0048,2024-04-24,20,20,1,1,北日本
SHP-001677,W-04,FG-0061,2024-09-20,100,100,1,1,海外
SHP-001678,W-24,FG-0049,2024-07-15,50,50,1,1,西日本
SHP-001679,W-17,FG-0024,2024-08-08,20,20,0,1,海外
SHP-001680,W-07,FG-0019,2024-01-04,20,20,0,1,海外
SHP-001681,W-20,FG-0006,2025-10-13,20,20,1,1,北日本
SHP-001682,W-23,FG-0034,2025-08-15,20,20,1,1,西日本
SHP-001683,W-01,FG-0002,2025-03-08,100,100,1,1,東日本
SHP-001684,W-16,FG-0050,2025-11-03,50,50,1,1,西日本
SHP-001685,W-05,FG-0059,2024-05-27,50,50,1,1,西日本
SHP-001686,W-16,FG-0019,2024-06-04,50,50,1,1,北日本
SHP-001687,W-22,FG-0034,2025-07-06,100,100,1,1,西日本
SHP-001688,W-06,FG-0071,2025-11-28,50,50,1,1,西日本
SHP-001689,W-14,FG-0075,2024-09-20,20,20,1,1,北日本
SHP-001690,W-04,FG-0010,2025-11-15,20,20,0,1,西日本
SHP-001691,W-17,FG-0071,2026-03-28,10,10,1,1,北日本
SHP-001692,W-14,FG-0042,2025-12-25,10,10,1,1,海外
SHP-001693,W-14,FG-0032,2025-05-08,20,20,1,1,北日本
SHP-001694,W-04,FG-0021,2025-10-03,100,100,1,1,北日本
SHP-001695,W-21,FG-0055,2024-03-24,100,100,1,1,西日本
SHP-001696,W-24,FG-0068,2024-04-28,50,50,1,1,西日本
SHP-001697,W-21,FG-0029,2026-02-03,10,10,1,1,西日本
SHP-001698,W-02,FG-0027,2025-04-20,100,100,1,1,海外
SHP-001699,W-01,FG-0018,2024-11-13,50,50,1,1,西日本
SHP-001700,W-09,FG-0047,2026-02-19,10,10,1,1,西日本
SHP-001701,W-11,FG-0031,2024-03-12,20,20,1,1,西日本
SHP-001702,W-03,FG-0001,2025-03-23,100,100,1,1,海外
SHP-001703,W-13,FG-0022,2025-04-27,20,17,1,0,東日本
SHP-001704,W-16,FG-0034,2024-08-02,10,10,1,1,東日本
SHP-001705,W-22,FG-0066,2026-04-25,100,100,1,1,東日本
SHP-001706,W-18,FG-0063,2025-05-28,100,100,1,1,東日本
SHP-001707,W-11,FG-0051,2025-10-08,50,50,1,1,西日本
SHP-001708,W-01,FG-0065,2025-11-23,20,20,1,1,西日本
SHP-001709,W-06,FG-0079,2025-08-07,10,10,1,1,北日本
SHP-001710,W-21,FG-0050,2025-01-27,20,20,1,1,北日本
SHP-001711,W-21,FG-0056,2024-07-23,20,20,1,1,北日本
SHP-001712,W-06,FG-0032,2024-10-07,50,50,1,1,西日本
SHP-001713,W-23,FG-0035,2026-03-29,10,10,1,1,西日本
SHP-001714,W-11,FG-0017,2025-07-25,50,50,1,1,海外
SHP-001715,W-18,FG-0042,2024-06-06,10,10,1,1,北日本
SHP-001716,W-12,FG-0027,2024-10-20,20,20,1,1,西日本
SHP-001717,W-14,FG-0023,2025-03-06,50,50,1,1,海外
SHP-001718,W-07,FG-0008,2024-02-20,50,50,1,1,東日本
SHP-001719,W-13,FG-0060,2026-02-11,50,50,0,1,東日本
SHP-001720,W-14,FG-0038,2024-06-09,10,10,0,1,北日本
SHP-001721,W-03,FG-0032,2024-05-10,10,10,1,1,海外
SHP-001722,W-09,FG-0061,2025-11-08,10,10,1,1,西日本
SHP-001723,W-02,FG-0040,2024-03-20,100,100,0,1,西日本
SHP-001724,W-20,FG-0078,2025-08-07,20,20,0,1,海外
SHP-001725,W-09,FG-0038,2024-07-18,10,10,1,1,東日本
SHP-001726,W-17,FG-0049,2024-04-16,50,39,1,0,海外
SHP-001727,W-22,FG-0041,2024-08-08,20,20,1,1,西日本
SHP-001728,W-15,FG-0063,2024-07-21,100,100,0,1,西日本
SHP-001729,W-14,FG-0003,2025-03-20,100,100,1,1,海外
SHP-001730,W-11,FG-0046,2024-06-01,50,50,1,1,海外
SHP-001731,W-02,FG-0034,2026-02-19,100,100,1,1,海外
SHP-001732,W-03,FG-0062,2024-09-25,50,50,1,1,東日本
SHP-001733,W-02,FG-0030,2025-12-10,50,36,1,0,東日本
SHP-001734,W-07,FG-0034,2026-02-21,100,100,1,1,西日本
SHP-001735,W-15,FG-0032,2024-08-02,50,50,0,1,海外
SHP-001736,W-09,FG-0004,2025-08-13,100,100,1,1,東日本
SHP-001737,W-18,FG-0045,2026-04-17,50,50,1,1,西日本
SHP-001738,W-20,FG-0053,2026-01-14,20,20,1,1,北日本
SHP-001739,W-05,FG-0076,2024-08-09,50,50,1,1,海外
SHP-001740,W-16,FG-0061,2024-01-08,100,100,1,1,東日本
SHP-001741,W-14,FG-0031,2026-04-10,10,10,1,1,西日本
SHP-001742,W-04,FG-0028,2024-05-03,20,20,1,1,北日本
SHP-001743,W-17,FG-0056,2024-01-07,50,50,1,1,北日本
SHP-001744,W-19,FG-0063,2025-01-07,50,50,0,1,東日本
SHP-001745,W-06,FG-0056,2026-04-16,50,50,1,1,西日本
SHP-001746,W-19,FG-0010,2025-09-19,10,6,1,0,海外
SHP-001747,W-02,FG-0019,2024-04-26,10,10,1,1,海外
SHP-001748,W-10,FG-0017,2024-04-05,10,10,1,1,西日本
SHP-001749,W-08,FG-0076,2024-04-16,50,34,1,0,西日本
SHP-001750,W-02,FG-0017,2025-11-05,10,10,1,1,東日本
SHP-006126,W-15,FG-0080,2024-06-13,20,20,1,1,北日本
SHP-006127,W-21,FG-0031,2026-01-26,50,50,1,1,西日本
SHP-006128,W-11,FG-0037,2025-04-24,10,6,1,0,西日本
SHP-006129,W-12,FG-0046,2025-11-29,50,50,1,1,北日本
SHP-006130,W-20,FG-0031,2024-03-23,10,10,0,1,西日本
SHP-006131,W-15,FG-0034,2025-12-21,10,7,1,0,西日本
SHP-006132,W-24,FG-0058,2024-11-21,10,10,1,1,西日本
SHP-006133,W-10,FG-0015,2025-06-14,10,10,1,1,海外
SHP-006134,W-04,FG-0048,2025-09-24,50,50,1,1,北日本
SHP-006135,W-15,FG-0039,2026-04-26,10,10,1,1,北日本
SHP-006136,W-01,FG-0072,2024-11-01,100,100,1,1,海外
SHP-006137,W-03,FG-0080,2024-04-08,100,100,1,1,北日本
SHP-006138,W-22,FG-0029,2025-11-23,50,31,1,0,西日本
SHP-006139,W-08,FG-0033,2025-02-28,50,50,1,1,東日本
SHP-006140,W-08,FG-0048,2026-01-26,50,50,1,1,北日本
SHP-006141,W-07,FG-0039,2025-08-27,10,10,1,1,北日本
SHP-006142,W-01,FG-0048,2024-09-11,10,10,1,1,北日本
SHP-006143,W-07,FG-0040,2025-11-02,10,10,1,1,北日本
SHP-006144,W-20,FG-0067,2024-07-25,10,10,1,1,東日本
SHP-006145,W-21,FG-0001,2024-06-16,20,20,1,1,海外
SHP-006146,W-15,FG-0019,2025-08-25,10,10,1,1,西日本
SHP-006147,W-03,FG-0078,2024-10-24,20,20,1,1,西日本
SHP-006148,W-15,FG-0060,2024-08-04,10,10,0,1,北日本
SHP-006149,W-09,FG-0079,2025-10-04,50,35,1,0,西日本
SHP-006150,W-21,FG-0060,2025-02-25,50,50,0,1,海外
SHP-006151,W-21,FG-0058,2025-01-15,10,10,1,1,西日本
SHP-006152,W-22,FG-0044,2026-02-11,20,20,1,1,東日本
SHP-006153,W-13,FG-0051,2024-03-23,50,50,1,1,西日本
SHP-006154,W-16,FG-0070,2024-06-10,10,10,0,1,海外
SHP-006155,W-18,FG-0030,2026-01-15,100,100,1,1,東日本
SHP-006156,W-17,FG-0036,2025-05-30,10,10,1,1,海外
SHP-006157,W-04,FG-0021,2025-11-08,20,20,1,1,東日本
SHP-006158,W-21,FG-0036,2025-09-07,50,50,1,1,東日本
SHP-006159,W-05,FG-0060,2026-01-05,100,100,1,1,東日本
SHP-006160,W-19,FG-0049,2024-11-02,100,100,1,1,海外
SHP-006161,W-17,FG-0065,2024-11-18,100,67,1,0,東日本
SHP-006162,W-03,FG-0036,2025-09-18,20,20,1,1,海外
SHP-006163,W-08,FG-0016,2024-05-22,20,20,1,1,海外
SHP-006164,W-13,FG-0078,2026-02-02,50,50,0,1,海外
SHP-006165,W-01,FG-0038,2024-03-09,20,20,1,1,海外
SHP-006166,W-24,FG-0051,2025-12-21,100,100,1,1,東日本
SHP-006167,W-19,FG-0063,2024-01-25,20,20,1,1,西日本
SHP-006168,W-20,FG-0038,2025-11-22,10,10,1,1,海外
SHP-006169,W-14,FG-0062,2025-11-27,10,10,0,1,北日本
SHP-006170,W-19,FG-0056,2025-12-28,100,100,1,1,西日本
SHP-006171,W-11,FG-0061,2025-08-03,20,20,1,1,西日本
SHP-006172,W-18,FG-0046,2025-04-06,10,10,1,1,北日本
SHP-006173,W-15,FG-0021,2024-09-24,10,10,0,1,東日本
SHP-006174,W-20,FG-0006,2025-09-21,20,20,1,1,東日本
SHP-006175,W-10,FG-0041,2025-04-13,50,50,0,1,北日本
SHP-006176,W-17,FG-0020,2024-05-09,50,50,1,1,東日本
SHP-006177,W-21,FG-0017,2025-11-10,100,100,1,1,海外
SHP-006178,W-19,FG-0012,2024-02-20,10,10,1,1,西日本
SHP-006179,W-20,FG-0072,2025-02-09,20,20,0,1,東日本
SHP-006180,W-06,FG-0079,2024-07-02,50,50,1,1,東日本
SHP-006181,W-07,FG-0057,2025-02-25,100,100,1,1,西日本
SHP-006182,W-14,FG-0046,2025-11-13,50,50,1,1,海外
SHP-006183,W-10,FG-0068,2025-04-05,20,20,0,1,西日本
SHP-006184,W-05,FG-0047,2024-06-25,10,10,0,1,海外
SHP-006185,W-15,FG-0035,2024-02-11,20,20,1,1,北日本
SHP-006186,W-13,FG-0013,2024-04-27,10,10,1,1,東日本
SHP-006187,W-05,FG-0024,2025-12-01,20,20,0,1,西日本
SHP-006188,W-11,FG-0033,2024-03-10,50,50,1,1,東日本
SHP-006189,W-14,FG-0051,2025-04-29,20,20,1,1,北日本
SHP-006190,W-19,FG-0051,2025-02-11,50,50,0,1,西日本
SHP-006191,W-01,FG-0024,2026-03-28,10,10,1,1,海外
SHP-006192,W-11,FG-0029,2026-01-31,20,20,1,1,北日本
SHP-006193,W-04,FG-0056,2026-03-07,20,20,1,1,北日本
SHP-006194,W-09,FG-0049,2024-08-01,20,20,1,1,北日本
SHP-006195,W-10,FG-0006,2025-10-13,100,100,0,1,北日本
SHP-006196,W-09,FG-0065,2025-03-16,100,100,1,1,北日本
SHP-006197,W-21,FG-0063,2024-05-21,10,10,0,1,東日本
SHP-006198,W-02,FG-0051,2024-02-12,100,100,1,1,西日本
SHP-006199,W-03,FG-0058,2025-04-07,100,100,0,1,西日本
SHP-006200,W-15,FG-0032,2024-06-11,10,10,1,1,北日本
SHP-006201,W-08,FG-0037,2026-02-18,100,89,1,0,海外
SHP-006202,W-15,FG-0023,2026-04-10,20,20,1,1,東日本
SHP-006203,W-04,FG-0013,2024-02-11,10,10,1,1,北日本
SHP-006204,W-08,FG-0055,2025-07-22,10,10,1,1,東日本
SHP-006205,W-16,FG-0068,2024-06-06,50,50,1,1,海外
SHP-006206,W-22,FG-0011,2024-09-26,50,50,1,1,西日本
SHP-006207,W-10,FG-0078,2024-06-05,100,100,1,1,西日本
SHP-006208,W-18,FG-0051,2024-11-12,100,100,1,1,西日本
SHP-006209,W-01,FG-0003,2024-07-10,20,20,1,1,西日本
SHP-006210,W-05,FG-0029,2024-05-03,100,100,1,1,東日本
SHP-006211,W-22,FG-0007,2025-06-18,100,100,1,1,東日本
SHP-006212,W-05,FG-0036,2026-03-30,50,50,1,1,北日本
SHP-006213,W-10,FG-0062,2025-01-28,50,50,0,1,北日本
SHP-006214,W-24,FG-0061,2025-07-23,100,100,0,1,東日本
SHP-006215,W-16,FG-0021,2025-03-11,20,20,1,1,西日本
SHP-006216,W-01,FG-0005,2026-03-05,10,10,1,1,西日本
SHP-006217,W-19,FG-0035,2026-04-16,50,50,1,1,北日本
SHP-006218,W-06,FG-0040,2025-04-21,10,10,1,1,北日本
SHP-006219,W-21,FG-0028,2024-10-11,50,50,1,1,西日本
SHP-006220,W-03,FG-0059,2024-12-03,100,100,1,1,海外
SHP-006221,W-03,FG-0009,2026-03-14,10,10,1,1,北日本
SHP-006222,W-06,FG-0013,2024-09-24,50,37,1,0,東日本
SHP-006223,W-16,FG-0066,2025-09-05,100,100,1,1,西日本
SHP-006224,W-09,FG-0077,2025-12-24,100,100,1,1,北日本
SHP-006225,W-12,FG-0034,2026-04-07,100,100,1,1,西日本
SHP-006226,W-22,FG-0037,2026-03-18,20,20,1,1,東日本
SHP-006227,W-08,FG-0071,2025-07-20,50,50,1,1,西日本
SHP-006228,W-22,FG-0042,2024-07-11,100,100,1,1,北日本
SHP-006229,W-15,FG-0033,2026-01-10,10,10,1,1,西日本
SHP-006230,W-21,FG-0043,2024-07-06,10,10,1,1,西日本
SHP-006231,W-03,FG-0037,2024-12-23,20,20,1,1,北日本
SHP-006232,W-22,FG-0031,2025-05-26,10,10,1,1,東日本
SHP-006233,W-15,FG-0012,2025-08-25,100,100,1,1,西日本
SHP-006234,W-17,FG-0063,2025-01-08,100,100,1,1,東日本
SHP-006235,W-16,FG-0016,2025-09-08,20,20,1,1,海外
SHP-006236,W-19,FG-0049,2025-03-30,20,20,1,1,西日本
SHP-006237,W-08,FG-0065,2025-01-08,10,10,1,1,北日本
SHP-006238,W-21,FG-0047,2024-10-18,100,68,1,0,海外
SHP-006239,W-21,FG-0049,2024-04-13,20,20,1,1,東日本
SHP-006240,W-05,FG-0008,2026-03-03,20,20,1,1,海外
SHP-006241,W-06,FG-0018,2026-03-02,50,50,0,1,北日本
SHP-006242,W-08,FG-0068,2025-02-01,10,10,1,1,西日本
SHP-006243,W-06,FG-0010,2026-01-24,20,20,1,1,海外
SHP-006244,W-05,FG-0077,2024-09-30,20,20,1,1,西日本
SHP-006245,W-02,FG-0028,2024-12-25,20,20,0,1,北日本
SHP-006246,W-12,FG-0043,2026-04-19,50,50,1,1,海外
SHP-006247,W-23,FG-0046,2024-11-16,100,100,1,1,海外
SHP-006248,W-19,FG-0045,2024-12-14,10,10,1,1,西日本
SHP-006249,W-07,FG-0065,2024-06-11,10,10,1,1,北日本
SHP-006250,W-15,FG-0020,2024-04-12,10,10,1,1,西日本
SHP-006251,W-03,FG-0024,2024-05-14,50,50,1,1,西日本
SHP-006252,W-03,FG-0057,2026-04-15,10,10,1,1,北日本
SHP-006253,W-19,FG-0065,2025-03-21,20,20,0,1,北日本
SHP-006254,W-08,FG-0079,2024-07-04,100,100,1,1,東日本
SHP-006255,W-04,FG-0011,2025-07-01,10,10,1,1,西日本
SHP-006256,W-17,FG-0040,2026-04-20,100,100,1,1,東日本
SHP-006257,W-17,FG-0071,2025-05-01,20,20,1,1,東日本
SHP-006258,W-07,FG-0069,2024-03-29,50,50,1,1,東日本
SHP-006259,W-18,FG-0050,2025-08-19,50,50,1,1,海外
SHP-006260,W-19,FG-0032,2025-12-23,50,50,1,1,西日本
SHP-006261,W-13,FG-0019,2025-08-28,50,31,1,0,海外
SHP-006262,W-20,FG-0054,2025-05-31,20,20,1,1,西日本
SHP-006263,W-06,FG-0046,2025-09-23,20,20,1,1,西日本
SHP-006264,W-11,FG-0060,2026-01-24,100,100,1,1,西日本
SHP-006265,W-12,FG-0011,2024-05-14,20,20,1,1,海外
SHP-006266,W-10,FG-0047,2025-04-30,20,20,1,1,西日本
SHP-006267,W-05,FG-0040,2024-10-20,50,50,1,1,西日本
SHP-006268,W-01,FG-0062,2025-04-26,10,10,1,1,北日本
SHP-006269,W-20,FG-0022,2025-05-12,50,50,1,1,北日本
SHP-006270,W-09,FG-0014,2025-08-04,100,100,1,1,北日本
SHP-006271,W-17,FG-0029,2024-11-07,10,10,1,1,北日本
SHP-006272,W-12,FG-0005,2025-06-08,10,10,1,1,西日本
SHP-006273,W-12,FG-0014,2025-09-23,20,20,1,1,北日本
SHP-006274,W-02,FG-0041,2025-10-16,10,10,1,1,北日本
SHP-006275,W-11,FG-0050,2025-03-27,10,10,1,1,北日本
SHP-006276,W-15,FG-0006,2026-02-25,10,10,0,1,東日本
SHP-006277,W-05,FG-0055,2024-01-24,100,100,0,1,西日本
SHP-006278,W-03,FG-0034,2025-03-30,100,100,1,1,西日本
SHP-006279,W-15,FG-0071,2025-06-10,50,50,1,1,北日本
SHP-006280,W-20,FG-0031,2024-09-28,50,50,1,1,北日本
SHP-006281,W-16,FG-0051,2026-02-16,100,100,1,1,北日本
SHP-006282,W-14,FG-0076,2025-03-09,10,10,1,1,東日本
SHP-006283,W-06,FG-0040,2025-12-27,20,20,1,1,北日本
SHP-006284,W-09,FG-0054,2026-04-01,50,50,1,1,海外
SHP-006285,W-19,FG-0010,2025-01-04,100,100,1,1,東日本
SHP-006286,W-20,FG-0004,2025-06-30,10,10,1,1,北日本
SHP-006287,W-12,FG-0068,2024-08-07,100,100,1,1,東日本
SHP-006288,W-02,FG-0053,2024-06-05,50,36,1,0,東日本
SHP-006289,W-10,FG-0021,2024-02-07,50,50,0,1,東日本
SHP-006290,W-12,FG-0048,2024-02-09,10,10,1,1,海外
SHP-006291,W-09,FG-0046,2026-01-26,50,50,1,1,東日本
SHP-006292,W-22,FG-0074,2026-01-16,50,50,1,1,東日本
SHP-006293,W-12,FG-0077,2025-05-21,100,100,1,1,北日本
SHP-006294,W-09,FG-0059,2024-04-23,50,42,1,0,東日本
SHP-006295,W-01,FG-0075,2024-12-29,100,100,0,1,北日本
SHP-006296,W-15,FG-0079,2024-12-28,10,10,1,1,西日本
SHP-006297,W-20,FG-0043,2025-02-15,10,10,1,1,東日本
SHP-006298,W-14,FG-0066,2025-06-16,100,100,1,1,東日本
SHP-006299,W-13,FG-0053,2024-12-10,20,20,1,1,東日本
SHP-006300,W-02,FG-0069,2025-10-01,10,10,1,1,北日本
SHP-006301,W-14,FG-0033,2025-10-04,10,10,1,1,海外
SHP-006302,W-17,FG-0019,2024-01-03,100,100,1,1,東日本
SHP-006303,W-08,FG-0034,2024-06-22,10,10,1,1,西日本
SHP-006304,W-24,FG-0022,2025-11-04,50,50,1,1,西日本
SHP-006305,W-22,FG-0016,2025-03-03,20,20,1,1,北日本
SHP-006306,W-18,FG-0059,2025-12-22,20,20,1,1,東日本
SHP-006307,W-06,FG-0031,2025-03-21,100,100,1,1,海外
SHP-006308,W-23,FG-0047,2025-01-21,50,50,1,1,東日本
SHP-006309,W-05,FG-0055,2025-12-09,10,10,1,1,西日本
SHP-006310,W-05,FG-0073,2024-03-17,100,100,1,1,海外
SHP-006311,W-04,FG-0062,2024-02-11,10,10,1,1,北日本
SHP-006312,W-16,FG-0035,2025-09-16,50,50,1,1,東日本
SHP-006313,W-01,FG-0051,2024-06-07,100,100,0,1,西日本
SHP-006314,W-15,FG-0039,2026-03-23,100,100,0,1,海外
SHP-006315,W-06,FG-0073,2024-07-09,100,100,1,1,西日本
SHP-006316,W-24,FG-0069,2025-08-15,10,10,1,1,西日本
SHP-006317,W-10,FG-0079,2024-10-22,100,100,1,1,海外
SHP-006318,W-13,FG-0041,2024-10-08,50,50,1,1,北日本
SHP-006319,W-10,FG-0033,2024-01-12,10,10,1,1,東日本
SHP-006320,W-08,FG-0057,2024-10-16,100,100,1,1,海外
SHP-006321,W-02,FG-0056,2025-08-04,50,50,1,1,海外
SHP-006322,W-10,FG-0063,2024-08-25,10,10,1,1,西日本
SHP-006323,W-01,FG-0002,2024-03-14,20,20,1,1,東日本
SHP-006324,W-23,FG-0009,2025-08-06,50,50,1,1,北日本
SHP-006325,W-01,FG-0041,2025-07-05,10,10,1,1,東日本
SHP-006326,W-03,FG-0065,2026-02-07,50,50,0,1,東日本
SHP-006327,W-16,FG-0077,2024-06-12,20,20,0,1,海外
SHP-006328,W-20,FG-0048,2025-01-08,100,100,1,1,北日本
SHP-006329,W-18,FG-0070,2024-03-06,100,100,1,1,西日本
SHP-006330,W-24,FG-0011,2024-12-15,10,10,1,1,海外
SHP-006331,W-06,FG-0044,2026-01-22,20,20,1,1,東日本
SHP-006332,W-04,FG-0008,2026-04-24,10,10,1,1,北日本
SHP-006333,W-23,FG-0048,2025-04-21,20,20,1,1,北日本
SHP-006334,W-07,FG-0029,2026-03-24,10,10,1,1,西日本
SHP-006335,W-07,FG-0026,2024-10-01,10,10,1,1,海外
SHP-006336,W-07,FG-0009,2026-03-11,20,20,1,1,北日本
SHP-006337,W-14,FG-0013,2025-01-23,10,10,1,1,西日本
SHP-006338,W-23,FG-0027,2025-03-01,20,20,0,1,北日本
SHP-006339,W-07,FG-0027,2025-04-27,20,20,1,1,海外
SHP-006340,W-02,FG-0067,2025-01-11,100,100,1,1,西日本
SHP-006341,W-20,FG-0052,2026-02-05,50,50,1,1,海外
SHP-006342,W-14,FG-0061,2024-05-17,10,10,1,1,北日本
SHP-006343,W-06,FG-0024,2026-01-28,20,20,1,1,北日本
SHP-006344,W-11,FG-0055,2025-08-03,100,100,1,1,東日本
SHP-006345,W-18,FG-0080,2026-04-05,100,100,1,1,海外
SHP-006346,W-11,FG-0053,2024-09-23,20,15,1,0,西日本
SHP-006347,W-10,FG-0027,2025-12-06,100,100,1,1,北日本
SHP-006348,W-24,FG-0048,2025-01-27,100,100,1,1,西日本
SHP-006349,W-17,FG-0059,2024-05-31,50,50,1,1,西日本
SHP-006350,W-17,FG-0042,2024-09-15,10,10,1,1,海外
SHP-006351,W-02,FG-0062,2024-05-23,10,7,1,0,西日本
SHP-006352,W-13,FG-0070,2025-04-17,20,20,1,1,海外
SHP-006353,W-16,FG-0050,2026-01-13,20,20,1,1,海外
SHP-006354,W-21,FG-0015,2025-09-01,20,20,1,1,西日本
SHP-006355,W-11,FG-0039,2026-01-09,100,88,1,0,西日本
SHP-006356,W-12,FG-0076,2026-02-07,10,6,1,0,西日本
SHP-006357,W-18,FG-0071,2024-10-01,10,10,1,1,海外
SHP-006358,W-13,FG-0030,2025-03-10,20,20,1,1,北日本
SHP-006359,W-03,FG-0076,2024-05-04,50,50,1,1,北日本
SHP-006360,W-22,FG-0053,2024-06-08,10,10,1,1,西日本
SHP-006361,W-12,FG-0041,2024-12-15,10,10,1,1,東日本
SHP-006362,W-10,FG-0010,2024-03-17,20,20,1,1,西日本
SHP-006363,W-07,FG-0053,2024-05-03,100,100,1,1,北日本
SHP-006364,W-09,FG-0017,2024-12-16,100,100,1,1,海外
SHP-006365,W-17,FG-0040,2024-01-01,50,50,1,1,東日本
SHP-006366,W-17,FG-0060,2024-12-19,50,50,1,1,東日本
SHP-006367,W-24,FG-0050,2026-03-22,10,10,1,1,北日本
SHP-006368,W-08,FG-0023,2025-09-12,10,10,1,1,東日本
SHP-006369,W-09,FG-0002,2025-04-01,50,50,1,1,西日本
SHP-006370,W-15,FG-0068,2025-03-03,100,100,1,1,北日本
SHP-006371,W-03,FG-0014,2024-06-21,50,50,1,1,海外
SHP-006372,W-20,FG-0016,2025-03-02,20,20,1,1,東日本
SHP-006373,W-14,FG-0024,2026-04-11,100,100,0,1,北日本
SHP-006374,W-01,FG-0029,2025-12-12,10,10,1,1,海外
SHP-006375,W-16,FG-0025,2024-12-29,20,20,1,1,海外
SHP-006376,W-12,FG-0014,2024-12-25,20,20,1,1,東日本
SHP-006377,W-02,FG-0013,2024-05-30,20,20,1,1,海外
SHP-006378,W-14,FG-0031,2024-12-06,20,20,1,1,西日本
SHP-006379,W-03,FG-0032,2025-10-19,100,100,1,1,東日本
SHP-006380,W-09,FG-0003,2026-03-18,10,10,1,1,海外
SHP-006381,W-04,FG-0063,2026-04-14,50,50,1,1,海外
SHP-006382,W-06,FG-0018,2024-04-05,100,100,1,1,海外
SHP-006383,W-06,FG-0076,2024-04-22,20,20,0,1,東日本
SHP-006384,W-05,FG-0061,2024-09-19,50,50,1,1,東日本
SHP-006385,W-20,FG-0047,2024-06-29,20,20,1,1,海外
SHP-006386,W-20,FG-0008,2026-02-09,50,50,1,1,北日本
SHP-006387,W-06,FG-0008,2024-09-09,20,20,1,1,東日本
SHP-006388,W-06,FG-0062,2026-04-27,50,32,1,0,西日本
SHP-006389,W-21,FG-0079,2025-06-23,100,90,1,0,東日本
SHP-006390,W-19,FG-0052,2024-11-07,50,50,1,1,西日本
SHP-006391,W-16,FG-0069,2024-10-20,20,20,1,1,東日本
SHP-006392,W-03,FG-0009,2025-10-25,50,50,1,1,西日本
SHP-006393,W-16,FG-0045,2024-10-21,20,20,1,1,東日本
SHP-006394,W-12,FG-0064,2024-07-07,20,20,1,1,東日本
SHP-006395,W-03,FG-0038,2025-05-11,50,50,1,1,東日本
SHP-006396,W-15,FG-0027,2025-12-24,20,20,1,1,東日本
SHP-006397,W-12,FG-0066,2025-03-22,20,20,1,1,西日本
SHP-006398,W-02,FG-0052,2026-02-22,20,20,1,1,西日本
SHP-006399,W-18,FG-0079,2024-05-23,20,20,1,1,東日本
SHP-006400,W-01,FG-0053,2025-10-02,20,20,1,1,東日本
SHP-006401,W-19,FG-0060,2024-01-29,20,20,1,1,北日本
SHP-006402,W-19,FG-0072,2025-07-14,10,10,1,1,東日本
SHP-006403,W-12,FG-0009,2024-03-30,100,100,1,1,西日本
SHP-006404,W-11,FG-0057,2025-12-19,20,20,1,1,海外
SHP-006405,W-15,FG-0071,2024-07-05,50,50,1,1,海外
SHP-006406,W-04,FG-0024,2025-11-10,100,100,1,1,北日本
SHP-006407,W-16,FG-0041,2024-08-09,50,50,1,1,西日本
SHP-006408,W-07,FG-0046,2026-02-20,20,20,1,1,西日本
SHP-006409,W-15,FG-0044,2024-06-05,100,100,1,1,西日本
SHP-006410,W-24,FG-0013,2025-12-10,20,20,0,1,西日本
SHP-006411,W-07,FG-0024,2026-03-28,10,10,1,1,海外
SHP-006412,W-08,FG-0029,2025-10-27,10,10,1,1,北日本
SHP-006413,W-08,FG-0015,2026-04-09,100,100,1,1,東日本
SHP-006414,W-18,FG-0062,2025-02-21,10,10,0,1,北日本
SHP-006415,W-15,FG-0046,2026-04-17,20,20,1,1,東日本
SHP-006416,W-07,FG-0017,2025-05-02,50,50,1,1,東日本
SHP-006417,W-05,FG-0017,2024-04-01,50,50,1,1,東日本
SHP-006418,W-06,FG-0015,2024-01-11,10,10,1,1,西日本
SHP-006419,W-16,FG-0077,2025-08-29,10,10,1,1,北日本
SHP-006420,W-08,FG-0068,2025-09-02,50,50,1,1,海外
SHP-006421,W-20,FG-0075,2024-01-05,50,50,1,1,西日本
SHP-006422,W-07,FG-0056,2024-07-02,100,100,1,1,西日本
SHP-006423,W-07,FG-0038,2026-04-26,10,10,1,1,北日本
SHP-006424,W-24,FG-0044,2024-01-07,10,10,1,1,北日本
SHP-006425,W-12,FG-0068,2025-01-06,20,20,1,1,西日本
SHP-006426,W-18,FG-0056,2024-02-28,10,6,1,0,西日本
SHP-006427,W-12,FG-0072,2025-05-30,10,10,1,1,北日本
SHP-006428,W-13,FG-0044,2026-01-31,20,20,1,1,北日本
SHP-006429,W-15,FG-0071,2025-10-27,100,100,1,1,東日本
SHP-006430,W-12,FG-0046,2025-06-20,20,20,1,1,海外
SHP-006431,W-13,FG-0018,2025-06-07,100,100,1,1,海外
SHP-006432,W-13,FG-0054,2025-03-13,10,10,1,1,東日本
SHP-006433,W-08,FG-0078,2025-08-10,10,10,1,1,東日本
SHP-006434,W-23,FG-0074,2025-07-06,20,20,1,1,西日本
SHP-006435,W-11,FG-0048,2024-07-30,100,100,1,1,北日本
SHP-006436,W-07,FG-0073,2025-06-30,50,50,1,1,海外
SHP-006437,W-19,FG-0043,2025-04-28,50,50,1,1,海外
SHP-006438,W-18,FG-0039,2024-02-28,100,100,1,1,海外
SHP-006439,W-07,FG-0034,2025-02-28,10,10,1,1,海外
SHP-006440,W-02,FG-0072,2025-06-13,50,50,1,1,西日本
SHP-006441,W-03,FG-0018,2026-02-25,100,100,1,1,海外
SHP-006442,W-24,FG-0073,2024-07-30,100,100,1,1,東日本
SHP-006443,W-06,FG-0050,2024-09-13,100,100,1,1,北日本
SHP-006444,W-11,FG-0071,2025-06-06,100,100,1,1,東日本
SHP-006445,W-07,FG-0030,2025-11-20,100,100,0,1,北日本
SHP-006446,W-13,FG-0057,2025-08-20,20,12,1,0,海外
SHP-006447,W-08,FG-0054,2025-09-06,20,20,1,1,海外
SHP-006448,W-02,FG-0016,2025-09-04,20,20,1,1,海外
SHP-006449,W-01,FG-0044,2024-05-17,50,50,1,1,北日本
SHP-006450,W-01,FG-0009,2025-12-15,100,100,0,1,海外
SHP-006451,W-13,FG-0057,2025-03-19,50,50,1,1,西日本
SHP-006452,W-09,FG-0009,2024-12-08,50,50,1,1,海外
SHP-006453,W-24,FG-0054,2024-10-26,50,50,1,1,北日本
SHP-006454,W-07,FG-0053,2025-06-16,100,100,1,1,西日本
SHP-006455,W-01,FG-0055,2024-09-06,10,10,1,1,東日本
SHP-006456,W-17,FG-0029,2025-03-25,100,100,0,1,海外
SHP-006457,W-09,FG-0036,2024-05-16,10,10,1,1,東日本
SHP-006458,W-18,FG-0054,2024-04-27,20,18,1,0,西日本
SHP-006459,W-15,FG-0030,2024-12-24,50,50,1,1,北日本
SHP-006460,W-18,FG-0068,2024-04-19,50,50,1,1,西日本
SHP-006461,W-05,FG-0015,2024-02-26,100,62,1,0,東日本
SHP-006462,W-20,FG-0066,2024-04-25,20,20,1,1,東日本
SHP-006463,W-13,FG-0054,2024-10-20,50,50,1,1,東日本
SHP-006464,W-23,FG-0070,2025-11-22,100,100,1,1,西日本
SHP-006465,W-08,FG-0062,2025-11-05,20,16,1,0,西日本
SHP-006466,W-02,FG-0060,2026-04-11,10,10,1,1,東日本
SHP-006467,W-14,FG-0055,2024-08-20,100,100,0,1,北日本
SHP-006468,W-21,FG-0042,2025-03-21,50,50,1,1,東日本
SHP-006469,W-15,FG-0047,2024-03-08,50,50,1,1,北日本
SHP-006470,W-10,FG-0047,2024-09-14,50,50,1,1,海外
SHP-006471,W-04,FG-0011,2024-01-01,100,100,1,1,海外
SHP-006472,W-17,FG-0009,2024-07-18,50,50,1,1,東日本
SHP-006473,W-21,FG-0045,2025-01-24,20,20,1,1,東日本
SHP-006474,W-14,FG-0004,2025-06-06,50,50,0,1,海外
SHP-006475,W-10,FG-0015,2024-10-26,100,100,1,1,西日本
SHP-006476,W-02,FG-0076,2026-04-24,100,100,1,1,西日本
SHP-006477,W-01,FG-0005,2025-09-29,10,10,1,1,西日本
SHP-006478,W-01,FG-0049,2024-05-18,10,10,1,1,東日本
SHP-006479,W-19,FG-0048,2025-02-26,20,20,1,1,西日本
SHP-006480,W-07,FG-0053,2025-09-24,50,50,1,1,北日本
SHP-006481,W-23,FG-0041,2024-08-06,20,20,0,1,東日本
SHP-006482,W-18,FG-0046,2024-12-18,10,10,1,1,西日本
SHP-006483,W-06,FG-0040,2025-09-20,10,10,1,1,北日本
SHP-006484,W-22,FG-0038,2025-12-07,20,20,1,1,北日本
SHP-006485,W-08,FG-0020,2025-01-25,10,10,1,1,海外
SHP-006486,W-23,FG-0039,2024-09-04,50,37,1,0,東日本
SHP-006487,W-13,FG-0055,2025-06-02,10,10,1,1,北日本
SHP-006488,W-03,FG-0074,2025-08-16,20,20,1,1,海外
SHP-006489,W-22,FG-0071,2026-02-12,10,10,1,1,海外
SHP-006490,W-05,FG-0009,2025-12-04,100,100,1,1,東日本
SHP-006491,W-16,FG-0051,2025-03-12,50,50,1,1,東日本
SHP-006492,W-14,FG-0013,2025-01-30,50,50,1,1,海外
SHP-006493,W-03,FG-0034,2025-06-14,50,50,0,1,北日本
SHP-006494,W-04,FG-0006,2026-04-13,20,20,1,1,北日本
SHP-006495,W-18,FG-0048,2025-07-05,100,80,1,0,西日本
SHP-006496,W-06,FG-0050,2025-06-20,50,50,1,1,西日本
SHP-006497,W-14,FG-0027,2025-11-05,20,20,1,1,北日本
SHP-006498,W-04,FG-0018,2024-06-26,10,10,1,1,北日本
SHP-006499,W-02,FG-0030,2024-09-08,20,20,1,1,北日本
SHP-006500,W-10,FG-0012,2025-01-31,20,20,1,1,西日本
SHP-006501,W-06,FG-0063,2024-11-04,10,10,1,1,東日本
SHP-006502,W-14,FG-0043,2025-02-06,50,50,1,1,海外
SHP-006503,W-12,FG-0075,2026-02-03,10,10,1,1,北日本
SHP-006504,W-15,FG-0040,2025-12-25,10,10,1,1,北日本
SHP-006505,W-20,FG-0045,2025-11-08,10,10,1,1,北日本
SHP-006506,W-09,FG-0049,2024-01-28,20,20,1,1,西日本
SHP-006507,W-24,FG-0049,2026-01-06,100,100,1,1,北日本
SHP-006508,W-01,FG-0032,2025-03-07,50,50,1,1,北日本
SHP-006509,W-10,FG-0022,2025-06-15,50,50,0,1,西日本
SHP-006510,W-11,FG-0049,2025-10-11,20,20,1,1,北日本
SHP-006511,W-09,FG-0027,2025-02-20,50,50,1,1,海外
SHP-006512,W-04,FG-0064,2024-02-13,50,50,1,1,北日本
SHP-006513,W-01,FG-0034,2024-03-04,50,50,1,1,東日本
SHP-006514,W-20,FG-0003,2024-02-11,100,100,1,1,海外
SHP-006515,W-10,FG-0036,2025-01-09,10,10,1,1,西日本
SHP-006516,W-20,FG-0036,2024-09-30,50,50,1,1,東日本
SHP-006517,W-06,FG-0003,2025-09-28,20,20,1,1,北日本
SHP-006518,W-07,FG-0078,2024-06-20,100,100,1,1,東日本
SHP-006519,W-21,FG-0020,2024-09-10,50,50,1,1,北日本
SHP-006520,W-11,FG-0057,2024-02-24,100,100,1,1,西日本
SHP-006521,W-01,FG-0013,2024-12-03,50,50,1,1,西日本
SHP-006522,W-18,FG-0008,2025-06-30,10,7,1,0,東日本
SHP-006523,W-08,FG-0078,2025-02-25,10,8,1,0,東日本
SHP-006524,W-05,FG-0036,2024-10-17,10,10,1,1,海外
SHP-006525,W-05,FG-0022,2026-02-11,100,100,1,1,西日本
SHP-006526,W-04,FG-0048,2025-08-19,100,100,0,1,西日本
SHP-006527,W-18,FG-0046,2025-07-28,50,50,1,1,北日本
SHP-006528,W-01,FG-0033,2024-06-11,20,20,1,1,北日本
SHP-006529,W-12,FG-0059,2026-01-03,10,10,1,1,西日本
SHP-006530,W-24,FG-0057,2025-05-25,100,100,1,1,西日本
SHP-006531,W-04,FG-0073,2025-10-22,10,7,0,0,海外
SHP-006532,W-02,FG-0021,2024-04-09,20,20,1,1,北日本
SHP-006533,W-20,FG-0009,2024-07-14,10,10,1,1,西日本
SHP-006534,W-15,FG-0027,2025-05-03,10,10,1,1,西日本
SHP-006535,W-24,FG-0056,2026-04-07,20,20,0,1,西日本
SHP-006536,W-13,FG-0034,2025-12-02,20,20,1,1,北日本
SHP-006537,W-22,FG-0033,2024-10-22,100,100,0,1,海外
SHP-006538,W-19,FG-0013,2024-01-03,10,10,1,1,東日本
SHP-006539,W-13,FG-0067,2025-11-07,100,100,1,1,北日本
SHP-006540,W-16,FG-0061,2025-05-26,20,20,1,1,北日本
SHP-006541,W-04,FG-0033,2026-01-18,20,20,0,1,北日本
SHP-006542,W-04,FG-0010,2024-10-20,20,12,1,0,北日本
SHP-006543,W-01,FG-0045,2025-05-16,50,50,1,1,海外
SHP-006544,W-10,FG-0075,2025-07-29,10,10,1,1,東日本
SHP-006545,W-17,FG-0053,2026-01-22,100,100,1,1,海外
SHP-006546,W-12,FG-0027,2026-02-24,20,20,1,1,海外
SHP-006547,W-20,FG-0001,2024-05-24,100,100,1,1,海外
SHP-006548,W-14,FG-0003,2024-09-08,20,20,1,1,東日本
SHP-006549,W-02,FG-0080,2024-12-28,20,20,1,1,東日本
SHP-006550,W-10,FG-0017,2024-09-19,50,50,1,1,東日本
SHP-006551,W-12,FG-0040,2024-01-25,50,50,1,1,東日本
SHP-006552,W-16,FG-0080,2024-01-04,10,10,1,1,北日本
SHP-006553,W-12,FG-0028,2026-01-09,20,20,1,1,北日本
SHP-006554,W-22,FG-0022,2025-05-26,10,10,1,1,東日本
SHP-006555,W-13,FG-0064,2025-11-11,10,10,1,1,北日本
SHP-006556,W-04,FG-0041,2024-08-09,100,100,1,1,西日本
SHP-006557,W-11,FG-0067,2026-03-09,20,20,1,1,海外
SHP-006558,W-14,FG-0071,2024-04-13,50,50,1,1,海外
SHP-006559,W-03,FG-0003,2025-02-13,100,100,0,1,西日本
SHP-006560,W-04,FG-0073,2024-07-24,100,100,1,1,西日本
SHP-006561,W-08,FG-0022,2025-05-11,50,50,1,1,海外
SHP-006562,W-20,FG-0012,2024-06-12,50,50,1,1,西日本
SHP-006563,W-10,FG-0003,2024-12-01,10,10,1,1,北日本
SHP-006564,W-08,FG-0006,2024-10-11,50,50,1,1,海外
SHP-006565,W-09,FG-0050,2025-04-12,50,39,1,0,北日本
SHP-006566,W-23,FG-0080,2026-01-08,10,10,0,1,海外
SHP-006567,W-23,FG-0043,2026-04-30,20,20,0,1,東日本
SHP-006568,W-18,FG-0037,2024-12-01,10,10,1,1,北日本
SHP-006569,W-24,FG-0009,2024-12-12,100,100,0,1,北日本
SHP-006570,W-03,FG-0028,2025-01-24,50,50,1,1,東日本
SHP-006571,W-13,FG-0001,2026-04-28,10,10,1,1,北日本
SHP-006572,W-18,FG-0059,2026-03-14,50,50,1,1,海外
SHP-006573,W-02,FG-0062,2025-12-01,20,20,1,1,西日本
SHP-006574,W-03,FG-0018,2024-02-28,50,50,1,1,東日本
SHP-006575,W-24,FG-0035,2024-02-07,50,50,1,1,北日本
SHP-006576,W-01,FG-0071,2024-02-22,10,10,1,1,海外
SHP-006577,W-14,FG-0029,2024-03-29,10,10,1,1,西日本
SHP-006578,W-09,FG-0054,2025-09-14,20,20,0,1,西日本
SHP-006579,W-19,FG-0055,2024-04-12,20,14,0,0,東日本
SHP-006580,W-08,FG-0076,2025-05-12,50,50,1,1,西日本
SHP-006581,W-05,FG-0049,2025-02-17,100,100,1,1,海外
SHP-006582,W-08,FG-0067,2026-04-30,20,12,1,0,西日本
SHP-006583,W-12,FG-0036,2024-08-12,20,20,1,1,西日本
SHP-006584,W-23,FG-0010,2024-09-13,10,10,1,1,西日本
SHP-006585,W-21,FG-0042,2025-10-08,100,100,1,1,東日本
SHP-006586,W-01,FG-0070,2025-02-24,20,15,1,0,東日本
SHP-006587,W-14,FG-0004,2024-01-23,10,10,1,1,北日本
SHP-006588,W-08,FG-0010,2025-06-06,10,10,1,1,東日本
SHP-006589,W-12,FG-0055,2026-02-22,10,10,1,1,北日本
SHP-006590,W-09,FG-0051,2024-08-11,50,50,1,1,東日本
SHP-006591,W-12,FG-0043,2024-09-22,20,20,1,1,東日本
SHP-006592,W-24,FG-0004,2026-03-03,50,50,1,1,海外
SHP-006593,W-10,FG-0006,2025-06-10,20,20,1,1,海外
SHP-006594,W-14,FG-0009,2024-02-15,50,50,1,1,西日本
SHP-006595,W-21,FG-0059,2026-04-05,20,20,1,1,西日本
SHP-006596,W-05,FG-0004,2025-09-05,20,20,1,1,海外
SHP-006597,W-12,FG-0013,2026-03-27,10,10,1,1,北日本
SHP-006598,W-08,FG-0004,2025-08-01,10,10,0,1,東日本
SHP-006599,W-22,FG-0029,2024-12-02,50,50,1,1,北日本
SHP-006600,W-12,FG-0060,2025-11-24,100,100,0,1,北日本
SHP-006601,W-21,FG-0025,2025-06-21,100,100,1,1,東日本
SHP-006602,W-11,FG-0004,2025-07-12,50,50,1,1,東日本
SHP-006603,W-19,FG-0063,2026-02-28,50,50,1,1,海外
SHP-006604,W-24,FG-0076,2025-05-17,20,20,1,1,西日本
SHP-006605,W-12,FG-0007,2025-12-08,100,100,1,1,海外
SHP-006606,W-04,FG-0012,2025-11-11,10,10,1,1,西日本
SHP-006607,W-19,FG-0048,2025-08-06,10,6,1,0,西日本
SHP-006608,W-05,FG-0005,2026-02-23,20,20,1,1,東日本
SHP-006609,W-01,FG-0007,2025-07-29,50,50,1,1,北日本
SHP-006610,W-04,FG-0017,2025-05-27,20,20,1,1,東日本
SHP-006611,W-21,FG-0004,2025-08-21,10,10,1,1,西日本
SHP-006612,W-02,FG-0056,2024-12-02,10,7,1,0,東日本
SHP-006613,W-16,FG-0050,2026-01-04,20,20,1,1,西日本
SHP-006614,W-22,FG-0020,2026-04-27,100,100,1,1,東日本
SHP-006615,W-17,FG-0067,2025-12-29,50,50,1,1,西日本
SHP-006616,W-15,FG-0019,2024-10-02,100,100,1,1,東日本
SHP-006617,W-06,FG-0011,2024-05-31,20,20,1,1,西日本
SHP-006618,W-11,FG-0056,2025-08-24,100,100,1,1,西日本
SHP-006619,W-11,FG-0011,2025-02-02,20,20,1,1,海外
SHP-006620,W-15,FG-0060,2024-05-10,50,50,1,1,西日本
SHP-006621,W-03,FG-0045,2024-02-13,50,50,1,1,北日本
SHP-006622,W-21,FG-0027,2026-02-28,10,10,0,1,北日本
SHP-006623,W-04,FG-0032,2024-02-07,10,10,1,1,西日本
SHP-006624,W-11,FG-0049,2024-09-23,100,100,1,1,西日本
SHP-006625,W-08,FG-0076,2025-09-10,10,10,1,1,北日本
SHP-006626,W-24,FG-0055,2026-04-11,100,100,1,1,西日本
SHP-006627,W-13,FG-0001,2024-08-27,10,10,1,1,海外
SHP-006628,W-22,FG-0054,2026-04-27,100,100,0,1,西日本
SHP-006629,W-12,FG-0010,2024-12-08,20,20,0,1,西日本
SHP-006630,W-02,FG-0042,2024-11-24,10,10,1,1,東日本
SHP-006631,W-10,FG-0071,2024-08-23,20,20,1,1,東日本
SHP-006632,W-22,FG-0060,2025-11-15,100,100,1,1,西日本
SHP-006633,W-13,FG-0074,2025-10-22,10,10,0,1,東日本
SHP-006634,W-17,FG-0035,2024-02-08,10,10,1,1,東日本
SHP-006635,W-19,FG-0046,2025-02-28,20,12,1,0,東日本
SHP-006636,W-08,FG-0002,2026-04-19,10,10,1,1,西日本
SHP-006637,W-15,FG-0053,2024-09-08,10,10,0,1,西日本
SHP-006638,W-18,FG-0057,2025-08-05,100,100,1,1,東日本
SHP-006639,W-17,FG-0039,2025-12-11,50,50,1,1,海外
SHP-006640,W-09,FG-0025,2024-12-05,100,100,0,1,北日本
SHP-006641,W-11,FG-0040,2026-02-23,20,20,1,1,北日本
SHP-006642,W-22,FG-0027,2025-07-22,100,100,1,1,西日本
SHP-006643,W-05,FG-0045,2025-09-02,100,100,1,1,北日本
SHP-006644,W-02,FG-0023,2024-03-10,20,20,1,1,海外
SHP-006645,W-20,FG-0073,2026-02-11,10,10,1,1,海外
SHP-006646,W-16,FG-0051,2025-07-26,100,100,1,1,海外
SHP-006647,W-15,FG-0058,2024-10-29,50,50,1,1,西日本
SHP-006648,W-10,FG-0014,2025-03-21,20,20,1,1,東日本
SHP-006649,W-01,FG-0031,2024-05-31,10,10,1,1,西日本
SHP-006650,W-04,FG-0022,2024-11-25,50,50,1,1,北日本
SHP-006651,W-04,FG-0079,2025-10-03,100,100,1,1,西日本
SHP-006652,W-24,FG-0047,2025-11-05,100,100,1,1,東日本
SHP-006653,W-23,FG-0054,2026-02-07,100,100,0,1,北日本
SHP-006654,W-07,FG-0022,2025-11-29,100,100,1,1,北日本
SHP-006655,W-14,FG-0005,2024-07-25,100,100,1,1,海外
SHP-006656,W-21,FG-0045,2025-11-24,20,20,1,1,北日本
SHP-006657,W-05,FG-0024,2024-03-26,50,50,1,1,海外
SHP-006658,W-16,FG-0064,2026-02-04,20,20,1,1,海外
SHP-006659,W-11,FG-0038,2026-02-15,100,100,1,1,海外
SHP-006660,W-19,FG-0053,2026-04-09,10,10,1,1,西日本
SHP-006661,W-19,FG-0005,2025-02-27,100,100,0,1,海外
SHP-006662,W-23,FG-0022,2024-03-18,10,10,1,1,海外
SHP-006663,W-18,FG-0053,2024-06-14,20,20,1,1,海外
SHP-006664,W-19,FG-0062,2024-08-10,100,100,1,1,海外
SHP-006665,W-03,FG-0046,2025-04-29,10,10,1,1,西日本
SHP-006666,W-02,FG-0045,2026-04-10,50,50,1,1,西日本
SHP-006667,W-09,FG-0014,2025-10-14,20,20,1,1,海外
SHP-006668,W-15,FG-0001,2024-11-01,50,50,1,1,北日本
SHP-006669,W-21,FG-0045,2024-09-28,10,10,1,1,西日本
SHP-006670,W-02,FG-0080,2025-04-13,100,100,1,1,北日本
SHP-006671,W-06,FG-0055,2026-04-08,20,20,1,1,海外
SHP-006672,W-09,FG-0019,2026-03-23,20,20,1,1,海外
SHP-006673,W-12,FG-0060,2026-03-23,10,10,0,1,北日本
SHP-006674,W-02,FG-0059,2025-10-30,50,50,1,1,海外
SHP-006675,W-22,FG-0013,2024-08-11,100,100,0,1,海外
SHP-006676,W-19,FG-0048,2024-10-20,10,10,1,1,西日本
SHP-006677,W-23,FG-0052,2024-03-05,10,10,0,1,海外
SHP-006678,W-17,FG-0028,2026-04-07,100,100,1,1,海外
SHP-006679,W-14,FG-0003,2024-10-22,10,6,1,0,海外
SHP-006680,W-15,FG-0049,2026-04-26,20,20,1,1,海外
SHP-006681,W-10,FG-0006,2025-04-23,50,50,1,1,北日本
SHP-006682,W-09,FG-0048,2024-03-17,10,10,0,1,北日本
SHP-006683,W-19,FG-0014,2025-12-17,100,100,1,1,北日本
SHP-006684,W-21,FG-0058,2024-07-15,10,10,1,1,北日本
SHP-006685,W-13,FG-0046,2025-05-01,20,20,1,1,海外
SHP-006686,W-14,FG-0036,2025-05-01,10,10,1,1,海外
SHP-006687,W-01,FG-0005,2026-04-03,10,10,0,1,海外
SHP-006688,W-14,FG-0007,2024-03-13,100,100,1,1,海外
SHP-006689,W-09,FG-0007,2025-06-14,100,100,1,1,東日本
SHP-006690,W-24,FG-0063,2024-11-18,10,10,1,1,北日本
SHP-006691,W-15,FG-0074,2025-11-16,10,10,1,1,西日本
SHP-006692,W-04,FG-0019,2025-05-08,10,10,1,1,北日本
SHP-006693,W-24,FG-0050,2026-03-08,100,100,1,1,西日本
SHP-006694,W-11,FG-0006,2024-09-02,20,20,1,1,東日本
SHP-006695,W-05,FG-0053,2024-03-01,20,20,1,1,北日本
SHP-006696,W-10,FG-0054,2025-10-20,50,50,1,1,北日本
SHP-006697,W-07,FG-0069,2024-04-01,50,50,1,1,西日本
SHP-006698,W-19,FG-0076,2024-03-23,50,50,1,1,東日本
SHP-006699,W-22,FG-0074,2025-11-10,20,20,1,1,海外
SHP-006700,W-07,FG-0021,2024-11-14,10,10,1,1,海外
SHP-006701,W-03,FG-0075,2025-01-08,10,10,1,1,北日本
SHP-006702,W-03,FG-0019,2025-11-16,20,20,1,1,西日本
SHP-006703,W-16,FG-0068,2026-02-06,100,100,1,1,西日本
SHP-006704,W-01,FG-0059,2025-01-16,10,10,1,1,海外
SHP-006705,W-13,FG-0071,2024-08-29,20,20,1,1,海外
SHP-006706,W-16,FG-0035,2026-01-15,50,50,1,1,東日本
SHP-006707,W-23,FG-0080,2025-08-25,50,50,1,1,西日本
SHP-006708,W-16,FG-0065,2025-06-05,100,100,1,1,北日本
SHP-006709,W-19,FG-0008,2025-10-02,50,50,1,1,海外
SHP-006710,W-19,FG-0034,2025-12-17,100,100,1,1,海外
SHP-006711,W-02,FG-0062,2026-03-28,20,20,0,1,海外
SHP-006712,W-14,FG-0027,2026-03-27,10,10,1,1,東日本
SHP-006713,W-18,FG-0064,2025-10-15,10,10,1,1,海外
SHP-006714,W-18,FG-0079,2024-08-26,50,50,1,1,海外
SHP-006715,W-23,FG-0080,2025-06-18,10,10,1,1,北日本
SHP-006716,W-02,FG-0041,2025-12-29,50,50,1,1,北日本
SHP-006717,W-07,FG-0030,2025-01-18,20,20,1,1,東日本
SHP-006718,W-11,FG-0077,2025-12-09,100,100,1,1,東日本
SHP-006719,W-17,FG-0044,2024-09-01,10,10,1,1,海外
SHP-006720,W-07,FG-0055,2025-07-18,100,100,0,1,東日本
SHP-006721,W-24,FG-0032,2025-01-03,100,100,1,1,西日本
SHP-006722,W-03,FG-0007,2025-10-26,20,20,1,1,北日本
SHP-006723,W-08,FG-0010,2025-09-17,100,85,1,0,海外
SHP-006724,W-16,FG-0034,2025-10-26,50,50,1,1,海外
SHP-006725,W-13,FG-0057,2025-01-11,100,100,1,1,北日本
SHP-006726,W-13,FG-0060,2024-10-11,100,100,1,1,北日本
SHP-006727,W-18,FG-0014,2024-09-30,50,50,1,1,海外
SHP-006728,W-08,FG-0061,2025-11-05,100,100,0,1,海外
SHP-006729,W-14,FG-0042,2025-09-18,20,20,1,1,海外
SHP-006730,W-01,FG-0066,2025-07-14,20,15,1,0,東日本
SHP-006731,W-04,FG-0025,2025-06-26,10,10,0,1,海外
SHP-006732,W-12,FG-0052,2026-02-18,20,20,1,1,東日本
SHP-006733,W-23,FG-0037,2026-03-12,50,50,1,1,東日本
SHP-006734,W-08,FG-0077,2024-12-02,20,20,1,1,東日本
SHP-006735,W-15,FG-0036,2025-09-01,100,100,1,1,西日本
SHP-006736,W-02,FG-0065,2024-12-14,20,20,1,1,海外
SHP-006737,W-24,FG-0044,2024-11-30,50,30,1,0,西日本
SHP-006738,W-05,FG-0014,2024-02-13,20,20,0,1,北日本
SHP-006739,W-11,FG-0014,2025-07-22,100,100,1,1,西日本
SHP-006740,W-24,FG-0039,2024-09-29,20,13,0,0,西日本
SHP-006741,W-01,FG-0064,2024-12-31,20,20,0,1,東日本
SHP-006742,W-13,FG-0059,2026-03-06,20,20,1,1,海外
SHP-006743,W-24,FG-0035,2025-08-29,100,100,1,1,海外
SHP-006744,W-19,FG-0050,2025-04-18,10,10,1,1,北日本
SHP-006745,W-10,FG-0070,2024-01-25,50,50,1,1,西日本
SHP-006746,W-09,FG-0007,2024-04-04,10,10,1,1,西日本
SHP-006747,W-09,FG-0026,2024-04-24,10,10,1,1,西日本
SHP-006748,W-08,FG-0017,2024-01-15,100,100,1,1,北日本
SHP-006749,W-23,FG-0067,2024-09-04,100,100,1,1,東日本
SHP-006750,W-24,FG-0011,2025-10-06,50,50,1,1,東日本
SHP-006751,W-16,FG-0021,2026-04-11,20,20,0,1,北日本
SHP-006752,W-16,FG-0064,2024-04-07,50,50,0,1,東日本
SHP-006753,W-08,FG-0067,2025-11-18,20,20,1,1,西日本
SHP-006754,W-24,FG-0051,2024-12-27,10,10,1,1,北日本
SHP-006755,W-05,FG-0070,2024-05-05,50,50,1,1,北日本
SHP-006756,W-11,FG-0049,2024-09-14,100,92,1,0,北日本
SHP-006757,W-22,FG-0076,2025-09-06,10,10,1,1,東日本
SHP-006758,W-11,FG-0052,2025-04-27,10,10,1,1,海外
SHP-006759,W-15,FG-0010,2024-05-19,20,20,1,1,東日本
SHP-006760,W-08,FG-0079,2026-04-07,10,7,1,0,西日本
SHP-006761,W-08,FG-0027,2025-08-30,20,20,0,1,西日本
SHP-006762,W-02,FG-0071,2024-02-19,10,10,1,1,東日本
SHP-006763,W-18,FG-0024,2025-10-28,20,20,1,1,西日本
SHP-006764,W-05,FG-0014,2024-11-05,50,50,1,1,西日本
SHP-006765,W-15,FG-0024,2026-04-18,50,50,1,1,北日本
SHP-006766,W-23,FG-0062,2026-03-14,50,50,0,1,西日本
SHP-006767,W-19,FG-0079,2025-06-07,20,20,0,1,西日本
SHP-006768,W-14,FG-0063,2024-11-20,100,100,1,1,東日本
SHP-006769,W-15,FG-0037,2025-12-21,100,100,1,1,海外
SHP-006770,W-23,FG-0022,2025-12-20,100,100,1,1,西日本
SHP-006771,W-21,FG-0047,2024-01-18,10,10,1,1,東日本
SHP-006772,W-08,FG-0029,2025-08-30,10,10,1,1,東日本
SHP-006773,W-06,FG-0077,2024-08-31,10,10,1,1,東日本
SHP-006774,W-04,FG-0074,2025-10-18,10,10,1,1,西日本
SHP-006775,W-10,FG-0012,2025-06-23,20,20,1,1,海外
SHP-006776,W-02,FG-0055,2024-03-08,100,100,1,1,東日本
SHP-006777,W-12,FG-0064,2025-12-15,50,50,1,1,海外
SHP-006778,W-06,FG-0007,2025-09-04,50,50,1,1,東日本
SHP-006779,W-17,FG-0072,2024-04-25,20,20,1,1,海外
SHP-006780,W-03,FG-0038,2024-09-26,20,20,1,1,海外
SHP-006781,W-04,FG-0057,2026-04-01,20,18,1,0,北日本
SHP-006782,W-24,FG-0066,2025-07-24,20,20,1,1,東日本
SHP-006783,W-22,FG-0070,2024-04-25,20,20,1,1,東日本
SHP-006784,W-09,FG-0043,2025-03-28,50,50,1,1,西日本
SHP-006785,W-05,FG-0022,2025-11-08,50,50,1,1,西日本
SHP-006786,W-23,FG-0044,2024-01-31,10,10,1,1,西日本
SHP-006787,W-24,FG-0076,2024-11-10,10,8,1,0,北日本
SHP-006788,W-09,FG-0001,2024-01-30,50,50,1,1,西日本
SHP-006789,W-07,FG-0074,2025-09-26,100,100,1,1,東日本
SHP-006790,W-14,FG-0074,2024-09-16,20,20,1,1,東日本
SHP-006791,W-17,FG-0015,2024-09-02,50,50,1,1,北日本
SHP-006792,W-04,FG-0035,2025-11-29,20,20,0,1,北日本
SHP-006793,W-03,FG-0062,2024-04-25,10,10,1,1,東日本
SHP-006794,W-01,FG-0056,2026-04-12,50,50,1,1,北日本
SHP-006795,W-15,FG-0053,2024-10-12,100,100,1,1,東日本
SHP-006796,W-18,FG-0066,2025-11-07,20,20,1,1,海外
SHP-006797,W-24,FG-0062,2024-04-08,50,50,1,1,東日本
SHP-006798,W-14,FG-0017,2025-11-16,100,100,1,1,西日本
SHP-006799,W-05,FG-0049,2025-10-18,10,10,0,1,海外
SHP-006800,W-10,FG-0067,2025-03-21,100,100,1,1,東日本
SHP-006801,W-12,FG-0062,2024-07-27,100,100,1,1,東日本
SHP-006802,W-04,FG-0058,2025-11-24,100,100,1,1,東日本
SHP-006803,W-22,FG-0025,2025-05-23,50,50,1,1,東日本
SHP-006804,W-11,FG-0012,2024-11-16,100,100,1,1,東日本
SHP-006805,W-12,FG-0061,2024-04-11,50,50,1,1,北日本
SHP-006806,W-18,FG-0016,2025-04-19,10,10,1,1,東日本
SHP-006807,W-19,FG-0026,2024-02-09,50,50,1,1,東日本
SHP-006808,W-21,FG-0034,2025-05-10,50,50,1,1,北日本
SHP-006809,W-22,FG-0064,2025-11-09,50,50,1,1,西日本
SHP-006810,W-01,FG-0006,2024-02-06,20,20,1,1,海外
SHP-006811,W-19,FG-0028,2025-04-19,50,50,0,1,東日本
SHP-006812,W-11,FG-0006,2024-01-08,100,100,1,1,西日本
SHP-006813,W-23,FG-0003,2024-10-22,100,100,1,1,西日本
SHP-006814,W-22,FG-0063,2024-01-29,20,20,1,1,海外
SHP-006815,W-10,FG-0053,2024-06-27,50,50,1,1,北日本
SHP-006816,W-24,FG-0004,2025-01-15,100,100,1,1,海外
SHP-006817,W-14,FG-0054,2024-09-16,50,50,1,1,海外
SHP-006818,W-02,FG-0069,2026-03-19,20,20,0,1,海外
SHP-006819,W-15,FG-0064,2024-09-18,10,10,1,1,海外
SHP-006820,W-05,FG-0059,2024-05-01,20,20,1,1,海外
SHP-006821,W-17,FG-0021,2025-12-01,10,10,1,1,西日本
SHP-006822,W-20,FG-0001,2024-05-18,20,20,1,1,北日本
SHP-006823,W-16,FG-0038,2024-05-10,20,20,1,1,海外
SHP-006824,W-10,FG-0013,2026-02-15,20,20,1,1,北日本
SHP-006825,W-18,FG-0066,2024-01-23,100,100,0,1,西日本
SHP-006826,W-22,FG-0023,2024-09-06,50,50,1,1,北日本
SHP-006827,W-08,FG-0049,2025-12-08,50,50,1,1,西日本
SHP-006828,W-11,FG-0015,2024-02-24,100,100,1,1,北日本
SHP-006829,W-16,FG-0028,2026-02-11,20,20,1,1,北日本
SHP-006830,W-12,FG-0004,2024-05-11,10,10,1,1,西日本
SHP-006831,W-05,FG-0054,2026-03-24,100,100,1,1,海外
SHP-006832,W-23,FG-0022,2025-06-08,100,100,1,1,東日本
SHP-006833,W-06,FG-0057,2025-01-09,20,20,1,1,北日本
SHP-006834,W-23,FG-0026,2025-10-17,100,100,1,1,海外
SHP-006835,W-19,FG-0070,2025-09-10,10,10,1,1,北日本
SHP-006836,W-18,FG-0030,2024-06-16,10,10,1,1,東日本
SHP-006837,W-11,FG-0055,2025-06-25,50,50,1,1,海外
SHP-006838,W-17,FG-0057,2026-03-02,100,72,0,0,海外
SHP-006839,W-14,FG-0033,2025-08-15,20,20,1,1,東日本
SHP-006840,W-02,FG-0011,2024-06-12,50,50,1,1,北日本
SHP-006841,W-24,FG-0013,2024-06-20,50,50,0,1,東日本
SHP-006842,W-02,FG-0045,2024-11-17,50,50,1,1,海外
SHP-006843,W-17,FG-0065,2026-04-05,100,100,0,1,西日本
SHP-006844,W-24,FG-0003,2025-10-15,50,50,1,1,西日本
SHP-006845,W-08,FG-0061,2024-03-08,100,100,1,1,北日本
SHP-006846,W-19,FG-0065,2024-05-26,50,50,1,1,海外
SHP-006847,W-24,FG-0060,2025-06-02,10,10,1,1,西日本
SHP-006848,W-19,FG-0002,2024-07-19,10,10,1,1,東日本
SHP-006849,W-21,FG-0050,2025-01-05,20,20,1,1,西日本
SHP-006850,W-11,FG-0017,2024-04-09,100,100,1,1,東日本
SHP-006851,W-24,FG-0035,2025-06-18,20,20,1,1,西日本
SHP-006852,W-10,FG-0062,2024-11-04,50,50,1,1,北日本
SHP-006853,W-13,FG-0049,2025-12-19,50,50,1,1,北日本
SHP-006854,W-10,FG-0011,2024-12-25,10,10,1,1,北日本
SHP-006855,W-06,FG-0011,2025-02-01,20,20,1,1,東日本
SHP-006856,W-04,FG-0076,2024-11-10,20,20,1,1,東日本
SHP-006857,W-02,FG-0028,2025-09-01,20,20,1,1,東日本
SHP-006858,W-03,FG-0069,2025-06-06,10,10,1,1,西日本
SHP-006859,W-10,FG-0055,2024-11-25,50,50,1,1,海外
SHP-006860,W-01,FG-0005,2024-07-06,20,20,1,1,東日本
SHP-006861,W-15,FG-0061,2025-11-15,10,10,1,1,海外
SHP-006862,W-12,FG-0059,2024-01-15,100,100,1,1,北日本
SHP-006863,W-21,FG-0079,2025-10-29,100,100,1,1,西日本
SHP-006864,W-08,FG-0021,2024-02-15,20,20,1,1,東日本
SHP-006865,W-05,FG-0013,2024-02-11,20,20,1,1,東日本
SHP-006866,W-13,FG-0064,2024-12-21,20,20,1,1,海外
SHP-006867,W-07,FG-0050,2024-07-07,10,10,0,1,東日本
SHP-006868,W-05,FG-0079,2024-12-18,10,10,1,1,西日本
SHP-006869,W-20,FG-0034,2024-01-10,10,10,1,1,西日本
SHP-006870,W-02,FG-0020,2024-07-22,50,50,0,1,東日本
SHP-006871,W-12,FG-0025,2025-08-22,100,100,1,1,東日本
SHP-006872,W-05,FG-0048,2025-09-26,50,50,1,1,東日本
SHP-006873,W-23,FG-0021,2025-08-18,50,50,0,1,東日本
SHP-006874,W-23,FG-0065,2024-05-22,20,20,1,1,北日本
SHP-006875,W-05,FG-0003,2025-08-27,20,20,1,1,西日本
SHP-006876,W-20,FG-0073,2024-08-18,10,10,1,1,北日本
SHP-006877,W-19,FG-0074,2025-08-25,50,50,1,1,東日本
SHP-006878,W-17,FG-0063,2025-08-27,50,38,0,0,西日本
SHP-006879,W-08,FG-0027,2024-11-23,20,20,1,1,北日本
SHP-006880,W-06,FG-0029,2024-12-15,20,14,1,0,海外
SHP-006881,W-22,FG-0044,2026-03-20,10,10,1,1,北日本
SHP-006882,W-15,FG-0037,2024-06-14,20,20,1,1,東日本
SHP-006883,W-04,FG-0010,2025-02-26,20,20,1,1,東日本
SHP-006884,W-12,FG-0039,2025-02-07,50,50,1,1,北日本
SHP-006885,W-13,FG-0004,2024-06-12,10,10,1,1,西日本
SHP-006886,W-23,FG-0029,2024-04-19,50,50,1,1,東日本
SHP-006887,W-13,FG-0006,2026-04-24,10,10,1,1,海外
SHP-006888,W-18,FG-0062,2025-02-08,10,10,1,1,東日本
SHP-006889,W-14,FG-0015,2026-03-28,10,10,1,1,東日本
SHP-006890,W-11,FG-0076,2024-07-14,100,100,1,1,北日本
SHP-006891,W-03,FG-0017,2025-12-14,10,10,1,1,海外
SHP-006892,W-10,FG-0016,2026-04-26,10,10,0,1,西日本
SHP-006893,W-04,FG-0024,2026-02-24,50,50,1,1,海外
SHP-006894,W-05,FG-0009,2026-02-18,10,10,0,1,東日本
SHP-006895,W-06,FG-0062,2025-11-01,20,20,0,1,海外
SHP-006896,W-04,FG-0037,2024-09-07,100,100,1,1,東日本
SHP-006897,W-04,FG-0022,2024-12-19,100,100,1,1,東日本
SHP-006898,W-05,FG-0032,2025-12-03,50,50,1,1,海外
SHP-006899,W-12,FG-0053,2025-12-19,10,10,0,1,海外
SHP-006900,W-17,FG-0071,2025-02-12,100,100,0,1,北日本
SHP-006901,W-18,FG-0047,2026-04-05,20,20,1,1,海外
SHP-006902,W-24,FG-0046,2024-07-08,20,20,1,1,北日本
SHP-006903,W-13,FG-0032,2026-03-12,10,10,1,1,海外
SHP-006904,W-14,FG-0019,2024-11-26,50,50,1,1,北日本
SHP-006905,W-07,FG-0052,2025-05-29,10,10,1,1,西日本
SHP-006906,W-24,FG-0070,2025-08-10,20,20,1,1,海外
SHP-006907,W-20,FG-0033,2025-01-24,10,10,1,1,海外
SHP-006908,W-19,FG-0030,2024-11-01,50,50,1,1,北日本
SHP-006909,W-13,FG-0002,2025-03-18,100,100,1,1,西日本
SHP-006910,W-03,FG-0028,2024-01-15,20,20,1,1,西日本
SHP-006911,W-14,FG-0072,2025-06-30,100,100,1,1,北日本
SHP-006912,W-24,FG-0068,2025-02-12,50,50,0,1,海外
SHP-006913,W-14,FG-0045,2026-02-26,100,100,1,1,西日本
SHP-006914,W-16,FG-0014,2025-07-19,20,20,1,1,海外
SHP-006915,W-04,FG-0078,2024-03-18,50,50,1,1,西日本
SHP-006916,W-02,FG-0012,2026-02-22,10,10,1,1,東日本
SHP-006917,W-21,FG-0003,2024-06-20,10,10,1,1,西日本
SHP-006918,W-23,FG-0067,2024-01-24,50,50,1,1,海外
SHP-006919,W-17,FG-0036,2026-04-20,100,100,1,1,東日本
SHP-006920,W-07,FG-0050,2024-10-14,50,50,1,1,海外
SHP-006921,W-20,FG-0041,2024-05-18,20,20,0,1,東日本
SHP-006922,W-04,FG-0078,2024-10-14,100,100,1,1,北日本
SHP-006923,W-10,FG-0065,2026-04-23,20,20,1,1,海外
SHP-006924,W-08,FG-0058,2024-12-02,100,100,1,1,西日本
SHP-006925,W-17,FG-0014,2024-07-19,20,20,1,1,北日本
SHP-006926,W-10,FG-0027,2024-12-24,10,10,1,1,西日本
SHP-006927,W-11,FG-0002,2024-01-04,20,20,1,1,東日本
SHP-006928,W-07,FG-0035,2025-11-30,100,100,1,1,西日本
SHP-006929,W-11,FG-0034,2024-10-24,10,10,1,1,海外
SHP-006930,W-05,FG-0068,2026-01-26,10,10,0,1,西日本
SHP-006931,W-14,FG-0019,2024-04-13,20,20,0,1,西日本
SHP-006932,W-18,FG-0051,2025-05-04,10,10,1,1,東日本
SHP-006933,W-23,FG-0023,2025-12-17,10,10,0,1,海外
SHP-006934,W-10,FG-0035,2026-01-12,50,50,1,1,東日本
SHP-006935,W-18,FG-0039,2024-04-15,10,10,1,1,北日本
SHP-006936,W-02,FG-0078,2024-10-21,50,50,1,1,海外
SHP-006937,W-18,FG-0013,2025-01-16,10,10,0,1,海外
SHP-006938,W-03,FG-0026,2026-01-29,10,10,1,1,海外
SHP-006939,W-06,FG-0033,2025-02-09,50,50,1,1,北日本
SHP-006940,W-14,FG-0024,2025-04-22,100,100,1,1,東日本
SHP-006941,W-21,FG-0053,2025-05-14,100,100,1,1,東日本
SHP-006942,W-03,FG-0064,2025-05-19,10,10,0,1,北日本
SHP-006943,W-12,FG-0030,2024-05-27,50,50,1,1,東日本
SHP-006944,W-01,FG-0042,2024-12-01,10,10,1,1,海外
SHP-006945,W-06,FG-0006,2024-03-19,50,50,1,1,北日本
SHP-006946,W-13,FG-0004,2025-07-27,50,32,1,0,海外
SHP-006947,W-03,FG-0030,2024-11-15,100,100,0,1,東日本
SHP-006948,W-12,FG-0077,2024-02-21,100,100,1,1,北日本
SHP-006949,W-21,FG-0052,2025-07-21,10,10,0,1,北日本
SHP-006950,W-14,FG-0054,2026-03-25,100,100,1,1,東日本
SHP-006951,W-21,FG-0023,2025-02-25,100,100,1,1,西日本
SHP-006952,W-01,FG-0077,2025-01-06,10,10,0,1,西日本
SHP-006953,W-20,FG-0073,2025-03-11,50,50,1,1,北日本
SHP-006954,W-20,FG-0055,2026-04-06,10,10,0,1,西日本
SHP-006955,W-19,FG-0060,2025-09-23,20,20,1,1,東日本
SHP-006956,W-18,FG-0052,2025-12-16,10,10,1,1,東日本
SHP-006957,W-06,FG-0008,2024-01-06,50,50,1,1,東日本
SHP-006958,W-22,FG-0008,2024-04-13,100,100,1,1,海外
SHP-006959,W-17,FG-0068,2025-11-04,10,6,1,0,北日本
SHP-006960,W-07,FG-0011,2024-10-30,10,10,1,1,海外
SHP-006961,W-07,FG-0007,2025-08-17,20,20,1,1,西日本
SHP-006962,W-07,FG-0033,2024-05-12,50,50,1,1,東日本
SHP-006963,W-08,FG-0076,2024-11-22,50,40,1,0,東日本
SHP-006964,W-12,FG-0047,2024-06-22,20,20,1,1,西日本
SHP-006965,W-21,FG-0015,2026-03-19,100,100,1,1,海外
SHP-006966,W-20,FG-0021,2025-07-24,20,20,1,1,東日本
SHP-006967,W-16,FG-0024,2025-12-30,20,20,1,1,北日本
SHP-006968,W-18,FG-0014,2026-04-19,10,9,1,0,北日本
SHP-006969,W-17,FG-0024,2025-09-30,10,10,1,1,西日本
SHP-006970,W-08,FG-0049,2024-12-07,10,10,1,1,西日本
SHP-006971,W-18,FG-0004,2025-12-04,10,10,1,1,東日本
SHP-006972,W-04,FG-0058,2025-03-15,20,20,1,1,北日本
SHP-006973,W-04,FG-0063,2024-12-08,10,10,1,1,西日本
SHP-006974,W-11,FG-0021,2024-06-06,20,20,0,1,北日本
SHP-006975,W-07,FG-0042,2024-06-11,20,20,0,1,西日本
SHP-006976,W-01,FG-0048,2025-08-03,50,50,1,1,北日本
SHP-006977,W-19,FG-0018,2024-01-02,50,50,1,1,北日本
SHP-006978,W-15,FG-0027,2025-03-20,20,20,1,1,西日本
SHP-006979,W-18,FG-0007,2024-01-31,100,100,1,1,西日本
SHP-006980,W-16,FG-0020,2025-05-02,10,10,1,1,西日本
SHP-006981,W-14,FG-0046,2025-10-04,10,10,1,1,北日本
SHP-006982,W-11,FG-0064,2025-06-28,20,20,1,1,北日本
SHP-006983,W-22,FG-0020,2025-11-29,50,50,1,1,東日本
SHP-006984,W-18,FG-0057,2024-03-11,10,10,1,1,海外
SHP-006985,W-18,FG-0004,2026-04-19,50,47,0,0,西日本
SHP-006986,W-18,FG-0044,2026-01-20,10,10,1,1,西日本
SHP-006987,W-17,FG-0068,2025-11-30,20,20,1,1,海外
SHP-006988,W-19,FG-0011,2024-12-24,20,20,1,1,東日本
SHP-006989,W-08,FG-0006,2025-09-10,20,20,1,1,海外
SHP-006990,W-22,FG-0066,2024-07-10,10,10,1,1,東日本
SHP-006991,W-06,FG-0004,2024-01-16,50,50,1,1,西日本
SHP-006992,W-24,FG-0075,2024-05-24,50,50,1,1,北日本
SHP-006993,W-22,FG-0059,2026-01-26,10,10,1,1,北日本
SHP-006994,W-09,FG-0050,2024-06-19,50,50,1,1,西日本
SHP-006995,W-14,FG-0029,2024-04-20,20,20,1,1,海外
SHP-006996,W-19,FG-0017,2025-02-18,20,20,1,1,海外
SHP-006997,W-04,FG-0008,2025-12-10,100,100,1,1,海外
SHP-006998,W-20,FG-0044,2024-03-22,20,20,1,1,北日本
SHP-006999,W-08,FG-0015,2025-12-30,10,10,0,1,海外
SHP-007000,W-24,FG-0050,2025-10-14,50,50,1,1,西日本

Statement ID: {64CCBFAE-B6A6-4AE3-B9AC-4A96F7ADD364} | Query hash: 0xBE7CD3B9728FA4E4 | Distributed request ID: {4CDAAF41-34D0-4D9B-B91A-DAF8061D4F73}
